region_id,geo_x,geo_y,area_km2,dist_from_centre_km,slope_mean_deg,slope_std_deg,slope_max_deg,roughness_mean_m,roughness_std_m,elev_mean_m,lola_valid_pct,shadow_fraction,shadow_std,dfsar_valid_pct,minirf_valid_pct,qualification_status
17,-141.87426900584978,45079.301169590646,0.106875,45.079,17.3815,2.9258,25.6888,15.91,0.814,-2843.0931,1.0,0.0,0.0,0.0,1.0,QUALIFIED
89,6105.210172744715,43861.20057581574,0.325625,44.2836,16.9701,3.3394,29.3742,14.9853,1.6968,-200.8888,1.0,0.0045,0.0419,1.0,1.0,QUALIFIED
122,-5710.533444816057,43871.57023411372,0.186875,44.2411,5.4274,3.527,21.3257,4.3964,3.2161,-3891.8919,1.0,1.0,0.0,0.0,1.0,QUALIFIED
123,-3357.1198224852124,43674.994575936886,1.2675,43.8033,10.5205,3.0869,25.419,9.2171,1.8901,-3575.3405,1.0,1.0,0.0,0.0,1.0,QUALIFIED
135,-6067.930555555555,43695.84722222222,0.225,44.1146,10.1411,3.435,19.2638,9.5475,2.7886,-3869.5239,1.0,1.0,0.0,0.0,1.0,QUALIFIED
169,-5700.386877828052,43399.93438914027,0.138125,43.7721,6.7318,4.1838,21.816,6.6845,3.8382,-3877.4711,1.0,1.0,0.0,0.0,1.0,QUALIFIED
210,10133.22881355932,43277.36440677966,0.184375,44.4475,15.6648,4.0091,26.8117,13.8643,2.8138,-572.7321,1.0,0.0507,0.2047,1.0,1.0,QUALIFIED
254,12680.028846153844,42787.08653846154,0.325,44.6261,16.1923,3.4981,28.2394,14.3405,2.2029,-552.879,1.0,0.0002,0.0035,1.0,1.0,QUALIFIED
270,11350.879310344826,42607.137931034486,0.18125,44.0928,6.2766,3.4999,20.6046,5.4607,2.6566,-310.3623,1.0,0.0052,0.0575,1.0,1.0,QUALIFIED
292,11560.303237858032,42806.78891656289,0.501875,44.3399,9.1139,2.8238,21.5889,8.0967,1.8137,-343.9464,1.0,0.0053,0.0566,1.0,1.0,QUALIFIED
298,8201.940147329653,42644.23848987109,0.339375,43.4254,15.2155,4.1122,27.4955,13.228,2.9341,-605.9663,1.0,0.0018,0.0342,1.0,1.0,QUALIFIED
362,11328.247433264893,41699.883983572894,0.304375,43.2109,5.4505,2.8561,16.6329,4.8213,2.8376,-300.8342,1.0,0.0137,0.0912,1.0,1.0,QUALIFIED
372,10602.79457364342,42080.151162790695,0.080625,43.395,12.4883,3.5392,23.5334,11.4077,1.7662,-446.9166,1.0,0.0,0.0,1.0,1.0,QUALIFIED
417,-16035.041984732825,41551.454198473286,0.081875,44.5375,13.6683,3.2817,22.3475,12.1763,2.7769,-824.8278,1.0,0.0598,0.2028,0.0,1.0,QUALIFIED
426,10238.209677419356,41388.8870967742,0.096875,42.636,13.4954,2.4177,19.9367,12.1806,1.6459,-408.7001,1.0,0.0,0.0,1.0,1.0,QUALIFIED
450,9250.436987584922,41776.37842586086,2.668125,42.7879,10.0405,4.1331,24.6503,8.6154,3.208,-526.4165,1.0,0.0165,0.11,1.0,1.0,QUALIFIED
493,3411.515503875969,40728.6007751938,0.080625,40.8708,16.453,3.2166,24.8368,14.9833,1.6661,-1125.454,1.0,1.0,0.0,1.0,1.0,QUALIFIED
500,8656.826007326003,40971.56227106227,0.170625,41.8757,4.6931,3.1575,14.8796,4.06,2.0445,-432.7842,1.0,0.0116,0.0752,1.0,1.0,QUALIFIED
501,12474.704081632648,40727.642857142855,0.153125,42.595,10.0486,4.3273,23.5136,8.734,2.7203,-253.6049,1.0,0.0193,0.1092,1.0,1.0,QUALIFIED
544,8764.9052443385,40507.085220500594,0.524375,41.4441,8.5305,4.2724,19.7924,7.5022,3.6913,-455.9466,1.0,0.0105,0.0823,1.0,1.0,QUALIFIED
557,3725.5989010989,40473.08241758242,0.284375,40.6437,11.2043,4.5794,22.6951,10.0042,2.645,-1202.7844,1.0,0.9497,0.1984,1.0,1.0,QUALIFIED
575,2376.929805615546,40258.49136069114,0.289375,40.3281,12.289,4.9473,29.6579,11.0543,3.8883,-1219.7548,1.0,0.055,0.1821,1.0,1.0,QUALIFIED
590,4466.57317073171,40136.06910569106,0.15375,40.3834,8.0543,4.3664,23.9752,7.4779,3.3839,-1330.7852,1.0,1.0,0.0,1.0,1.0,QUALIFIED
595,-1800.457627118638,40280.58474576271,0.36875,40.3203,14.6095,2.6932,24.3435,13.1487,1.1742,-2622.3555,1.0,0.0012,0.0236,0.0,1.0,QUALIFIED
622,-18587.960815047023,39786.706896551725,0.199375,43.914,16.2326,4.6412,28.1851,14.3334,2.3503,-1531.6721,1.0,0.0217,0.1244,1.0,1.0,QUALIFIED
642,-2388.5376344086035,39931.81720430108,0.34875,40.0027,18.2093,3.8205,28.3106,16.3864,3.3635,-2647.5809,1.0,0.0,0.0,0.0,1.0,QUALIFIED
646,10320.21428571429,39678.78571428571,0.21875,40.9986,6.5128,3.2297,17.7623,5.5252,2.3007,-455.0002,1.0,0.1435,0.3148,1.0,1.0,QUALIFIED
699,8819.950680272108,39399.05442176871,0.3675,40.3738,7.7274,4.5206,21.6938,6.4339,2.9477,-436.0203,1.0,0.0578,0.1996,1.0,1.0,QUALIFIED
701,14212.1893939394,39186.295454545456,0.0825,41.6837,8.196,3.2427,18.98,7.9439,2.4334,125.3576,1.0,0.0124,0.0942,1.0,1.0,QUALIFIED
703,12271.229651162786,39013.79941860465,0.215,40.8978,10.6016,3.6396,21.0857,9.5801,2.8124,-15.3451,1.0,0.0315,0.1534,0.813953,1.0,QUALIFIED
715,9409.156153050671,39060.76370217167,1.20875,40.1777,8.2002,4.1034,28.7172,6.7347,2.7217,-438.6342,1.0,0.107,0.2853,1.0,1.0,QUALIFIED
718,6923.136363636368,39908.0,0.9625,40.5036,17.4493,4.1434,29.3671,15.8434,3.2755,-977.0789,1.0,0.0031,0.0421,1.0,1.0,QUALIFIED
749,13372.71428571429,38733.23809523809,0.42,40.9764,6.336,4.5016,22.9052,5.3946,3.7138,116.0439,1.0,0.0363,0.1483,1.0,1.0,QUALIFIED
759,-3865.272727272728,38748.606060606064,0.0825,38.9404,3.7245,1.5531,9.4846,3.5836,1.1171,-2197.8891,1.0,0.1955,0.3416,0.0,1.0,QUALIFIED
766,-19382.98299319728,38874.64965986395,0.091875,43.4382,7.7229,4.0602,21.251,7.2059,2.393,-1773.0318,1.0,1.0,0.0,1.0,1.0,QUALIFIED
773,-20351.198324022345,38631.64525139665,0.111875,43.6637,8.5134,4.6268,20.4774,8.066,3.6998,-1810.2863,1.0,1.0,0.0,1.0,1.0,QUALIFIED
804,13632.895522388062,38475.96641791045,0.1675,40.8195,5.4189,3.0478,15.238,3.8922,1.6865,123.8049,1.0,0.193,0.3402,1.0,1.0,QUALIFIED
885,10219.03125,37972.375,0.08,39.323,9.3004,3.1462,16.4887,7.7202,1.4258,-280.4891,1.0,0.0103,0.0647,1.0,1.0,QUALIFIED
886,10748.209677419356,37789.34408602151,0.58125,39.2878,8.3474,4.0858,27.6607,6.8689,2.4265,-260.4191,1.0,0.0154,0.1041,0.069892,1.0,QUALIFIED
902,-19308.46296296296,37788.09259259259,0.16875,42.4347,6.8499,4.0584,21.7667,5.864,3.6745,-1797.0701,1.0,1.0,0.0,0.985185,1.0,QUALIFIED
910,-18970.7743902439,37647.45121951219,0.1025,42.1564,8.7085,3.7042,18.6185,7.0374,2.0301,-1813.0668,1.0,1.0,0.0,0.097561,1.0,QUALIFIED
914,11557.485151933704,37346.76208563536,1.81,39.0939,10.6846,4.2472,27.3891,9.135,2.8847,-138.3762,1.0,0.0044,0.0542,0.0,1.0,QUALIFIED
969,10127.78719723184,37610.79411764706,0.180625,38.9502,6.2226,3.5463,18.508,5.3675,1.9457,-239.5037,1.0,0.0728,0.2106,0.238754,1.0,QUALIFIED
977,7089.787769784176,37642.40647482014,0.17375,38.3039,7.3275,2.8885,14.4624,6.6947,1.9201,-630.9158,1.0,0.0475,0.1649,1.0,1.0,QUALIFIED
981,-2123.6164383561627,37592.62328767123,0.09125,37.652,18.2851,2.2563,25.7676,17.5438,1.9354,-1838.7729,1.0,0.0,0.0,0.910959,1.0,QUALIFIED
1002,-19765.17889908257,37261.62385321101,0.13625,42.1786,16.8277,4.186,29.8391,15.6283,2.2212,-1965.24,1.0,1.0,0.0,1.0,1.0,QUALIFIED
1047,2464.205882352937,37093.049019607846,0.159375,37.1743,4.3027,2.421,11.7223,3.8279,2.1245,-403.1106,1.0,0.0905,0.256,1.0,1.0,QUALIFIED
1048,6302.539832285118,36760.196016771486,0.59625,37.2962,13.6149,4.0311,25.798,12.0174,3.0074,-509.7106,1.0,0.0496,0.2036,1.0,1.0,QUALIFIED
1057,-17650.86525974026,36985.280844155845,0.385,40.9806,7.3916,4.1723,21.4083,6.7486,3.95,-1505.4709,1.0,0.1048,0.2545,0.0,1.0,QUALIFIED
1072,15008.67721518987,36991.32278481012,0.09875,39.9199,10.8015,4.875,20.2265,10.2089,3.9512,-49.6537,1.0,0.1486,0.3103,1.0,1.0,QUALIFIED
1076,9476.166666666664,36742.74489795919,0.459375,37.9447,9.8352,4.5429,24.0188,8.5543,3.1107,-53.2227,1.0,0.0054,0.0501,0.029932,1.0,QUALIFIED
1118,-21065.102272727272,36748.85227272727,0.275,42.3575,6.9991,3.843,22.4769,6.296,3.8811,-2348.3554,1.0,1.0,0.0,1.0,1.0,QUALIFIED
1124,11146.511494252874,36711.41954022989,0.271875,38.366,8.1227,3.7757,21.684,6.8475,2.4568,-128.5315,1.0,0.054,0.2033,0.0,1.0,QUALIFIED
1125,-20715.90404040404,36815.52525252525,0.12375,42.243,6.6069,3.5152,17.7773,6.756,3.3217,-2333.3895,1.0,1.0,0.0,1.0,1.0,QUALIFIED
1131,15024.232620320858,36586.46256684492,0.23375,39.5509,8.1017,4.2654,21.8649,7.951,3.9861,-30.3201,1.0,0.0354,0.1368,1.0,1.0,QUALIFIED
1133,-24768.31045751633,36139.797385620914,0.3825,43.812,8.5658,3.943,22.36,7.7627,3.0807,-1312.8916,1.0,0.0263,0.1276,1.0,1.0,QUALIFIED
1159,12855.984375,36758.703125,0.2,38.9417,7.9836,4.3258,27.5229,6.7757,2.4579,32.064,1.0,0.0301,0.1361,0.0,1.0,QUALIFIED
1173,3690.585271317832,36331.50775193799,0.080625,36.518,17.5471,3.1723,27.3166,15.795,1.5383,-292.1036,1.0,0.0,0.0,1.0,1.0,QUALIFIED
1191,12543.071428571437,36321.80952380953,0.13125,38.4263,4.4819,1.9974,9.3548,3.5978,1.173,52.9354,1.0,0.181,0.3362,0.0,1.0,QUALIFIED
1204,14652.22108843537,36151.35034013605,0.091875,39.0075,10.3306,4.5106,20.1632,9.7822,3.8232,-33.9812,1.0,0.0582,0.1953,1.0,1.0,QUALIFIED
1218,10035.257575757576,36381.66477272727,1.65,37.74,10.1135,4.7109,27.6972,8.7696,3.6583,-62.1295,1.0,0.0295,0.1356,0.005303,1.0,QUALIFIED
1237,-23272.77011494253,35843.45977011494,0.10875,42.7354,9.7723,2.0867,15.7082,8.4659,1.0165,-1421.951,1.0,0.0,0.0,1.0,1.0,QUALIFIED
1252,11244.515197568384,36293.828267477205,1.028125,37.9955,11.3303,4.707,27.5789,9.6169,3.6739,-60.9915,1.0,0.0405,0.1741,0.0,1.0,QUALIFIED
1262,12048.825726141084,35716.63070539419,0.90375,37.6939,9.8409,4.3452,25.7732,8.449,3.3684,-8.6165,1.0,0.0475,0.1788,0.0,1.0,QUALIFIED
1292,12682.788043478264,35516.158967391304,0.46,37.7124,9.3529,3.1188,19.7252,7.8659,2.1064,-0.3001,1.0,0.2167,0.3386,0.0,1.0,QUALIFIED
1320,7320.94351464435,35816.08577405858,0.149375,36.5563,9.4385,3.5627,20.3671,8.808,3.229,-594.7406,1.0,0.9446,0.2059,0.983264,1.0,QUALIFIED
1325,-27033.767228557263,34914.62989588498,1.260625,44.1565,11.7926,4.1636,27.4897,10.302,2.999,-1432.178,1.0,0.0588,0.2233,1.0,1.0,QUALIFIED
1337,-16054.987179487176,35378.86538461538,0.0975,38.8507,9.5628,4.9089,24.3157,8.6618,3.3396,-975.9956,1.0,0.1423,0.303,0.0,1.0,QUALIFIED
1398,-18564.812227074235,35333.513100436685,1.43125,39.9131,14.6342,4.399,28.5318,13.0377,3.2991,-1521.7904,1.0,0.0067,0.0674,0.0,1.0,QUALIFIED
1435,-17961.30910240202,35090.92351453856,0.494375,39.4199,15.1061,3.0889,24.5979,13.4546,1.4784,-1423.5891,1.0,0.0,0.0,0.0,1.0,QUALIFIED
1462,14253.5,34726.92857142857,0.109375,37.538,12.4728,4.1646,26.8937,10.931,2.5039,-188.8208,1.0,0.0629,0.1955,0.0,1.0,QUALIFIED
1532,312.2536231884078,34582.60144927536,0.215625,34.5835,5.0418,2.1992,15.4384,4.6375,1.7112,-623.9014,1.0,0.0878,0.2265,1.0,1.0,QUALIFIED
1567,3471.230769230773,34284.153846153844,0.08125,34.459,15.4933,3.7321,23.5275,13.9494,2.5059,-656.3397,1.0,0.8809,0.2727,1.0,1.0,QUALIFIED
1622,-22267.55426356589,33852.63178294574,0.080625,40.519,12.9704,4.7559,22.8223,9.3005,1.4603,-1330.9197,1.0,0.142,0.3097,0.635659,1.0,QUALIFIED
1632,-127.574898785424,34056.47165991903,0.92625,34.0562,8.743,4.3898,29.0287,7.3209,3.1401,-597.7079,1.0,0.0672,0.2197,1.0,1.0,QUALIFIED
1660,-29031.84796238245,33910.923197492164,0.199375,44.6401,6.2364,4.8964,24.0016,4.4942,2.7126,-1308.83,1.0,0.1263,0.2991,1.0,1.0,QUALIFIED
1695,-27392.924242424244,33199.76470588235,0.70125,43.0411,9.6925,3.8606,26.3363,8.1631,2.379,-1211.3407,1.0,0.0207,0.1182,1.0,1.0,QUALIFIED
1708,-858.327788649709,33506.126223091975,0.319375,33.5166,7.0943,3.7164,23.2115,6.0061,2.7168,-522.905,1.0,0.0512,0.1876,1.0,1.0,QUALIFIED
1742,-21143.113887660325,33110.37394957983,1.413125,39.2845,7.501,3.7628,28.6115,6.0898,2.0438,-1220.8308,1.0,0.0362,0.1596,0.0,1.0,QUALIFIED
1750,-22216.84615384616,33564.92307692308,0.14625,40.2509,10.1921,3.6787,20.8798,8.3814,1.5002,-1291.3304,1.0,0.0855,0.2429,0.123932,1.0,QUALIFIED
1757,-22852.73953261928,32882.19425511198,0.641875,40.0429,9.3756,4.5497,23.5373,7.4687,2.812,-1200.8258,1.0,0.1214,0.2709,0.359299,1.0,QUALIFIED
1771,-24559.33233532934,33166.21856287425,0.104375,41.2686,5.561,3.2565,14.1112,4.1364,1.5341,-1176.1868,1.0,0.1794,0.3212,1.0,1.0,QUALIFIED
1772,-23811.229991204928,33443.68381706245,0.710625,41.0536,9.7097,4.4393,23.5946,7.6868,2.5465,-1190.5251,1.0,0.1398,0.3012,1.0,1.0,QUALIFIED
1779,-26884.04271356784,33162.30904522613,0.124375,42.6899,7.0013,3.2007,16.2905,6.1866,2.5744,-1177.3258,1.0,0.1528,0.3074,1.0,1.0,QUALIFIED
1780,-22416.801546391755,33335.35824742268,0.2425,40.1709,8.1669,4.4276,23.961,6.0995,2.1566,-1260.2223,1.0,0.1645,0.3217,0.275773,1.0,QUALIFIED
1814,-17848.9375,32989.5625,0.08,37.5079,6.1327,3.0138,15.056,5.3505,2.0172,-1193.995,1.0,0.9541,0.1628,0.0,1.0,QUALIFIED
1845,2639.3773006134943,32772.27914110429,0.101875,32.8779,12.0454,2.6533,18.508,10.7663,1.4129,-947.6952,1.0,1.0,0.0,1.0,1.0,QUALIFIED
1861,731.770916334659,33000.71912350597,1.56875,33.0083,11.3155,4.8883,25.8185,9.876,3.8845,-545.1706,1.0,0.0721,0.227,1.0,1.0,QUALIFIED
1938,-19164.136363636364,32543.539772727272,0.11,37.7663,5.3589,2.9307,13.5432,4.5115,1.3976,-997.5216,1.0,0.1359,0.2963,0.0,1.0,QUALIFIED
1979,-25588.57339449541,32393.733944954125,0.13625,41.2804,9.7144,3.8667,19.3758,7.1259,1.6067,-1221.9338,1.0,0.8369,0.3353,1.0,1.0,QUALIFIED
1994,-29501.68043844857,32159.56408094435,0.370625,43.6409,11.6261,4.4588,29.5927,10.2635,3.4898,-1322.8471,1.0,0.0103,0.0703,1.0,1.0,QUALIFIED
1995,-27183.69672131148,32395.66393442623,0.190625,42.2892,9.2073,3.7252,18.9693,7.0207,1.7318,-1119.3697,1.0,0.0746,0.2321,1.0,1.0,QUALIFIED
2004,-21535.94776119403,32172.88805970149,0.08375,38.7148,8.4315,3.0949,17.2858,7.846,2.285,-1145.8248,1.0,0.0179,0.1018,0.0,1.0,QUALIFIED
2006,4101.5833333333285,32381.8286163522,0.3975,32.6401,7.6326,4.0056,20.2407,6.8106,3.2705,-1264.6079,1.0,1.0,0.0,0.339623,1.0,QUALIFIED
2015,-27927.60389610389,32449.00649350649,1.203125,42.8115,8.6952,3.5924,28.0655,7.4008,2.3994,-1218.6738,1.0,0.0352,0.1536,1.0,1.0,QUALIFIED
2046,-26088.47619047619,32024.904761904763,0.13125,41.3055,9.406,4.7661,21.1352,8.4215,3.222,-1174.2004,1.0,0.8065,0.3397,1.0,1.0,QUALIFIED
2169,30375.62940275652,31956.45329249617,0.81625,44.0896,15.3581,3.2694,26.381,13.7866,2.2543,-7424.1804,1.0,1.0,0.0,0.892802,1.0,QUALIFIED
2181,6638.806135913786,31158.9671211788,2.841875,31.858,15.715,3.4569,29.1634,13.956,2.4937,-1778.5843,1.0,1.0,0.0,0.0,1.0,QUALIFIED
2239,4425.189655172413,31519.465517241377,0.090625,31.8282,19.0689,2.5633,26.9478,17.0057,1.399,-1364.4607,1.0,1.0,0.0,0.0,1.0,QUALIFIED
2253,1146.4945355191303,31479.7349726776,0.114375,31.5001,5.8228,3.1747,16.9112,5.1305,2.3482,-873.5451,1.0,0.984,0.1018,1.0,1.0,QUALIFIED
2262,8846.75433526012,31351.65606936416,0.108125,32.5756,10.1557,3.5544,17.5363,9.3523,2.5126,-2002.6173,1.0,1.0,0.0,0.0,1.0,QUALIFIED
2271,1426.3115942028962,31365.17391304348,0.08625,31.3971,4.4242,2.3732,14.5647,3.6656,1.3213,-881.4223,1.0,0.998,0.0238,1.0,1.0,QUALIFIED
2275,11010.21428571429,31199.309523809527,0.21,33.0848,14.7757,3.2543,22.4002,13.0342,2.8687,-1983.39,1.0,1.0,0.0,0.0,1.0,QUALIFIED
2298,-25591.40909090909,31093.897129186604,0.653125,40.2703,10.9836,4.5445,27.6721,9.0287,2.8812,-1328.837,1.0,0.994,0.0626,1.0,1.0,QUALIFIED
2324,-19795.564205457464,31229.35232744784,0.389375,36.9741,8.0219,4.2081,23.0647,6.7504,2.5943,-926.8099,1.0,0.1172,0.3022,0.0,1.0,QUALIFIED
2350,8041.905063291138,30865.848101265823,0.09875,31.8959,11.7641,2.5761,17.7543,10.1338,1.2465,-2009.0076,1.0,1.0,0.0,0.0,1.0,QUALIFIED
2378,1058.8243243243269,31019.37387387388,0.346875,31.037,5.6665,3.5416,18.8775,4.6721,2.6993,-868.4288,1.0,0.864,0.3118,0.886486,1.0,QUALIFIED
2380,8878.996402877703,30726.57913669065,0.086875,31.9834,4.6122,2.0688,12.1011,3.8638,1.0918,-2076.663,1.0,1.0,0.0,0.0,1.0,QUALIFIED
2381,10444.196969696975,30853.330940988835,0.391875,32.5728,8.6117,4.5086,26.3853,6.6057,3.1574,-2027.7992,1.0,1.0,0.0,0.0,1.0,QUALIFIED
2382,11164.820665083142,30616.71140142518,0.52625,32.5886,7.3687,3.9588,24.5034,6.2479,2.7437,-2043.1352,1.0,1.0,0.0,0.0,1.0,QUALIFIED
2408,8434.541716328968,31014.95172824792,0.524375,32.141,9.7236,3.1791,23.0963,8.6925,2.2485,-2020.8572,1.0,1.0,0.0,0.0,1.0,QUALIFIED
2429,1621.6631205673766,30771.776595744683,0.088125,30.814,7.8792,4.6701,25.2012,7.4997,3.0353,-950.4255,1.0,0.9898,0.0535,0.0,1.0,QUALIFIED
2528,9591.39453125,30445.32421875,0.16,31.9201,6.171,3.1506,15.9481,5.1283,2.1029,-2061.1452,1.0,1.0,0.0,0.0,1.0,QUALIFIED
2529,11505.588560885612,30346.164206642068,0.169375,32.4538,6.7443,3.4717,21.0973,5.822,2.5892,-2059.805,1.0,1.0,0.0,0.0,1.0,QUALIFIED
2557,9102.3801843318,30044.62442396313,0.135625,31.3929,5.8999,4.0193,18.1943,4.6589,1.5982,-2084.9224,1.0,1.0,0.0,0.0,1.0,QUALIFIED
2594,5807.1433121019145,30082.34713375796,0.19625,30.6373,16.1051,4.0575,29.0424,14.4919,2.9016,-1840.7634,1.0,1.0,0.0,0.0,1.0,QUALIFIED
2595,8447.57692307693,29936.35164835165,0.11375,31.1051,8.7427,4.4704,23.1336,6.8855,2.1924,-2101.6547,1.0,1.0,0.0,0.0,1.0,QUALIFIED
2606,15560.550724637673,29909.557971014496,0.08625,33.715,6.9454,3.1201,16.317,7.0276,2.7619,-1051.4104,1.0,0.1687,0.3321,0.0,1.0,QUALIFIED
2607,15792.319148936163,30096.909574468085,0.1175,33.9883,6.8225,3.3541,15.2282,5.2868,2.1061,-1036.6668,1.0,0.1079,0.2542,0.0,1.0,QUALIFIED
2645,4358.039603960395,30153.42904290429,0.37875,30.4663,15.9935,3.6675,28.2418,14.1457,2.2174,-1538.5167,1.0,1.0,0.0,0.0,1.0,QUALIFIED
2672,8832.936213991772,29749.779835390946,0.151875,31.033,6.7197,4.3541,18.4553,4.9013,1.8818,-2094.9671,1.0,1.0,0.0,0.0,1.0,QUALIFIED
2686,9524.246835443031,30016.19620253165,0.246875,31.4907,8.3764,4.286,25.7687,6.3201,1.9333,-2084.4564,1.0,1.0,0.0,0.0,1.0,QUALIFIED
2721,12632.800970873788,29515.20873786408,0.321875,32.1048,7.3963,3.3063,23.3455,6.2588,1.7663,-2078.5836,1.0,1.0,0.0,0.0,1.0,QUALIFIED
2774,12074.357954545449,29606.25284090909,0.22,31.9735,6.5498,4.3335,23.4493,5.2724,3.5131,-2093.1851,1.0,1.0,0.0,0.0,1.0,QUALIFIED
2786,7523.693548387098,29407.274193548383,0.096875,30.3541,5.9714,2.7412,17.4207,5.1142,1.7017,-2157.4857,1.0,1.0,0.0,0.0,1.0,QUALIFIED
2793,9793.422018348618,29472.174311926603,0.2725,31.0564,8.6491,4.1982,25.597,7.2633,2.7378,-2083.6433,1.0,1.0,0.0,0.0,1.0,QUALIFIED
2804,9000.39820359282,29477.071856287424,0.20875,30.8202,5.1317,2.7439,16.3138,3.8111,1.3903,-2100.6264,1.0,1.0,0.0,0.0,1.0,QUALIFIED
2812,860.3669833729218,28997.649643705463,0.263125,29.0099,16.63,3.8147,28.8652,14.9371,3.0728,-641.9514,1.0,0.0007,0.0136,0.0,1.0,QUALIFIED
2848,12186.369747899167,29163.52521008403,0.14875,31.607,5.7248,4.7904,25.4925,5.9701,4.7997,-2095.4777,1.0,1.0,0.0,0.0,1.0,QUALIFIED
2853,491.4851380042455,29186.646496815287,0.294375,29.1903,8.0215,3.6186,19.3238,6.947,2.5617,-576.6419,1.0,0.0327,0.1343,0.0,1.0,QUALIFIED
2894,33900.035714285725,28968.35714285714,0.175,44.5913,14.1527,2.7506,23.0769,12.5381,1.251,-7706.3922,1.0,1.0,0.0,0.0,1.0,QUALIFIED
2924,9090.93081761006,29116.616352201258,0.19875,30.5025,6.9359,3.1795,16.5242,5.6521,1.6044,-2111.0336,1.0,1.0,0.0,0.0,1.0,QUALIFIED
2946,7103.210644677667,29115.45502248876,0.416875,29.969,7.5834,4.8741,23.1383,6.0224,3.0782,-2176.0519,1.0,1.0,0.0,0.0,1.0,QUALIFIED
2953,6249.346278317149,29458.598705501616,1.93125,30.1138,13.3705,4.7798,29.5534,11.6687,3.7096,-2053.6886,1.0,1.0,0.0,0.0,1.0,QUALIFIED
2954,6245.367052023117,28405.58670520231,0.540625,29.0837,9.4627,4.7957,27.7527,8.2087,4.0735,-2148.3484,1.0,1.0,0.0,0.0,1.0,QUALIFIED
2971,13339.606951871654,28577.23796791444,0.116875,31.5371,4.9348,2.5047,15.4791,4.1789,1.7469,-2130.2338,1.0,1.0,0.0,0.0,1.0,QUALIFIED
2986,8101.732142857145,28754.183035714286,0.14,29.8734,7.3473,4.0089,19.096,5.8578,2.0712,-2154.2193,1.0,1.0,0.0,0.0,1.0,QUALIFIED
2990,-11599.644811858612,28413.669897377426,0.548125,30.6895,13.8347,4.0557,25.6829,12.2526,3.1232,-3359.2063,1.0,1.0,0.0,1.0,1.0,QUALIFIED
3025,291.82456140350405,28856.530701754386,0.1425,28.8575,9.406,3.6931,18.6253,8.1962,2.5063,-586.686,1.0,0.1218,0.2851,0.0,1.0,QUALIFIED
3026,11088.179245283012,28732.84501347709,0.231875,30.7978,7.5674,4.7861,29.2695,6.5744,3.3893,-2132.9185,1.0,1.0,0.0,0.0,1.0,QUALIFIED
3039,8525.016224188788,28616.797935103245,0.211875,29.8593,6.1812,3.9173,19.8578,5.1775,2.9457,-2133.0041,1.0,1.0,0.0,0.0,1.0,QUALIFIED
3040,9822.20179372198,28594.89461883408,0.27875,30.2345,8.4584,4.9445,29.6176,6.3529,1.9959,-2116.3162,1.0,1.0,0.0,0.0,1.0,QUALIFIED
3055,-14138.49342105263,28250.171052631576,0.285,31.59,10.2771,2.8436,21.1586,9.5657,2.4036,-3359.6049,1.0,1.0,0.0,0.0,1.0,QUALIFIED
3091,11795.416666666664,28423.666666666664,0.1875,30.7737,6.4894,3.2301,21.0973,5.4184,1.7307,-2126.718,1.0,1.0,0.0,0.0,1.0,QUALIFIED
3107,16756.09722222222,28248.069444444445,0.09,32.8437,5.8646,2.6795,11.7852,5.4105,2.1401,-575.4472,1.0,0.0931,0.2634,0.0,1.0,QUALIFIED
3116,-12010.266584766585,28177.281326781325,0.254375,30.6295,14.3774,3.2944,26.1461,12.7323,1.8845,-3417.4161,1.0,1.0,0.0,1.0,1.0,QUALIFIED
3120,6482.9770114942585,28319.034482758623,0.10875,29.0512,5.9492,4.4234,22.2886,4.2163,1.9261,-2187.4699,1.0,1.0,0.0,0.0,1.0,QUALIFIED
3132,-456.2098765432093,28298.802469135804,0.10125,28.302,7.059,4.0211,19.2891,6.1408,3.0166,-495.3477,1.0,0.1356,0.276,0.0,1.0,QUALIFIED
3137,-10932.122516556294,28011.59271523179,0.094375,30.0686,6.0966,2.0836,14.4555,5.7764,1.0019,-3431.9626,1.0,1.0,0.0,1.0,1.0,QUALIFIED
3151,-24466.313648293963,28059.88320209974,0.238125,37.2277,9.1074,4.4649,22.2584,7.2966,2.5416,-1320.8933,1.0,0.8505,0.3277,0.0,1.0,QUALIFIED
3175,10495.65625,27905.125,0.5,29.8134,5.5114,3.5904,21.7158,3.5521,1.3293,-2141.2659,1.0,1.0,0.0,0.0,1.0,QUALIFIED
3184,13366.166666666664,27911.67647058824,0.159375,30.9468,5.6799,3.2615,18.62,5.4253,3.0643,-2128.1793,1.0,1.0,0.0,0.0,1.0,QUALIFIED
3202,8640.249730312833,27898.47734627832,0.579375,29.2055,6.8323,4.1577,22.723,5.0764,2.5661,-2129.9257,1.0,1.0,0.0,0.0,1.0,QUALIFIED
3215,-9963.123762376244,28070.219471947195,0.189375,29.7853,7.486,3.3757,25.1192,6.6427,2.1854,-3437.8261,1.0,1.0,0.0,1.0,1.0,QUALIFIED
3224,11608.8253968254,27725.103174603173,0.07875,30.0571,5.6161,4.0313,20.1839,5.2778,1.9185,-2129.5927,1.0,1.0,0.0,0.0,1.0,QUALIFIED
3248,12002.597587719298,27611.190789473683,0.57,30.1069,7.3865,4.3686,24.0292,5.0587,1.8564,-2151.1568,1.0,1.0,0.0,0.0,1.0,QUALIFIED
3249,-28635.07602339181,28054.59356725146,0.4275,40.087,10.3821,4.6083,23.1979,8.8371,3.2211,-1673.4861,1.0,1.0,0.0,1.0,1.0,QUALIFIED
3253,-9103.608108108108,27711.986486486487,0.23125,29.1684,6.9695,2.9422,20.3008,5.9835,1.804,-3497.0121,1.0,1.0,0.0,1.0,1.0,QUALIFIED
3273,35018.45238095238,27630.38095238096,0.65625,44.6065,11.9229,3.4199,28.0292,10.3227,2.5076,-7819.4475,1.0,1.0,0.0,0.0,1.0,QUALIFIED
3276,11337.0,27634.42857142857,0.09625,29.8693,8.1509,4.7378,24.7244,5.4281,1.4842,-2146.4717,1.0,1.0,0.0,0.0,1.0,QUALIFIED
3291,9295.312807881768,27517.371921182264,0.126875,29.0446,6.3664,4.1299,21.5543,4.7547,1.5282,-2109.7425,1.0,1.0,0.0,0.0,1.0,QUALIFIED
3335,-12884.277239709443,27515.754237288136,0.258125,30.3822,6.6695,2.8471,15.1034,5.9369,1.9396,-3562.7774,1.0,1.0,0.0,0.520581,1.0,QUALIFIED
3351,-27895.1882951654,27534.692111959288,0.49125,39.195,13.3732,4.5221,29.8164,11.8645,3.8805,-1636.9978,1.0,1.0,0.0,1.0,1.0,QUALIFIED
3360,34500.87867647059,27332.02573529412,0.17,44.0154,15.561,3.5986,27.6891,13.827,2.2907,-7708.4151,1.0,1.0,0.0,0.0,1.0,QUALIFIED
3361,-25954.02422907489,27304.79515418502,0.141875,37.6711,11.4812,3.7023,20.8059,9.8911,2.179,-1169.8129,1.0,1.0,0.0,0.0,1.0,QUALIFIED
3364,-9349.852750809065,27280.23300970874,0.38625,28.8374,4.9083,2.4281,16.4138,3.9662,1.4218,-3532.0964,1.0,1.0,0.0,1.0,1.0,QUALIFIED
3389,10628.968599033818,27274.69484702093,0.388125,29.2723,5.4777,3.5564,20.0166,4.0728,2.1338,-2134.8811,1.0,1.0,0.0,0.0,1.0,QUALIFIED
3426,-26777.6472392638,26861.54294478528,0.101875,37.928,10.9859,2.8983,18.6645,9.944,1.1435,-1291.2562,1.0,1.0,0.0,0.791411,1.0,QUALIFIED
3434,16578.419491525427,27103.254237288136,0.1475,31.7714,9.432,3.9506,18.6437,8.4107,3.1827,-654.1227,1.0,0.0276,0.1372,0.0,1.0,QUALIFIED
3456,-10909.323529411762,26864.32352941176,0.10625,28.9943,7.1935,3.1417,19.6112,6.1634,1.4164,-3536.6181,1.0,1.0,0.0,1.0,1.0,QUALIFIED
3474,-12221.522727272728,26878.340909090908,0.1375,29.5258,4.3009,1.9628,10.7423,3.9393,1.3921,-3615.1669,1.0,1.0,0.0,1.0,1.0,QUALIFIED
3500,-13661.619846261356,26248.61320754717,1.78875,29.5904,11.3815,3.6767,22.93,9.7666,2.7697,-3585.9366,1.0,1.0,0.0,0.0,1.0,QUALIFIED
3509,11874.982315112538,26930.805466237944,0.38875,29.4324,6.3068,3.6464,20.8938,4.7394,2.1583,-2151.3833,1.0,1.0,0.0,0.0,1.0,QUALIFIED
3519,-28846.60849056604,26773.73113207547,0.1325,39.3561,5.1688,2.9544,22.0389,3.8256,1.622,-1730.2809,1.0,1.0,0.0,1.0,1.0,QUALIFIED
3520,-9734.6642228739,26820.66129032258,0.42625,28.532,5.2865,4.3992,29.7657,4.0346,2.3426,-3526.4591,1.0,1.0,0.0,1.0,1.0,QUALIFIED
3546,9664.142857142862,26673.80357142857,0.175,28.3702,5.8736,3.0308,16.2071,4.7402,1.5824,-2118.8739,1.0,1.0,0.0,0.0,1.0,QUALIFIED
3598,10089.597856477165,26879.623951537746,0.670625,28.7106,4.8554,3.3593,29.8413,3.3689,1.3987,-2132.4718,1.0,1.0,0.0,0.0,1.0,QUALIFIED
3599,10674.106299212595,26572.80971128609,0.238125,28.6363,5.5218,4.3059,22.4544,4.1299,2.6078,-2134.0912,1.0,1.0,0.0,0.0,1.0,QUALIFIED
3637,10314.32371794872,25992.08653846154,0.39,27.9635,6.9018,3.2733,20.6535,5.3277,1.83,-2130.9125,1.0,1.0,0.0,0.0,0.998397,QUALIFIED
3655,-11534.230158730155,26199.139455782315,0.275625,28.6251,8.0891,2.7277,17.7915,6.8776,1.5553,-3646.2912,1.0,1.0,0.0,1.0,1.0,QUALIFIED
3674,-27429.69580419581,26303.996503496503,0.089375,38.0031,13.3156,2.4901,21.7097,12.2803,1.2371,-1457.7248,1.0,1.0,0.0,1.0,1.0,QUALIFIED
3715,9943.17283950618,25957.5987654321,0.10125,27.7965,4.061,2.5724,13.7422,3.2936,1.1367,-2142.9797,1.0,1.0,0.0,0.0,1.0,QUALIFIED
3721,9649.90849673203,26118.22875816993,0.19125,27.8436,6.6332,2.6768,17.0029,5.4951,1.2102,-2128.9373,1.0,1.0,0.0,0.0,0.986928,QUALIFIED
3733,-14417.111842105269,26044.08552631579,0.285,29.7676,13.4068,3.0205,22.8181,11.9006,1.7268,-3423.6875,1.0,1.0,0.0,0.0,1.0,QUALIFIED
3750,11165.94591611479,26050.08609271523,0.56625,28.342,7.1973,4.0637,22.2212,5.8617,3.1693,-2122.8593,1.0,1.0,0.0,0.0,1.0,QUALIFIED
3758,5925.816779533488,26372.30210684725,0.830625,27.0295,17.4366,3.5397,27.8723,15.7656,2.4218,-1707.4183,1.0,1.0,0.0,0.0,1.0,QUALIFIED
3807,-12811.580586080585,25693.54029304029,0.170625,28.7099,5.4456,3.2713,18.0147,4.4349,2.2818,-3696.7505,1.0,1.0,0.0,0.0,1.0,QUALIFIED
3897,2305.959330143545,25514.25598086125,0.130625,25.6178,10.872,4.3128,26.4493,8.8522,2.2691,-1661.147,1.0,1.0,0.0,0.0,1.0,QUALIFIED
3898,3149.150837988825,25595.82122905028,0.22375,25.7884,5.2571,2.7954,16.1272,4.1734,1.6868,-1636.7048,1.0,1.0,0.0,0.0,0.600559,QUALIFIED
3928,-12644.947608200457,25076.78132118451,0.54875,28.0838,5.0726,2.9602,20.8959,4.1263,1.6167,-3691.8483,1.0,1.0,0.0,0.158314,1.0,QUALIFIED
3932,2594.115384615383,25364.73076923077,0.08125,25.4966,6.9361,3.6267,17.2105,6.8638,2.8216,-1626.1219,1.0,1.0,0.0,0.0,1.0,QUALIFIED
3939,7899.261146496814,25231.7898089172,0.19625,26.4391,18.6195,3.2284,26.9877,16.9995,2.3152,-1683.4169,1.0,1.0,0.0,0.0,1.0,QUALIFIED
3953,-11211.678168459724,24998.92561007609,2.381875,27.3973,10.1532,4.692,28.5675,8.7202,3.566,-3571.5447,1.0,1.0,0.0,0.784833,1.0,QUALIFIED
3959,-20136.791866028707,25384.47129186603,0.653125,32.4009,18.0261,3.1268,28.8243,16.2145,1.8543,-2091.9575,1.0,1.0,0.0,0.0,1.0,QUALIFIED
3982,-12966.240740740735,25367.35185185185,0.084375,28.4884,3.9035,2.4317,10.8798,3.1794,1.0048,-3704.9147,1.0,1.0,0.0,0.0,1.0,QUALIFIED
4017,-27960.27859778598,25286.33948339484,0.33875,37.6978,7.5305,3.9195,19.4517,6.3904,2.9381,-1399.7413,1.0,0.8833,0.2878,0.898524,1.0,QUALIFIED
4056,-11895.623966942148,24693.64049586777,0.378125,27.4089,8.6636,3.827,21.4119,7.5837,2.9901,-3657.2775,1.0,1.0,0.0,0.824793,1.0,QUALIFIED
4071,-12890.54424778761,24629.349557522124,0.353125,27.7981,9.9458,2.8066,18.849,8.4336,1.5981,-3648.4423,1.0,1.0,0.0,0.39469,1.0,QUALIFIED
4072,-1836.502178649236,24997.722222222223,0.286875,25.0646,14.4132,4.3055,29.3282,12.8958,3.1088,-1339.5415,1.0,0.0112,0.086,0.0,1.0,QUALIFIED
4074,2046.6774193548408,25141.89784946237,0.11625,25.2246,7.0084,3.2326,17.1258,6.7354,2.9084,-1635.1189,1.0,1.0,0.0,0.0,1.0,QUALIFIED
4092,8211.107142857145,24821.92857142857,0.0875,26.1445,19.187,3.0506,25.4726,17.308,1.5405,-1645.6994,1.0,1.0,0.0,0.0,0.978571,QUALIFIED
4134,-9239.360369609858,24892.132443531827,0.304375,26.5509,8.1126,4.5324,25.2751,6.7658,2.8013,-3254.5094,1.0,1.0,0.0,1.0,1.0,QUALIFIED
4164,-12730.39864864865,24697.29054054054,0.0925,27.7846,7.019,2.6736,14.3287,6.3942,1.4063,-3659.7268,1.0,1.0,0.0,0.013514,1.0,QUALIFIED
4174,-6571.971774193546,24725.09677419355,1.085,25.583,7.5106,3.5608,22.7759,6.5609,2.8089,-3009.7982,1.0,1.0,0.0,1.0,1.0,QUALIFIED
4194,-19394.6610738255,24661.40604026846,0.465625,31.3735,16.8247,2.8197,24.9297,15.1231,1.7169,-2264.7851,1.0,1.0,0.0,0.0,1.0,QUALIFIED
4216,-32573.43388429752,24293.35123966942,0.378125,40.6342,14.2677,3.7711,27.7305,12.6357,2.5865,-177.2496,1.0,0.0346,0.1692,1.0,1.0,QUALIFIED
4227,17869.60309278351,24326.917525773195,0.12125,30.1847,10.6555,3.0006,20.276,9.9704,2.4367,-1118.5295,1.0,1.0,0.0,0.0,1.0,QUALIFIED
4232,3306.542910447766,24689.212686567163,0.335,24.9092,8.3253,3.55,19.638,6.6064,1.9501,-1623.1492,1.0,1.0,0.0,0.0,0.233209,QUALIFIED
4300,-12836.623110151188,24182.46544276458,0.289375,27.3776,7.3529,3.0573,19.9446,6.5267,2.7267,-3594.4883,1.0,1.0,0.0,0.794816,1.0,QUALIFIED
4315,-19414.439393939392,24235.65151515152,0.103125,31.0523,13.5723,2.342,19.1644,12.5392,1.1976,-2385.1009,1.0,1.0,0.0,0.0,1.0,QUALIFIED
4359,26302.378787878784,23945.80303030303,0.103125,35.5699,9.9957,4.7905,21.9615,9.9648,4.0052,-3312.617,1.0,0.0211,0.1194,1.0,1.0,QUALIFIED
4379,-11396.189655172411,24068.603448275862,0.090625,26.6296,5.6857,3.5217,15.859,5.0124,1.725,-3561.4441,1.0,1.0,0.0,1.0,1.0,QUALIFIED
4387,-8168.253623188408,24150.13768115942,0.129375,25.4935,6.5539,3.5642,19.9108,5.6152,1.912,-3057.9714,1.0,0.9888,0.0791,1.0,1.0,QUALIFIED
4459,-11856.682795698922,23527.47132616488,0.871875,26.3455,7.6932,3.3034,25.3537,6.6254,2.5493,-3580.6469,1.0,1.0,0.0,1.0,1.0,QUALIFIED
4490,-12208.294457274824,23932.45727482679,0.54125,26.8658,7.0426,4.3187,28.5614,5.5008,2.1756,-3621.2717,1.0,1.0,0.0,1.0,1.0,QUALIFIED
4587,-17593.6592039801,23424.50497512438,0.125625,29.2951,9.3204,4.7262,19.3715,8.2258,4.1962,-2481.0,1.0,0.9425,0.2117,0.0,1.0,QUALIFIED
4593,-10392.52786377709,23517.760061919504,0.201875,25.711,10.2089,4.0582,21.2677,9.0848,3.2733,-3397.9599,1.0,1.0,0.0,1.0,1.0,QUALIFIED
4603,-10751.81578947368,23454.11842105264,0.095,25.8004,10.4565,3.6717,21.9321,9.0861,1.6154,-3449.1747,1.0,1.0,0.0,1.0,1.0,QUALIFIED
4657,-22413.756606990624,22953.16410912191,0.733125,32.0808,7.5604,3.4507,25.2419,6.073,2.1608,-2806.61,1.0,1.0,0.0,0.0,1.0,QUALIFIED
4681,-19759.30681818182,23178.767045454548,0.11,30.4572,12.2892,2.6787,23.6165,10.9021,1.3335,-2668.7109,1.0,1.0,0.0,0.0,1.0,QUALIFIED
4701,-36593.97826086957,22982.565217391304,0.08625,43.2118,6.2145,2.4738,11.4643,5.8594,1.985,257.4574,1.0,0.9997,0.0034,1.0,1.0,QUALIFIED
4730,-36974.01973684211,23077.638157894737,0.095,43.5843,11.3374,2.6922,19.3851,10.5174,1.5531,205.1216,1.0,1.0,0.0,1.0,1.0,QUALIFIED
4751,-18777.76781857452,22905.73758099352,0.57875,29.6182,9.8906,3.5397,26.2962,8.7487,2.585,-2595.3281,1.0,1.0,0.0,0.0,1.0,QUALIFIED
4798,-20340.04571927781,22622.13657542225,1.073125,30.421,9.8215,4.2963,24.2517,8.3822,3.1182,-2808.5065,1.0,1.0,0.0,0.0,1.0,QUALIFIED
4807,-18035.659362549803,22822.61155378486,0.156875,29.0881,6.4664,2.6829,16.0247,5.7232,1.6899,-2498.415,1.0,1.0,0.0,0.0,1.0,QUALIFIED
4821,-23876.07488207547,22956.853183962263,1.06,33.1216,9.9401,3.7653,25.3187,8.5223,2.7967,-2714.9495,1.0,1.0,0.0,0.0,1.0,QUALIFIED
4823,-11115.18609865471,22752.293721973096,0.139375,25.3215,9.2647,3.5746,17.8464,8.696,3.514,-3589.5742,1.0,1.0,0.0,1.0,1.0,QUALIFIED
4909,18324.5,22468.21186440678,0.184375,28.9932,4.4009,2.4057,18.7238,3.5985,1.3527,-1428.744,1.0,1.0,0.0,0.0,1.0,QUALIFIED
4921,-12300.08904109589,22725.70547945205,0.45625,25.8402,11.1425,4.3054,27.9204,9.7493,3.7688,-3536.9157,1.0,1.0,0.0,1.0,1.0,QUALIFIED
4989,-23554.255364806868,22015.09227467811,0.145625,32.2401,6.114,2.8534,18.3441,4.7774,1.3342,-2779.8688,1.0,1.0,0.0,0.0,1.0,QUALIFIED
5000,2341.061938958708,21977.385098743267,0.348125,22.1013,11.746,4.2272,26.7698,10.5955,3.3187,-1063.3527,1.0,0.005,0.057,1.0,0.987433,QUALIFIED
5042,18434.468354430384,21836.101265822785,0.79,28.5769,8.4076,3.8421,24.2933,6.8835,2.3189,-1477.9455,1.0,0.9796,0.1277,0.0,1.0,QUALIFIED
5046,-22957.8,22071.5,0.15625,31.846,4.4372,2.3767,12.3533,3.578,1.3328,-2813.9862,1.0,1.0,0.0,0.0,1.0,QUALIFIED
5057,-21347.75609756097,21898.823170731703,0.205,30.5817,5.825,4.378,29.4163,4.9822,3.4247,-2906.8707,1.0,1.0,0.0,0.0,1.0,QUALIFIED
5066,-3201.5775862068986,21721.54885057472,0.435,21.9557,9.9283,4.4455,24.2033,8.8082,3.1775,-1931.7608,1.0,1.0,0.0,1.0,1.0,QUALIFIED
5077,-21962.84265734266,22040.045454545456,0.446875,31.1141,6.9084,4.3411,25.6896,5.2207,2.1973,-2881.2349,1.0,1.0,0.0,0.0,1.0,QUALIFIED
5082,17310.757309941517,21637.122807017546,0.21375,27.7096,12.0957,4.4395,21.7757,10.2307,3.176,-1578.6763,1.0,1.0,0.0,0.0,1.0,QUALIFIED
5099,21103.811091854423,21769.217504332755,0.72125,30.3194,8.7098,4.1064,23.3542,7.1639,2.7527,-1497.4021,1.0,0.1205,0.2818,0.891681,1.0,QUALIFIED
5103,-25589.62319644839,21803.7602663707,1.12625,33.6182,15.1013,3.9027,27.1303,13.5263,2.8613,-2396.1267,1.0,1.0,0.0,0.0,0.847947,QUALIFIED
5118,17799.724820143885,21605.22122302158,0.3475,27.9931,9.125,3.2423,17.8217,7.9077,2.468,-1498.9736,1.0,0.9939,0.0618,0.0,1.0,QUALIFIED
5142,-22528.74427480916,21603.49890948745,0.573125,31.2124,6.1561,2.679,17.2566,5.0453,1.2263,-2857.9415,1.0,1.0,0.0,0.0,1.0,QUALIFIED
5146,18922.86488812392,21461.730636833046,0.363125,28.6126,10.9428,4.2785,27.0912,8.7318,2.9648,-1541.2122,1.0,1.0,0.0,0.0,1.0,QUALIFIED
5147,21772.958149779734,21757.603524229075,0.28375,30.7808,7.5643,3.8053,25.5864,6.1094,2.38,-1557.4021,1.0,0.0582,0.2015,1.0,1.0,QUALIFIED
5157,15188.306179775282,21356.03370786517,1.1125,26.2061,16.4443,3.9246,29.0714,14.4251,3.0287,-1749.3028,1.0,0.9976,0.0438,0.0,1.0,QUALIFIED
5167,19216.73684210526,21521.157894736843,0.11875,28.8521,6.9887,4.2836,22.6512,5.2806,2.5205,-1541.241,1.0,1.0,0.0,0.0,1.0,QUALIFIED
5184,-19993.914634146346,21410.378048780487,0.128125,29.2937,6.2892,3.3262,21.0471,4.8497,1.5657,-2916.1229,1.0,1.0,0.0,0.0,1.0,QUALIFIED
5189,16867.44871794872,21092.05982905983,1.02375,27.0071,11.5034,3.5056,25.6994,9.9044,2.1851,-1694.3438,1.0,1.0,0.0,0.0,1.0,QUALIFIED
5205,-23391.27075098814,21628.583003952568,0.790625,31.8575,6.2674,3.2125,23.1607,5.1573,2.2093,-2795.9095,1.0,1.0,0.0,0.0,0.968379,QUALIFIED
5217,-3296.6376404494367,21197.2345505618,0.445,21.4515,10.2574,2.5992,17.5308,9.0916,1.5967,-2012.8907,1.0,1.0,0.0,1.0,0.630618,QUALIFIED
5246,17733.755599472985,20897.502635046112,0.474375,27.4078,13.1709,3.7034,23.4421,11.6071,2.5772,-1589.9283,1.0,1.0,0.0,0.0,1.0,QUALIFIED
5271,22106.16915052161,21343.756333830104,0.419375,30.7285,5.1836,3.3748,18.3711,3.9189,2.0258,-1551.0961,1.0,0.2241,0.3452,1.0,1.0,QUALIFIED
5277,13362.981675392664,21159.924083769634,0.119375,25.0261,15.3408,3.1842,24.534,13.5956,2.2374,-1462.4209,1.0,0.1629,0.3117,0.0,1.0,QUALIFIED
5280,22623.90119760479,21272.80538922156,0.104375,31.0544,3.5993,1.9296,9.3934,3.2006,1.3879,-1526.7495,1.0,0.1643,0.3104,1.0,1.0,QUALIFIED
5286,-21190.272727272728,21049.93181818182,0.1925,29.8678,5.2059,3.7979,25.2552,4.8581,3.9515,-2925.4584,1.0,1.0,0.0,0.0,0.724026,QUALIFIED
5290,18193.21859296482,21088.94221105528,0.124375,27.852,6.4326,3.0969,17.1144,5.317,1.5166,-1523.6147,1.0,1.0,0.0,0.0,1.0,QUALIFIED
5320,19289.13934850052,20504.26163391934,2.4175,28.1513,10.2292,4.1164,27.991,8.6824,3.0308,-1575.277,1.0,0.9506,0.2004,0.0,1.0,QUALIFIED
5349,19439.577989601392,20866.09792027729,0.360625,28.5182,4.4607,2.2474,13.5499,3.5774,0.9691,-1552.752,1.0,1.0,0.0,0.0,1.0,QUALIFIED
5354,-20297.74264705882,20870.26102941177,0.17,29.1123,5.1605,2.0662,10.5782,3.9652,0.9872,-2940.4057,1.0,1.0,0.0,0.0,0.349265,QUALIFIED
5360,-20696.41974752029,21485.39630297565,0.693125,29.8316,5.6203,3.4635,19.2976,4.3675,2.1847,-2908.939,1.0,1.0,0.0,0.0,0.950406,QUALIFIED
5385,-14080.234281437122,20799.601796407187,0.835,25.1166,15.6786,3.9464,28.5389,13.8958,2.9697,-2512.493,1.0,0.0038,0.0487,1.0,0.239521,QUALIFIED
5396,-2174.4549839228275,20500.5,0.194375,20.6149,7.0308,4.9458,23.2508,5.3441,2.9136,-2178.5788,1.0,1.0,0.0,1.0,0.0,QUALIFIED
5401,-19208.394736842103,20968.30427631579,0.38,28.4358,7.2528,3.2309,16.8274,6.3589,2.317,-2885.9432,1.0,1.0,0.0,0.439145,0.580592,QUALIFIED
5404,19872.979729729726,21017.72972972973,0.0925,28.9254,8.7351,3.5188,19.0497,7.3917,2.5218,-1523.8381,1.0,1.0,0.0,0.0,1.0,QUALIFIED
5431,-1576.4408602150506,20617.525089605737,0.34875,20.6772,5.81,2.1256,15.139,4.9387,1.8007,-2148.6613,1.0,1.0,0.0,1.0,0.0,QUALIFIED
5509,15085.95104895105,20561.776223776225,0.17875,25.5023,5.904,3.5724,18.4141,4.9621,2.9038,-1877.1825,1.0,1.0,0.0,0.0,1.0,QUALIFIED
5519,-19669.15883306321,20137.75688816856,1.5425,28.149,6.2591,3.4709,28.0931,5.2649,2.7459,-2935.6748,1.0,1.0,0.0,0.825365,0.0,QUALIFIED
5550,-22206.959380234504,20591.276800670017,1.4925,30.2838,8.8252,3.302,23.0978,7.6272,2.292,-2845.4797,1.0,1.0,0.0,0.0,0.141122,QUALIFIED
5555,-5058.434131736525,20173.70359281437,0.104375,20.7976,6.8956,2.6727,13.3635,5.5608,1.4253,-2142.4513,1.0,0.9916,0.0676,1.0,0.0,QUALIFIED
5556,-2617.458256599137,20810.091774094537,1.018125,20.9735,9.393,4.6125,21.7511,8.1601,3.916,-2118.2074,1.0,0.9999,0.0051,1.0,0.341314,QUALIFIED
5580,-1741.537735849059,20252.85849056604,0.231875,20.3271,2.9935,1.8883,12.0006,2.5569,1.5047,-2162.7684,1.0,1.0,0.0,1.0,0.0,QUALIFIED
5594,-2142.6409214092128,19974.82249322493,0.230625,20.0889,7.1144,4.8973,26.2099,5.0447,2.2377,-2183.9119,1.0,0.9851,0.1121,1.0,0.0,QUALIFIED
5605,-523.4534005037785,20012.370277078087,0.49625,20.0187,6.3083,3.1846,20.7908,5.464,2.4095,-2151.2391,1.0,0.9514,0.1996,1.0,0.0,QUALIFIED
5637,12349.5,20110.83210332104,0.169375,23.5997,12.9067,4.788,23.8698,11.7411,4.398,-1493.6027,1.0,0.1725,0.3236,0.881919,0.97786,QUALIFIED
5640,-18508.46338672769,20414.82494279176,1.365625,27.5552,10.3658,4.4643,25.6876,8.9264,3.6341,-2821.5949,1.0,1.0,0.0,0.835698,0.246224,QUALIFIED
5677,-1514.457816377173,19794.2965260546,0.251875,19.8516,5.1805,3.4088,17.8048,4.097,2.1299,-2176.5572,1.0,0.9952,0.0483,1.0,0.0,QUALIFIED
5718,-6391.072033898301,19407.77905569008,1.0325,20.4324,8.4465,3.8917,24.6178,7.3117,3.2363,-2179.776,1.0,0.1528,0.326,1.0,0.0,QUALIFIED
5728,-16778.491107518188,19559.857316087306,0.773125,25.7695,8.0555,3.3158,28.1745,6.6198,1.6713,-2665.5046,1.0,0.9502,0.191,1.0,0.0,QUALIFIED
5748,-1766.505291005291,19540.447089947087,0.118125,19.6196,4.7123,3.8632,18.3251,3.9927,3.6677,-2180.9621,1.0,0.9185,0.2401,1.0,0.0,QUALIFIED
5751,16467.125,19577.78125,0.5,25.5823,7.0618,3.6135,19.9622,5.5104,2.5941,-1943.5422,1.0,1.0,0.0,0.00375,1.0,QUALIFIED
5779,-18782.589552238805,19773.11194029851,0.209375,27.2713,6.7943,4.4583,18.5299,5.4613,2.2018,-2865.8002,1.0,1.0,0.0,1.0,0.0,QUALIFIED
5792,-15354.53225806452,19819.13110008271,0.755625,25.0704,10.0391,3.3244,25.7734,8.5567,2.1924,-2502.4333,1.0,1.0,0.0,1.0,0.0,QUALIFIED
5793,-5046.785714285717,19766.0,0.21875,20.3995,3.9508,2.1261,13.6512,3.1995,1.197,-2142.0194,1.0,0.8915,0.2512,1.0,0.0,QUALIFIED
5803,14811.9765478424,19253.267354596625,0.333125,24.2915,6.2962,3.6212,21.1286,5.0038,1.9678,-1914.1641,1.0,1.0,0.0,0.966229,1.0,QUALIFIED
5816,19772.791571753987,19503.689066059225,0.274375,27.7733,10.3941,3.0492,21.6039,9.0348,1.6263,-1744.8002,1.0,0.9977,0.0477,0.0,1.0,QUALIFIED
5817,23713.607142857145,19540.85714285714,0.0875,30.7276,13.4443,3.0587,20.5247,12.2191,2.0012,-1765.7783,1.0,1.0,0.0,1.0,1.0,QUALIFIED
5821,-14305.837078651684,19512.9531835206,0.166875,24.1946,9.0452,4.0697,18.5878,7.8345,2.3832,-2449.4244,1.0,1.0,0.0,1.0,0.0,QUALIFIED
5841,-2685.4662162162203,19231.581081081084,0.0925,19.4176,3.3617,1.3706,7.0685,2.9338,0.5512,-2184.3657,1.0,0.9924,0.0741,1.0,0.0,QUALIFIED
5853,23284.321428571435,18962.295112781954,0.3325,30.0289,10.5409,4.005,23.0515,8.951,3.0817,-1873.4292,1.0,1.0,0.0,1.0,1.0,QUALIFIED
5859,-18714.42617449665,19401.674496644297,0.093125,26.9558,3.7059,1.9088,9.9962,3.3987,0.8954,-2847.2703,1.0,1.0,0.0,1.0,0.0,QUALIFIED
5882,-15214.10824742268,19371.37628865979,0.303125,24.631,5.9902,2.1855,17.0732,5.0945,1.1145,-2513.1517,1.0,1.0,0.0,1.0,0.0,QUALIFIED
5897,20075.093824228024,19040.860253365005,0.789375,27.6688,8.9399,4.0281,19.874,7.4659,3.2573,-1797.2841,1.0,0.9841,0.1044,0.0,1.0,QUALIFIED
5911,-14720.41869918699,19214.863143631435,0.230625,24.2047,4.6403,2.1451,11.8682,3.9264,1.2601,-2492.7989,1.0,1.0,0.0,1.0,0.0,QUALIFIED
5936,19098.7125984252,19361.32677165354,0.238125,27.196,8.9948,4.7025,27.2593,8.0636,3.2137,-1753.9616,1.0,0.9824,0.109,0.0,1.0,QUALIFIED
5941,17425.44339622641,18985.22877358491,0.265,25.7698,6.2717,3.3665,17.3151,4.5574,2.0233,-1934.5656,1.0,1.0,0.0,0.431604,1.0,QUALIFIED
5944,-17480.973684210527,18908.605263157893,0.296875,25.7504,6.4048,2.4817,21.19,5.6801,1.606,-2700.841,1.0,0.9998,0.0037,1.0,0.0,QUALIFIED
5946,10731.401840490798,18944.64621676892,0.61125,21.7728,13.0392,4.5116,26.4714,11.1702,3.2357,-1280.7266,1.0,0.1724,0.326,1.0,0.0,QUALIFIED
5948,16016.85880398671,19075.250830564783,0.188125,24.9079,4.6845,2.2558,12.4787,3.7838,1.1636,-1935.1818,1.0,1.0,0.0,0.920266,1.0,QUALIFIED
5949,18144.14285714285,19083.29220779221,0.1925,26.3321,7.4973,3.7014,22.4382,6.6188,2.0423,-1888.7325,1.0,1.0,0.0,0.0,1.0,QUALIFIED
5954,17116.69653179191,19251.56936416185,0.540625,25.7605,6.9614,3.8458,18.5174,5.4783,2.4279,-1940.0331,1.0,1.0,0.0,0.198844,1.0,QUALIFIED
5979,13913.091269841265,19083.93253968254,0.1575,23.6171,3.6305,1.9288,9.4962,3.5632,1.4102,-1930.4171,1.0,1.0,0.0,1.0,1.0,QUALIFIED
5999,-14078.307646356036,19092.58482676225,0.523125,23.7211,8.2841,4.0955,24.1711,7.2084,3.4685,-2484.0486,1.0,0.9895,0.0932,1.0,0.0,QUALIFIED
6009,22844.086614173222,18948.82677165354,0.15875,29.6802,6.0207,3.8718,20.4355,4.8574,1.9861,-1888.7663,1.0,1.0,0.0,1.0,1.0,QUALIFIED
6013,-5974.378364905286,18691.45214356929,0.626875,19.6224,4.767,2.0346,14.2103,4.0776,1.2557,-2120.0008,1.0,0.1693,0.3278,1.0,0.0,QUALIFIED
6019,17667.120232172478,18571.768656716416,0.376875,25.6327,4.6947,2.5376,16.1663,3.5492,1.4799,-1926.366,1.0,1.0,0.0,0.864013,1.0,QUALIFIED
6032,17171.94525547445,18677.14233576642,0.085625,25.3714,4.653,2.7705,13.0219,3.0642,1.079,-1936.3486,1.0,1.0,0.0,1.0,1.0,QUALIFIED
6037,-15716.225806451615,18838.0,0.58125,24.5323,6.4086,3.7764,19.6601,5.3312,2.6492,-2548.1488,1.0,0.9349,0.212,1.0,0.0,QUALIFIED
6038,15814.636054421768,18844.88775510204,0.091875,24.6014,4.3721,1.975,9.7415,3.0968,0.7967,-1935.1595,1.0,1.0,0.0,1.0,1.0,QUALIFIED
6039,19531.05515370705,18663.587703435805,0.69125,27.0147,8.1874,3.6539,19.1197,7.1916,2.6402,-1831.5575,1.0,0.9895,0.0844,0.314647,1.0,QUALIFIED
6060,14376.269662921346,18808.252808988767,0.55625,23.6733,7.0627,4.6001,24.2577,5.5775,2.6304,-1917.7234,1.0,0.9849,0.1066,1.0,1.0,QUALIFIED
6061,15504.097989949754,18756.304020100502,0.621875,24.3346,6.1587,3.7941,24.5815,4.4248,1.6552,-1933.5184,1.0,1.0,0.0,1.0,1.0,QUALIFIED
6083,11264.1875,18731.28125,0.1,21.8572,18.9295,2.6655,25.1877,17.4725,1.433,-1431.5332,1.0,0.0,0.0,1.0,0.0,QUALIFIED
6088,-16737.377828054297,18439.527149321264,0.414375,24.9022,6.2653,3.452,19.9799,5.2101,2.1269,-2593.7811,1.0,0.8192,0.3411,1.0,0.0,QUALIFIED
6120,22874.360879243177,18634.75153032833,1.123125,29.5041,11.6347,3.5757,29.8814,10.1015,2.6332,-1886.9686,1.0,1.0,0.0,0.991096,0.942126,QUALIFIED
6128,18536.39740420272,18611.00679851669,0.505625,26.2672,7.964,3.6631,25.3008,6.7153,2.3331,-1888.6833,1.0,1.0,0.0,0.778739,1.0,QUALIFIED
6147,16929.703349282296,18513.5980861244,0.26125,25.0872,4.1582,2.446,14.8163,3.2799,1.4936,-1935.7135,1.0,1.0,0.0,1.0,1.0,QUALIFIED
6172,4697.795454545456,18532.460227272724,0.11,19.1183,14.6474,3.0701,24.6433,13.811,2.7735,-983.6086,1.0,0.0186,0.0965,1.0,0.0,QUALIFIED
6194,14925.163716814151,18422.513274336285,0.14125,23.7096,5.2688,2.6997,15.3385,4.0533,1.2305,-1948.4616,1.0,0.9998,0.0027,1.0,1.0,QUALIFIED
6202,18051.63133640553,18291.168202764977,0.27125,25.6988,3.3713,1.8146,12.1561,2.6797,0.9053,-1918.1154,1.0,1.0,0.0,1.0,1.0,QUALIFIED
6206,-5527.347575057735,18321.86258660508,0.270625,19.1368,5.5714,2.3957,18.2182,4.6925,1.313,-2082.454,1.0,0.0291,0.1363,1.0,0.0,QUALIFIED
6209,22371.53125,18265.8125,0.1,28.8813,10.7157,3.3178,22.1781,9.4635,1.9978,-1986.0455,1.0,1.0,0.0,0.9875,1.0,QUALIFIED
6216,-4884.770270270266,18652.14864864865,0.578125,19.2806,6.8895,3.2001,20.8607,5.5866,2.2745,-2089.6633,1.0,0.1067,0.2869,1.0,0.0,QUALIFIED
6227,-7412.444444444445,18375.5,0.3375,19.8136,8.9865,4.7542,24.5373,7.5037,3.9869,-2181.1762,1.0,0.1344,0.3072,1.0,0.0,QUALIFIED
6239,24271.763313609463,18344.878698224853,0.21125,30.4246,18.8724,2.9432,27.3228,16.9184,1.75,-1799.1054,1.0,1.0,0.0,1.0,0.0,QUALIFIED
6243,-23757.527276930192,18350.96232085067,1.351875,30.0189,15.4941,3.2268,28.1273,13.6371,2.208,-2266.7169,1.0,0.9629,0.1695,0.50208,0.155802,QUALIFIED
6246,10939.267441860466,18409.8023255814,0.26875,21.4145,18.0349,4.3397,28.232,16.4239,3.3312,-1384.4124,1.0,0.0262,0.1349,1.0,0.0,QUALIFIED
6277,-5080.753807106601,17713.164974619285,0.615625,18.4268,5.1177,2.1064,15.7987,4.1478,1.1504,-2030.6575,1.0,0.1274,0.291,1.0,0.0,QUALIFIED
6291,-19167.91516966068,18225.000998004,0.313125,26.4485,5.9473,3.0027,20.5003,4.7063,2.0209,-2857.6769,1.0,1.0,0.0,1.0,0.0,QUALIFIED
6292,-11815.685676392568,18261.640583554377,0.235625,21.7501,11.281,3.8978,24.2912,9.6143,2.7269,-2216.4957,1.0,0.0261,0.1463,1.0,0.0,QUALIFIED
6294,-6966.601694915255,18109.25706214689,0.110625,19.4024,4.1335,1.9632,14.3121,3.2692,1.0147,-2146.5803,1.0,0.0617,0.1772,1.0,0.0,QUALIFIED
6308,14900.523890784983,18147.172354948805,0.183125,23.4807,5.5368,2.4101,12.6921,3.938,1.2187,-1939.3111,1.0,1.0,0.0,1.0,1.0,QUALIFIED
6314,-6499.294642857145,17578.714285714283,1.05,18.7411,6.2577,3.4654,29.0377,4.8964,1.9203,-2125.6205,1.0,0.1839,0.345,1.0,0.0,QUALIFIED
6318,10392.555555555557,18060.222222222223,0.10125,20.8367,12.2159,3.0783,20.382,11.0315,1.4749,-1247.443,1.0,0.0553,0.1701,1.0,0.0,QUALIFIED
6329,-10268.244807121664,18372.280415430265,1.053125,21.0464,8.2121,4.1282,23.0092,7.2046,3.4519,-2274.5035,1.0,0.1384,0.3179,1.0,0.0,QUALIFIED
6355,-5676.504823151125,17793.10450160772,0.38875,18.676,5.1654,2.0693,19.1592,4.4555,1.3166,-2059.7233,1.0,0.0518,0.1752,1.0,0.0,QUALIFIED
6360,-17414.360103626947,17541.821243523314,0.120625,24.7172,7.9351,2.5433,16.0224,7.2478,1.2037,-2671.1826,1.0,1.0,0.0,1.0,0.0,QUALIFIED
6363,12595.679624664874,17935.218498659517,0.233125,21.9162,7.2237,3.2207,21.025,6.1725,1.7767,-1878.1973,1.0,1.0,0.0,1.0,0.981233,QUALIFIED
6365,13057.591286307055,17710.354771784234,0.150625,22.0035,3.3138,1.5653,8.2691,3.0688,1.1503,-1851.6022,1.0,0.9871,0.0862,1.0,0.854772,QUALIFIED
6381,14284.381342062195,18026.66612111293,0.76375,23.0,5.1956,2.3621,15.841,4.0255,1.2765,-1913.4957,1.0,1.0,0.0,1.0,1.0,QUALIFIED
6393,20773.02941176472,17690.02205882353,0.085,27.2848,3.6147,1.5491,8.0783,3.6153,1.3962,-1969.1665,1.0,1.0,0.0,1.0,1.0,QUALIFIED
6397,-11330.917422867518,17986.5889292196,1.721875,21.2574,9.7277,3.6956,22.1186,8.5191,2.9933,-2217.6905,1.0,0.1458,0.337,1.0,0.0,QUALIFIED
6402,9914.09603658536,18343.29725609756,0.41,20.8508,11.175,3.3539,27.8916,9.7577,1.6598,-1145.5978,1.0,0.0648,0.2073,1.0,0.0,QUALIFIED
6413,16953.953125,17942.9609375,0.4,24.6857,5.1613,2.723,15.8781,4.1876,2.1899,-1908.9021,1.0,1.0,0.0,1.0,1.0,QUALIFIED
6425,15134.140522875816,17860.95751633987,0.286875,23.4105,3.7067,2.0917,10.556,3.0395,1.3603,-1932.3298,1.0,1.0,0.0,1.0,1.0,QUALIFIED
6437,-8337.847188264059,17705.695599022005,2.55625,19.57,8.3022,4.3449,28.8073,6.967,3.3385,-2230.1276,1.0,0.0821,0.237,1.0,0.0,QUALIFIED
6438,-6739.424050632908,17791.79746835443,0.09875,19.0248,4.2562,1.8999,9.9467,3.3689,0.8598,-2132.06,1.0,0.0995,0.2329,1.0,0.0,QUALIFIED
6442,22727.65482502652,17920.648462354187,0.589375,28.9431,7.609,3.5046,21.7415,6.5143,2.8874,-2013.2912,1.0,1.0,0.0,1.0,1.0,QUALIFIED
6461,16539.579365079364,17733.634920634922,0.07875,24.2495,3.0244,2.2391,12.0299,3.1798,2.0513,-1887.1644,1.0,1.0,0.0,1.0,1.0,QUALIFIED
6474,-19136.73978201635,17653.0204359673,0.229375,26.0347,5.6379,2.4552,12.9282,4.727,1.5045,-2859.0114,1.0,1.0,0.0,1.0,0.0,QUALIFIED
6481,15719.48777506112,17633.568459657705,0.255625,23.6229,5.4311,2.7902,14.2201,4.1417,1.2915,-1911.3254,1.0,1.0,0.0,1.0,1.0,QUALIFIED
6499,-10401.074712643684,17451.10344827586,0.54375,20.3149,5.6587,2.615,21.4869,4.6872,1.5243,-2261.9585,1.0,0.9777,0.1342,1.0,0.0,QUALIFIED
6505,15348.337209302328,17552.825581395347,0.16125,23.3168,7.531,4.4716,21.2421,5.9118,2.3692,-1906.2257,1.0,1.0,0.0,1.0,1.0,QUALIFIED
6541,26895.63289760349,17495.053376906315,0.286875,32.0852,10.0809,4.9613,26.7256,8.5036,3.5994,-1822.3414,1.0,0.8186,0.3389,1.0,0.0,QUALIFIED
6551,-19112.778106508875,17257.156804733728,0.105625,25.7502,5.1629,1.5506,10.5497,4.9083,0.7186,-2831.9539,1.0,1.0,0.0,1.0,0.0,QUALIFIED
6555,19056.318181818184,17149.834811529934,0.845625,25.6371,5.8944,2.7484,18.5037,5.0104,1.8538,-2032.3625,1.0,0.9953,0.0548,1.0,1.0,QUALIFIED
6566,-5857.095092024538,17322.815950920245,0.20375,18.2856,5.3363,2.054,11.804,4.643,1.2958,-2073.7502,1.0,0.0308,0.1299,1.0,0.0,QUALIFIED
6576,14326.141414141406,17285.474747474746,0.12375,22.4505,4.0093,1.9654,12.2779,3.3779,1.2097,-1906.6339,1.0,1.0,0.0,1.0,0.545455,QUALIFIED
6577,17269.015011547344,17627.69399538106,0.54125,24.677,5.9795,2.6244,17.8461,4.9235,2.021,-1916.1373,1.0,1.0,0.0,1.0,1.0,QUALIFIED
6592,15223.040145985397,17090.13503649635,0.428125,22.8869,5.7599,2.493,17.2194,4.6376,1.7665,-1913.86,1.0,1.0,0.0,1.0,0.508029,QUALIFIED
6595,22055.02325581396,17464.162790697676,0.5375,28.1323,5.5185,4.5131,29.2498,4.6992,3.6477,-2019.5581,1.0,1.0,0.0,0.87907,1.0,QUALIFIED
6615,20859.53703703704,17205.01851851852,0.421875,27.0395,7.4109,3.1692,17.2249,6.3205,2.315,-1945.6615,1.0,0.8439,0.3319,1.0,1.0,QUALIFIED
6629,15709.0703125,17141.90625,0.08,23.2512,5.1424,2.7011,12.8073,3.9645,1.3382,-1890.7375,1.0,0.9891,0.0916,1.0,1.0,QUALIFIED
6630,22942.50341296928,17193.418088737202,0.183125,28.6702,4.4328,1.813,11.5887,3.6677,0.9034,-2046.7076,1.0,1.0,0.0,1.0,1.0,QUALIFIED
6631,23382.13473053892,17073.70359281437,0.104375,28.9524,5.813,1.8136,14.3168,5.1226,1.2821,-2061.0505,1.0,1.0,0.0,1.0,0.335329,QUALIFIED
6644,19066.791666666664,16848.104166666668,0.15,25.4441,10.6319,3.7785,19.7095,8.2821,2.1426,-2050.4847,1.0,1.0,0.0,1.0,1.0,QUALIFIED
6659,25028.73151750973,16956.96887159533,0.32125,30.2322,7.4923,4.3588,23.4141,5.9306,2.4427,-2083.2132,1.0,1.0,0.0,1.0,0.0,QUALIFIED
6668,13939.461013645225,17299.817738791422,2.244375,22.2169,7.0568,3.4103,27.9047,5.6585,2.1577,-1907.4495,1.0,0.8973,0.2636,1.0,0.440824,QUALIFIED
6670,18712.56451612903,17259.532258064515,0.096875,25.4569,3.8008,2.0204,9.5891,3.0076,1.0892,-2055.7388,1.0,1.0,0.0,1.0,1.0,QUALIFIED
6675,-18968.74294038548,17070.603092783505,1.394375,25.5183,7.6535,3.3024,21.8295,6.4082,2.1874,-2805.443,1.0,0.9988,0.0296,1.0,0.103093,QUALIFIED
6676,-7920.619047619053,16908.11904761905,0.13125,18.6707,6.4302,2.3274,12.9479,5.6388,2.0807,-2157.4206,1.0,0.0933,0.2366,1.0,0.0,QUALIFIED
6688,-10573.768261964731,16878.018891687658,0.49625,19.9159,8.2395,3.9175,29.079,6.5966,2.3479,-2284.8328,1.0,0.8598,0.334,1.0,0.0,QUALIFIED
6709,-6928.54054054054,16849.317567567567,0.0925,18.2176,7.2383,4.4012,21.6973,5.6114,1.884,-2129.3668,1.0,0.1722,0.3315,1.0,0.0,QUALIFIED
6728,24243.679894179902,17039.12433862434,0.118125,29.6327,4.2764,2.2079,10.3319,3.8618,1.9273,-2099.4874,1.0,1.0,0.0,1.0,0.0,QUALIFIED
6736,15019.675438596496,16735.441520467833,0.106875,22.487,4.0512,1.9275,9.073,3.1931,1.0173,-1935.5289,1.0,1.0,0.0,1.0,0.0,QUALIFIED
6746,19482.530726256984,16789.256983240222,0.22375,25.7187,3.4917,2.0693,12.9886,2.8939,1.3425,-2032.2931,1.0,0.9944,0.0537,1.0,1.0,QUALIFIED
6752,24772.030864197528,16692.413580246917,0.253125,29.8714,7.173,4.3585,29.5733,5.8009,2.4737,-2084.2281,1.0,1.0,0.0,1.0,0.0,QUALIFIED
6765,21764.39547038327,16826.458188153312,0.179375,27.5104,6.2678,2.0761,10.9683,5.4792,1.4122,-2015.9955,1.0,0.9752,0.1326,1.0,1.0,QUALIFIED
6768,-12026.304776739358,16122.8779854621,0.601875,20.1135,8.5464,3.9438,25.0717,7.5731,3.0974,-2054.993,1.0,0.0336,0.1458,0.169263,0.0,QUALIFIED
6786,22255.627982646416,16550.337310195227,0.288125,27.735,6.8792,2.9192,14.2296,5.6169,1.9733,-2061.3884,1.0,1.0,0.0,1.0,1.0,QUALIFIED
6829,23560.08333333333,16487.5,0.1875,28.7563,3.7931,1.9552,9.5011,2.8765,1.0497,-2073.7104,1.0,1.0,0.0,1.0,0.0,QUALIFIED
6837,-10951.170498084291,16461.89846743295,0.163125,19.7711,8.2695,3.6784,17.103,7.24,2.6369,-2255.5402,1.0,0.9261,0.2309,0.996169,0.0,QUALIFIED
6839,13555.681015452536,16343.987858719647,0.283125,21.2339,5.1351,2.3915,12.1572,4.5326,1.7606,-1882.5522,1.0,0.9276,0.2216,1.0,0.0,QUALIFIED
6854,19054.03367875648,16447.779792746114,0.120625,25.1712,3.9607,2.5556,15.7425,3.4295,1.4675,-2031.0392,1.0,0.9903,0.0607,1.0,1.0,QUALIFIED
6860,-6828.96598202824,16585.737483953784,0.486875,17.9359,5.861,4.4037,21.3409,4.8815,2.7316,-2116.5985,1.0,0.1474,0.311,1.0,0.0,QUALIFIED
6863,2650.743093922654,16572.737569060773,0.113125,16.783,7.2283,3.2147,16.016,5.7354,1.5088,-868.0239,1.0,0.8281,0.3374,1.0,0.0,QUALIFIED
6866,7838.315789473687,16420.894736842103,0.095,18.1955,6.5564,2.277,13.2651,5.7844,1.4332,-1137.4555,1.0,0.0961,0.2466,1.0,0.0,QUALIFIED
6870,22656.921875,16238.234375000004,0.2,27.8751,4.4016,1.9329,10.7787,3.4604,0.7681,-2076.4396,1.0,1.0,0.0,1.0,1.0,QUALIFIED
6875,20990.06420233463,16680.94747081712,0.32125,26.8112,9.5626,2.9727,26.0058,7.9744,1.679,-1976.0351,1.0,0.8391,0.3418,1.0,1.0,QUALIFIED
6876,23125.190184049075,16485.085889570553,0.20375,28.3996,3.4591,1.5901,9.567,2.6096,0.8826,-2080.5618,1.0,1.0,0.0,1.0,0.555215,QUALIFIED
6906,17325.195732838583,16511.56215213358,0.67375,23.9331,6.4796,3.5727,19.214,5.1321,2.3183,-1990.4132,1.0,0.9305,0.2168,1.0,0.426716,QUALIFIED
6912,9467.357142857143,16386.77819548872,0.083125,18.9249,7.5689,2.9458,14.797,6.4475,1.5041,-1163.1182,1.0,0.8247,0.3113,1.0,0.0,QUALIFIED
6950,-5659.631010145567,16655.67203352448,1.416875,17.5904,5.9254,2.6353,22.0506,4.9014,1.6998,-2045.2659,1.0,0.0558,0.1952,1.0,0.0,QUALIFIED
6951,19189.04183266932,16142.830677290836,0.156875,25.0762,3.8054,1.6831,10.5398,3.1337,0.9537,-2029.745,1.0,0.96,0.1687,1.0,0.498008,QUALIFIED
6976,-2275.304381846632,15943.183881064164,0.399375,16.1042,13.0593,2.6911,22.0035,11.5106,1.636,-1864.778,1.0,0.001,0.0211,1.0,0.0,QUALIFIED
6979,19413.87007874016,16321.562992125986,0.079375,25.3633,2.6737,1.2306,6.5882,2.3225,0.7603,-2019.3833,1.0,0.9332,0.2148,1.0,0.992126,QUALIFIED
6981,30295.220720720725,16232.932432432432,0.208125,34.3704,7.223,3.6569,21.713,6.4685,2.4687,-1431.15,1.0,0.0353,0.1707,1.0,0.0,QUALIFIED
6988,23152.731939163496,16094.036121673002,0.164375,28.1971,3.538,2.7977,14.7645,3.1583,2.0921,-2076.8099,1.0,1.0,0.0,1.0,0.365019,QUALIFIED
7022,20620.54147031103,16309.995758718193,0.663125,26.2912,6.9827,2.465,23.0389,5.9369,1.6123,-2030.9287,1.0,1.0,0.0,1.0,0.952875,QUALIFIED
7023,22026.440639269407,16092.661339421617,0.410625,27.279,4.6162,2.8952,12.5363,3.8456,2.1944,-2077.5067,1.0,0.9959,0.0542,1.0,1.0,QUALIFIED
7024,23693.623931623923,16162.358974358973,0.14625,28.6813,6.4051,2.7158,12.5086,5.1361,1.6284,-2072.1673,1.0,1.0,0.0,1.0,0.0,QUALIFIED
7039,8640.915313225058,15910.302784222738,0.269375,18.1051,5.9919,3.4121,19.5096,5.1,2.1356,-1107.2923,1.0,0.144,0.3136,1.0,0.0,QUALIFIED
7049,-6543.487804878052,16105.27642276423,0.15375,17.3832,4.433,1.7265,8.8613,3.5197,0.8902,-2097.1789,1.0,0.1273,0.2521,1.0,0.0,QUALIFIED
7056,15757.284431137728,15999.452095808383,0.104375,22.4561,6.5914,3.1825,16.0348,5.961,2.3769,-1936.0168,1.0,0.9099,0.2398,1.0,0.0,QUALIFIED
7076,22992.99593495934,15782.05487804878,0.3075,27.8883,5.868,3.0788,16.5424,4.9621,2.2748,-2085.4316,1.0,0.9976,0.0383,1.0,0.457317,QUALIFIED
7086,18763.130952380947,15742.166666666668,0.2625,24.4923,6.5237,4.3438,20.4485,4.9687,2.1884,-2020.8622,1.0,0.8623,0.3171,1.0,0.0,QUALIFIED
7090,-8289.864270386264,15955.93186695279,1.165,17.9802,8.6568,4.4457,22.5408,7.335,3.409,-2188.6208,1.0,0.0939,0.2517,1.0,0.0,QUALIFIED
7098,-7457.771944922548,15935.697934595526,0.363125,17.5938,5.4237,2.4771,14.5297,4.3633,1.3466,-2133.9128,1.0,0.0887,0.2352,1.0,0.0,QUALIFIED
7099,-5003.283041212693,15636.28872572241,1.319375,16.4166,8.8014,3.3692,21.4871,7.2634,2.3045,-1975.4959,1.0,0.1217,0.3009,1.0,0.0,QUALIFIED
7111,-17739.03383458647,15973.996240601504,0.083125,23.8707,4.4599,2.3588,12.2064,4.4353,1.8726,-2776.148,1.0,1.0,0.0,0.947368,0.924812,QUALIFIED
7116,21288.311420982733,15886.240371845954,0.94125,26.5626,5.4355,2.4788,14.4052,4.5164,1.6503,-2041.6064,1.0,0.8845,0.2858,1.0,0.623506,QUALIFIED
7121,-6021.320783132527,15782.164156626506,0.415,16.8912,4.7952,2.2316,15.6434,3.8963,1.1519,-2070.7814,1.0,0.1612,0.3153,1.0,0.0,QUALIFIED
7124,24827.600498930857,15664.505702067,0.876875,29.3564,9.25,4.0533,20.3722,7.851,3.0894,-2066.1246,1.0,0.9892,0.0963,1.0,0.0,QUALIFIED
7136,12550.495807127882,15684.916491963664,0.894375,20.088,12.4127,3.1745,24.976,10.6464,1.822,-1726.1188,1.0,0.0462,0.1648,1.0,0.0,QUALIFIED
7168,22034.321428571435,15448.37087912088,0.455,26.9104,3.8925,1.924,16.497,3.0034,1.0426,-2075.5863,1.0,0.9348,0.2282,1.0,0.520604,QUALIFIED
7217,-10988.326666666668,15639.86,1.171875,19.1134,17.6359,3.7229,29.455,15.8086,3.1105,-2133.645,1.0,0.051,0.1918,0.275733,0.0,QUALIFIED
7218,-7922.96621621622,15631.75,0.0925,17.5243,4.2993,2.3653,9.9452,3.5764,1.4221,-2154.7584,1.0,0.0841,0.2413,1.0,0.0,QUALIFIED
7226,-1355.1151701059644,15041.89709983268,2.24125,15.1023,11.5303,4.3156,26.0881,10.048,3.4322,-1688.3902,1.0,0.0582,0.2088,1.0,0.0,QUALIFIED
7231,-38920.856371490285,15602.875809935204,0.289375,41.9312,8.2904,4.036,20.3256,7.9016,3.64,3472.0008,1.0,0.0419,0.1576,0.533477,1.0,QUALIFIED
7263,-13081.21859572134,15826.816511245195,1.139375,20.5324,13.5699,2.8836,26.074,11.9783,1.9728,-2128.3145,1.0,0.0024,0.0339,0.0,0.140976,QUALIFIED
7266,18232.266439909305,15609.45691609977,0.275625,24.0015,5.3303,2.5292,23.1715,4.0702,1.2028,-2048.7986,1.0,0.9683,0.1487,1.0,0.0,QUALIFIED
7272,-6808.592608326253,15425.372557349194,0.735625,16.8605,4.6582,2.5506,16.2193,3.7931,1.5426,-2083.7669,1.0,0.0853,0.2249,1.0,0.0,QUALIFIED
7288,21707.77664399093,14987.40476190476,0.275625,26.3791,2.7366,2.1412,17.0982,2.1927,0.9266,-2064.7227,1.0,0.9235,0.2247,1.0,0.0,QUALIFIED
7289,22162.446428571435,15401.392857142857,0.105,26.9886,3.1288,1.9895,9.5817,2.2784,0.8035,-2080.9607,1.0,1.0,0.0,1.0,0.327381,QUALIFIED
7303,-9395.034555712273,15354.167136812412,0.443125,17.9998,13.2794,3.0973,25.3081,11.3852,1.5785,-2221.0609,1.0,0.0959,0.2875,1.0,0.0,QUALIFIED
7304,-5263.167560321715,15194.467828418234,0.233125,16.0796,6.5377,2.9835,17.3688,5.3891,1.671,-1999.4068,1.0,0.1683,0.3064,1.0,0.0,QUALIFIED
7339,32703.84782608696,15207.202898550724,0.08625,36.0669,5.5601,3.028,15.7651,5.0428,2.7489,-1502.2872,1.0,0.0916,0.2291,1.0,0.0,QUALIFIED
7365,13727.5959752322,15042.063467492262,0.201875,20.3644,4.4559,2.0262,11.149,3.7764,1.4257,-1811.2424,1.0,0.8196,0.323,1.0,0.0,QUALIFIED
7385,21385.389570552143,15080.407975460124,0.101875,26.1679,2.7109,1.5685,7.7009,2.2398,1.0655,-2067.336,1.0,0.9652,0.1548,1.0,0.0,QUALIFIED
7412,-12972.198113207549,15076.797169811323,0.1325,19.8887,13.5647,2.1522,21.6849,11.9949,1.0517,-1979.037,1.0,0.0017,0.0247,0.0,1.0,QUALIFIED
7446,-1909.234939759037,14892.21686746988,0.10375,15.0135,6.6123,2.6115,17.5791,6.7946,2.2908,-1759.1475,1.0,0.1222,0.2888,1.0,0.0,QUALIFIED
7482,9491.236304549668,15496.739554317548,0.673125,18.1721,9.8682,4.544,25.285,8.3515,3.1235,-1141.186,1.0,0.1117,0.2755,1.0,0.0,QUALIFIED
7497,-26064.63612565445,14762.791765825796,1.313125,29.9544,13.3737,4.7602,28.4868,11.834,3.9251,-1033.9125,1.0,0.1008,0.2917,0.026178,1.0,QUALIFIED
7502,21279.5,14691.975409836068,0.190625,25.8588,3.8773,2.5532,13.1162,2.7745,1.1786,-2073.461,1.0,0.8887,0.2642,1.0,0.0,QUALIFIED
7521,12539.77777777778,14889.909722222224,0.09,19.4667,11.3614,4.6049,29.1674,9.3391,2.1073,-1693.6075,1.0,0.2067,0.3495,1.0,0.0,QUALIFIED
7543,32090.467741935485,15049.478494623658,0.290625,35.4444,10.2481,3.2559,18.7243,8.7595,2.249,-1436.9388,1.0,0.0,0.0,1.0,0.0,QUALIFIED
7545,-16460.76102610261,15219.424392439243,0.694375,22.4178,15.3946,3.2605,25.178,13.7022,2.2576,-2371.1991,1.0,0.1133,0.2833,0.0,1.0,QUALIFIED
7561,-13730.202970297029,14531.316831683172,0.12625,19.9912,3.7933,2.5008,22.2613,3.434,1.5662,-1918.0558,1.0,0.1297,0.2418,0.0,1.0,QUALIFIED
7583,-5511.389175257733,14651.337628865982,0.2425,15.653,7.9647,3.4609,18.9514,6.5249,2.153,-1993.2304,1.0,0.1679,0.335,1.0,0.0,QUALIFIED
7589,-5845.606490872211,14309.348884381336,0.61625,15.4567,6.8622,3.0126,16.7038,5.9022,2.2941,-1972.4174,1.0,0.0867,0.2517,0.60142,0.0,QUALIFIED
7611,-10031.407079646016,14985.566371681416,0.70625,18.0325,13.7153,4.1783,27.0452,12.0469,3.3239,-2135.8625,1.0,0.0045,0.0561,0.495575,0.000885,QUALIFIED
7624,3633.06227106227,14539.327838827838,0.34125,14.986,8.0926,4.2434,24.3335,6.4047,2.3154,-563.0316,1.0,0.0781,0.2323,1.0,0.0,QUALIFIED
7635,-17506.447529291898,14726.913652572592,1.226875,22.8763,17.6545,3.1397,29.9882,15.6888,2.1452,-2520.6159,1.0,0.0706,0.2297,0.0,1.0,QUALIFIED
7649,-13135.28120978121,14245.850707850706,0.97125,19.3766,6.9337,2.4434,19.1948,6.0389,1.7876,-1874.0963,1.0,0.075,0.2347,0.0,1.0,QUALIFIED
7654,32221.30079155673,14112.934036939318,0.47375,35.1768,7.2182,3.2794,20.1026,6.2981,2.7227,-1393.1034,1.0,0.1671,0.33,1.0,0.0,QUALIFIED
7664,32402.57167235496,14602.035836177474,0.549375,35.541,9.2783,4.1325,22.358,7.86,3.131,-1417.0355,1.0,0.0074,0.0544,1.0,0.0,QUALIFIED
7687,23231.797297297293,14079.824324324323,0.115625,27.1655,5.2385,2.3609,11.1254,4.7004,1.9762,-2037.8621,1.0,0.1587,0.2985,1.0,0.0,QUALIFIED
7751,-377.80150581793714,14452.014373716633,1.82625,14.4564,11.5294,3.5813,26.7909,10.0502,2.5787,-1547.3932,1.0,0.0362,0.1689,0.991786,0.0,QUALIFIED
7755,20990.61111111111,14198.555555555557,0.1125,25.3419,4.5307,1.7264,12.8877,3.7717,1.0256,-2065.6296,1.0,0.0138,0.091,1.0,0.0,QUALIFIED
7770,4231.157608695648,14283.040760869564,0.23,14.8962,8.1983,2.8629,18.474,7.3288,1.9297,-571.4151,1.0,0.0349,0.1572,1.0,0.0,QUALIFIED
7775,-11251.98936170213,13780.5,0.29375,17.79,12.2315,3.0477,20.9738,10.7681,2.1191,-1886.1186,1.0,0.9267,0.2419,0.0,1.0,QUALIFIED
7790,3834.483031674208,13929.685520361989,0.5525,14.4475,7.0966,3.9989,23.621,6.0909,2.4407,-540.1939,1.0,0.0438,0.1677,0.986425,0.0,QUALIFIED
7808,14648.062300319483,14088.99840255591,0.195625,20.324,5.3219,2.7723,17.8755,4.4592,1.2712,-1833.0358,1.0,0.1219,0.2598,1.0,0.0,QUALIFIED
7842,35109.55501222494,13834.790953545236,0.51125,37.7373,7.9307,3.8456,21.1542,6.9441,2.8884,-1225.6124,1.0,0.0162,0.1033,1.0,0.0,QUALIFIED
7844,-25522.03312788906,14037.749614791988,0.405625,29.1272,17.1167,3.0596,28.0302,15.1784,1.7791,-986.9071,1.0,0.0014,0.0361,0.285054,1.0,QUALIFIED
7864,36840.95408163265,13947.948979591838,0.1225,39.3932,11.6298,4.0791,23.4161,10.1036,2.5856,-1243.7555,1.0,0.0022,0.0287,1.0,0.0,QUALIFIED
7876,-2978.531496062991,13526.090551181103,0.79375,13.8496,10.249,4.5631,26.5126,8.832,3.4411,-1824.1715,1.0,0.0298,0.1445,0.277165,0.0,QUALIFIED
7893,16718.8112244898,13498.790816326527,0.6125,21.4881,6.2069,3.3965,22.4703,5.1664,2.3702,-1910.2402,1.0,0.1831,0.3342,1.0,0.0,QUALIFIED
7916,488.9736842105267,13988.950292397658,0.4275,13.997,18.2877,3.1697,26.9316,16.3752,2.0265,-1382.6761,1.0,0.0,0.0,0.951754,0.0,QUALIFIED
7990,11875.54895104895,13726.11188811189,0.17875,18.1503,9.6391,3.0711,16.0341,8.7657,1.996,-1593.3766,1.0,0.1169,0.2453,1.0,0.0,QUALIFIED
8001,35806.71258134491,13772.896963123649,0.288125,38.3645,7.32,3.9084,21.6286,6.0089,2.3754,-1231.6525,1.0,0.045,0.1841,1.0,0.0,QUALIFIED
8035,21469.529895366213,13701.060538116595,0.418125,25.469,4.5248,2.6823,14.8595,3.4928,1.6772,-2062.0214,1.0,0.1633,0.3275,1.0,0.0,QUALIFIED
8093,-19446.40747330961,13141.069395017792,0.175625,23.4695,17.3666,3.6075,27.2975,15.425,2.2991,-1995.9386,1.0,0.0,0.0,0.0,1.0,QUALIFIED
8105,31341.708672086723,13104.429539295394,0.230625,33.9713,7.4288,3.0365,18.6394,6.2226,1.8687,-1462.8376,1.0,0.0192,0.1191,1.0,0.0,QUALIFIED
8107,-25318.865384615383,13223.769230769234,0.1625,28.5635,17.4754,2.9141,27.7767,15.7108,1.5361,-847.874,1.0,0.0,0.0,0.0,1.0,QUALIFIED
8109,-10168.34702549575,13592.21388101983,0.220625,16.9741,4.5233,2.1737,11.3891,3.9101,1.7856,-2034.5141,1.0,0.8567,0.3141,0.0,1.0,QUALIFIED
8115,10458.402439024394,12925.439024390244,0.25625,16.6266,12.2616,3.9062,25.2251,10.7853,2.6532,-1225.34,1.0,0.05,0.1885,1.0,0.0,QUALIFIED
8118,-12986.017241379312,13152.310344827583,0.18125,18.4823,10.6092,3.6348,19.3899,9.2785,2.4738,-1848.8374,1.0,0.944,0.1878,0.0,1.0,QUALIFIED
8119,-11526.638828633404,13126.711135213303,0.864375,17.4685,11.42,3.0423,22.0361,9.9808,2.2197,-1945.4642,1.0,0.9993,0.0183,0.0,1.0,QUALIFIED
8120,-6973.447761194031,13268.59701492537,0.08375,14.9888,7.3433,3.6926,19.1778,6.8168,3.1797,-2008.7158,1.0,0.0313,0.1451,0.0,1.0,QUALIFIED
8128,35877.30898876405,13340.106741573032,0.11125,38.2774,3.7957,2.1864,9.3945,3.6731,1.6883,-1209.4038,1.0,0.0501,0.1918,1.0,0.0,QUALIFIED
8136,34372.125,13194.75,0.25,36.818,5.9983,2.9947,18.2122,5.1645,2.25,-1244.0328,1.0,0.0996,0.2724,1.0,0.0,QUALIFIED
8137,36501.05494125778,12590.68659295093,0.904375,38.6119,9.2321,3.5609,20.256,8.0508,2.3323,-1173.584,1.0,0.144,0.2941,1.0,0.0,QUALIFIED
8148,15596.235074626864,13060.667910447764,0.1675,20.3427,5.623,2.4126,13.0209,4.9068,1.5887,-1827.8267,1.0,0.137,0.2931,1.0,0.0,QUALIFIED
8179,-18465.77044854881,12865.803430079157,0.47375,22.5052,13.7495,2.6356,21.885,12.2008,1.473,-2114.199,1.0,0.0089,0.079,0.0,1.0,QUALIFIED
8190,16181.702797202794,13260.185314685315,0.446875,20.9209,7.7876,4.2119,25.4628,6.1548,2.5913,-1859.5126,1.0,0.1363,0.3115,1.0,0.0,QUALIFIED
8208,33973.67534722222,13189.215277777776,0.36,36.4443,9.8418,4.4575,22.1633,8.6016,3.6154,-1284.9757,1.0,0.0635,0.2046,1.0,0.0,QUALIFIED
8209,38583.06518282989,12923.512718600956,0.78625,40.6902,8.2997,4.458,23.4688,7.4072,3.7852,-900.1581,1.0,0.0202,0.1132,1.0,0.0,QUALIFIED
8233,18033.18421052632,12509.925837320574,0.653125,21.9477,5.9749,2.758,18.0338,4.8796,1.4991,-1928.963,1.0,0.0583,0.1942,1.0,0.0,QUALIFIED
8236,16.22814982973796,13181.303064699205,1.10125,13.1808,13.1949,3.6798,24.7793,11.6156,2.7041,-1433.9721,1.0,0.0081,0.0726,0.152667,0.0,QUALIFIED
8247,17062.848164627358,12408.383759733042,1.12375,21.0977,7.0096,3.337,23.6009,5.696,2.0702,-1856.8047,1.0,0.1096,0.264,1.0,0.0,QUALIFIED
8249,25331.93021346469,12951.977832512312,0.76125,28.4512,8.3523,3.8129,27.7128,7.0676,2.695,-1921.5385,1.0,0.1451,0.3323,1.0,0.0,QUALIFIED
8266,-10092.039440203567,13030.016539440205,0.245625,16.4805,4.182,1.5122,9.1836,3.3509,0.8048,-2051.8251,1.0,0.8825,0.3083,0.0,1.0,QUALIFIED
8268,-6665.801382279635,12691.83242692046,2.758125,14.3351,7.8109,3.605,28.0814,6.4973,2.6122,-1924.2846,1.0,0.0876,0.2585,0.0,0.88058,QUALIFIED
8298,-3547.375,12748.861013986016,0.715,13.2326,7.2326,3.4975,21.1128,6.1183,2.4387,-1793.5486,1.0,0.0546,0.2078,0.0,0.413462,QUALIFIED
8305,-9878.333333333328,12724.5,0.1875,16.1081,3.864,1.8529,9.0012,2.8279,1.1555,-2059.4284,1.0,0.9743,0.1315,0.0,1.0,QUALIFIED
8312,18622.585846867754,12927.385150812064,0.53875,22.6699,6.1404,3.2859,19.8407,4.9706,2.2318,-1979.7014,1.0,0.0668,0.2022,1.0,0.0,QUALIFIED
8315,39273.18951612903,12589.209677419356,0.155,41.2419,7.7611,3.2909,18.3488,6.4155,2.1569,-910.1034,1.0,0.0047,0.0616,1.0,0.0,QUALIFIED
8381,22118.55107973421,12607.777823920267,1.505,25.4597,6.9316,2.6635,20.7348,5.7717,1.8487,-1989.8596,1.0,0.1451,0.325,1.0,0.0,QUALIFIED
8384,-31443.69852941177,12448.294117647063,0.085,33.8175,6.1921,4.5029,19.6857,5.5872,3.2441,1558.9541,1.0,1.0,0.0,0.0,1.0,QUALIFIED
8408,22885.6641221374,12440.576335877864,0.16375,26.0486,5.6155,2.5018,11.7149,4.6796,1.6915,-1946.5942,1.0,0.1507,0.3186,1.0,0.0,QUALIFIED
8415,-5318.983146067418,12306.45505617978,0.278125,13.4061,6.8022,3.9713,26.1067,5.9043,2.9511,-1847.8968,1.0,0.0387,0.1672,0.0,1.0,QUALIFIED
8420,16233.27403846154,12313.24038461539,0.13,20.375,7.1875,2.9031,17.9953,6.7088,1.9773,-1761.8613,1.0,0.0506,0.1832,1.0,0.0,QUALIFIED
8422,24629.033542976933,12472.171907756812,0.59625,27.6072,11.6323,3.5182,21.8417,9.8456,2.3247,-1850.8356,1.0,0.0028,0.0322,1.0,0.0,QUALIFIED
8458,-10425.237631184404,12403.311094452773,0.416875,16.202,3.492,1.9175,12.2482,2.607,0.9824,-2070.0788,1.0,0.997,0.0413,0.0,1.0,QUALIFIED
8470,-8353.373563218389,11685.442528735635,0.54375,14.3634,6.6895,2.7192,15.7987,5.5666,1.6307,-1925.6628,1.0,0.0406,0.1541,0.0,1.0,QUALIFIED
8475,39000.88888888889,12179.666666666672,0.1575,40.8588,4.0384,1.8581,10.8362,2.754,0.8003,-886.1587,1.0,0.0748,0.2094,1.0,0.0,QUALIFIED
8482,25110.71134020618,12302.948453608244,0.12125,27.9629,10.0586,1.9793,16.3945,9.462,1.2662,-1861.4753,1.0,0.0008,0.0115,1.0,0.0,QUALIFIED
8486,-23291.989361702126,12052.627659574464,0.088125,26.2249,14.8177,3.1137,25.4251,13.5873,1.0431,-1087.4641,1.0,0.0,0.0,0.0,1.0,QUALIFIED
8499,-8403.333827893177,12528.037091988132,1.053125,15.0847,11.8857,4.3014,23.3722,10.1241,3.2818,-1995.0723,1.0,0.043,0.1738,0.0,1.0,QUALIFIED
8503,-11779.305620608897,12554.071428571428,0.800625,17.2143,10.6583,3.8481,24.3341,9.368,3.0783,-2000.8348,1.0,1.0,0.0,0.0,1.0,QUALIFIED
8508,14655.5294117647,12015.5,0.10625,18.9515,5.9165,2.888,13.1921,4.5922,1.1134,-1610.0009,1.0,0.0762,0.2327,1.0,0.0,QUALIFIED
8525,25561.548192771093,12153.19410977242,0.93375,28.3038,12.1144,3.6096,24.8934,10.3438,2.6015,-1821.1558,1.0,0.0528,0.2043,1.0,0.0,QUALIFIED
8528,39327.47029702971,12125.5,0.12625,41.1546,3.8303,2.5047,14.4267,2.9324,1.09,-892.6695,1.0,0.0501,0.1579,1.0,0.0,QUALIFIED
8582,-10947.428571428572,11967.75,0.4375,16.2188,3.702,1.8729,9.4064,3.1509,1.3353,-2058.681,1.0,0.9993,0.0181,0.0,1.0,QUALIFIED
8592,20913.89655172413,12023.043103448275,0.725,24.1237,4.342,1.7656,12.9219,3.6346,1.0533,-1998.9813,1.0,0.0788,0.2276,1.0,0.0,QUALIFIED
8600,-4523.981481481482,11578.518518518518,1.6875,12.4303,6.7119,3.1596,29.775,5.5747,1.8939,-1752.6835,1.0,0.0683,0.2217,0.0,1.0,QUALIFIED
8608,-19219.62337662337,12317.155844155845,0.48125,22.8271,16.1341,3.4831,26.109,14.2387,2.2209,-1894.5805,1.0,0.0242,0.1312,0.0,1.0,QUALIFIED
8624,38768.08037578288,11937.45198329854,0.299375,40.5647,5.2353,2.2085,12.4551,4.4116,1.5944,-883.3777,1.0,0.0154,0.0929,1.0,0.0,QUALIFIED
8631,12727.418632075469,12056.39622641509,0.53,17.5312,11.3507,4.6248,29.6646,9.9054,3.6022,-1532.326,1.0,0.0379,0.1584,1.0,0.365566,QUALIFIED
8639,17530.431458699466,11756.25571177504,0.355625,21.1076,7.6429,3.9294,18.8096,5.5228,2.2432,-1872.9873,1.0,0.1798,0.3425,1.0,0.0,QUALIFIED
8648,20401.95098039216,11904.503267973858,0.19125,23.6213,3.0036,1.5764,9.2069,2.8039,1.3513,-1995.1642,1.0,0.0553,0.1794,1.0,0.0,QUALIFIED
8664,18671.385094600824,11697.235117674209,1.354375,22.033,6.4451,3.1173,20.4035,5.2082,1.9805,-1929.8689,1.0,0.0452,0.1738,1.0,0.0,QUALIFIED
8702,33191.21686746988,11442.216867469884,0.10375,35.1084,4.1424,2.0733,9.2049,4.1769,1.4995,-1441.4217,1.0,0.0858,0.2555,1.0,0.0,QUALIFIED
8707,40479.66270337922,11838.250312891112,0.99875,42.1755,6.214,3.5135,19.553,5.1583,2.7487,-865.7169,1.0,0.089,0.2567,1.0,0.0,QUALIFIED
8714,35552.901360544216,11812.74489795918,0.091875,37.4643,9.2403,2.5064,20.2556,8.2814,2.1392,-1320.9842,1.0,0.2101,0.3339,1.0,0.0,QUALIFIED
8754,16997.800970873788,11650.2572815534,0.321875,20.6073,6.6736,2.9043,16.9159,5.4785,1.7209,-1840.1361,1.0,0.1488,0.306,1.0,0.0,QUALIFIED
8771,14156.635416666664,11465.604166666672,0.3,18.2174,8.1603,3.3494,26.6828,6.7387,1.7512,-1563.6861,1.0,0.0901,0.2658,1.0,0.825,QUALIFIED
8797,41074.08506224067,11383.798755186726,0.150625,42.6228,4.7599,3.0037,14.6596,4.4854,2.7392,-830.4325,1.0,0.153,0.3146,1.0,0.0,QUALIFIED
8804,-20488.95238095238,11451.928571428572,0.13125,23.4715,15.3748,3.4053,24.5584,14.3089,2.0468,-1499.7366,1.0,0.0,0.0,0.0,1.0,QUALIFIED
8822,15510.343373493984,11511.192771084336,0.10375,19.3153,7.4999,3.4449,19.0119,6.3276,1.8984,-1606.9316,1.0,0.0106,0.0701,1.0,0.0,QUALIFIED
8826,-41806.77530364373,11371.653846153844,0.154375,43.3251,18.1729,2.3752,27.397,16.3338,1.3782,-157.7014,1.0,0.0057,0.0506,1.0,0.060729,QUALIFIED
8842,21372.588235294126,11408.147058823532,0.10625,24.2269,4.9015,1.9367,10.2292,4.0666,0.8287,-1943.9042,1.0,0.1158,0.2793,1.0,0.0,QUALIFIED
8871,24892.703125,11361.0859375,0.4,27.363,6.7739,3.0653,16.3876,5.6367,2.0437,-1708.5616,1.0,0.0727,0.2213,1.0,0.0,QUALIFIED
8904,-1469.194690265489,11301.219026548672,0.2825,11.3958,10.9174,3.9263,20.5926,9.8058,2.9707,-1323.8019,1.0,0.0095,0.0822,0.0,1.0,QUALIFIED
8906,12963.808681672024,11339.48713826367,0.194375,17.2234,9.8762,3.1471,25.159,9.2442,2.1306,-1447.6077,1.0,0.0102,0.0853,1.0,1.0,QUALIFIED
8908,18030.297101449272,11123.416666666672,0.345,21.1856,6.861,3.0962,19.0732,5.9411,1.7108,-1855.9241,1.0,0.0646,0.2079,1.0,0.0,QUALIFIED
8929,5144.817337461303,10898.700464396286,0.8075,12.0518,18.0259,3.6547,29.6323,16.0566,2.8952,-61.816,1.0,0.0015,0.0306,0.0,0.809598,QUALIFIED
8933,21052.00984251968,11038.688976377956,0.3175,23.7708,3.642,1.6304,9.1767,3.103,1.1619,-1943.3302,1.0,0.1739,0.3237,1.0,0.0,QUALIFIED
8941,-8025.089266155534,11065.532858707556,0.570625,13.6685,6.7892,3.3579,22.2061,5.7102,2.3943,-1877.2225,1.0,0.1688,0.3302,0.0,1.0,QUALIFIED
8945,38964.009803921566,11120.69607843137,0.159375,40.5203,4.143,2.2208,14.1213,3.3453,0.941,-924.3057,1.0,0.0946,0.2434,1.0,0.0,QUALIFIED
8961,19862.994257762657,11708.549766056996,1.469375,23.0573,5.9976,2.2289,15.3493,4.8134,1.262,-1974.2357,1.0,0.0457,0.1867,1.0,0.0,QUALIFIED
8971,18910.70414673046,11039.21610845295,0.391875,21.8972,5.0888,2.4548,14.7481,4.1398,1.3963,-1926.1392,1.0,0.0755,0.2247,1.0,0.0,QUALIFIED
8972,19664.45243757432,10868.098097502974,0.525625,22.4681,3.8845,2.2528,14.2982,3.1288,1.2621,-1918.4658,1.0,0.0739,0.2254,1.0,0.0,QUALIFIED
8991,-10222.336734693876,11132.744897959186,0.30625,15.1133,4.4558,2.4147,13.5398,3.7174,1.7489,-2032.2881,1.0,0.9058,0.2626,0.0,1.0,QUALIFIED
8995,27264.75862068965,11008.948275862072,0.18125,29.4037,6.7101,2.6264,13.7743,5.7783,1.4927,-2041.7881,1.0,1.0,0.0,1.0,0.0,QUALIFIED
9004,-20397.65719063545,11015.55016722408,0.186875,23.1814,15.6988,3.4892,25.6177,14.2817,2.4146,-1452.008,1.0,0.0009,0.0162,0.0,1.0,QUALIFIED
9014,22976.46428571429,11026.392857142857,0.0875,25.4855,5.6238,2.2117,11.9477,5.5296,1.9435,-2003.8817,1.0,1.0,0.0,1.0,0.0,QUALIFIED
9018,-23027.4,11055.700000000004,0.3125,25.5432,7.3753,4.3462,26.9709,6.8923,2.4401,-960.6938,1.0,0.0496,0.1919,0.0,1.0,QUALIFIED
9035,21666.04740608229,10971.609123434704,0.349375,24.2859,4.3718,2.2546,16.6604,3.6598,1.5976,-1912.9665,1.0,0.1171,0.2656,1.0,0.0,QUALIFIED
9036,21839.22531293462,11514.877607788592,0.89875,24.6892,4.7705,2.2916,15.6442,3.9056,1.5458,-1932.3881,1.0,0.1245,0.277,1.0,0.0,QUALIFIED
9053,42814.30099502487,11031.967661691546,0.125625,44.2131,11.309,2.5506,21.1148,9.8239,1.2768,-677.4864,1.0,0.0092,0.0919,1.0,0.0,QUALIFIED
9064,30623.37387387388,10721.108108108108,0.13875,32.4462,7.7851,2.9429,15.3907,6.3696,1.285,-1915.0414,1.0,1.0,0.0,1.0,0.0,QUALIFIED
9067,-42560.694562899786,11115.758528784643,1.1725,43.9877,15.3706,3.6432,29.8401,13.79,3.0313,-269.7342,1.0,0.0009,0.0218,1.0,0.003731,QUALIFIED
9108,-6835.629310344826,10846.728448275862,0.145,12.8203,7.8357,3.8985,20.7674,6.5844,2.1837,-1815.4228,1.0,0.1381,0.3127,0.0,1.0,QUALIFIED
9112,24478.731770833343,10880.643229166672,0.72,26.7882,7.9923,3.5596,20.4918,6.7027,2.8707,-1729.0568,1.0,0.1619,0.3138,1.0,0.0,QUALIFIED
9130,3506.3121693121648,10640.513227513227,0.23625,11.203,7.2246,2.9942,15.7176,6.1527,1.6264,-128.2422,1.0,0.0495,0.1835,0.0,1.0,QUALIFIED
9134,38616.05550262029,10987.505717008098,1.311875,40.1491,8.8855,3.5879,29.9557,7.6333,2.4115,-958.8304,1.0,0.1491,0.297,1.0,0.0,QUALIFIED
9135,43532.47101449275,10689.992753623184,0.08625,44.8262,8.9838,2.1376,14.3596,8.751,1.4748,-537.6916,1.0,0.0557,0.1843,1.0,0.0,QUALIFIED
9145,-3156.692129629628,10863.347222222226,0.27,11.3121,13.0876,3.7067,25.8595,11.0783,2.7273,-1616.0087,1.0,0.0528,0.21,0.0,1.0,QUALIFIED
9148,17288.760780287477,10708.898357289523,1.521875,20.3369,9.2583,3.944,29.5243,7.7441,2.5072,-1769.5993,1.0,0.03,0.1527,1.0,0.621355,QUALIFIED
9150,25090.0612244898,10720.90816326531,0.1225,27.2849,4.2908,2.1859,11.4929,3.9587,1.0979,-1724.3012,1.0,0.1388,0.2953,1.0,0.0,QUALIFIED
9153,-43399.41304347826,10776.092885375496,0.158125,44.7167,18.4952,2.9048,28.6722,17.0487,1.4579,-450.2368,1.0,0.0,0.0,1.0,0.0,QUALIFIED
9162,26946.36274509804,10808.147058823532,0.159375,29.0334,6.1243,2.9801,17.3592,5.3533,1.428,-2040.1933,1.0,0.9715,0.1294,1.0,0.0,QUALIFIED
9174,20267.02577319587,10695.345360824744,0.12125,22.9162,3.8163,1.677,8.5024,3.4585,0.7343,-1931.9986,1.0,0.0507,0.1714,1.0,0.0,QUALIFIED
9221,18487.849691021445,10043.756997455472,1.719375,21.0401,8.7458,3.5283,26.9163,7.3667,2.6652,-1828.2598,1.0,0.0282,0.1443,1.0,0.810978,QUALIFIED
9224,27679.3875432526,10745.828719723184,0.36125,29.6924,6.3775,3.8844,22.4438,4.7821,2.0313,-2068.2064,1.0,1.0,0.0,1.0,0.0,QUALIFIED
9227,-42319.95337620579,10304.31832797428,1.16625,43.5558,14.6314,3.9319,27.3757,12.9091,2.9066,-421.8247,1.0,0.0,0.0,1.0,0.079314,QUALIFIED
9247,18282.833333333336,10629.083333333336,0.1875,21.1482,7.6424,3.2726,17.1351,6.8499,2.0435,-1863.5165,1.0,0.0123,0.0793,1.0,0.38,QUALIFIED
9250,-41079.33747178329,10361.335214446954,0.276875,42.3653,8.7874,3.491,24.6647,7.8578,2.7457,-274.7752,1.0,0.01,0.0662,1.0,0.0,QUALIFIED
9279,3056.513060760932,10130.539750141965,1.100625,10.5813,10.755,3.0417,24.7364,9.4475,1.8828,-140.8955,1.0,0.0023,0.0334,0.0,0.993754,QUALIFIED
9280,20514.91095890412,10229.364970645796,0.319375,22.924,5.368,2.2981,15.6998,4.3949,1.1136,-1910.0421,1.0,0.0405,0.1549,1.0,0.154599,QUALIFIED
9300,28449.95871559633,10348.8371559633,0.545,30.274,9.3871,4.056,24.1473,8.3276,3.2256,-2077.9367,1.0,1.0,0.0,1.0,0.0,QUALIFIED
9306,29326.34108527132,10393.232558139534,0.16125,31.1139,7.1693,2.7513,15.8539,6.5261,2.3836,-1957.3732,1.0,0.8909,0.2737,1.0,0.0,QUALIFIED
9326,36392.40935672514,10423.087719298244,0.21375,37.856,6.718,3.438,20.2441,5.311,1.5534,-1305.9282,1.0,0.0485,0.1813,1.0,0.0,QUALIFIED
9350,-32405.35347985348,10160.206959706964,0.170625,33.9602,19.7438,3.3938,28.4434,17.992,2.5637,1668.6714,1.0,0.0044,0.0581,0.0,1.0,QUALIFIED
9358,-31270.465277777777,10397.375,0.09,32.9531,7.8123,3.3542,16.0811,6.557,2.5831,1717.5142,1.0,0.0192,0.0961,0.0,1.0,QUALIFIED
9375,19827.56224899598,10276.202811244975,0.31125,22.3325,6.5161,2.8149,15.6508,5.2185,1.4677,-1893.673,1.0,0.0315,0.142,1.0,0.323293,QUALIFIED
9378,31217.087476979752,10320.15930018416,0.339375,32.8791,6.0345,3.0637,18.4323,5.1027,2.3007,-1968.9814,1.0,1.0,0.0,1.0,0.0,QUALIFIED
9433,-40985.52865329513,9998.136103151868,0.218125,42.1868,7.6518,4.557,27.613,6.7562,3.0208,-303.4104,1.0,0.0223,0.1388,1.0,0.0,QUALIFIED
9441,30184.26049868765,9585.063648293966,0.9525,31.6699,15.1962,2.729,24.5257,13.4055,2.1712,-1749.5362,1.0,0.097,0.2669,1.0,0.0,QUALIFIED
9453,27696.41176470589,10106.08823529412,0.2125,29.4829,8.0196,3.5585,21.0174,6.3988,2.2264,-2101.2171,1.0,1.0,0.0,1.0,0.0,QUALIFIED
9467,36047.3426395939,10034.383248730965,0.123125,37.4183,6.1052,2.6764,12.5951,5.343,1.6032,-1309.9344,1.0,0.0928,0.2501,1.0,0.0,QUALIFIED
9481,25353.26406353408,10136.858371939115,1.88875,27.3049,10.9341,3.4174,21.67,9.3969,2.6673,-1828.0048,1.0,0.1123,0.283,1.0,0.0,QUALIFIED
9492,25837.503502626976,9750.718914185636,0.356875,27.6165,11.8525,2.0288,18.4591,10.4061,1.3171,-1917.5562,1.0,0.1533,0.3194,1.0,0.0,QUALIFIED
9495,-42465.56849315069,9752.554794520547,0.136875,43.5705,12.357,3.2859,20.3091,11.0663,2.1093,-542.1374,1.0,0.0,0.0,1.0,0.552511,QUALIFIED
9509,-10838.953389830507,10083.529661016952,0.7375,14.8034,12.5229,2.886,21.8155,11.0073,1.9551,-1901.6593,1.0,0.0227,0.1119,0.0,1.0,QUALIFIED
9545,20072.45221843003,9778.315699658706,0.183125,22.3278,5.8101,3.4319,25.2624,4.9553,1.7822,-1854.8004,1.0,0.018,0.1085,1.0,1.0,QUALIFIED
9600,29365.175080128203,9461.788060897436,1.56,30.8522,17.0183,3.1965,29.5616,15.1095,2.0979,-1800.6049,1.0,0.0419,0.1868,1.0,0.0,QUALIFIED
9611,22644.671339563865,9594.606957424716,0.601875,24.5937,6.1415,3.1939,18.2605,4.9868,2.0712,-1749.9157,1.0,0.109,0.2777,1.0,0.0,QUALIFIED
9639,37067.80402434901,9038.021136286778,1.848125,38.1541,11.9225,3.9665,29.8983,10.384,2.8701,-1091.667,1.0,0.0617,0.214,1.0,0.0,QUALIFIED
9661,-14066.181306306304,9608.917792792796,0.555,17.0342,12.3673,4.824,26.5602,11.0584,3.7526,-2011.6294,1.0,0.106,0.2842,0.0,1.0,QUALIFIED
9682,24154.41394927536,9864.83423913044,1.38,26.0915,7.5533,3.6519,20.6801,6.3967,2.7624,-1760.4323,1.0,0.0492,0.1776,1.0,0.0,QUALIFIED
9703,-8030.270491803276,9043.614754098358,0.953125,12.0936,11.1274,4.8715,25.4899,9.8789,4.3506,-1891.3686,1.0,0.9449,0.2073,0.0,1.0,QUALIFIED
9708,36019.099109131406,9546.96436525612,0.56125,37.2632,8.04,3.8317,19.88,7.0333,3.0277,-1277.4507,1.0,0.0678,0.2274,1.0,0.0,QUALIFIED
9710,42163.7972536349,9674.086429725365,0.77375,43.2598,12.025,3.1447,25.3241,10.4806,2.2116,-827.7553,1.0,0.0144,0.0902,1.0,0.0,QUALIFIED
9714,-16611.4375,9661.495370370372,0.27,19.2161,11.0267,2.4931,19.1538,9.8766,1.632,-1623.8173,1.0,0.0001,0.0019,0.0,1.0,QUALIFIED
9718,19014.24820143885,9548.07194244604,0.17375,21.2771,6.8415,3.0696,15.8832,5.5579,1.5706,-1840.4032,1.0,0.0429,0.1568,1.0,1.0,QUALIFIED
9719,27503.618616144973,9655.07166392092,0.379375,29.1494,5.8229,2.8799,15.0916,4.5298,1.6429,-2081.843,1.0,0.9939,0.0706,1.0,0.0,QUALIFIED
9720,28157.25109170306,9656.613537117904,0.143125,29.7674,8.243,3.9477,19.2514,6.9285,2.6026,-2107.041,1.0,1.0,0.0,1.0,0.0,QUALIFIED
9725,-8801.75292740047,9970.019906323185,1.334375,13.2986,10.0932,3.9438,28.3047,8.7152,2.9803,-1917.1477,1.0,0.041,0.1693,0.0,1.0,QUALIFIED
9736,32270.51018675721,9535.474533106955,0.368125,33.6502,18.8813,3.5553,29.5074,16.6966,3.0106,-1768.4881,1.0,0.0038,0.0353,1.0,0.0,QUALIFIED
9737,37711.24568965517,9401.46982758621,0.145,38.8658,7.5332,2.8251,15.5079,6.0609,1.8287,-1009.2157,1.0,0.0652,0.2159,1.0,0.0,QUALIFIED
9772,-2379.742424242424,9375.196969696968,0.103125,9.6719,19.7861,2.6318,27.9743,18.1494,1.2209,-1292.615,1.0,0.0,0.0,0.0,1.0,QUALIFIED
9782,-14999.590909090912,9152.659090909088,0.1375,17.5708,14.8352,3.6089,25.6102,12.9905,1.8181,-1738.166,1.0,0.0404,0.1771,0.0,1.0,QUALIFIED
9807,-33856.33067092652,9099.940894568696,0.195625,35.0573,11.6427,3.3633,21.6632,10.993,2.6374,785.1586,1.0,0.0,0.0,1.0,1.0,QUALIFIED
9809,-5014.43709327549,9378.26572668113,0.288125,10.634,8.3574,3.5259,18.3198,7.0092,2.0372,-1643.7509,1.0,0.0351,0.146,0.0,1.0,QUALIFIED
9837,27832.149513212804,9126.125869262862,0.449375,29.2905,8.0318,3.9116,18.6077,6.5223,3.0821,-2070.8391,1.0,0.9647,0.1569,1.0,0.0,QUALIFIED
9885,37418.98356807513,8985.476525821592,0.26625,38.4831,4.535,2.297,12.4882,4.0475,1.8606,-996.9766,1.0,0.0084,0.0668,1.0,0.0,QUALIFIED
9897,37928.6474654378,9092.66589861751,0.135625,39.0037,3.9301,2.16,11.2662,3.7347,1.5049,-999.9406,1.0,0.0,0.0,1.0,0.0,QUALIFIED
9920,23717.89005235601,8856.826352530537,0.71625,25.3179,7.6773,3.1955,27.461,6.7152,2.496,-1741.1597,1.0,0.1155,0.2919,1.0,0.0,QUALIFIED
9941,-10275.119565217392,9523.543478260872,1.15,14.0091,12.9761,4.5211,23.7779,11.5022,3.7058,-1812.0701,1.0,0.0232,0.1342,0.0,1.0,QUALIFIED
9992,-9029.236089030208,8662.701907790142,0.393125,12.5121,17.9053,4.5871,28.9875,15.7221,3.6868,-1930.0216,1.0,1.0,0.0,0.0,1.0,QUALIFIED
9997,18780.674089068823,9160.874493927127,0.6175,20.8961,8.4115,2.778,23.9615,7.0499,1.4894,-1789.9049,1.0,0.0054,0.0579,1.0,1.0,QUALIFIED
9999,20859.39077669903,8842.126213592237,0.2575,22.6563,6.9841,4.0222,19.8009,6.1601,3.1748,-1767.2698,1.0,0.0344,0.1488,1.0,0.143204,QUALIFIED
10003,39959.24304068522,8636.233404710918,0.58375,40.8822,7.3425,1.9642,15.2432,6.3586,1.1812,-1174.9786,1.0,0.9237,0.2461,1.0,0.0,QUALIFIED
10057,20396.88893219018,9184.13211223694,0.801875,22.3695,8.8717,3.9336,25.133,7.4265,2.6716,-1800.1649,1.0,0.0413,0.1664,1.0,0.82463,QUALIFIED
10065,-30593.18292682927,8671.719512195123,0.128125,31.7978,9.491,4.0569,19.9721,8.5363,2.8038,1843.2804,1.0,0.0991,0.2314,0.0,1.0,QUALIFIED
10074,-33661.13636363637,8562.409090909088,0.171875,34.7325,8.8649,4.26,24.1901,8.2258,3.521,747.6185,1.0,0.0342,0.1652,1.0,1.0,QUALIFIED
10090,26021.59595959596,8598.164141414141,0.2475,27.4056,6.1538,2.6827,21.4669,5.4151,1.7818,-1980.4052,1.0,0.0185,0.1105,1.0,0.0,QUALIFIED
10091,29325.1329113924,8625.0253164557,0.09875,30.5676,10.7046,2.6961,17.7289,9.8024,1.99,-1727.1468,1.0,0.0129,0.0741,1.0,0.0,QUALIFIED
10101,25132.9745762712,8587.505649717517,0.22125,26.5599,8.9451,2.5146,16.473,7.7295,1.432,-1919.5236,1.0,0.0047,0.0499,1.0,0.0,QUALIFIED
10103,-42445.51488095238,8701.020833333328,0.21,43.3276,16.6208,2.576,24.7789,14.7566,1.9301,-644.7669,1.0,0.0,0.0,1.0,1.0,QUALIFIED
10112,25559.41902834008,8478.435222672066,0.154375,26.9293,7.5016,3.5776,18.859,5.7735,1.9555,-1946.39,1.0,0.1291,0.3089,1.0,0.0,QUALIFIED
10151,4475.2843137254895,8333.539215686273,0.159375,9.459,19.3035,2.603,28.587,17.6795,1.3716,528.0595,1.0,0.0,0.0,0.0,1.0,QUALIFIED
10155,-41673.48206278027,8565.522421524664,0.139375,42.5441,11.6073,2.336,17.9865,10.3647,1.3866,-455.5406,1.0,0.0,0.0,1.0,1.0,QUALIFIED
10169,20442.83333333333,8407.166666666664,0.09375,22.1043,5.6973,2.3703,12.0974,4.5953,1.2765,-1729.0155,1.0,0.0064,0.0506,1.0,0.6,QUALIFIED
10189,-42081.07142857143,8386.5,0.109375,42.908,12.6852,2.2976,18.6954,11.6869,1.4087,-546.299,1.0,0.0,0.0,1.0,1.0,QUALIFIED
10234,-19072.003637833463,8546.8116410671,1.54625,20.8988,10.5115,3.916,27.9511,9.2587,3.0758,-1060.7242,1.0,0.0151,0.1038,0.0,1.0,QUALIFIED
10240,39850.310473815465,8054.053615960103,0.250625,40.6564,5.1521,3.1963,16.8558,4.1508,2.0628,-1220.25,1.0,0.945,0.2062,1.0,0.0,QUALIFIED
10250,-41363.95852895149,8397.526604068858,0.399375,42.2072,11.4072,4.1259,29.111,10.1064,2.5407,-430.458,1.0,0.0056,0.0606,1.0,1.0,QUALIFIED
10264,35762.0,8434.466244725743,0.29625,36.7435,9.5701,4.5857,29.4476,8.3696,3.4032,-1271.8029,1.0,0.0479,0.187,1.0,0.0,QUALIFIED
10385,31987.378787878784,7993.227272727272,0.103125,32.9713,6.8611,3.3259,16.5719,5.6396,2.0282,-1552.9879,1.0,0.0206,0.1012,1.0,0.0,QUALIFIED
10386,33464.09330143541,8012.342105263153,0.130625,34.4103,3.4006,1.9142,10.2021,3.1526,1.2927,-1570.1344,1.0,0.9231,0.2365,1.0,0.0,QUALIFIED
10387,39275.58695652174,7904.485507246376,0.08625,40.0635,3.3476,2.2245,12.8689,2.407,0.9527,-1228.8858,1.0,0.8603,0.2757,1.0,0.0,QUALIFIED
10415,-18362.984433374844,7827.352428393526,1.00375,19.961,10.8831,3.8935,23.9455,9.4276,2.6694,-1094.1399,1.0,0.0812,0.2454,0.0,1.0,QUALIFIED
10444,-19165.389196675897,7586.303324099717,0.225625,20.6116,8.3723,2.571,16.3916,7.1682,1.574,-971.2177,1.0,0.0811,0.234,0.0,1.0,QUALIFIED
10501,25280.478898007044,7412.106096131298,0.533125,26.345,11.8692,2.5341,20.2577,10.2136,1.6451,-1850.676,1.0,0.0,0.0,1.0,0.0,QUALIFIED
10503,32996.285225718195,7702.312585499319,0.456875,33.8837,9.6792,3.3307,23.5651,8.1373,2.2767,-1601.2923,1.0,0.9031,0.2711,1.0,0.0,QUALIFIED
10515,25629.89137380192,7814.397763578272,0.39125,26.795,8.4837,2.5074,16.1064,7.4538,1.5228,-1927.5536,1.0,0.0142,0.1028,1.0,0.0,QUALIFIED
10657,-7972.712065813524,6969.42138939671,0.341875,10.5888,8.2448,2.7895,17.1488,7.2703,2.1659,-2347.0094,1.0,1.0,0.0,0.0,1.0,QUALIFIED
10704,25286.654696132595,6904.919889502766,0.113125,26.2128,12.9275,2.2484,22.2692,11.1758,0.9941,-1808.0851,1.0,0.0,0.0,1.0,0.0,QUALIFIED
10718,-44315.69721577726,6758.098607888634,0.269375,44.8275,11.0331,3.4083,26.639,10.0366,2.2855,-1504.0226,1.0,0.8908,0.2913,1.0,1.0,QUALIFIED
10753,19242.900447427288,7314.314317673379,0.55875,20.5864,12.2825,3.5918,26.5102,10.5987,2.388,-1553.4951,1.0,0.0005,0.0147,0.0,1.0,QUALIFIED
10761,-34628.480769230766,6966.653846153844,0.1625,35.3217,9.2935,2.9846,20.0511,8.8438,2.8456,57.792,1.0,0.0,0.0,1.0,1.0,QUALIFIED
10771,43738.68439716313,7187.970449172579,0.264375,44.3258,9.4867,3.9952,26.9059,7.733,2.4849,-1191.5164,1.0,0.0485,0.1816,1.0,0.0,QUALIFIED
10790,43503.66666666666,6918.9895833333285,0.12,44.0509,6.1374,2.086,11.7554,5.0747,1.1375,-1196.6952,1.0,0.0571,0.188,1.0,0.0,QUALIFIED
10803,33238.61068281939,6418.313876651984,1.135,33.853,7.0063,3.0075,19.7093,5.9213,2.2938,-1752.7974,1.0,0.9992,0.0253,1.0,0.0,QUALIFIED
10806,-25301.01159618008,6690.745566166443,0.458125,26.1701,15.537,3.6352,25.4005,13.8518,2.7306,-192.821,1.0,0.9838,0.1149,0.0,0.963165,QUALIFIED
10854,36614.884615384624,6922.807692307695,0.08125,37.264,19.3886,3.166,26.0912,17.7068,1.4311,-1351.324,1.0,0.1868,0.2958,1.0,0.0,QUALIFIED
10934,32244.8213995118,6662.176159479255,0.768125,32.9263,6.8355,3.666,22.2944,5.9235,3.1116,-1725.9762,1.0,0.9978,0.0405,1.0,0.0,QUALIFIED
10986,26303.52298850575,6604.714559386972,0.163125,27.1204,3.4896,1.4157,7.7314,3.2192,0.967,-1921.021,1.0,0.0067,0.0534,1.0,0.0,QUALIFIED
10987,33684.57462686568,6379.604477611938,0.125625,34.2838,5.8636,2.4608,18.1396,4.6902,1.3026,-1771.1849,1.0,1.0,0.0,1.0,0.0,QUALIFIED
11002,-24040.59983361065,6500.832778702163,0.375625,24.9034,5.7827,3.4832,22.58,5.2891,2.597,-363.487,1.0,0.8918,0.2818,0.0,0.718802,QUALIFIED
11008,39604.75914634146,6295.850609756097,0.205,40.1025,4.4934,3.0297,19.4813,3.774,1.655,-1205.0802,1.0,0.2151,0.3247,1.0,0.0,QUALIFIED
11029,31091.330294530155,6217.154978962135,0.445625,31.7072,5.2064,2.1278,19.2421,4.3789,1.3067,-1748.7027,1.0,0.8455,0.3146,1.0,0.0,QUALIFIED
11054,37965.467741935485,6221.629032258061,0.096875,38.4723,4.4896,2.5268,11.8026,3.8707,2.096,-1185.4524,1.0,0.0108,0.0728,1.0,0.0,QUALIFIED
11060,33938.49613899614,6161.310810810814,0.32375,34.4936,6.942,4.6609,26.5196,5.5157,3.1352,-1761.7208,1.0,1.0,0.0,1.0,0.0,QUALIFIED
11074,28487.41913214989,6550.105522682447,0.63375,29.2311,8.0321,4.1977,21.7305,7.095,3.1834,-1825.0908,1.0,0.0462,0.1719,1.0,0.0,QUALIFIED
11084,40050.11728395062,6217.01234567901,0.10125,40.5302,3.899,2.0202,11.4205,3.8156,1.3653,-1194.4232,1.0,0.2654,0.3455,1.0,0.0,QUALIFIED
11101,31881.25,5940.0625,0.25,32.4303,5.5862,2.7614,15.566,4.7228,1.9338,-1754.7946,1.0,0.9645,0.1676,1.0,0.0,QUALIFIED
11110,26518.833816075305,5896.734612599568,0.863125,27.1669,5.5559,2.8697,24.5609,4.4709,1.8654,-1919.4093,1.0,0.1564,0.3262,0.233888,0.0,QUALIFIED
11112,41162.0,5896.956086286591,0.81125,41.5827,11.4595,3.4905,25.5563,9.9562,2.4365,-1082.4555,1.0,0.0642,0.226,1.0,0.0,QUALIFIED
11147,-30059.162790697672,6035.965116279069,0.26875,30.6586,12.8968,4.6273,28.2352,11.2514,3.3449,1608.0947,1.0,0.1371,0.2908,0.0,1.0,QUALIFIED
11159,39691.94186046512,6054.375968992244,0.080625,40.1515,6.343,1.8828,11.3385,4.7516,0.8514,-1191.7278,1.0,0.0772,0.2205,1.0,0.0,QUALIFIED
11257,30707.73970037453,5558.037453183526,0.33375,31.2071,5.7307,3.1658,15.2129,4.5441,2.0651,-1792.0422,1.0,0.8245,0.3467,1.0,0.0,QUALIFIED
11258,31365.28711985689,5869.730769230766,0.349375,31.9102,5.7146,2.6602,18.553,4.6367,1.7949,-1773.9498,1.0,0.9926,0.0721,1.0,0.0,QUALIFIED
11270,35671.5556745182,5899.108137044968,0.291875,36.1565,9.5961,4.9006,22.9437,8.193,3.9814,-1734.8774,1.0,1.0,0.0,1.0,0.0,QUALIFIED
11301,39176.81060606061,5778.265151515152,0.4125,39.6011,5.3969,3.0728,16.2816,4.4833,2.0696,-1172.6301,1.0,0.0393,0.1644,1.0,0.0,QUALIFIED
11306,-20468.23255813953,5453.625,0.215,21.1817,9.1797,4.6988,24.1711,8.1463,3.9881,-699.6463,1.0,0.0244,0.1448,0.0,1.0,QUALIFIED
11321,34030.67647058822,5594.691176470587,0.2125,34.4879,6.2408,2.5007,15.3465,5.4161,1.4257,-1759.0301,1.0,0.9569,0.1693,1.0,0.0,QUALIFIED
11333,42657.29569892473,5479.71146953405,0.174375,43.0082,6.5432,2.8746,13.239,5.502,1.9276,-1006.4725,1.0,0.0278,0.1436,1.0,0.0,QUALIFIED
11352,-20051.28125,5506.870192307688,0.26,20.7931,11.7485,3.8083,27.4785,10.9069,3.3868,-743.0334,1.0,0.0303,0.1343,0.0,1.0,QUALIFIED
11381,27713.3671875,5798.884232954544,0.88,28.3139,6.6691,3.4558,28.4051,5.4876,2.5322,-1889.7191,1.0,0.1611,0.329,0.489347,0.0,QUALIFIED
11438,28786.377123442813,5405.936013590035,1.10375,29.29,5.9356,3.0612,20.1075,4.7938,2.0575,-1817.9129,1.0,0.1207,0.2782,0.281427,0.0,QUALIFIED
11460,39078.14516129032,5288.080645161288,0.484375,39.4347,7.9402,3.1716,21.2113,6.1771,1.2695,-1139.236,1.0,0.0706,0.2375,1.0,0.0,QUALIFIED
11559,26077.959119496853,4220.363731656187,1.78875,26.4177,6.2162,3.3608,17.7723,5.2193,2.6371,-1836.5901,1.0,0.0304,0.144,0.0,0.20615,QUALIFIED
11634,-4378.313653136531,4484.771217712179,0.33875,6.2669,14.555,3.9723,28.5952,12.8744,2.3719,-693.1665,1.0,0.0582,0.2054,0.0,1.0,QUALIFIED
11661,39721.00383141762,4801.649425287353,0.32625,40.0106,5.8558,2.6636,14.272,4.9349,1.5622,-1160.2841,1.0,0.0536,0.1876,1.0,0.0,QUALIFIED
11778,-42807.27290836653,4248.408366533862,0.156875,43.017,13.5082,2.6209,20.895,12.1491,1.4551,-1842.1589,1.0,0.1066,0.2562,1.0,1.0,QUALIFIED
11833,41171.79381443298,4216.737113402065,0.12125,41.3876,6.483,2.5858,13.6382,5.9054,2.005,-1244.8534,1.0,1.0,0.0,1.0,0.0,QUALIFIED
11869,25596.03196622437,3917.538600723769,0.518125,25.8945,8.7002,4.0586,21.0359,7.574,3.2928,-1811.7391,1.0,0.02,0.1166,0.0,0.310012,QUALIFIED
11881,42394.35049833887,3761.131229235878,0.188125,42.5613,7.9066,3.7368,20.0113,7.4652,3.2351,-983.4847,1.0,0.0016,0.0277,1.0,0.066445,QUALIFIED
11898,31241.050925925927,4023.2430555555534,0.27,31.4995,5.8802,1.8121,10.9214,5.0811,1.0939,-1734.9904,1.0,0.0162,0.0963,1.0,0.0,QUALIFIED
11927,-43723.11513157895,3825.74671052632,0.19,43.8896,5.8519,2.7159,14.4665,4.9607,1.8786,-2014.8416,1.0,1.0,0.0,1.0,1.0,QUALIFIED
11939,36877.51078490114,3413.366986219291,1.043125,37.0356,15.0599,4.8893,29.2025,13.152,3.8448,-1254.6567,1.0,0.0622,0.1906,0.324745,0.0,QUALIFIED
11943,-30271.53658536585,3791.658536585368,0.1025,30.5075,11.4431,3.8348,19.9226,11.1336,3.3469,1888.4527,1.0,0.0844,0.237,0.0,1.0,QUALIFIED
11955,-4497.22330097088,3783.873786407763,0.12875,5.8766,9.2101,3.7117,23.5551,8.5943,2.7515,-579.067,1.0,0.121,0.295,0.0,1.0,QUALIFIED
11964,4871.0246636771335,3570.7354260089705,0.27875,6.0397,12.8691,4.8481,27.2753,11.516,3.5961,2848.0214,1.0,0.007,0.0695,0.0,1.0,QUALIFIED
11972,33993.08638743455,3720.198952879582,0.23875,34.1965,4.2692,2.4351,13.4184,3.5761,1.8641,-1735.4065,1.0,0.8897,0.2805,1.0,0.0,QUALIFIED
11994,26748.13309352517,3636.147482014392,0.434375,26.9946,7.1098,3.173,15.7939,5.7721,2.3376,-1825.7103,1.0,0.1016,0.2712,0.0,0.254676,QUALIFIED
11996,39113.5503875969,3702.5348837209312,0.16125,39.2889,3.8956,2.1114,10.3852,3.3005,1.393,-1171.8718,1.0,0.1926,0.3342,1.0,0.0,QUALIFIED
12006,-15128.036231884056,3199.347167325432,0.474375,15.462,17.8468,3.9399,29.4709,16.0604,3.1999,-2856.3181,1.0,1.0,0.0,0.0,1.0,QUALIFIED
12012,27830.9261555806,3249.372604284108,0.554375,28.0204,6.7076,3.9629,20.065,5.7001,3.0109,-1786.1453,1.0,0.061,0.1993,0.0,0.412627,QUALIFIED
12013,30818.04575163398,3586.6928104575127,0.19125,31.0265,8.6688,3.3562,15.5,7.3595,2.2213,-1715.6491,1.0,0.0742,0.2469,1.0,0.0,QUALIFIED
12056,-41590.39726027397,3518.993150684932,0.1825,41.7385,6.6084,2.0579,11.8738,6.0807,1.4785,-1798.5108,1.0,0.853,0.3115,1.0,1.0,QUALIFIED
12057,-40929.44736842105,3547.3045112781983,0.083125,41.0823,5.8323,2.9965,15.0461,4.2315,0.7157,-1810.911,1.0,0.9483,0.1956,1.0,1.0,QUALIFIED
12091,38845.71875,3213.5625,0.5,38.9789,12.4153,2.3207,20.9645,10.6812,1.4623,-1109.7061,1.0,0.0001,0.0028,1.0,0.0,QUALIFIED
12094,11763.007109004742,3261.4004739336524,0.131875,12.2071,6.386,3.2797,19.5225,6.0976,2.5002,1816.9299,1.0,0.1598,0.307,0.0,1.0,QUALIFIED
12130,28221.59158415842,3025.561881188114,0.2525,28.3838,6.544,3.4715,19.1728,5.3699,2.4433,-1760.2858,1.0,0.1015,0.271,0.0,0.460396,QUALIFIED
12139,39969.04106280193,2620.016908212565,1.29375,40.0553,10.122,4.7658,23.536,8.9401,3.9739,-1088.8347,1.0,0.0312,0.1455,1.0,0.0,QUALIFIED
12157,28703.9921875,3029.867897727272,0.88,28.8639,8.4141,3.9573,26.5389,7.0358,3.2127,-1746.654,1.0,0.0102,0.0722,0.0,0.409091,QUALIFIED
12164,39396.36311787073,3265.5190114068464,0.164375,39.5319,5.7543,2.0469,11.334,4.8088,1.3476,-1170.593,1.0,0.1696,0.3418,1.0,0.0,QUALIFIED
12167,-15848.44661190965,3047.625256673513,0.304375,16.1382,5.8538,3.4173,20.5165,5.8187,3.204,-2953.7718,1.0,1.0,0.0,0.0,1.0,QUALIFIED
12191,40415.62903225806,3281.951612903227,0.155,40.5491,4.4052,2.1675,14.0346,4.1658,1.7481,-1081.5318,1.0,0.0102,0.0741,1.0,0.0,QUALIFIED
12252,-4504.440568475453,2982.347545219636,0.241875,5.4016,4.0686,2.5121,15.2865,3.75,2.1217,-609.6948,1.0,0.1841,0.3364,0.0,1.0,QUALIFIED
12264,30051.316443594653,2687.8190385140697,2.288125,30.1717,10.7662,3.8305,27.3346,9.2488,2.9211,-1683.9,1.0,0.0171,0.1105,0.370117,0.448784,QUALIFIED
12265,38664.611940298506,2732.340796019904,0.25125,38.7615,5.2147,2.8608,13.0721,4.8107,2.3123,-1034.3977,1.0,0.0665,0.2189,1.0,0.0,QUALIFIED
12269,-4254.785714285717,2821.2142857142826,0.109375,5.1044,8.0304,3.7084,19.6118,7.0076,2.5319,-626.9291,1.0,0.152,0.3236,0.0,1.0,QUALIFIED
12271,24035.46330275229,3364.490825688073,1.703125,24.2702,16.6068,3.4154,29.7526,14.8948,2.7396,-1546.1783,1.0,0.0,0.0,0.0,1.0,QUALIFIED
12317,11622.025597269623,2911.2081911262794,0.36625,11.9815,9.0,4.6287,27.4318,8.2481,4.4475,1846.8916,1.0,0.0824,0.2271,0.0,1.0,QUALIFIED
12321,25764.823691460057,2655.871900826445,0.45375,25.9018,16.5521,2.6575,25.9196,14.8012,1.3878,-1619.8696,1.0,0.0,0.0,0.0,1.0,QUALIFIED
12422,32740.61328125,2300.59765625,0.16,32.8218,6.1549,2.3691,13.4461,5.4898,1.6721,-1591.5623,1.0,0.0694,0.2287,1.0,0.0,QUALIFIED
12423,33148.80830039526,2305.5395256916963,0.158125,33.2294,9.364,2.3393,15.86,8.4887,1.7305,-1579.836,1.0,0.0112,0.0855,1.0,0.0,QUALIFIED
12448,-42119.13711001642,1915.319376026273,0.380625,42.1621,11.1904,3.7392,25.8013,9.3876,2.2815,-2133.4487,1.0,1.0,0.0,1.0,1.0,QUALIFIED
12480,-15428.988372093025,1988.2076411960152,0.188125,15.556,5.7757,2.9702,15.2984,5.0258,1.863,-2746.392,1.0,1.0,0.0,0.0,1.0,QUALIFIED
12488,-12586.267790262173,2268.38389513109,0.166875,12.7885,16.036,3.7174,28.4577,14.2589,2.731,-2687.9076,1.0,1.0,0.0,0.0,1.0,QUALIFIED
12499,-33420.38636363637,2194.439393939392,0.0825,33.4918,12.0667,2.8941,19.754,11.5797,2.2055,224.0385,1.0,0.0,0.0,1.0,1.0,QUALIFIED
12520,-29888.89285714286,1999.0714285714275,0.0875,29.9551,7.413,3.2058,16.1678,7.4759,2.0843,2340.9151,1.0,0.1334,0.2773,0.0,1.0,QUALIFIED
12537,13362.543478260872,2023.4619565217365,0.115,13.5153,7.8465,4.5887,25.3474,7.4766,4.6669,1995.4524,1.0,0.1385,0.2801,0.0,1.0,QUALIFIED
12550,31378.26569037656,1835.12343096234,0.149375,31.4324,5.6362,3.1475,15.206,4.9504,2.5274,-1471.353,1.0,0.0562,0.1913,1.0,1.0,QUALIFIED
12553,-43978.667115902965,1999.4218328841016,0.231875,44.0236,4.222,2.3534,13.4116,3.8971,1.4529,-2082.8545,1.0,1.0,0.0,1.0,1.0,QUALIFIED
12612,22858.41393442624,1692.9180327868817,0.1525,22.9215,9.3118,4.5367,21.1906,9.0901,3.8946,-1132.2302,1.0,0.1557,0.3335,0.0,1.0,QUALIFIED
12620,43511.86363636363,1659.045454545456,0.171875,43.544,6.3209,2.7965,14.3495,5.842,2.2062,-1309.8835,1.0,0.1212,0.2722,1.0,1.0,QUALIFIED
12643,-14133.12987012987,1697.0909090909045,0.09625,14.2341,5.3947,2.5792,11.3982,4.9184,1.4034,-2736.8579,1.0,1.0,0.0,0.0,1.0,QUALIFIED
12669,31917.08555133079,1697.363117870722,0.6575,31.9627,7.5143,3.2344,22.7703,6.6206,2.4351,-1445.0544,1.0,0.0185,0.1116,1.0,0.958175,QUALIFIED
12671,-42793.07679180888,1295.3805460750882,0.183125,42.8122,8.7725,4.775,20.5512,7.6069,3.0427,-2139.5338,1.0,1.0,0.0,1.0,1.0,QUALIFIED
12681,24398.33928571429,1647.732142857145,0.525,24.4544,11.5363,4.7066,25.609,10.0318,3.7051,-1240.7575,1.0,0.0078,0.0696,0.0,1.0,QUALIFIED
12711,-14973.316593886462,1342.3221516474805,1.574375,15.0328,10.7959,4.2165,27.7002,9.3859,3.5608,-2730.407,1.0,1.0,0.0,0.0,1.0,QUALIFIED
12713,-44428.743512974055,1173.454091816362,0.313125,44.4437,6.4101,3.3221,24.4736,5.2846,2.0374,-2006.7357,1.0,1.0,0.0,1.0,1.0,QUALIFIED
12727,-38060.23926380368,1024.503067484664,0.20375,38.0735,14.7154,2.3422,21.9049,13.2256,0.9767,-1826.5223,1.0,0.0221,0.1193,1.0,1.0,QUALIFIED
12757,-43809.251393534,936.508918617612,0.560625,43.8187,9.1633,3.4791,20.9811,7.7031,2.3172,-2060.1027,1.0,1.0,0.0,1.0,1.0,QUALIFIED
12758,-40467.0371809101,1688.6243063263028,1.12625,40.5017,11.3163,2.7018,25.6638,9.8169,1.7661,-2144.1768,1.0,1.0,0.0,1.0,1.0,QUALIFIED
12790,42636.75490196078,1120.23039215686,0.1275,42.652,5.8011,2.4975,13.2336,5.5485,2.2941,-1105.4363,1.0,0.1063,0.2555,1.0,1.0,QUALIFIED
12802,-41755.875966268446,1277.7663387210123,0.889375,41.7749,7.4186,3.3815,22.5918,6.2794,2.2021,-2225.0273,1.0,1.0,0.0,1.0,1.0,QUALIFIED
12835,-41701.10109289618,470.6775956284182,1.14375,41.7033,6.0046,2.9691,23.8074,5.1868,2.1782,-2288.1048,1.0,1.0,0.0,1.0,1.0,QUALIFIED
12843,29015.79052765417,983.6055308327996,0.983125,29.0329,13.6835,3.1575,27.1295,11.8476,1.8843,-1442.9829,1.0,0.0054,0.0613,1.0,1.0,QUALIFIED
12900,40981.35483870968,660.7419354838712,0.3875,40.9872,13.5346,3.682,25.7437,11.6427,2.6054,-880.4535,1.0,0.0001,0.0016,1.0,1.0,QUALIFIED
12924,30780.5546875,645.421875,0.08,30.7878,5.1659,2.8532,15.6345,4.9148,2.374,-1313.6253,1.0,0.1219,0.2917,1.0,1.0,QUALIFIED
12925,32466.05290102388,363.8959044368603,0.183125,32.4686,11.9419,3.4372,23.7343,10.1637,1.9196,-1159.8542,1.0,0.0037,0.0395,1.0,1.0,QUALIFIED
12935,24879.887931034493,443.7112068965507,0.145,24.8843,10.8625,4.3102,21.0868,8.8917,2.937,-1147.5016,1.0,0.1022,0.2748,0.0,1.0,QUALIFIED
12942,27548.82432432432,481.113305613304,0.300625,27.5535,6.6354,3.0611,15.9681,5.9009,2.4922,-1353.6493,1.0,0.023,0.13,1.0,1.0,QUALIFIED
12947,43934.77885862517,891.6802853437111,0.481875,43.9443,6.3042,2.8212,18.4011,5.7182,2.2715,-1287.7354,1.0,0.0601,0.2202,1.0,1.0,QUALIFIED
12985,26120.40443686006,595.4374288964755,0.549375,26.1277,8.647,3.8862,22.2757,7.3231,2.649,-1218.1056,1.0,0.0146,0.0906,0.60182,1.0,QUALIFIED
13008,28250.295297372068,490.1957123098255,0.451875,28.255,11.1047,3.2275,20.8244,9.5409,2.5144,-1343.1374,1.0,0.0044,0.054,1.0,1.0,QUALIFIED
13024,-42467.42518248176,204.468978102188,0.3425,42.4674,5.1616,3.0408,18.5756,4.6018,1.9301,-2259.654,1.0,1.0,0.0,1.0,1.0,QUALIFIED
13043,32968.059718969555,134.1316493810591,1.868125,32.9688,10.7993,3.4586,27.4602,9.4097,2.6813,-1103.2738,1.0,0.0053,0.0599,1.0,1.0,QUALIFIED
13055,-39553.0307002987,156.74792565549433,1.883125,39.5528,9.9513,4.1378,21.6436,8.714,3.5066,-2234.3693,1.0,1.0,0.0,1.0,1.0,QUALIFIED
13098,29779.46453900709,68.76241134751763,0.088125,29.78,8.4229,4.1614,18.6066,7.4262,2.5742,-1261.4911,1.0,0.0045,0.0338,1.0,1.0,QUALIFIED
13099,40893.61673872761,-92.72112415071024,1.011875,40.8942,8.8522,3.256,22.7982,7.7413,2.4519,-849.8143,1.0,0.0022,0.0354,1.0,1.0,QUALIFIED
13115,-40852.84113712375,-104.93478260869595,0.186875,40.8525,5.3971,2.2268,11.5732,4.3346,1.3715,-2359.3522,1.0,1.0,0.0,1.0,1.0,QUALIFIED
13141,-43002.38723205964,80.95200372787076,0.670625,43.002,12.2051,2.8438,21.8806,10.5223,1.5531,-2184.5878,1.0,1.0,0.0,1.0,1.0,QUALIFIED
13146,41350.905622489954,-356.07630522087857,0.31125,41.3529,7.1031,3.0253,16.5149,5.937,2.0519,-895.4576,1.0,0.0801,0.2479,1.0,1.0,QUALIFIED
13159,27131.941298342543,-86.896408839777,0.905,27.1326,13.7984,3.7081,27.998,12.044,2.8711,-1212.0497,1.0,0.0652,0.2398,1.0,1.0,QUALIFIED
13163,-22329.798642533937,-394.6357466063346,0.138125,22.3328,14.8563,3.9182,29.8081,13.5117,2.6336,561.941,1.0,0.0145,0.0966,0.0,1.0,QUALIFIED
13174,34153.73402138772,-292.5925142999258,2.513125,34.1555,10.1243,3.4232,25.5659,8.7533,2.5228,-1054.2533,1.0,0.008,0.0829,0.924148,1.0,QUALIFIED
13179,15717.931372549014,-222.73529411765048,0.159375,15.72,10.2657,4.6801,26.79,9.5976,4.5507,1770.9076,1.0,0.1496,0.2951,0.0,1.0,QUALIFIED
13180,34930.05555555555,-319.277777777781,0.140625,34.932,3.5045,1.6003,9.5372,3.193,1.239,-1100.6263,1.0,0.0377,0.1599,1.0,1.0,QUALIFIED
13201,-42341.84615384616,-327.3846153846098,0.0975,42.3426,5.9284,2.5422,15.8201,5.3514,1.5811,-2271.8805,1.0,1.0,0.0,1.0,1.0,QUALIFIED
13202,-40657.562146892655,-593.4265536723178,0.331875,40.6614,2.5736,1.4254,7.907,2.0908,1.0524,-2371.9957,1.0,1.0,0.0,1.0,1.0,QUALIFIED
13214,-41081.865313653136,-479.942804428043,0.169375,41.0842,4.6975,1.6164,9.7977,3.8083,1.0609,-2358.2325,1.0,1.0,0.0,1.0,1.0,QUALIFIED
13245,-41785.59316770187,-612.2329192546604,0.100625,41.7896,5.3792,3.5517,20.4152,4.9186,3.235,-2306.3381,1.0,1.0,0.0,1.0,1.0,QUALIFIED
13273,40074.5,-763.6385767790271,0.166875,40.0823,8.8695,4.3867,22.9324,7.3767,2.9251,-755.8463,1.0,0.08,0.2312,1.0,1.0,QUALIFIED
13290,29399.405303030304,-927.625,0.165,29.4146,11.0748,3.3651,21.0763,9.955,2.5426,-1139.9692,1.0,0.0018,0.0193,1.0,1.0,QUALIFIED
13332,41344.34011627907,-992.450581395351,0.215,41.3568,7.118,4.2768,18.8124,5.8625,3.1127,-893.5964,1.0,0.0843,0.2486,1.0,1.0,QUALIFIED
13341,45016.154829545456,-994.741477272728,0.44,45.0277,11.5205,3.6312,23.3231,10.1785,3.0075,-1478.5228,1.0,0.0202,0.1262,1.0,1.0,QUALIFIED
13358,40533.53361344538,-987.105042016803,0.14875,40.5461,9.0611,3.2311,22.4418,7.8863,1.496,-796.9067,1.0,0.0072,0.0677,1.0,1.0,QUALIFIED
13361,-41104.69630156472,-1150.8513513513462,0.439375,41.1203,6.5205,3.4808,19.5985,5.5382,2.6398,-2372.1543,1.0,1.0,0.0,1.0,1.0,QUALIFIED
13365,40891.11237785016,-1207.48045602606,0.191875,40.9095,12.572,3.0435,19.0515,11.0246,1.9996,-826.9342,1.0,0.0,0.0,1.0,1.0,QUALIFIED
13462,-41238.17605633803,-1642.8098591549278,0.133125,41.2704,9.5404,4.5771,22.3734,7.398,3.4961,-2381.4935,1.0,1.0,0.0,1.0,1.0,QUALIFIED
13470,33275.80874479476,-1606.579119571681,1.050625,33.3151,7.1077,3.4173,20.6961,6.0357,2.4526,-910.7107,1.0,0.1196,0.2918,1.0,1.0,QUALIFIED
13500,32379.5,-1632.7312925170045,0.459375,32.4212,11.8785,3.6372,21.2015,10.4228,2.6915,-855.6895,1.0,0.0017,0.0284,1.0,1.0,QUALIFIED
13517,-29885.983870967742,-1773.7607526881693,0.2325,29.9381,7.1528,3.4075,19.4868,6.5134,2.8292,3051.8301,1.0,0.0572,0.1888,0.0,1.0,QUALIFIED
13583,-40451.12022900763,-2251.2175572519045,0.3275,40.5132,5.6692,3.2555,20.8731,4.2062,1.8407,-2408.8869,1.0,1.0,0.0,1.0,1.0,QUALIFIED
13593,-38250.93581616482,-2129.492076069735,0.394375,38.3097,19.3087,2.6663,27.4637,17.491,1.9164,-2097.2714,1.0,1.0,0.0,1.0,1.0,QUALIFIED
13602,30550.43167701864,-2045.462732919252,0.100625,30.6194,8.5137,2.1844,13.4093,7.6888,1.6012,-678.6042,1.0,0.0224,0.128,1.0,1.0,QUALIFIED
13603,31402.83969465649,-1786.2366412213742,0.16375,31.4541,9.6839,3.9219,20.07,8.9841,3.134,-764.2212,1.0,0.0,0.0,1.0,1.0,QUALIFIED
13608,31924.0625,-1900.1875,0.25,31.9811,8.0402,3.2165,17.5201,7.4413,2.9259,-776.2595,1.0,0.0471,0.1986,1.0,1.0,QUALIFIED
13631,40093.62280701754,-1727.5701754385957,0.178125,40.1313,10.1576,2.506,18.0792,8.8875,1.3118,-743.0592,1.0,0.0166,0.0794,1.0,1.0,QUALIFIED
13632,40723.27819548872,-1946.8684210526333,0.16625,40.7703,5.4953,2.3386,11.882,4.9753,1.9196,-669.349,1.0,0.008,0.0628,1.0,1.0,QUALIFIED
13637,-39649.43018018018,-2029.454954954956,0.2775,39.7009,6.2045,2.9639,14.8516,5.2633,2.4014,-2410.1738,1.0,1.0,0.0,1.0,1.0,QUALIFIED
13683,-23941.894864677302,-1776.8074253990271,0.900625,24.0073,13.3935,3.9448,25.2495,11.8839,2.9916,907.2988,1.0,0.0924,0.2692,0.0,1.0,QUALIFIED
13699,-43397.509202453984,-2303.0276073619607,0.20375,43.4581,9.649,4.8482,22.4739,8.6579,4.208,-2479.1256,1.0,1.0,0.0,1.0,0.033742,QUALIFIED
13707,-40127.09873506676,-2678.066408995081,0.889375,40.2159,5.0477,2.4845,24.8019,4.0051,1.556,-2410.6748,1.0,1.0,0.0,1.0,0.709065,QUALIFIED
13732,41699.93668122271,-2503.866812227076,0.143125,41.7756,7.8114,2.446,14.0731,6.3531,1.4464,-720.6161,1.0,0.0225,0.1115,1.0,1.0,QUALIFIED
13798,40425.72807017545,-2846.0350877192977,0.35625,40.5263,6.6472,3.3259,18.1158,5.9295,2.3894,-750.9063,1.0,0.0493,0.1865,1.0,1.0,QUALIFIED
13807,24742.72289156627,-2869.9355885078767,1.34875,24.9092,15.8897,3.5113,28.4964,14.2822,2.5012,-108.3216,1.0,0.0027,0.041,1.0,1.0,QUALIFIED
13833,24332.70895522388,-2773.567164179105,0.08375,24.4908,13.9016,3.1459,22.9264,12.8774,1.3148,-52.1546,1.0,0.0072,0.0645,1.0,1.0,QUALIFIED
13866,-39570.78795811519,-2923.1910994764403,0.119375,39.6782,4.8829,2.7356,17.7905,3.3398,1.6175,-2404.756,1.0,1.0,0.0,1.0,0.958115,QUALIFIED
13883,-29453.988372093023,-3219.5,0.134375,29.629,10.6435,3.5313,22.3403,9.9536,2.2182,2998.0813,1.0,0.048,0.1662,0.0,1.0,QUALIFIED
13898,26147.270825185755,-3422.25127102073,1.598125,26.3708,17.3161,2.988,26.8822,15.4468,1.9469,-346.9237,1.0,0.0,0.0,1.0,1.0,QUALIFIED
13918,-39941.5447761194,-3258.662520729682,0.376875,40.0738,4.68,2.7274,15.7491,3.8887,2.1027,-2411.4232,1.0,1.0,0.0,1.0,0.082919,QUALIFIED
13950,-40839.3698630137,-3348.3013698630166,0.09125,40.9759,3.264,1.6246,9.5923,2.8079,1.1544,-2399.2419,1.0,1.0,0.0,1.0,0.0,QUALIFIED
13963,17704.1875,-3494.03125,0.08,18.0463,11.2999,3.7965,23.8574,12.0934,2.9816,2165.5734,1.0,0.0,0.0,0.0,1.0,QUALIFIED
13973,-42558.875,-3310.0,0.125,42.6869,8.2718,4.724,20.5226,7.9462,3.4556,-2327.8006,1.0,1.0,0.0,1.0,0.0,QUALIFIED
14030,-41151.970588235294,-3557.5316742081413,0.138125,41.305,3.9887,2.3371,12.5454,2.9605,1.2814,-2392.8532,1.0,1.0,0.0,1.0,0.0,QUALIFIED
14034,27346.66242661448,-3380.4197651663417,0.319375,27.5554,8.5208,2.685,18.8163,7.5912,2.2045,-615.6538,1.0,0.0034,0.0403,1.0,1.0,QUALIFIED
14046,-43268.0719895288,-3591.7447643979103,0.4775,43.4164,7.8689,3.6751,21.3984,6.6842,2.9851,-2369.1703,1.0,1.0,0.0,1.0,0.0,QUALIFIED
14052,40639.08333333334,-3629.948717948719,0.0975,40.8014,5.7572,3.2664,19.4247,5.2386,1.9874,-730.5305,1.0,0.0464,0.1764,1.0,1.0,QUALIFIED
14119,-40428.66395014382,-3806.043624161073,0.651875,40.607,14.3838,4.0803,26.8505,12.3168,3.2286,-2452.8624,1.0,1.0,0.0,1.0,0.0,QUALIFIED
14135,7247.049019607846,-4093.004901960783,0.1275,8.3237,6.3816,4.8216,22.9474,6.0285,4.5889,-5603.54,1.0,1.0,0.0,0.0,1.0,QUALIFIED
14136,22345.63970588235,-3969.9044117647054,0.085,22.6961,6.0978,2.9116,13.1519,6.2361,2.2349,573.2897,1.0,0.0829,0.2193,1.0,1.0,QUALIFIED
14140,-39571.91879562044,-3782.255474452555,0.685,39.7518,6.7096,3.6476,21.8714,5.7052,3.0586,-2397.8166,1.0,1.0,0.0,1.0,0.042883,QUALIFIED
14155,9855.10556464811,-3956.251227495908,0.381875,10.6202,18.4167,3.5259,28.4406,16.7333,3.6436,-5477.8132,1.0,1.0,0.0,0.0,1.0,QUALIFIED
14169,-41765.79632721202,-3751.6285475792974,0.74875,41.9335,7.0116,4.0613,27.5435,6.0103,3.627,-2396.8074,1.0,1.0,0.0,1.0,0.0,QUALIFIED
14234,-29816.108740894902,-3938.417793964618,0.600625,30.0747,10.3888,4.3876,26.8636,8.8334,2.8039,3024.3521,1.0,0.0389,0.1599,0.0,1.0,QUALIFIED
14243,7248.858974358969,-4484.756410256407,0.14625,8.5247,7.0398,3.0836,15.6291,6.6752,2.4716,-5614.4537,1.0,1.0,0.0,0.0,1.0,QUALIFIED
14249,9838.172922252008,-4620.009383378012,0.233125,10.8696,8.2935,4.2554,26.0823,7.3337,3.18,-5577.9084,1.0,1.0,0.0,0.0,1.0,QUALIFIED
14289,9562.88526912182,-4370.179886685553,0.220625,10.5148,11.5352,3.6479,27.2213,10.4859,2.404,-5539.726,1.0,1.0,0.0,0.0,1.0,QUALIFIED
14298,-41609.08490566038,-4422.8962264150905,0.165625,41.843,6.1113,3.4163,20.9782,5.5605,2.7077,-2456.4563,1.0,1.0,0.0,1.0,0.0,QUALIFIED
14329,-41264.44849785408,-4634.5321888412,0.29125,41.5235,8.8461,4.5767,18.0463,7.2711,3.4649,-2425.7087,1.0,1.0,0.0,1.0,0.0,QUALIFIED
14364,-9305.192307692305,-4638.653846153844,0.203125,10.3971,12.5189,4.633,22.7584,10.9236,3.3859,1391.4087,1.0,0.0905,0.2533,0.0,1.0,QUALIFIED
14368,35938.92687747035,-4676.27865612648,0.158125,36.2424,8.6065,3.5796,18.4887,7.553,2.5861,-913.0427,1.0,0.1148,0.3039,1.0,1.0,QUALIFIED
14387,24402.49369747899,-4906.537815126052,0.595,24.8915,9.9378,2.8241,25.3062,8.3775,1.7669,149.3744,1.0,0.0186,0.1056,1.0,1.0,QUALIFIED
14396,5712.648148148153,-5221.444444444445,0.16875,7.7401,14.4566,2.8385,23.669,12.8443,1.7377,-5412.4938,1.0,1.0,0.0,0.0,1.0,QUALIFIED
14404,-39260.43975903615,-4993.777108433729,0.10375,39.5763,5.5118,2.662,16.1947,4.7655,1.6928,-2383.1776,1.0,1.0,0.0,1.0,0.0,QUALIFIED
14425,7409.541841004182,-4863.307531380749,0.149375,8.8637,5.9848,3.815,19.5017,4.7334,2.0772,-5624.2564,1.0,1.0,0.0,0.0,1.0,QUALIFIED
14436,-41494.84661723818,-5363.633456904543,0.674375,41.8396,7.7626,3.9376,23.361,6.4033,2.741,-2414.5572,1.0,1.0,0.0,1.0,0.0,QUALIFIED
14454,34804.73255813954,-4821.811046511626,0.215,35.1377,7.4625,3.1991,20.069,6.744,2.4309,-734.8964,1.0,0.0442,0.1679,0.229651,1.0,QUALIFIED
14485,-40872.471252566735,-4998.832648870637,0.304375,41.1766,4.0232,2.7009,25.1536,3.3421,1.3525,-2410.8846,1.0,1.0,0.0,1.0,0.0,QUALIFIED
14498,-43872.08753709199,-5054.767062314539,0.210625,44.1619,10.4022,4.1143,25.8484,8.9036,3.1987,-2454.4656,1.0,1.0,0.0,1.0,1.0,QUALIFIED
14524,39803.26106194689,-5235.451327433628,0.14125,40.1467,5.2553,2.0361,12.302,5.0123,1.8191,-865.3428,1.0,0.0736,0.2059,1.0,1.0,QUALIFIED
14533,-41875.29674796748,-5291.674796747968,0.15375,42.2079,7.6104,3.7167,20.6313,6.4748,2.4857,-2424.987,1.0,1.0,0.0,1.0,0.0,QUALIFIED
14553,7084.675879396978,-5211.057788944723,0.24875,8.7955,9.0073,2.7557,20.458,7.7814,1.7483,-5599.9722,1.0,1.0,0.0,0.0,1.0,QUALIFIED
14567,43229.65625,-5339.8125,0.1,43.5588,8.0834,2.9792,17.8495,7.255,2.2883,-754.739,1.0,0.1508,0.3321,1.0,1.0,QUALIFIED
14628,-40307.7899505766,-5392.292421746293,0.379375,40.6664,7.4311,3.8681,21.6709,5.9999,2.7071,-2371.1692,1.0,1.0,0.0,1.0,0.0,QUALIFIED
14665,-26826.74223602485,-5876.208074534159,0.100625,27.4624,11.2855,4.0707,20.2465,8.813,2.5353,2073.9766,1.0,0.1635,0.3252,0.0,1.0,QUALIFIED
14668,25614.989566613163,-5925.503210272873,0.389375,26.292,6.9497,3.891,23.5287,5.8886,2.5198,116.0543,1.0,0.0722,0.2244,1.0,1.0,QUALIFIED
14679,7113.039042821161,-5868.3287153652345,0.248125,9.222,9.194,4.6717,25.6162,7.3507,2.9856,-5572.8607,1.0,1.0,0.0,0.0,1.0,QUALIFIED
14692,39241.6974522293,-5685.168789808915,0.098125,39.6519,6.4673,3.4527,16.5677,6.6749,2.9329,-801.6545,1.0,0.0,0.0,1.0,1.0,QUALIFIED
14707,7892.808080808085,-6084.8535353535335,0.2475,9.9667,8.4601,4.0826,27.5612,6.4473,2.1726,-5567.5261,1.0,1.0,0.0,0.0,1.0,QUALIFIED
14711,-40667.44078947369,-5683.54605263158,0.285,41.0623,6.7636,3.243,22.0803,5.8547,2.3543,-2373.144,1.0,1.0,0.0,1.0,0.0,QUALIFIED
14720,26213.329787234048,-5796.973404255325,0.1175,26.8473,7.3329,2.3577,14.1654,6.7171,1.1733,73.6249,1.0,0.0317,0.1352,1.0,1.0,QUALIFIED
14732,-41802.89463601533,-5915.879310344826,0.163125,42.219,4.4514,2.6342,12.9004,3.6333,1.63,-2378.292,1.0,1.0,0.0,1.0,0.0,QUALIFIED
14734,-26203.432960893857,-6021.194599627561,0.335625,26.886,5.1118,3.4125,20.8926,4.1381,1.9383,2053.2427,1.0,0.1206,0.2692,0.0,1.0,QUALIFIED
14742,-43027.06555772994,-5786.82876712329,0.319375,43.414,6.2743,4.0269,21.8717,5.0296,2.6355,-2395.3785,1.0,1.0,0.0,1.0,0.0,QUALIFIED
14750,-41129.47923875433,-5889.119377162628,0.180625,41.5485,7.0378,3.1665,19.9775,6.3663,2.181,-2355.2502,1.0,1.0,0.0,1.0,0.0,QUALIFIED
14756,-25222.429824561405,-6040.508771929817,0.21375,25.9353,8.6884,4.1453,19.9993,8.0411,3.0456,2159.188,1.0,0.0575,0.1967,0.0,1.0,QUALIFIED
14769,-26596.79981024668,-6299.025616698295,0.329375,27.3322,6.8775,3.1925,20.2023,5.7624,2.1696,2037.1832,1.0,0.106,0.2493,0.0,1.0,QUALIFIED
14783,35449.06896551725,-6095.728448275862,0.29,35.9699,10.6881,3.3001,19.8964,9.049,1.8233,-642.3994,1.0,0.0228,0.1314,1.0,1.0,QUALIFIED
14803,-42512.22566371682,-6140.982300884956,0.14125,42.9531,5.9007,4.1104,25.5458,4.3325,1.4963,-2401.7,1.0,1.0,0.0,1.0,0.0,QUALIFIED
14805,7442.8441558441555,-6196.058441558445,0.48125,9.6851,6.2175,2.6801,15.0921,4.9682,1.5731,-5562.8583,1.0,1.0,0.0,0.0,1.0,QUALIFIED
14810,36345.29831932773,-6083.113445378149,0.14875,36.8514,9.337,3.4478,21.4168,8.0223,1.6884,-752.5034,1.0,0.0062,0.0467,1.0,1.0,QUALIFIED
14820,23467.4469273743,-5883.159217877095,0.67125,24.1943,8.5736,4.485,28.118,7.6599,3.8746,182.3111,1.0,0.1417,0.3139,1.0,1.0,QUALIFIED
14829,27956.203910614524,-6173.848230912474,0.335625,28.6304,4.7863,3.1829,17.1363,4.0871,2.2436,126.7105,1.0,0.117,0.2676,1.0,1.0,QUALIFIED
14837,8236.764150943396,-6357.518867924533,0.1325,10.4056,5.3149,3.0316,15.8532,4.9103,1.7659,-5551.9272,1.0,1.0,0.0,0.0,1.0,QUALIFIED
14846,-2751.0395683453244,-6217.485611510791,0.086875,6.7992,6.7272,4.6491,22.5579,8.7656,4.8497,3466.6006,1.0,0.0181,0.0792,0.0,1.0,QUALIFIED
14848,40670.60481586402,-6271.950424929186,0.220625,41.1519,6.5007,4.007,19.2677,5.6875,3.2281,-816.3207,1.0,0.0124,0.0865,1.0,1.0,QUALIFIED
14873,35013.25,-6734.321428571435,0.2625,35.6556,7.8857,3.68,17.984,6.8688,2.6977,-557.5985,1.0,0.0551,0.203,1.0,1.0,QUALIFIED
14886,-41267.04761904762,-6342.53571428571,0.2625,41.7512,5.9161,3.5824,20.4278,4.6514,2.5812,-2358.0822,1.0,1.0,0.0,1.0,0.0,QUALIFIED
14891,26645.506224066383,-6140.699861687412,0.90375,27.3445,9.6401,4.0332,24.4277,8.0692,2.965,112.3412,1.0,0.045,0.1793,1.0,1.0,QUALIFIED
14895,-25089.5120967742,-6473.189516129038,0.31,25.9108,8.2545,3.2952,26.6459,7.2943,1.8715,2202.676,1.0,0.0443,0.1631,0.0,1.0,QUALIFIED
14906,10147.267857142857,-6792.915178571435,0.28,12.2118,11.417,4.2321,22.6487,10.1268,3.1864,-5583.6955,1.0,1.0,0.0,0.0,1.0,QUALIFIED
14910,-42661.57382550336,-6392.117449664431,0.093125,43.1374,5.1432,4.1972,17.6679,4.4946,3.0654,-2388.5732,1.0,1.0,0.0,1.0,0.0,QUALIFIED
14933,8057.631313131307,-6783.641414141413,0.309375,10.5337,10.8114,4.9259,24.6342,9.0342,3.569,-5533.1167,1.0,1.0,0.0,0.0,1.0,QUALIFIED
14946,-43419.87400950872,-6408.354992076071,0.78875,43.8898,5.1011,3.6192,24.9718,3.5999,1.5948,-2404.1794,1.0,1.0,0.0,1.0,0.561807,QUALIFIED
14960,-42937.330357142855,-6843.409438775503,0.49,43.4789,5.477,3.1712,22.4189,4.432,1.8599,-2408.5727,1.0,1.0,0.0,1.0,0.173469,QUALIFIED
14980,40348.838790932,-6706.710327455912,0.49625,40.903,5.8889,3.0509,15.9239,4.845,2.0682,-810.4366,1.0,0.0327,0.1444,1.0,1.0,QUALIFIED
14992,41810.91618497109,-6677.96820809249,0.108125,42.3414,14.8419,3.3483,29.146,13.6152,2.2281,-804.5385,1.0,0.0,0.0,1.0,1.0,QUALIFIED
15008,9844.113259668506,-6876.571823204416,0.113125,12.0088,5.0785,2.9668,17.1086,4.9503,2.3463,-5621.3065,1.0,1.0,0.0,0.0,1.0,QUALIFIED
15010,-40574.759259259255,-6795.2407407407445,0.084375,41.1394,3.9923,2.1487,10.4295,4.2509,1.6587,-2506.7564,1.0,1.0,0.0,1.0,0.0,QUALIFIED
15015,35754.91958041958,-6962.012487512489,0.625625,36.427,6.9807,2.8793,19.3633,6.1734,2.1725,-591.7701,1.0,0.0101,0.0793,1.0,1.0,QUALIFIED
15056,27516.547377326555,-6835.096446700503,0.73875,28.3534,7.7726,4.5468,22.9244,6.4844,3.3866,154.4269,1.0,0.0734,0.231,1.0,1.0,QUALIFIED
15082,-42023.9297108674,-7097.206879361918,0.626875,42.6186,7.0748,4.292,27.4513,5.6748,2.6553,-2398.5527,1.0,1.0,0.0,1.0,0.0,QUALIFIED
15104,32622.54964539007,-7040.634751773054,0.088125,33.3743,9.1056,3.5455,18.2114,7.9037,2.3496,-219.2077,1.0,0.0488,0.1926,1.0,1.0,QUALIFIED
15107,-44645.333333333336,-7177.666666666664,0.09375,45.2182,4.9445,3.5051,18.7721,5.3857,3.2377,-2418.4699,1.0,1.0,0.0,1.0,1.0,QUALIFIED
15118,34453.05922551252,-6754.625284738038,0.54875,35.1095,12.1658,4.9905,27.0373,10.4044,3.5172,-472.6656,1.0,0.0065,0.0644,0.682232,1.0,QUALIFIED
15119,41511.66577540107,-6943.350267379683,0.116875,42.0889,5.999,3.4256,17.4617,5.9172,3.0119,-764.157,1.0,0.0073,0.0723,1.0,1.0,QUALIFIED
15141,-43689.32521489971,-7146.849570200575,0.218125,44.2696,8.125,4.2277,18.7779,6.6379,2.8484,-2442.6723,1.0,1.0,0.0,1.0,1.0,QUALIFIED
15206,7057.950704225354,-7406.3661971831025,0.08875,10.2315,5.324,3.3462,17.6353,5.8433,3.3554,-5522.5631,1.0,1.0,0.0,0.0,1.0,QUALIFIED
15212,35937.04980079681,-7588.743027888449,0.156875,36.7302,8.9086,4.1603,20.2214,7.2848,2.6012,-569.8775,1.0,0.0155,0.0934,1.0,1.0,QUALIFIED
15213,40631.08914728682,-7746.980620155031,0.3225,41.3636,9.0495,4.2289,23.1316,7.083,2.6812,-838.8198,1.0,0.1147,0.2933,1.0,1.0,QUALIFIED
15216,-43002.594717668486,-7453.689435336979,0.68625,43.6434,5.3343,2.968,18.3968,4.1442,1.9015,-2438.3738,1.0,1.0,0.0,1.0,0.424408,QUALIFIED
15261,34206.96492985972,-7554.493319973277,0.935625,35.0318,7.2938,3.8121,20.7214,5.9607,2.7098,-437.4527,1.0,0.0963,0.2683,0.669339,1.0,QUALIFIED
15278,32434.403518728723,-7803.586265607257,0.550625,33.3606,12.7419,2.4691,22.8535,10.9385,1.3388,-257.9264,1.0,0.0025,0.0378,1.0,1.0,QUALIFIED
15285,25383.70082911101,-7324.3502994012015,1.356875,26.4199,10.3315,4.2953,26.3569,8.6385,2.8226,257.7058,1.0,0.0676,0.2286,1.0,1.0,QUALIFIED
15324,6621.708737864079,-7673.205501618118,0.38625,10.136,14.3923,2.9784,25.0434,12.6001,1.7801,-5448.4898,1.0,1.0,0.0,0.0,1.0,QUALIFIED
15326,-42963.25684931507,-7863.969178082196,0.1825,43.6766,3.6294,2.0477,10.9774,2.8375,1.138,-2428.6281,1.0,1.0,0.0,1.0,0.342466,QUALIFIED
15357,34791.39330543933,-8022.041841004182,0.29875,35.7049,6.5621,3.3552,20.7361,5.2207,1.7504,-426.9688,1.0,0.1185,0.2797,1.0,1.0,QUALIFIED
15378,28185.01181102362,-7387.364173228343,1.5875,29.1377,9.4706,3.9663,29.5962,8.0322,3.0703,126.1481,1.0,0.0322,0.1459,1.0,1.0,QUALIFIED
15393,31835.6780455154,-7849.935073627843,0.466875,32.7898,9.3257,2.9959,21.8806,7.83,1.5429,-183.3953,1.0,0.0187,0.1057,1.0,1.0,QUALIFIED
15474,29160.21428571429,-8096.523809523809,0.1575,30.264,8.0011,3.5607,18.49,6.2003,1.7404,86.4222,1.0,0.1149,0.2829,0.384921,1.0,QUALIFIED
15491,25389.340182648404,-8123.929223744286,0.136875,26.658,5.0851,4.0678,20.6333,4.1618,1.9287,318.2725,1.0,0.1416,0.3052,1.0,0.593607,QUALIFIED
15494,36664.41416309013,-8163.627324749643,0.436875,37.5629,11.1365,4.9292,25.8447,9.6676,3.9145,-583.5161,1.0,0.0056,0.0509,1.0,1.0,QUALIFIED
15527,24975.636363636368,-8232.265151515152,0.165,26.298,5.659,4.1252,21.2407,4.3728,2.0689,335.9362,1.0,0.0668,0.2077,1.0,0.901515,QUALIFIED
15536,32529.25460122699,-8466.064417177913,0.101875,33.6135,11.5884,3.862,24.8099,9.7813,1.9468,-310.9634,1.0,0.0775,0.2444,1.0,1.0,QUALIFIED
15544,29384.40415335464,-8331.20926517572,0.195625,30.5432,6.0203,2.7226,14.9123,5.1939,1.3823,72.2043,1.0,0.0778,0.2154,0.0,1.0,QUALIFIED
15548,-42871.82218148487,-8135.395967002747,1.36375,43.6365,6.0345,4.6428,27.5557,4.8249,3.1278,-2415.7124,1.0,1.0,0.0,1.0,0.46242,QUALIFIED
15562,35344.50610252237,-8567.522782750202,3.0725,36.3687,8.2588,3.8765,24.2316,6.8491,2.6929,-476.4401,1.0,0.0374,0.1604,1.0,1.0,QUALIFIED
15570,26871.510869565216,-8358.467391304352,0.115,28.1421,15.4435,2.4913,21.8293,13.3926,2.1473,202.9546,1.0,0.0,0.0,1.0,1.0,QUALIFIED
15595,29807.59557774608,-8785.840941512128,0.438125,31.0761,11.454,3.925,25.2872,9.9724,2.5257,60.422,1.0,0.012,0.081,0.0,1.0,QUALIFIED
15599,-42299.64611005693,-8514.893738140418,0.65875,43.1478,8.779,4.4012,23.1419,7.4608,3.3687,-2381.8817,1.0,1.0,0.0,1.0,0.063567,QUALIFIED
15625,25657.231958762888,-8471.235395189004,0.181875,27.0202,4.1312,2.8115,15.968,3.7512,2.139,318.6749,1.0,0.0627,0.1885,1.0,0.924399,QUALIFIED
15641,34864.29750778816,-8593.736760124615,0.200625,35.9084,6.8616,3.6647,14.7724,5.8863,2.5164,-445.9639,1.0,0.0259,0.1177,1.0,1.0,QUALIFIED
15647,30533.153846153844,-8681.780219780216,0.11375,31.7441,10.2994,4.2966,20.58,8.5608,3.048,-60.1857,1.0,0.0826,0.2281,0.598901,1.0,QUALIFIED
15648,36919.142857142855,-8702.838509316767,0.20125,37.9316,12.0374,3.4748,22.0682,10.6263,1.8855,-666.0226,1.0,0.0071,0.0699,1.0,1.0,QUALIFIED
15654,-22012.903846153848,-8675.461538461539,0.1625,23.6605,6.902,4.4151,20.1604,7.1942,4.1895,2900.8346,1.0,0.0257,0.133,0.430769,1.0,QUALIFIED
15678,-43204.90298507463,-8809.5,0.209375,44.0935,5.4788,3.9876,18.054,4.243,2.0684,-2404.9839,1.0,1.0,0.0,1.0,0.99403,QUALIFIED
15693,36589.27272727272,-8747.037878787873,0.0825,37.6209,11.0074,3.6199,22.8307,9.8764,1.4905,-626.0436,1.0,0.0245,0.1118,1.0,1.0,QUALIFIED
15701,24958.875,-8757.108695652176,0.115,26.4512,7.0334,2.7649,14.6361,6.349,1.4626,366.7863,1.0,0.0096,0.0747,1.0,1.0,QUALIFIED
15703,-17125.742130750605,-8467.599273607746,0.258125,19.1045,9.0242,3.1273,17.3749,8.727,2.8677,2584.7543,1.0,1.0,0.0,0.825666,1.0,QUALIFIED
15714,39330.518518518526,-8729.746913580246,0.2025,40.2883,6.3108,3.1267,15.5736,5.5886,2.7126,-723.9888,1.0,0.0428,0.1688,1.0,1.0,QUALIFIED
15739,-43583.46703296703,-8944.005494505494,0.11375,44.4913,3.8157,2.4506,13.1832,3.5352,1.943,-2395.1749,1.0,1.0,0.0,1.0,1.0,QUALIFIED
15755,26274.18306010929,-8772.390710382511,2.859375,27.7006,12.8936,4.234,29.5123,11.1841,3.3487,353.9112,1.0,0.0112,0.0869,1.0,0.999781,QUALIFIED
15756,37785.13432835821,-9014.611940298506,0.08375,38.8462,4.817,2.1807,11.2673,4.1946,1.8518,-686.8469,1.0,0.0343,0.1355,1.0,1.0,QUALIFIED
15777,-16465.777777777777,-9164.430555555557,0.09,18.8441,8.548,4.0693,23.223,8.2349,2.9803,2754.1628,1.0,0.0739,0.2086,1.0,1.0,QUALIFIED
15855,29206.763205828785,-9390.938979963576,0.68625,30.68,15.9543,3.1014,28.3736,14.4074,1.8131,272.0704,1.0,0.0013,0.0229,0.008197,1.0,QUALIFIED
15869,38745.88888888889,-9398.805555555557,0.1125,39.8702,6.3068,2.4423,11.6374,5.2373,1.4889,-698.684,1.0,0.1073,0.2641,1.0,1.0,QUALIFIED
15882,40040.566282420754,-9670.033141210375,0.43375,41.1923,6.8409,3.8162,22.6875,5.6646,2.2648,-832.6903,1.0,0.0767,0.2351,1.0,1.0,QUALIFIED
15922,36554.97445255474,-9652.96715328467,0.085625,37.8086,9.1404,4.7999,22.3956,6.9702,2.0889,-539.5299,1.0,0.1343,0.2849,1.0,1.0,QUALIFIED
16012,25408.86639118458,-9670.849862258954,0.226875,27.1877,11.2268,3.64,27.7637,9.7125,2.4528,544.4548,1.0,0.0525,0.1917,1.0,1.0,QUALIFIED
16026,41519.24986256185,-9900.79191863662,1.136875,42.684,5.2206,2.6543,15.4966,4.2639,1.7322,-884.5809,1.0,0.146,0.3059,1.0,1.0,QUALIFIED
16062,39098.08299595141,-10139.682186234815,0.154375,40.3921,8.0355,4.0911,20.819,6.23,1.977,-763.1833,1.0,0.0755,0.225,1.0,1.0,QUALIFIED
16067,35335.34142394822,-10239.872168284784,0.193125,36.7898,6.3256,3.1035,17.4508,5.384,2.1766,-410.0891,1.0,0.044,0.159,1.0,1.0,QUALIFIED
16076,34887.02955082743,-9922.313238770686,0.264375,36.2712,9.5231,3.9825,21.2715,7.8721,3.0355,-403.2398,1.0,0.0688,0.2089,1.0,1.0,QUALIFIED
16089,35889.457264957266,-10220.867521367516,0.219375,37.3171,6.9744,2.7733,15.0981,5.7451,1.6974,-455.1764,1.0,0.0512,0.175,1.0,1.0,QUALIFIED
16107,38356.80519480519,-10197.66017316017,0.28875,39.6899,9.1006,3.433,21.595,7.89,2.3661,-666.1452,1.0,0.011,0.0848,1.0,1.0,QUALIFIED
16135,39522.67913385827,-10033.309055118116,0.3175,40.7769,7.812,3.0434,17.4313,6.546,1.8595,-799.2986,1.0,0.0202,0.1102,1.0,1.0,QUALIFIED
16139,37582.68872017354,-10138.05748373102,0.288125,38.9267,10.1117,4.681,27.1076,8.3329,3.494,-611.9633,1.0,0.0549,0.2016,1.0,1.0,QUALIFIED
16145,41831.29405520171,-10763.884288747351,0.294375,43.1946,6.1796,2.6008,15.1799,5.0399,1.5176,-912.3602,1.0,0.0742,0.2447,1.0,1.0,QUALIFIED
16166,26721.270551038848,-10474.2591087022,2.075625,28.7015,10.7712,4.7688,29.8661,9.1695,3.4883,641.5955,1.0,0.0756,0.2436,0.335742,1.0,QUALIFIED
16170,37265.32446808511,-10534.273936170212,0.235,38.7263,9.283,4.0492,22.8706,7.2931,2.2788,-580.7337,1.0,0.0305,0.1475,1.0,1.0,QUALIFIED
16190,23249.841530054648,-10717.874316939888,0.68625,25.602,16.3607,4.0092,29.0305,14.502,2.4142,775.2985,1.0,0.0047,0.0561,1.0,1.0,QUALIFIED
16199,41183.65080527087,-10551.769399707176,0.426875,42.5145,6.8137,2.9062,19.0253,5.6209,1.7028,-857.7589,1.0,0.0071,0.066,1.0,1.0,QUALIFIED
16201,21144.5,-10744.13917525774,0.303125,23.7183,16.1126,4.4746,28.6016,13.9711,3.142,1176.8392,1.0,0.04,0.1788,1.0,1.0,QUALIFIED
16206,40502.32033426185,-10529.722841225625,0.8975,41.8493,7.5138,4.7584,29.7742,6.3588,3.1943,-839.986,1.0,0.0668,0.2293,1.0,1.0,QUALIFIED
16224,39261.551792828686,-10645.316733067724,0.31375,40.6798,7.0215,3.169,17.4794,5.6353,2.0516,-768.8563,1.0,0.0267,0.1346,1.0,1.0,QUALIFIED
16241,-8401.482532751092,-10718.823144104805,0.143125,13.6191,14.4373,4.4324,24.4933,13.9087,3.7981,3396.5223,1.0,0.0,0.0,1.0,1.0,QUALIFIED
16256,37696.38888888889,-10663.333333333328,0.28125,39.1762,5.4482,2.9166,15.59,4.3439,1.4587,-621.1268,1.0,0.0681,0.2172,1.0,1.0,QUALIFIED
16316,27203.70792079208,-11073.42739273928,0.189375,29.3718,5.3231,2.7426,16.6057,4.831,1.907,751.2172,1.0,0.1218,0.2858,0.0,1.0,QUALIFIED
16350,39419.60309278351,-11415.221649484534,0.303125,41.0398,8.7115,4.4292,27.029,7.1396,2.6797,-794.896,1.0,0.0234,0.1215,1.0,1.0,QUALIFIED
16385,38717.0925925926,-11364.5,0.084375,40.3511,5.1458,2.4023,13.4149,4.2969,1.1433,-712.3052,1.0,0.0098,0.0764,1.0,1.0,QUALIFIED
16394,41082.87104072399,-11209.228506787324,0.138125,42.5852,9.2051,4.5773,21.3156,6.8332,3.0778,-879.1073,1.0,0.0244,0.1203,1.0,1.0,QUALIFIED
16403,42350.75868055555,-11411.869791666664,0.36,43.862,6.1006,3.4858,22.7816,4.8229,2.2397,-929.9383,1.0,0.1944,0.3487,0.611111,1.0,QUALIFIED
16444,35576.40839694657,-11561.713740458012,0.081875,37.4086,6.2378,3.3408,19.9256,5.8484,2.4502,-212.1197,1.0,0.0113,0.0718,1.0,1.0,QUALIFIED
16466,28032.181365576107,-11628.909672830729,0.439375,30.3492,8.5592,2.8918,20.2887,7.4662,1.4991,789.9003,1.0,0.0094,0.068,0.0,1.0,QUALIFIED
16524,38446.68543046358,-11863.407284768213,0.094375,40.236,4.6596,2.9409,14.3648,4.7506,2.4521,-689.3902,1.0,0.1963,0.3348,1.0,1.0,QUALIFIED
16531,21550.035714285725,-12354.619047619051,0.525,24.841,14.297,4.2803,29.7243,12.0079,2.0601,1257.6798,1.0,0.015,0.0972,0.685714,1.0,QUALIFIED
16603,34825.73239436619,-12161.471830985916,0.08875,36.8888,12.5108,3.3591,19.6867,11.0788,2.6036,-382.8456,1.0,0.9792,0.1126,1.0,1.0,QUALIFIED
16614,38755.803116147305,-12143.48016997167,0.220625,40.6144,9.8257,4.9955,29.8144,8.096,3.0781,-676.4743,1.0,0.0442,0.1818,1.0,1.0,QUALIFIED
16640,21819.524875621893,-12085.19651741293,0.125625,24.9435,10.6013,4.3168,28.5562,10.1707,1.8774,1169.164,1.0,0.0279,0.1116,1.0,1.0,QUALIFIED
16723,-36440.353137516686,-12428.972630173565,0.468125,38.5014,6.2177,3.1264,22.8124,5.1318,1.9436,171.8657,1.0,0.1886,0.3389,1.0,1.0,QUALIFIED
16797,-36663.38343558282,-12778.180981595098,0.101875,38.826,11.6876,3.4193,24.0204,9.6349,1.4391,183.1838,1.0,0.0282,0.1235,1.0,1.0,QUALIFIED
16879,-123.81288343558845,-12997.506134969328,0.101875,12.9986,9.617,4.061,25.6029,11.1904,4.0029,2778.042,1.0,0.0083,0.0655,1.0,1.0,QUALIFIED
17161,-32339.658163265307,-13765.877551020414,0.6125,35.1473,12.0398,3.4249,26.5447,10.684,2.8389,-686.1702,1.0,0.0055,0.0563,1.0,1.0,QUALIFIED
17207,-31488.339673913044,-13930.75,0.23,34.432,15.4691,4.371,28.5151,14.3435,3.5771,-759.1627,1.0,0.0,0.0,1.0,1.0,QUALIFIED
17307,-12976.055555555557,-14465.7962962963,0.084375,19.4329,10.6542,4.1956,22.388,10.8651,2.893,3256.509,1.0,0.9994,0.0069,1.0,0.0,QUALIFIED
17327,18488.02201257862,-14627.723270440256,0.19875,23.5756,3.9855,2.119,10.63,3.1504,1.1796,2155.8162,1.0,0.0761,0.2081,1.0,1.0,QUALIFIED
17360,18067.0468483816,-14310.019591141398,0.366875,23.0484,6.1561,3.879,22.9986,4.9746,2.4516,2153.2771,1.0,0.0745,0.2207,1.0,1.0,QUALIFIED
17418,18986.166666666664,-14794.412280701748,0.178125,24.0704,5.7957,3.0317,17.7078,4.6772,1.5372,2168.2998,1.0,0.0929,0.2344,1.0,1.0,QUALIFIED
17426,21400.37890625,-14771.1796875,0.16,26.0038,14.3127,3.9572,22.6242,12.9969,2.2095,1882.2283,1.0,0.0053,0.0517,0.0,1.0,QUALIFIED
17562,19656.29824561404,-15715.36257309941,0.855,25.167,6.6651,3.7944,24.1832,5.3425,2.4077,2137.155,1.0,0.1763,0.3258,1.0,1.0,QUALIFIED
17586,18703.15472127418,-15478.965301478958,1.09875,24.2784,6.8164,3.8632,24.4201,5.1771,1.9772,2118.6467,1.0,0.1384,0.2908,1.0,1.0,QUALIFIED
17662,18142.03926701571,-15571.489528795812,0.119375,23.909,9.0041,4.0306,20.1453,6.5021,1.7758,2105.4553,1.0,0.1326,0.2862,1.0,1.0,QUALIFIED
17730,-8945.886904761901,-15837.297619047618,0.21,18.1894,10.9736,4.8905,27.7459,9.7638,3.5051,3030.3485,1.0,0.0977,0.2539,1.0,0.0,QUALIFIED
17765,3571.926470588238,-15912.643382352937,0.17,16.3092,12.1119,4.7958,24.8912,11.3784,4.3208,2389.0952,1.0,0.0091,0.0735,1.0,1.0,QUALIFIED
17796,23911.698795180724,-15762.0,0.31125,28.64,7.0343,3.0345,16.5616,6.235,1.8346,2203.7085,1.0,0.0179,0.0987,0.0,1.0,QUALIFIED
17851,-8321.297413793101,-15789.550287356324,0.435,17.8483,11.3514,4.1287,27.9642,9.8896,3.0673,3012.6664,1.0,0.0209,0.1146,1.0,0.0,QUALIFIED
17872,16191.34901531729,-16085.933260393867,0.285625,22.8243,11.9727,4.2104,29.2996,10.8084,2.3386,2050.0551,1.0,0.0185,0.1098,1.0,1.0,QUALIFIED
17885,32065.812056737588,-16344.890070921989,0.088125,35.9919,9.3743,4.8569,25.409,8.4751,3.0906,1962.0352,1.0,0.0996,0.262,0.765957,1.0,QUALIFIED
17943,31663.535087719298,-16469.96783625731,0.106875,35.6916,5.053,2.9013,17.2294,4.7468,2.1929,1995.8423,1.0,0.0288,0.1361,0.128655,1.0,QUALIFIED
17949,20307.798429319373,-16581.280104712037,0.596875,26.218,8.1722,3.5781,24.4578,6.9261,2.2206,2129.0495,1.0,0.1032,0.2628,0.987435,1.0,QUALIFIED
17966,37456.01685393258,-16219.050561797754,0.278125,40.8175,16.7943,4.129,28.0179,14.9612,2.8704,-27.6671,1.0,0.0004,0.006,1.0,1.0,QUALIFIED
18071,-7565.806122448979,-17006.642857142855,0.091875,18.6139,10.9341,4.3738,24.5272,10.8862,3.6453,2635.2961,1.0,0.0101,0.078,1.0,0.55102,QUALIFIED
18124,15824.5,-16898.071428571428,0.109375,23.1515,17.6452,4.2943,27.0894,15.9921,2.8239,1817.0357,1.0,0.0,0.0,1.0,1.0,QUALIFIED
18135,-10707.376606683809,-17106.8264781491,0.243125,20.1816,11.3333,4.5872,27.0059,9.5602,2.7961,2911.9116,1.0,0.0362,0.158,1.0,0.061697,QUALIFIED
18141,22454.46183206106,-16909.423664122143,0.081875,28.11,5.7676,2.3005,12.1604,4.9435,1.5848,2267.0702,1.0,0.0437,0.1692,0.0,1.0,QUALIFIED
18153,24057.257361888536,-16933.023971769282,2.568125,29.4197,9.3847,4.6595,29.661,7.9117,3.5226,2278.0206,1.0,0.0693,0.2247,0.0,1.0,QUALIFIED
18154,27777.78185328185,-17082.270270270274,0.32375,32.6106,10.1453,2.9875,18.3927,8.8787,2.1311,2557.8374,1.0,0.0717,0.2142,0.0,1.0,QUALIFIED
18209,29394.0945945946,-17132.608108108107,0.0925,34.0233,10.8083,2.5232,17.552,10.5232,1.5269,2645.0032,1.0,0.0,0.0,0.0,1.0,QUALIFIED
18220,21227.58641975309,-17213.08024691358,0.2025,27.3302,7.3714,3.9743,18.4959,7.107,3.3044,1939.6878,1.0,1.0,0.0,0.472222,1.0,QUALIFIED
18263,25072.16009852217,-17342.357142857145,0.126875,30.4863,3.8884,1.9491,9.9573,3.7032,1.5538,2381.4217,1.0,0.0171,0.0928,0.0,1.0,QUALIFIED
18277,-17500.33388704319,-17325.911960132893,0.188125,24.6262,9.0813,4.1677,24.1972,8.1294,2.9718,396.3027,1.0,0.0,0.0,1.0,0.986711,QUALIFIED
18317,24642.47858942065,-17467.226700251886,0.49625,30.2059,8.7593,4.9745,23.7758,7.7864,4.4899,2346.4441,1.0,0.0156,0.0939,0.0,1.0,QUALIFIED
18366,17093.370192307688,-17493.189903846156,0.26,24.4587,11.1362,4.7308,22.2235,9.5428,3.1717,1768.1266,1.0,0.0388,0.1485,1.0,1.0,QUALIFIED
18378,22298.9966442953,-17819.13087248322,0.18625,28.5448,6.6944,3.7351,19.2108,5.675,2.3453,2286.0486,1.0,0.0481,0.1689,0.0,1.0,QUALIFIED
18404,23105.873762376228,-17631.55445544554,0.2525,29.0653,6.0676,3.6509,18.1832,4.9055,2.3254,2276.6786,1.0,0.0483,0.1764,0.0,1.0,QUALIFIED
18494,-29815.830188679247,-18172.96698113207,0.1325,34.9175,13.812,3.0851,24.2183,12.8827,2.3772,-3197.9949,1.0,0.0,0.0,1.0,1.0,QUALIFIED
18599,18528.75531914893,-18221.66312056737,0.088125,25.9881,4.2195,1.9124,10.1806,3.8496,1.0232,1806.358,1.0,0.9194,0.2262,1.0,1.0,QUALIFIED
18647,16498.92307692307,-18236.03846153846,0.08125,24.5927,14.3741,4.3885,22.595,11.801,1.3582,1655.3154,1.0,0.0474,0.18,1.0,1.0,QUALIFIED
18932,-32701.22992700729,-19316.288321167885,0.085625,37.9799,12.595,1.7104,17.5559,11.7857,0.9521,-3780.1988,1.0,0.0,0.0,1.0,1.0,QUALIFIED
18961,10518.7118226601,-18837.689655172413,1.26875,21.5762,12.9797,4.5322,29.6841,11.5889,3.3239,1377.5818,1.0,0.0177,0.1097,1.0,1.0,QUALIFIED
18970,14905.206521739128,-19128.84782608696,0.115,24.251,10.819,4.9312,25.6071,9.5933,3.0861,1162.5917,1.0,0.1198,0.2781,1.0,1.0,QUALIFIED
18972,-29610.51112347052,-19309.45550611792,0.561875,35.3501,17.6084,3.2149,26.5305,15.7595,2.5259,-3466.0056,1.0,0.0027,0.0406,1.0,1.0,QUALIFIED
18981,25119.19387755102,-19506.84693877552,0.153125,31.8046,7.5336,4.7839,25.4117,6.6486,4.0568,1949.4049,1.0,1.0,0.0,1.0,1.0,QUALIFIED
19032,24818.04734111544,-19131.43904020752,0.481875,31.3367,7.5882,4.7586,26.1122,6.1325,3.391,1957.4728,1.0,1.0,0.0,0.840467,1.0,QUALIFIED
19118,8917.043859649115,-19831.51754385965,0.106875,21.7447,6.9144,2.3357,16.1276,5.7532,1.3349,1170.9495,1.0,0.0905,0.2416,1.0,1.0,QUALIFIED
19245,9382.88353413654,-19894.78112449799,0.31125,21.997,8.5068,3.3292,20.1658,7.3571,2.001,1190.2953,1.0,0.0697,0.2031,1.0,1.0,QUALIFIED
19270,-33398.57504873294,-19630.047433398307,1.92375,38.74,12.2635,3.6242,27.884,10.73,2.6873,-3779.3234,1.0,0.0104,0.0835,1.0,1.0,QUALIFIED
19299,-31689.10103626943,-20193.08808290155,0.24125,37.5759,5.8283,3.7322,21.2486,5.6198,3.2917,-3910.3118,1.0,0.0825,0.2243,1.0,1.0,QUALIFIED
19320,24505.040897097628,-20339.671503957783,0.236875,31.8472,6.1111,3.6175,18.9056,5.1508,2.9119,1947.2103,1.0,1.0,0.0,1.0,1.0,QUALIFIED
19394,-32865.94776119403,-20398.604477611952,0.209375,38.6815,5.9069,3.0369,19.2688,4.8854,2.1573,-3910.4967,1.0,0.0816,0.2326,1.0,1.0,QUALIFIED
19430,7121.833333333336,-20623.83333333333,0.140625,21.8195,10.423,2.569,19.3707,9.8215,1.3541,951.1659,1.0,0.0347,0.1463,1.0,1.0,QUALIFIED
19447,-31727.508639308857,-20889.921166306696,1.446875,37.987,12.5002,4.8277,28.3735,11.0828,3.8449,-4006.909,1.0,0.0117,0.0917,1.0,1.0,QUALIFIED
19608,19794.703359858533,-20838.17152961981,1.41375,28.742,10.5259,4.649,27.9125,9.1865,3.6823,1707.7296,1.0,0.0881,0.2522,1.0,1.0,QUALIFIED
19676,2580.6961206896594,-20962.08979885057,0.87,21.1209,15.6581,3.4588,27.4879,13.698,2.358,297.4186,1.0,0.0139,0.0993,1.0,1.0,QUALIFIED
19701,-31166.52564102564,-21277.705128205125,0.121875,37.737,9.6775,2.6281,17.2398,9.6647,2.2835,-4161.4115,1.0,0.008,0.0596,1.0,1.0,QUALIFIED
19774,-3375.7131147541004,-21934.336065573763,0.953125,22.193,11.9876,3.3074,28.0237,10.2427,1.8827,235.1967,1.0,0.0194,0.1204,0.855738,1.0,QUALIFIED
19776,9504.679558011048,-21402.19337016574,0.22625,23.4184,11.5892,3.2438,23.6722,10.4906,2.1431,917.999,1.0,0.0009,0.0168,1.0,1.0,QUALIFIED
19797,10086.769585253453,-21206.873271889403,0.27125,23.4842,19.0157,3.5338,28.978,16.7217,2.3468,878.0557,1.0,0.0031,0.0426,1.0,1.0,QUALIFIED
19814,2915.15377532228,-21428.50552486188,0.339375,21.6264,6.135,3.3987,23.5318,5.2896,2.7059,237.782,1.0,0.1633,0.3169,1.0,1.0,QUALIFIED
19826,8576.01162790697,-21814.03488372093,0.134375,23.4399,8.8311,4.5083,23.2856,7.8628,2.344,874.3433,1.0,0.0763,0.2172,1.0,1.0,QUALIFIED
19849,-32693.86099585062,-21342.65352697096,0.150625,39.0434,6.9885,3.193,16.8802,6.3007,1.7928,-4052.5437,1.0,0.0388,0.15,1.0,1.0,QUALIFIED
19861,-30773.196011004125,-21434.781980742773,0.454375,37.5024,17.0184,2.7147,29.3897,15.1757,1.7903,-4244.6985,1.0,0.0112,0.084,1.0,1.0,QUALIFIED
19866,5482.905545927213,-21849.153379549403,1.4425,22.5272,11.1505,4.2237,23.4303,9.7376,3.0456,671.7626,1.0,0.0924,0.242,1.0,1.0,QUALIFIED
19946,22431.69814241485,-21790.98606811145,0.201875,31.2741,9.712,4.331,21.7033,8.6774,2.9986,2339.8388,1.0,0.0903,0.2607,1.0,1.0,QUALIFIED
19955,20914.795629820044,-21694.230077120825,0.243125,30.1349,18.8574,2.9629,26.8537,16.9905,1.7349,1823.186,1.0,0.033,0.1535,1.0,1.0,QUALIFIED
19964,3130.290645879737,-21941.482182628068,0.280625,22.1642,5.6865,2.9218,19.3654,4.9795,2.1213,229.6265,1.0,0.1088,0.2551,1.0,1.0,QUALIFIED
19970,-28518.1246830093,-21882.276838546062,0.739375,35.9459,14.7962,3.9996,25.7431,13.222,3.4687,-4328.1123,1.0,0.007,0.0598,1.0,1.0,QUALIFIED
19983,1924.091121495323,-21511.64953271029,0.2675,21.5981,5.6917,3.0171,20.0299,4.7905,2.07,181.2083,1.0,0.079,0.2198,1.0,1.0,QUALIFIED
20005,1419.6279527559018,-21495.53838582677,1.27,21.5429,9.5509,4.7373,27.3165,8.0157,3.3376,182.4871,1.0,0.0803,0.2353,1.0,1.0,QUALIFIED
20014,-32078.37114845938,-22155.87254901961,0.223125,38.9858,16.8859,4.2995,27.7274,14.7521,2.2618,-4197.5909,1.0,0.0822,0.2491,1.0,1.0,QUALIFIED
20087,-14362.097938144332,-22034.551546391755,0.12125,26.3021,16.2559,4.5759,27.8449,16.1393,3.9494,863.5691,1.0,0.0072,0.0571,1.0,1.0,QUALIFIED
20100,-33845.190553745924,-22195.363192182413,0.959375,40.4737,12.1386,4.8626,28.5337,10.6396,3.9895,-4104.4002,1.0,0.0112,0.0889,1.0,1.0,QUALIFIED
20143,-28357.894366197183,-22384.12441314553,0.133125,36.1277,7.5554,3.184,19.6372,6.9643,2.0626,-4419.5632,1.0,0.1474,0.2847,1.0,1.0,QUALIFIED
20253,-36356.843283582086,-22648.13184079602,0.125625,42.8339,13.5737,2.8122,22.7206,12.1324,1.4924,-4345.6987,1.0,0.0018,0.0254,1.0,1.0,QUALIFIED
20254,-32601.67845117845,-22487.12626262626,0.556875,39.6047,13.9039,2.7417,26.0349,12.193,1.5694,-4205.8823,1.0,0.0104,0.0851,1.0,1.0,QUALIFIED
20270,-26594.46782841823,-22401.44369973192,0.233125,34.7719,13.9473,3.7224,24.1194,12.2737,2.6907,-4207.7541,1.0,0.0448,0.1795,1.0,1.0,QUALIFIED
20302,26954.54807692308,-22643.490384615376,0.13,35.204,6.5457,3.2991,16.7935,6.049,2.3019,2826.2542,1.0,0.0179,0.1011,1.0,1.0,QUALIFIED
20335,-32679.720779220777,-22916.166666666657,0.144375,39.9137,11.5285,2.8455,20.7021,10.7411,2.0532,-4276.9474,1.0,0.0192,0.1051,1.0,1.0,QUALIFIED
20353,-34764.37195121951,-22988.47357723578,0.3075,41.6776,14.9981,3.1463,26.206,12.9706,1.4657,-4322.0665,1.0,0.0196,0.127,1.0,1.0,QUALIFIED
20387,-25750.94747081712,-23140.122568093386,1.60625,34.6204,13.3434,3.9782,28.5711,11.7239,2.9433,-4237.0122,1.0,0.032,0.1446,1.0,1.0,QUALIFIED
20451,-33812.46001167542,-23246.8292469352,2.14125,41.0328,15.4424,4.087,28.413,13.6611,3.0215,-4381.8614,1.0,0.0067,0.0684,1.0,1.0,QUALIFIED
20457,202.2777777777737,-23020.333333333343,0.25875,23.0217,9.0706,2.5988,18.095,7.9227,1.5685,91.2889,1.0,0.8119,0.3491,1.0,1.0,QUALIFIED
20469,-1876.468992248061,-23282.25193798449,0.16125,23.3582,5.1745,2.6019,14.4804,4.8711,1.7827,-42.5594,1.0,0.9507,0.1957,1.0,1.0,QUALIFIED
20497,6667.745341614907,-23230.28416149068,0.4025,24.1689,11.4623,4.3683,28.5302,9.8971,3.1612,849.8752,1.0,0.157,0.322,1.0,1.0,QUALIFIED
20678,-33896.61111111111,-23832.0,0.16875,41.4359,11.1592,4.6343,25.7053,9.5741,2.6821,-4527.2123,1.0,0.0412,0.1463,1.0,1.0,QUALIFIED
20716,-26776.772123893803,-23830.584070796467,0.2825,35.8454,3.6909,2.3582,16.6432,3.0116,1.3839,-4386.338,1.0,0.9318,0.1978,1.0,1.0,QUALIFIED
20721,3060.161764705881,-23712.95588235295,0.2125,23.9102,5.8571,2.3108,18.4277,4.9161,1.1937,136.5339,1.0,1.0,0.0,1.0,1.0,QUALIFIED
20722,4294.884615384617,-23862.76923076924,0.08125,24.2468,3.6131,1.9164,10.5862,3.5045,1.4608,257.9037,1.0,0.9852,0.1028,1.0,1.0,QUALIFIED
20802,-32255.58982035928,-24146.75548902196,0.313125,40.2924,11.7403,3.1582,22.6592,9.8815,1.5466,-4580.187,1.0,0.0189,0.1055,1.0,1.0,QUALIFIED
20807,1583.0696920583505,-23779.99027552674,0.77125,23.8332,7.9617,3.5089,24.8091,6.7924,2.6577,194.232,1.0,0.8861,0.2779,1.0,1.0,QUALIFIED
20818,-26784.69395465995,-24352.77455919396,0.248125,36.2005,5.6002,2.8284,16.4667,4.4813,1.6078,-4381.6944,1.0,0.9605,0.1577,1.0,1.0,QUALIFIED
20824,13432.97457627119,-24106.844632768363,0.22125,27.5975,6.8166,3.9004,21.5455,5.7279,2.546,-369.6304,1.0,0.1922,0.3411,0.0,1.0,QUALIFIED
20830,-27162.01026392962,-24292.755131964805,0.213125,36.4405,7.4233,2.9765,16.8494,5.4937,1.3665,-4408.2479,1.0,0.8486,0.2958,1.0,1.0,QUALIFIED
20942,-1431.0118110236217,-24446.94094488189,0.079375,24.4893,6.707,2.7004,22.1997,5.4885,1.593,-3.9991,1.0,0.0214,0.1077,1.0,1.0,QUALIFIED
20949,28929.90145985401,-24643.93430656934,0.85625,38.0042,11.3995,4.0102,23.598,9.9755,3.1192,1999.0708,1.0,0.1393,0.3149,1.0,1.0,QUALIFIED
20996,-27642.494863013697,-24836.443493150684,0.365,37.1612,5.3551,3.0376,16.8242,4.6743,2.1682,-4445.3287,1.0,0.8825,0.2813,1.0,1.0,QUALIFIED
21007,-33129.03717026379,-24488.28896882494,0.260625,41.1971,9.2858,3.4621,23.6007,7.5,1.6511,-4596.4881,1.0,0.1492,0.3138,1.0,1.0,QUALIFIED
21038,-4306.48547062539,-24769.856917245736,0.989375,25.1418,8.25,4.2187,26.9456,6.7224,3.1266,-207.7412,1.0,0.0945,0.2572,1.0,1.0,QUALIFIED
21095,-27062.6408045977,-24849.42816091953,0.2175,36.7407,5.9337,2.4691,16.5904,5.2599,1.6068,-4395.1957,1.0,0.9028,0.2474,1.0,1.0,QUALIFIED
21112,-37425.5,-25024.43718592965,0.24875,45.0209,6.9617,4.24,21.574,5.4059,2.7627,-4630.6221,1.0,0.8506,0.3049,1.0,1.0,QUALIFIED
21129,5555.155066530191,-24569.190378710337,1.22125,25.19,12.2413,3.5089,25.3721,10.7122,2.4091,441.6175,1.0,0.0425,0.1615,1.0,1.0,QUALIFIED
21159,-6679.785714285717,-24991.82142857142,0.0875,25.8695,8.0202,4.2697,26.0106,7.8739,3.0098,-57.928,1.0,0.036,0.1688,1.0,1.0,QUALIFIED
21278,-28167.07608695652,-25233.19565217392,0.115,37.8166,6.4931,4.4333,24.5426,5.4395,2.1488,-4478.9748,1.0,0.96,0.1625,1.0,1.0,QUALIFIED
21282,13608.988588334738,-25388.32079459002,0.739375,28.8064,9.096,3.8567,27.9553,7.6301,2.3055,-453.963,1.0,0.1104,0.2725,0.0,1.0,QUALIFIED
21301,29881.474248927043,-25317.0965665236,0.145625,39.1652,5.5743,3.0499,15.0895,4.7845,2.4142,2146.0146,1.0,0.1324,0.2792,0.0,1.0,QUALIFIED
21392,-36279.13247863248,-25706.92521367522,0.2925,44.4636,10.2473,2.7593,18.155,8.3768,1.3527,-4713.5826,1.0,0.9928,0.0789,1.0,1.0,QUALIFIED
21394,-25930.13414634146,-25516.35975609756,0.5125,36.3793,13.8034,2.8083,23.9785,12.1957,1.75,-4434.7862,1.0,0.0666,0.2007,1.0,1.0,QUALIFIED
21423,14987.21802325581,-25937.67829457364,0.645,29.957,9.4299,4.9411,25.9077,7.5849,3.342,-568.579,1.0,0.9438,0.2116,0.0,1.0,QUALIFIED
21476,-33679.47614314115,-25839.01292246522,0.314375,42.4494,3.1681,2.1137,10.67,2.5969,1.3627,-4739.5415,1.0,0.8996,0.2585,1.0,1.0,QUALIFIED
21477,-23281.22669826224,-25574.77646129542,0.395625,34.5845,17.6845,3.1286,27.7738,16.1382,1.7734,-4091.1251,1.0,0.0005,0.009,1.0,1.0,QUALIFIED
21501,-32721.40643274854,-25824.5,0.106875,41.6844,5.168,3.7828,22.379,4.1008,2.5006,-4759.5628,1.0,0.9789,0.1253,1.0,1.0,QUALIFIED
21549,-35669.61942098914,-25942.232207478883,0.518125,44.1057,5.2813,3.4414,21.9733,4.3059,2.5215,-4758.3128,1.0,0.9671,0.1552,1.0,1.0,QUALIFIED
21553,97.4853479853482,-26350.873626373635,0.170625,26.3516,6.2241,2.6276,15.5643,5.7336,1.9554,-114.6841,1.0,0.0248,0.1101,1.0,1.0,QUALIFIED
21555,15537.478723404252,-26150.56382978724,0.146875,30.4189,9.4903,4.261,22.5301,7.0627,1.9168,-583.0694,1.0,1.0,0.0,0.0,1.0,QUALIFIED
21568,16123.964285714284,-26260.57142857142,0.175,30.8163,7.7037,2.8681,15.0768,5.9266,1.3867,-548.3803,1.0,1.0,0.0,0.0,1.0,QUALIFIED
21651,16555.081157194058,-26487.710445468503,1.220625,31.2364,6.9109,3.8937,24.4324,5.5964,2.5749,-538.558,1.0,0.897,0.296,0.0,1.0,QUALIFIED
21695,15833.969696969696,-26468.060606060608,0.0825,30.8434,4.7277,2.243,11.0858,4.0357,1.2009,-575.8455,1.0,1.0,0.0,0.0,1.0,QUALIFIED
21704,-33532.95501285347,-26371.415167095125,0.48625,42.6603,4.4996,2.7839,26.4514,3.4774,1.5564,-4752.1163,1.0,0.9389,0.2174,1.0,1.0,QUALIFIED
21791,13272.706278026904,-26706.450672645733,0.139375,29.8235,9.2666,3.3421,20.4465,8.1777,2.2882,-504.4334,1.0,0.0822,0.2352,0.0,1.0,QUALIFIED
21792,15540.159340659338,-26601.42307692308,0.170625,30.8087,5.2587,2.7433,14.6485,4.1617,1.1522,-585.1949,1.0,1.0,0.0,0.0,1.0,QUALIFIED
21810,-22410.326589595374,-26590.395953757223,0.108125,34.7746,14.8098,3.3985,23.3332,13.4976,1.7783,-3949.2529,1.0,0.0102,0.0863,1.0,1.0,QUALIFIED
21846,15072.706860706863,-26549.13617463618,0.60125,30.5301,7.7634,4.4386,28.7914,6.0593,3.0994,-587.1499,1.0,1.0,0.0,0.0,1.0,QUALIFIED
21880,-35753.77540106952,-26690.00802139037,0.23375,44.617,4.2852,2.0959,12.2501,3.555,1.2963,-4741.4227,1.0,1.0,0.0,1.0,1.0,QUALIFIED
21897,-30428.553435114503,-26975.645038167942,0.081875,40.6642,8.7287,2.2223,14.0622,8.7916,1.9177,-4822.0751,1.0,0.9985,0.0144,1.0,1.0,QUALIFIED
21924,-31733.6,-27268.550000000003,0.3125,41.8401,8.9384,3.2545,16.9805,7.837,2.2958,-4911.8439,1.0,1.0,0.0,1.0,1.0,QUALIFIED
21937,-26600.175324675325,-27189.82467532468,0.48125,38.0376,6.6208,3.3466,17.6407,5.3184,1.8995,-4696.8393,1.0,0.98,0.1184,1.0,1.0,QUALIFIED
22013,35230.06338028169,-27164.5,0.221875,44.4874,17.8047,2.9352,25.9119,16.1589,1.6958,345.2574,1.0,0.0,0.0,0.0,1.0,QUALIFIED
22023,15719.216088328074,-27268.900630914824,0.39625,31.4759,7.0509,4.701,25.9176,5.1056,2.2553,-600.086,1.0,1.0,0.0,0.0,1.0,QUALIFIED
22032,-32252.57085828344,-27082.683632734523,1.2525,42.1153,8.2952,2.6783,20.5039,7.1402,1.8102,-4866.9648,1.0,0.9379,0.2143,1.0,1.0,QUALIFIED
22033,-27146.876811594204,-27197.543478260865,0.215625,38.4273,4.0607,1.9888,10.7172,3.4296,1.028,-4710.2316,1.0,0.9892,0.076,1.0,1.0,QUALIFIED
22123,16656.392697466472,-27614.30377545952,1.258125,32.2495,6.1443,3.8487,19.7821,4.7175,2.6396,-572.4748,1.0,1.0,0.0,0.15996,1.0,QUALIFIED
22150,15396.74231464738,-27810.666365280296,0.345625,31.7889,5.0829,3.0908,16.0369,3.5644,1.5745,-602.4427,1.0,1.0,0.0,0.039783,1.0,QUALIFIED
22156,14690.67647058823,-27779.61982570807,0.286875,31.4256,6.272,3.5457,18.7875,5.47,2.7943,-590.8145,1.0,1.0,0.0,0.0,1.0,QUALIFIED
22161,-12650.820512820515,-27620.17307692308,0.0975,30.3798,17.9749,3.7898,27.6767,16.2366,1.7799,-506.8577,1.0,0.0151,0.0737,1.0,1.0,QUALIFIED
22164,6780.039358600581,-27248.57069970845,0.8575,28.08,7.2337,2.8586,21.4838,6.3556,2.2154,-111.2772,1.0,0.0364,0.1486,0.0,1.0,QUALIFIED
22175,-32128.81325301205,-27689.56024096385,0.10375,42.4142,4.2114,4.6625,29.2511,3.8215,2.4092,-4947.9778,1.0,1.0,0.0,1.0,1.0,QUALIFIED
22193,-27816.840361445786,-27990.162650602404,0.2075,39.4617,3.1871,1.7481,8.0848,2.4823,0.9198,-4719.2895,1.0,1.0,0.0,1.0,1.0,QUALIFIED
22198,-31144.0822147651,-27772.69630872483,0.3725,41.7286,3.3666,2.2274,12.7694,2.5091,1.3769,-4947.2681,1.0,1.0,0.0,1.0,1.0,QUALIFIED
22215,-31802.63878326996,-27907.48479087453,0.32875,42.3111,3.5903,2.3841,17.6538,2.745,1.488,-4955.3575,1.0,1.0,0.0,1.0,1.0,QUALIFIED
22231,15892.784424379235,-27841.48645598194,0.276875,32.0589,5.1903,2.7072,15.8918,3.8114,1.556,-580.9813,1.0,1.0,0.0,0.162528,1.0,QUALIFIED
22234,-28299.904761904763,-27834.0238095238,0.105,39.694,2.5085,1.3167,9.1758,1.9088,0.615,-4721.5509,1.0,0.9971,0.0261,1.0,1.0,QUALIFIED
22258,-34108.946712018136,-28125.12358276645,0.275625,44.209,8.0657,3.0779,18.1564,6.684,1.8727,-4913.3564,1.0,0.908,0.2523,1.0,1.0,QUALIFIED
22273,-28746.333333333336,-27989.192982456138,0.21375,40.1216,3.0181,2.0632,13.6004,2.1317,0.7082,-4721.7562,1.0,0.9985,0.026,1.0,1.0,QUALIFIED
22289,-31531.58465608465,-28193.54761904762,0.118125,42.2979,2.6612,1.7419,13.342,1.8806,0.5291,-4951.2254,1.0,1.0,0.0,1.0,1.0,QUALIFIED
22303,-30173.8026874116,-28246.88330975955,0.441875,41.3321,8.1353,3.237,22.0093,7.1156,2.1866,-4888.5606,1.0,1.0,0.0,1.0,1.0,QUALIFIED
22319,14977.126970227677,-27809.657618213663,0.356875,31.5869,6.9256,3.4745,22.3813,5.4174,1.9144,-598.5297,1.0,1.0,0.0,0.015762,1.0,QUALIFIED
22351,-30881.17590987869,-28217.30762564992,0.360625,41.8313,3.8506,2.6978,17.8457,2.8838,1.6444,-4946.8351,1.0,1.0,0.0,1.0,1.0,QUALIFIED
22355,-1068.9725848563976,-28222.67232375979,0.239375,28.2434,18.2142,2.5222,25.3851,16.4528,0.9832,-793.7343,1.0,0.0,0.0,1.0,1.0,QUALIFIED
22360,-33977.8719879518,-28475.02710843373,0.415,44.3319,5.0548,3.368,25.9596,4.4949,3.1637,-4941.78,1.0,0.9648,0.1681,1.0,1.0,QUALIFIED
22361,-28334.25912408759,-28315.558394160587,0.3425,40.0575,4.3304,2.4908,23.7693,2.8588,0.7847,-4720.3567,1.0,0.9957,0.0411,1.0,1.0,QUALIFIED
22377,-27408.237260402057,-28891.93805516596,1.336875,39.8241,7.1417,2.7351,19.2946,6.1166,1.7703,-4682.9081,1.0,0.9999,0.0043,1.0,1.0,QUALIFIED
22379,-325.2863247863206,-28357.08547008547,0.14625,28.3594,19.1567,2.3651,25.2254,17.3671,1.1666,-697.273,1.0,0.0,0.0,1.0,1.0,QUALIFIED
22383,-31840.67857142857,-28427.625,0.105,42.6844,4.3042,3.0116,13.0808,2.7205,1.128,-4955.9169,1.0,1.0,0.0,1.0,1.0,QUALIFIED
22384,-29243.634715025903,-28421.46891191709,0.603125,40.7795,7.7797,3.4185,25.7691,6.6925,2.5947,-4756.053,1.0,1.0,0.0,1.0,1.0,QUALIFIED
22402,-31080.14824120603,-28564.19849246231,0.124375,42.2124,3.0006,1.7838,8.4212,2.9394,1.444,-4942.4529,1.0,1.0,0.0,1.0,1.0,QUALIFIED
22403,-30627.02173913044,-28568.413043478256,0.14375,41.8828,5.9035,2.3675,14.8493,5.0917,2.1328,-4925.6849,1.0,1.0,0.0,1.0,1.0,QUALIFIED
22409,5399.884615384617,-28317.0,0.08125,28.8279,6.8025,3.357,17.9848,6.5341,1.7406,-409.7286,1.0,0.0566,0.1771,1.0,1.0,QUALIFIED
22421,22528.94852941176,-28042.367647058825,0.425,35.9719,12.757,2.7753,23.2781,11.2037,1.5549,1389.0571,1.0,0.0056,0.0574,1.0,1.0,QUALIFIED
22442,-31473.57692307692,-28555.39743589744,0.121875,42.497,4.0202,2.0702,9.7159,3.2437,1.6417,-4952.2862,1.0,1.0,0.0,1.0,1.0,QUALIFIED
22443,-27695.25806451613,-28368.163594470054,0.27125,39.6457,3.7565,2.1587,15.404,3.0981,1.2682,-4726.4548,1.0,0.9968,0.0479,1.0,1.0,QUALIFIED
22491,16997.962214411244,-28504.816344463965,0.355625,33.1889,6.7077,3.4379,21.1966,5.2906,2.9626,-559.9899,1.0,1.0,0.0,1.0,1.0,QUALIFIED
22493,-32293.77689243028,-28762.14940239044,0.31375,43.2452,4.1812,2.828,14.5985,3.5099,2.208,-4955.7225,1.0,1.0,0.0,1.0,1.0,QUALIFIED
22495,-2666.407079646022,-27909.45575221238,0.70625,28.037,14.2737,3.3341,25.0005,12.735,2.3937,-873.1838,1.0,0.001,0.0212,1.0,1.0,QUALIFIED
22496,5476.66262975779,-28596.039792387543,0.180625,29.1163,10.7,4.4733,23.6004,9.665,3.7221,-437.3819,1.0,0.0634,0.2009,1.0,1.0,QUALIFIED
22504,17493.015625,-28767.9375,0.2,33.6697,7.745,3.4821,17.7556,6.8769,2.6915,-535.7126,1.0,1.0,0.0,1.0,1.0,QUALIFIED
22527,15665.611111111117,-28724.22222222222,0.1125,32.7191,4.0514,2.251,10.8899,3.7668,1.3671,-565.8964,1.0,1.0,0.0,1.0,1.0,QUALIFIED
22529,-33049.3726042841,-28948.59808342728,0.554375,43.9349,4.6513,3.8775,29.2273,3.475,1.8083,-4960.4626,1.0,1.0,0.0,1.0,1.0,QUALIFIED
22532,-28152.03846153846,-28783.73076923077,0.1625,40.2622,5.4261,2.1205,13.5133,4.524,1.0693,-4735.6435,1.0,1.0,0.0,1.0,1.0,QUALIFIED
22541,-29613.049309664697,-28879.80078895464,0.63375,41.3639,7.9893,2.7184,20.4886,6.9544,1.8341,-4810.9664,1.0,1.0,0.0,1.0,1.0,QUALIFIED
22546,16017.65217391304,-28697.0,0.14375,32.8653,6.7439,3.794,22.0382,4.5955,1.6688,-579.8621,1.0,1.0,0.0,1.0,1.0,QUALIFIED
22547,16350.668224299065,-28604.03938584779,0.468125,32.9481,6.9775,4.8148,27.0812,5.1462,2.4882,-574.2635,1.0,1.0,0.0,1.0,1.0,QUALIFIED
22566,16770.8133640553,-28885.559907834104,0.135625,33.4018,3.5123,1.7113,8.1659,3.0047,1.0101,-557.1342,1.0,1.0,0.0,1.0,1.0,QUALIFIED
22606,22992.37234042553,-29084.712765957447,0.146875,37.0759,11.2034,3.4171,20.9335,10.0692,2.1499,1183.4461,1.0,0.0044,0.0461,0.842553,1.0,QUALIFIED
22625,28183.03333333333,-28801.966666666674,0.234375,40.2976,10.521,3.3323,21.3532,9.6309,2.0483,1304.6768,1.0,0.065,0.2172,0.0,1.0,QUALIFIED
22646,-28797.52486678508,-29157.27087033748,0.351875,40.981,5.7528,3.283,17.9367,4.3292,1.6545,-4734.4507,1.0,1.0,0.0,1.0,1.0,QUALIFIED
22702,12750.09322033899,-28920.60169491525,0.184375,31.6071,13.0368,4.5766,22.3456,11.3742,3.5567,-163.3713,1.0,0.8766,0.311,0.589831,1.0,QUALIFIED
22739,-25388.14367816092,-29260.706896551725,0.10875,38.7395,3.8005,2.1131,11.1584,3.3885,1.3971,-4579.0731,1.0,0.9389,0.2006,1.0,1.0,QUALIFIED
22752,-12649.205179282872,-29173.90239043825,0.156875,31.7984,7.8937,3.237,21.4847,6.4347,1.7215,-684.0231,1.0,0.0674,0.2359,1.0,1.0,QUALIFIED
22756,17428.546762589925,-29261.730215827338,0.17375,34.0595,7.8229,3.568,19.4988,6.4061,1.6091,-526.9656,1.0,1.0,0.0,1.0,1.0,QUALIFIED
22792,-21819.25,-28893.05598669623,1.1275,36.2063,12.3096,2.9484,27.6004,10.8403,1.644,-3999.2985,1.0,0.0411,0.1604,1.0,1.0,QUALIFIED
22826,16758.262886597935,-29489.577319587625,0.12125,33.9193,7.034,3.1676,17.037,6.2902,2.333,-534.7984,1.0,1.0,0.0,1.0,1.0,QUALIFIED
22843,-5306.430656934303,-29760.175182481747,0.17125,30.23,5.1416,2.7543,17.0955,4.8035,1.7288,-1695.4063,1.0,0.1387,0.2932,1.0,1.0,QUALIFIED
22854,4138.32488479263,-29407.190092165896,1.085,29.6975,12.3172,4.3151,29.1409,10.8846,3.3181,-840.2208,1.0,0.0476,0.1768,0.857143,1.0,QUALIFIED
22876,-13886.601598173516,-29926.26940639269,0.5475,32.9914,11.541,4.9218,27.4255,10.4242,3.8385,-836.7673,1.0,0.1282,0.2804,1.0,1.0,QUALIFIED
22892,4528.071428571428,-29601.37969924812,0.083125,29.9463,12.563,2.6864,18.0201,11.2613,1.3801,-799.8063,1.0,0.062,0.1931,0.526316,1.0,QUALIFIED
22927,13824.127791563276,-30008.37096774194,0.251875,33.0402,8.5024,4.0127,27.0277,7.6985,3.5234,-123.3142,1.0,0.1857,0.3352,1.0,1.0,QUALIFIED
22956,-11650.721483942412,-30283.414728682168,0.564375,32.4475,15.5118,4.2627,27.2287,13.6336,2.4108,-903.6372,1.0,0.0307,0.1536,1.0,1.0,QUALIFIED
22962,-33371.243639921726,-30177.92465753424,0.319375,44.9927,6.49,3.8463,23.2714,5.2415,2.4442,-4955.2709,1.0,1.0,0.0,1.0,1.0,QUALIFIED
23035,16227.167682926824,-29904.949695121963,0.41,34.0246,8.6664,4.1711,23.5445,7.7028,3.4594,-460.1409,1.0,1.0,0.0,1.0,1.0,QUALIFIED
23070,-28156.04885404101,-29945.0066344994,0.518125,41.1031,11.5606,2.7497,25.5574,9.789,1.3497,-4634.3241,1.0,1.0,0.0,1.0,1.0,QUALIFIED
23080,-9957.678217821784,-30435.48629093678,0.820625,32.0233,9.3696,4.5662,27.8563,7.9309,2.7518,-1246.4591,1.0,0.0259,0.1311,1.0,1.0,QUALIFIED
23093,-26696.66745283019,-30320.431603773584,0.795,40.3986,9.1339,4.5798,29.656,7.9744,3.6423,-4464.5731,1.0,0.8625,0.3273,1.0,1.0,QUALIFIED
23145,-27084.27192982456,-30619.236842105267,0.1425,40.8791,4.3532,2.7788,14.1065,3.9984,2.0826,-4447.3872,1.0,0.9179,0.2188,1.0,1.0,QUALIFIED
23149,-6904.693548387098,-30753.612903225803,0.19375,31.5196,7.6939,3.5486,17.109,7.0849,2.2502,-1708.2741,1.0,0.0308,0.1339,1.0,1.0,QUALIFIED
23262,-9431.354523950322,-31225.10615020698,2.11375,32.6187,10.5236,4.7656,29.7519,9.0222,3.7423,-1355.481,1.0,0.0241,0.1264,1.0,1.0,QUALIFIED
23316,14718.885593220344,-31175.45338983051,0.1475,34.4761,6.8448,4.5686,20.6791,6.4666,4.0092,-76.4971,1.0,0.0908,0.2417,1.0,1.0,QUALIFIED
23321,-2904.5123456790097,-31166.78395061729,0.455625,31.3023,9.9617,2.5063,17.436,8.6976,1.6873,-1675.3607,1.0,0.0364,0.161,0.890261,1.0,QUALIFIED
23327,-8283.015337423312,-31164.99079754601,0.101875,32.2473,10.3252,3.4691,21.9137,9.1131,1.3728,-1504.0861,1.0,0.014,0.1109,1.0,1.0,QUALIFIED
23395,-1160.9234527687297,-31108.457654723126,2.878125,31.1306,11.6884,3.9906,26.9295,10.29,3.1916,-1599.9707,1.0,0.0104,0.0851,0.406515,1.0,QUALIFIED
23415,-8651.577097505666,-31303.41156462585,0.275625,32.4773,9.6025,3.0861,21.5546,8.3518,1.9674,-1451.1398,1.0,0.01,0.0872,1.0,1.0,QUALIFIED
23455,-6376.323045267491,-31575.32304526749,0.151875,32.2131,6.2269,4.0157,19.3937,5.185,3.0347,-1773.8339,1.0,0.1641,0.3094,1.0,1.0,QUALIFIED
23522,1850.253768844217,-32147.615577889446,0.124375,32.2013,6.1954,3.3632,27.4507,5.8568,2.4503,-1604.9282,1.0,0.123,0.2619,0.0,1.0,QUALIFIED
23583,-8820.232937685461,-32109.663204747776,0.210625,33.2994,5.193,2.4341,13.0121,4.7289,1.6189,-1490.8045,1.0,0.1002,0.2408,1.0,1.0,QUALIFIED
23610,-23183.21604938272,-32143.944444444453,0.10125,39.6321,15.0792,2.2189,20.3259,13.9614,1.556,-4506.0128,1.0,0.0,0.0,1.0,1.0,QUALIFIED
23614,1346.2839805825206,-32132.995145631063,0.2575,32.1617,10.0054,2.8828,28.8466,9.0497,1.7556,-1637.5858,1.0,0.1092,0.2472,0.0,1.0,QUALIFIED
23627,2509.792887029289,-32081.90585774058,0.746875,32.1805,7.6003,3.9634,21.7601,6.5564,2.9058,-1621.1548,1.0,0.1107,0.2611,0.029289,1.0,QUALIFIED
23628,17038.250000000007,-32324.84090909091,0.1375,36.541,5.1212,2.5457,12.0277,4.6527,2.2714,4.7405,1.0,0.0935,0.2546,0.790909,1.0,QUALIFIED
23663,-6820.55051590714,-31772.742691315565,2.9075,32.497,8.6134,4.5257,29.1747,7.1702,3.1766,-1744.8073,1.0,0.1479,0.3171,1.0,1.0,QUALIFIED
23664,-1053.4872673849168,-32436.179725759062,0.638125,32.4538,5.1477,2.8923,18.6571,4.2033,1.9347,-1801.0314,1.0,0.1646,0.3321,0.0,1.0,QUALIFIED
23778,-1434.2786259541972,-32967.82061068702,0.081875,32.9995,4.4505,2.5262,15.9803,3.5781,1.1231,-1805.9789,1.0,0.1331,0.2775,0.0,1.0,QUALIFIED
23904,-228.2777777777737,-33230.7091503268,0.095625,33.232,5.899,2.7354,13.7613,4.3743,1.2531,-1792.1522,1.0,0.8277,0.3331,0.0,1.0,QUALIFIED
23911,-6543.718954248368,-33403.01307189543,0.19125,34.0383,5.6667,3.4695,17.9783,4.2595,1.8648,-1807.9878,1.0,0.7834,0.3497,0.0,1.0,QUALIFIED
23915,-315.8100775193816,-33492.523255813954,0.080625,33.4945,4.005,2.0453,11.9082,3.1147,1.2169,-1792.334,1.0,0.8012,0.3134,0.0,1.0,QUALIFIED
23960,8656.586614173226,-33657.86614173227,0.15875,34.7539,6.2632,1.9921,11.3729,5.5371,1.4527,-2890.92,1.0,1.0,0.0,1.0,1.0,QUALIFIED
24000,7868.071428571435,-33814.857142857145,0.0875,34.7188,2.9122,1.4141,6.5784,2.6411,1.0723,-2919.7211,1.0,1.0,0.0,1.0,1.0,QUALIFIED
24017,9405.493803622492,-34012.98903717825,1.31125,35.2901,8.1222,4.0312,21.8062,7.0385,3.2839,-2835.3251,1.0,1.0,0.0,1.0,1.0,QUALIFIED
24032,-26714.01304945055,-34188.03021978022,0.91,43.3874,6.2217,3.6427,27.7142,5.0594,2.5044,-5748.8302,1.0,1.0,0.0,1.0,1.0,QUALIFIED
24038,21211.170020120728,-33993.061368209266,0.310625,40.0687,6.0624,3.1612,18.4378,5.4122,2.0216,-411.5921,1.0,0.0266,0.1264,0.0,1.0,QUALIFIED
24045,6826.950980392154,-33885.03921568628,0.1275,34.5665,5.9392,3.354,18.7625,4.8474,2.8516,-2908.7374,1.0,1.0,0.0,1.0,1.0,QUALIFIED
24063,8365.249414519902,-33774.90983606556,0.53375,34.796,6.5223,3.6778,18.9633,5.6934,3.038,-2897.3404,1.0,1.0,0.0,1.0,1.0,QUALIFIED
24069,-10613.769230769234,-34137.769230769234,0.08125,35.75,11.6936,3.3041,19.0175,10.1824,1.7054,-578.1652,1.0,0.0086,0.0786,1.0,1.0,QUALIFIED
24086,-2692.1666666666715,-34071.72222222222,0.106875,34.1784,4.2276,2.4101,14.1117,3.5996,2.1176,-1831.0781,1.0,0.822,0.3296,0.0,1.0,QUALIFIED
24096,10287.080645161288,-34285.14516129032,0.096875,35.7958,4.6729,1.8664,9.6174,4.5568,1.4028,-2888.9747,1.0,1.0,0.0,1.0,1.0,QUALIFIED
24102,-5725.916666666664,-34166.30555555556,0.1125,34.6432,5.2983,3.0768,16.7709,4.7684,1.8512,-1819.1062,1.0,0.8087,0.3204,0.0,1.0,QUALIFIED
24116,6328.445601074542,-34070.75587642714,0.930625,34.6541,5.2649,3.3792,21.1505,4.3345,2.7238,-2897.1509,1.0,1.0,0.0,1.0,1.0,QUALIFIED
24117,7995.640939597317,-34159.90268456376,0.093125,35.0838,4.9636,2.5363,14.4573,3.825,1.2906,-2924.3071,1.0,1.0,0.0,1.0,1.0,QUALIFIED
24118,-27149.827956989247,-34450.30645161291,0.2325,43.8628,6.3064,3.6927,19.0654,4.4304,2.5089,-5763.9343,1.0,1.0,0.0,1.0,1.0,QUALIFIED
24132,7128.927549194988,-34295.29606440071,0.349375,35.029,4.6519,2.807,19.1946,3.7865,1.707,-2916.6816,1.0,1.0,0.0,1.0,1.0,QUALIFIED
24134,-28557.759450171823,-33973.812714776635,0.36375,44.3821,4.1339,2.1821,16.2977,3.7316,1.8186,-5742.3449,1.0,1.0,0.0,1.0,1.0,QUALIFIED
24164,-2818.5869565217363,-34591.41304347826,0.359375,34.7065,5.1005,3.2724,23.9728,3.9439,2.6103,-1836.6276,1.0,0.9016,0.2551,0.0,1.0,QUALIFIED
24165,-24806.024079320112,-34470.17988668555,0.220625,42.4681,8.2665,3.4141,21.4621,6.9443,2.0676,-5698.7866,1.0,1.0,0.0,1.0,1.0,QUALIFIED
24213,-25794.78260869565,-34345.19565217392,0.71875,42.9531,7.751,3.7057,29.4459,6.3054,2.3678,-5735.2889,1.0,1.0,0.0,1.0,1.0,QUALIFIED
24214,-25852.59580838324,-34626.59580838322,0.104375,43.213,4.3715,2.8407,14.3391,3.1069,0.9463,-5751.6879,1.0,1.0,0.0,1.0,1.0,QUALIFIED
24219,8300.833992094864,-34573.56126482214,0.31625,35.5567,5.3338,3.4588,17.7018,4.0912,1.9517,-2938.7094,1.0,1.0,0.0,1.0,1.0,QUALIFIED
24223,-3100.271689497713,-34693.33561643836,0.136875,34.832,7.338,4.0495,24.2455,4.9357,1.3226,-1843.3394,1.0,0.9814,0.1,0.0,1.0,QUALIFIED
24224,5690.129011553276,-35054.57060333762,0.486875,35.514,5.8661,3.2642,22.8719,4.9662,2.7752,-2917.4908,1.0,1.0,0.0,1.0,1.0,QUALIFIED
24238,-3340.8543307086657,-34636.31102362204,0.079375,34.7975,3.6923,2.3229,12.0842,3.3386,1.4473,-1835.7575,1.0,0.9975,0.0206,0.0,1.0,QUALIFIED
24245,5678.061452513968,-34457.460893854746,0.22375,34.9227,4.0882,2.0109,13.2259,3.198,0.8821,-2893.9192,1.0,1.0,0.0,1.0,1.0,QUALIFIED
24246,10323.969496021222,-34739.75198938993,0.235625,36.242,4.7646,3.0477,17.3398,3.5094,1.6354,-2912.5533,1.0,1.0,0.0,0.625995,1.0,QUALIFIED
24269,-24877.516129032258,-34841.53629032259,0.155,42.8116,5.85,3.2717,16.6532,4.7575,2.0475,-5725.1077,1.0,1.0,0.0,1.0,1.0,QUALIFIED
24275,-3764.906779661018,-34914.471751412435,0.110625,35.1173,4.4054,2.1296,10.6316,3.2138,1.3144,-1829.506,1.0,1.0,0.0,0.0,1.0,QUALIFIED
24279,10708.758177570096,-34857.443925233645,0.535,36.4659,5.24,2.9558,17.8299,4.1482,2.2069,-2901.314,1.0,1.0,0.0,0.247664,1.0,QUALIFIED
24281,-24692.4776119403,-34824.5,0.08375,42.6904,5.9087,2.8159,12.5862,4.6363,1.1168,-5714.1982,1.0,1.0,0.0,1.0,1.0,QUALIFIED
24289,7053.731625835186,-34846.270601336306,0.280625,35.5536,4.3268,2.7666,17.7099,3.5638,1.8689,-2925.3219,1.0,1.0,0.0,1.0,1.0,QUALIFIED
24294,-24271.82523148148,-35367.179398148146,0.54,42.8949,6.899,3.9913,29.9832,5.2266,1.9399,-5711.11,1.0,1.0,0.0,1.0,1.0,QUALIFIED
24305,9774.281341107868,-34605.84110787172,0.214375,35.9603,8.0615,2.9485,17.1278,6.8096,1.8494,-2873.5191,1.0,1.0,0.0,1.0,1.0,QUALIFIED
24311,-26494.25,-34780.125,0.1,43.722,5.565,2.739,14.2107,4.1575,0.9043,-5761.1885,1.0,1.0,0.0,1.0,1.0,QUALIFIED
24312,7730.031984334208,-34883.883159268924,0.9575,35.7307,4.2663,3.3768,24.0718,3.0475,1.7878,-2934.3796,1.0,1.0,0.0,1.0,1.0,QUALIFIED
24313,9515.07788944724,-34862.31407035176,0.124375,36.1381,5.7373,2.2793,10.9141,4.551,1.4304,-2858.8555,1.0,1.0,0.0,1.0,1.0,QUALIFIED
24316,-25752.82300884956,-35004.58849557521,0.14125,43.4573,4.17,2.2174,10.4354,3.264,0.789,-5755.7995,1.0,1.0,0.0,1.0,1.0,QUALIFIED
24325,-681.6214953271046,-35117.58411214953,0.334375,35.1247,10.3746,3.8301,20.1626,8.4784,2.6864,-1847.1949,1.0,0.9967,0.0488,0.957009,1.0,QUALIFIED
24330,26522.65789473684,-35076.21052631579,0.11875,43.9756,6.5518,2.2268,14.3978,5.6688,0.9737,-695.7246,1.0,1.0,0.0,1.0,1.0,QUALIFIED
24337,-10246.214285714284,-34781.6768707483,0.459375,36.2598,11.2388,4.5203,28.0069,9.8738,2.8032,-536.4046,1.0,0.1908,0.3436,1.0,1.0,QUALIFIED
24340,5039.70655270655,-34716.05982905983,0.43875,35.0805,4.8482,2.7078,15.6408,3.9554,1.9901,-2894.652,1.0,1.0,0.0,1.0,1.0,QUALIFIED
24343,-4581.034351145034,-35042.756997455464,0.245625,35.3414,5.6491,2.8977,14.6384,4.6222,1.9603,-1819.8036,1.0,1.0,0.0,0.0,1.0,QUALIFIED
24365,-25096.264272559853,-35071.921731123395,0.339375,43.1262,5.5513,4.0073,27.7166,4.3482,2.5115,-5738.6703,1.0,1.0,0.0,1.0,1.0,QUALIFIED
24367,-3848.372340425536,-35200.56382978724,0.088125,35.4107,9.0396,4.212,16.888,7.0257,2.1019,-1835.9313,1.0,1.0,0.0,0.0,1.0,QUALIFIED
24372,-27017.010416666668,-35125.85416666667,0.3,44.3142,7.1846,4.5249,23.6731,5.6126,3.0058,-5770.6182,1.0,1.0,0.0,1.0,1.0,QUALIFIED
24419,5134.8540772532215,-35471.38841201717,0.29125,35.8417,4.4761,2.7083,20.4811,3.8506,2.5045,-2917.6373,1.0,1.0,0.0,1.0,1.0,QUALIFIED
24422,-21281.24398249453,-35252.78227571116,0.285625,41.1784,18.6795,2.5093,25.7346,16.9307,1.6616,-5282.5765,1.0,1.0,0.0,1.0,1.0,QUALIFIED
24449,-25895.616861435727,-35299.353923205344,0.74875,43.7794,5.7667,4.1843,24.3009,4.7734,3.1776,-5755.5526,1.0,1.0,0.0,1.0,1.0,QUALIFIED
24452,8620.018867924533,-34893.78066037735,0.53,35.9433,7.4531,4.9783,23.6566,6.3155,3.9944,-2917.8368,1.0,1.0,0.0,1.0,1.0,QUALIFIED
24468,10242.891719745225,-35349.4203821656,0.19625,36.8041,6.1558,3.43,16.1217,4.7633,1.861,-2926.7605,1.0,1.0,0.0,0.0,1.0,QUALIFIED
24472,-2627.123376623378,-35655.344155844155,0.09625,35.7525,5.4946,2.913,16.3199,5.0593,2.3647,-1843.6166,1.0,0.9366,0.1943,0.0,1.0,QUALIFIED
24475,-2316.0357142857174,-35609.5,0.0875,35.6852,8.6985,3.7319,22.0511,6.3536,1.7996,-1858.6171,1.0,0.912,0.2492,0.035714,1.0,QUALIFIED
24486,6796.659090909088,-35511.621212121216,0.0825,36.1568,4.0414,3.023,14.346,3.4212,1.7624,-2940.0182,1.0,1.0,0.0,1.0,1.0,QUALIFIED
24487,8783.909340659338,-35387.206043956045,0.2275,36.4617,4.9332,2.8712,17.3383,3.9047,1.513,-2900.52,1.0,1.0,0.0,1.0,1.0,QUALIFIED
24488,9273.157289002564,-35223.34910485933,0.48875,36.4242,5.162,2.6211,15.1959,4.2586,1.9,-2873.9668,1.0,1.0,0.0,0.754476,1.0,QUALIFIED
24489,11331.82519422863,-35170.72641509434,0.563125,36.9518,5.3446,3.2885,19.6323,4.5923,2.8445,-2887.4791,1.0,1.0,0.0,0.0,1.0,QUALIFIED
24497,7808.220930232565,-35487.678294573634,0.080625,36.3371,3.8303,2.2838,11.5519,3.0277,1.241,-2945.3891,1.0,1.0,0.0,1.0,1.0,QUALIFIED
24503,-3621.455882352937,-35513.5294117647,1.0625,35.6981,7.1496,4.8475,25.6545,5.8979,3.8377,-1817.017,1.0,0.9933,0.0628,0.0,1.0,QUALIFIED
24521,-27030.28395061728,-35757.83333333334,0.10125,44.8249,4.411,2.7681,17.9828,4.2123,1.9513,-5765.8454,1.0,1.0,0.0,1.0,1.0,QUALIFIED
24525,4475.608870967742,-34958.89516129032,0.775,35.2448,8.4229,3.9507,22.5337,7.2881,3.3117,-2853.7994,1.0,1.0,0.0,1.0,1.0,QUALIFIED
24527,-27397.09940209268,-35540.12032884902,0.418125,44.8744,6.7001,4.5289,27.2976,5.3287,3.9879,-5772.6015,1.0,1.0,0.0,1.0,1.0,QUALIFIED
24529,-2900.7659574468125,-35834.207446808505,0.1175,35.9519,5.3276,2.6444,13.9529,3.7881,1.4529,-1849.2849,1.0,1.0,0.0,0.0,1.0,QUALIFIED
24530,7150.306451612902,-35578.5770609319,0.34875,36.2906,2.6097,1.8106,10.178,1.8764,0.9534,-2937.1116,1.0,1.0,0.0,1.0,1.0,QUALIFIED
24537,10987.207182320446,-35647.059852670354,0.339375,37.3025,4.7449,2.8903,15.9673,3.6514,1.6577,-2892.8173,1.0,1.0,0.0,0.0,1.0,QUALIFIED
24546,24977.02808988764,-35893.32022471911,0.166875,43.7292,8.6292,3.5487,28.5196,7.363,1.5925,-896.1658,1.0,1.0,0.0,1.0,1.0,QUALIFIED
24547,-23245.514245014245,-35733.18945868946,0.219375,42.6289,7.3069,3.3228,14.488,6.3765,2.6601,-5668.9969,1.0,1.0,0.0,1.0,1.0,QUALIFIED
24556,935.427152317876,-35693.04304635762,0.094375,35.7058,7.7332,3.9543,18.2981,7.323,3.2423,-1896.5563,1.0,1.0,0.0,1.0,1.0,QUALIFIED
24558,-25406.39285714285,-35789.678571428565,0.175,43.8907,8.5085,3.2737,16.2372,7.3009,1.8069,-5774.672,1.0,1.0,0.0,1.0,1.0,QUALIFIED
24560,24384.2667638484,-35916.62827988337,0.214375,43.4126,7.7359,3.9181,18.0149,6.2984,2.6128,-935.353,1.0,1.0,0.0,1.0,1.0,QUALIFIED
24569,8120.4409594096,-35804.06642066421,0.33875,36.714,5.111,3.3595,18.4222,3.9738,2.2134,-2929.3336,1.0,1.0,0.0,1.0,1.0,QUALIFIED
24578,-994.2250996015936,-35809.85856573706,0.156875,35.8241,10.7689,4.001,20.626,9.7711,3.1757,-1891.6497,1.0,0.9337,0.2321,1.0,1.0,QUALIFIED
24579,6818.007751937992,-36021.3992248062,0.16125,36.6616,5.0838,4.9918,24.5714,3.1551,1.9022,-2941.2971,1.0,1.0,0.0,1.0,1.0,QUALIFIED
24584,-26554.84065934065,-35861.58791208791,0.284375,44.6231,4.9453,3.9911,22.3437,4.2893,3.1195,-5760.1505,1.0,1.0,0.0,1.0,1.0,QUALIFIED
24587,8789.169421487597,-36008.900826446275,0.45375,37.0666,4.856,2.3546,15.8193,3.8399,1.475,-2911.0439,1.0,1.0,0.0,0.363636,1.0,QUALIFIED
24603,-2588.892857142855,-36014.5,0.0875,36.1079,4.4651,2.1218,10.6717,3.6404,0.6964,-1848.9417,1.0,0.9749,0.1339,0.25,1.0,QUALIFIED
24608,-24802.64285714286,-35982.928571428565,0.109375,43.703,4.7291,3.7823,22.8699,4.2242,2.889,-5739.6039,1.0,1.0,0.0,1.0,1.0,QUALIFIED
24627,10122.885236447515,-35584.64994232987,0.541875,36.9971,6.4169,2.7944,15.5604,5.2428,1.821,-2908.5927,1.0,1.0,0.0,0.087659,1.0,QUALIFIED
24628,12336.72826086956,-36085.233695652176,0.115,38.1364,4.0768,1.8919,11.9079,3.3632,0.7436,-2839.8267,1.0,1.0,0.0,0.0,1.0,QUALIFIED
24643,9463.143533123024,-35942.034174553104,0.594375,37.1675,4.99,2.8907,21.2421,3.9072,1.7432,-2889.5015,1.0,1.0,0.0,0.014721,1.0,QUALIFIED
24653,3613.560887512896,-35729.2987616099,0.605625,35.9121,7.4127,4.3202,22.7502,6.3415,3.5385,-2835.5664,1.0,1.0,0.0,1.0,1.0,QUALIFIED
24664,-26056.65577889448,-36311.64405360134,0.373125,44.6933,4.7188,3.1871,16.6028,3.6221,2.1811,-5754.8596,1.0,1.0,0.0,1.0,1.0,QUALIFIED
24678,6189.465397923879,-36354.08477508651,0.180625,36.8778,5.6803,3.5961,15.8775,4.3816,2.0297,-2936.1041,1.0,1.0,0.0,1.0,1.0,QUALIFIED
24679,12106.491525423737,-36485.16384180791,0.22125,38.4419,3.6733,2.5099,14.8238,2.971,1.3922,-2823.8966,1.0,1.0,0.0,0.0,1.0,QUALIFIED
24682,-20660.889610389608,-36116.22077922078,0.09625,41.6085,11.5865,2.0354,18.0011,11.256,1.6425,-5412.7904,1.0,1.0,0.0,1.0,1.0,QUALIFIED
24689,12431.778481012654,-36465.85021097046,0.148125,38.5273,4.6777,2.0935,12.0211,3.9205,1.3754,-2836.0007,1.0,1.0,0.0,0.0,1.0,QUALIFIED
24699,21619.954545454544,-36365.57142857144,0.09625,42.3076,7.8894,3.0256,15.7795,6.4784,1.352,-655.8974,1.0,0.1873,0.3361,1.0,1.0,QUALIFIED
24706,11706.190140845072,-36318.47007042254,0.355,38.1591,6.2231,3.0305,16.3,5.3364,1.8714,-2857.7235,1.0,1.0,0.0,0.0,1.0,QUALIFIED
24711,10705.744995996793,-36232.38630904725,0.780625,37.7816,4.8593,3.0165,20.2134,3.4821,1.4987,-2912.9782,1.0,1.0,0.0,0.0,1.0,QUALIFIED
24716,23940.474145891043,-36237.24238227148,0.676875,43.4321,7.2587,2.7669,22.2227,6.051,1.8199,-897.9549,1.0,1.0,0.0,1.0,1.0,QUALIFIED
24725,5685.252688172048,-36293.47849462366,0.290625,36.7366,4.2444,2.3645,14.7872,3.2234,1.4344,-2928.5849,1.0,1.0,0.0,1.0,1.0,QUALIFIED
24726,13479.370129870127,-36666.87012987013,0.28875,39.0666,12.7012,3.2682,26.388,11.151,2.5601,-2733.8773,1.0,1.0,0.0,0.0,1.0,QUALIFIED
24742,5020.124303233002,-36131.4397993311,0.560625,36.4791,5.0739,2.7624,17.6426,4.2643,2.1136,-2909.3042,1.0,1.0,0.0,1.0,1.0,QUALIFIED
24744,8060.21428571429,-36373.01190476191,0.105,37.256,5.2898,2.5013,12.62,4.4754,1.251,-2947.9419,1.0,1.0,0.0,0.547619,1.0,QUALIFIED
24745,9874.837837837831,-36445.37837837839,0.23125,37.7601,4.3741,2.4274,13.944,3.8502,1.9191,-2911.125,1.0,1.0,0.0,0.0,1.0,QUALIFIED
24747,26298.78571428571,-36484.142857142855,0.0875,44.9753,6.2949,2.6238,13.3949,5.6174,1.3655,-676.6734,1.0,1.0,0.0,1.0,1.0,QUALIFIED
24753,6525.962765957447,-36334.60638297872,0.1175,36.9166,3.0586,2.3703,16.6529,3.0867,1.7293,-2940.0796,1.0,1.0,0.0,1.0,1.0,QUALIFIED
24754,12925.146298472384,-36485.16392479435,0.531875,38.7076,9.5212,3.5314,20.2943,8.0904,2.959,-2806.897,1.0,1.0,0.0,0.0,1.0,QUALIFIED
24756,18301.29324894515,-36312.9493670886,0.29625,40.6648,9.5713,3.8687,20.807,8.689,2.9988,-1495.0597,1.0,0.9914,0.0761,0.0,1.0,QUALIFIED
24758,-332.170822942644,-36603.365336658346,0.50125,36.6054,5.8675,3.792,24.8207,4.7527,2.1743,-1835.1017,1.0,0.9602,0.157,1.0,1.0,QUALIFIED
24761,-24401.948122215148,-36374.5,0.981875,43.8015,6.7894,4.2914,29.1047,5.5009,3.1441,-5737.9948,1.0,1.0,0.0,1.0,1.0,QUALIFIED
24763,-2509.3095238095266,-36476.59523809524,0.328125,36.5633,7.7296,3.8169,21.1857,6.2453,2.4803,-1842.4706,1.0,0.9838,0.0997,0.95619,1.0,QUALIFIED
24765,7462.899503722088,-36322.32878411911,0.755625,37.0817,4.6902,3.4397,20.9017,3.4695,2.053,-2941.4616,1.0,1.0,0.0,0.986766,1.0,QUALIFIED
24779,-1260.3277212216126,-36525.30266249021,0.798125,36.5475,6.3322,3.516,24.317,4.8048,2.0119,-1854.7563,1.0,0.9508,0.1795,1.0,1.0,QUALIFIED
24783,-24410.274436090225,-36705.8909774436,0.083125,44.0817,3.86,1.9177,9.2665,3.163,1.0548,-5734.2752,1.0,1.0,0.0,1.0,1.0,QUALIFIED
24788,11309.20873786408,-36478.14077669903,0.12875,38.1916,5.3796,2.5863,16.219,4.0187,0.6152,-2891.2035,1.0,1.0,0.0,0.0,1.0,QUALIFIED
24794,3732.484949832775,-36708.739130434784,0.37375,36.8986,6.1134,2.4883,22.0915,5.1252,1.4297,-2859.6218,1.0,1.0,0.0,1.0,1.0,QUALIFIED
24796,21175.80718954248,-36326.62418300654,0.3825,42.0487,13.8048,4.3702,27.5505,12.2458,3.403,-706.262,1.0,0.1492,0.2976,0.393791,1.0,QUALIFIED
24802,-21384.7039800995,-36813.74129353234,0.25125,42.5743,6.6985,3.3362,20.6108,6.0355,2.3481,-5662.7394,1.0,1.0,0.0,1.0,1.0,QUALIFIED
24813,24813.64772727272,-36531.545454545456,0.275,44.1626,4.8515,2.9588,15.5734,4.0341,1.8293,-906.4808,1.0,1.0,0.0,1.0,1.0,QUALIFIED
24823,10460.524305555557,-36818.25,0.18,38.276,4.1987,2.4828,14.2647,3.14,0.878,-2924.1064,1.0,1.0,0.0,0.0,1.0,QUALIFIED
24838,10985.646496815289,-37111.70806794055,0.294375,38.7042,6.3289,2.7835,13.3362,5.1896,1.5784,-2893.7664,1.0,1.0,0.0,0.0,1.0,QUALIFIED
24844,-1309.2912087912118,-37170.79120879121,0.2275,37.1943,3.7375,2.2496,11.7166,2.9787,1.1645,-1855.1422,1.0,1.0,0.0,1.0,1.0,QUALIFIED
24845,68.27224199288321,-37043.89501779359,0.175625,37.0445,7.1602,3.6542,24.0487,6.1625,2.5412,-1825.9872,1.0,0.9774,0.1333,1.0,1.0,QUALIFIED
24859,4840.294979079496,-37142.805439330536,0.746875,37.4574,7.5175,4.7233,26.7915,5.9609,3.4653,-2926.453,1.0,1.0,0.0,1.0,1.0,QUALIFIED
24875,6341.253926701575,-36870.3115183246,0.119375,37.4122,3.9344,3.1814,19.4411,2.8956,0.866,-2954.8176,1.0,1.0,0.0,1.0,1.0,QUALIFIED
24878,12513.61042944785,-36914.68404907976,0.20375,38.9786,5.9987,2.7087,14.3899,5.0233,1.7575,-2835.4395,1.0,1.0,0.0,0.0,1.0,QUALIFIED
24883,-23071.997584541063,-36824.016908212565,0.129375,43.455,4.9067,2.393,13.8884,4.1782,1.087,-5718.6601,1.0,1.0,0.0,1.0,1.0,QUALIFIED
24886,20407.439189189183,-36976.86486486487,0.0925,42.2352,14.7035,2.7263,22.8445,13.419,1.6363,-971.4654,1.0,0.1957,0.3163,0.0,1.0,QUALIFIED
24890,7861.95335820895,-36926.7854477612,0.335,37.755,4.3346,2.7158,20.3575,3.3985,1.6409,-2943.8176,1.0,1.0,0.0,0.128731,1.0,QUALIFIED
24892,11336.149874055409,-36900.57052896725,0.248125,38.6032,4.4922,2.4228,13.2057,3.5944,1.4801,-2881.0176,1.0,1.0,0.0,0.0,1.0,QUALIFIED
24914,4167.917553191488,-37135.33776595745,0.235,37.3691,6.6978,3.7337,17.6153,5.8283,2.5479,-2895.1806,1.0,1.0,0.0,1.0,1.0,QUALIFIED
24915,8443.008583690986,-37171.656652360514,0.29125,38.1191,4.8306,3.7712,20.6664,3.3518,1.5484,-2932.5851,1.0,1.0,0.0,0.0,1.0,QUALIFIED
24936,-24573.468397291195,-37220.831828442446,0.55375,44.6011,6.8678,4.443,29.4361,5.1703,2.428,-5750.3567,1.0,1.0,0.0,1.0,1.0,QUALIFIED
24940,12433.896551724138,-37490.77586206896,0.90625,39.4995,5.6038,2.9698,20.1938,4.4634,1.5293,-2800.7885,1.0,1.0,0.0,0.0,1.0,QUALIFIED
24943,-24013.19054878049,-37378.692073170736,0.41,44.4276,4.8238,2.5271,16.9381,4.1308,1.7602,-5763.7641,1.0,1.0,0.0,1.0,1.0,QUALIFIED
24951,6574.086776859505,-37083.5564738292,0.45375,37.6623,4.3631,2.36,16.6578,3.2522,1.1855,-2950.8599,1.0,1.0,0.0,0.988981,1.0,QUALIFIED
24963,5831.896449704138,-37370.2100591716,0.105625,37.8231,4.8925,3.0432,15.7557,4.0198,1.6099,-2947.9179,1.0,1.0,0.0,1.0,1.0,QUALIFIED
24967,-21342.05844155844,-37365.08441558442,0.09625,43.0308,5.2573,2.2425,15.2821,4.2102,0.5639,-5682.6815,1.0,1.0,0.0,1.0,1.0,QUALIFIED
24969,6179.517006802722,-37204.3469387755,0.18375,37.7146,5.0531,3.2828,20.1382,3.6546,1.9209,-2963.6786,1.0,1.0,0.0,1.0,1.0,QUALIFIED
24974,5679.655746509132,-36915.23576799141,0.581875,37.3502,4.7627,3.8647,27.9232,3.338,1.9,-2940.4165,1.0,1.0,0.0,1.0,1.0,QUALIFIED
24978,-682.8696145124704,-37294.68140589568,0.275625,37.3014,5.5573,3.2468,20.7728,4.4166,1.809,-1857.2695,1.0,0.9861,0.0864,1.0,1.0,QUALIFIED
24990,7428.037472035794,-37825.04530201343,1.1175,38.5481,4.2381,3.6457,29.9549,3.3027,2.1466,-2954.1666,1.0,1.0,0.0,0.012864,1.0,QUALIFIED
24995,13390.450920245392,-37415.987730061344,0.20375,39.7405,4.7224,2.3597,12.1937,4.1035,1.7742,-2780.2947,1.0,1.0,0.0,0.0,1.0,QUALIFIED
25006,12880.376288659798,-37228.36597938144,0.303125,39.3942,6.466,3.6601,19.8358,5.388,2.3668,-2799.5419,1.0,1.0,0.0,0.0,1.0,QUALIFIED
25016,-1557.770408163262,-37532.2806122449,0.1225,37.5651,5.1005,2.8098,12.9946,4.1829,1.7722,-1856.7692,1.0,0.9924,0.0716,1.0,1.0,QUALIFIED
25018,10365.40128755365,-37201.98927038626,0.728125,38.6196,5.2147,3.0401,24.4655,4.1702,2.0922,-2927.1206,1.0,1.0,0.0,0.0,1.0,QUALIFIED
25024,4338.9578313253005,-37512.30120481928,0.10375,37.763,5.9783,4.2173,27.1497,5.2846,2.3752,-2936.267,1.0,1.0,0.0,1.0,1.0,QUALIFIED
25025,5341.464285714283,-37716.19254658386,0.4025,38.0931,3.8266,2.5472,14.0684,3.1213,1.8698,-2936.6725,1.0,1.0,0.0,1.0,1.0,QUALIFIED
25026,11237.968309859149,-37704.69366197183,0.1775,39.3444,5.3445,2.805,18.548,4.0323,1.2094,-2862.7862,1.0,1.0,0.0,0.0,1.0,QUALIFIED
25033,-2012.386395511916,-37501.56872370267,0.445625,37.556,5.3584,2.7096,18.4584,4.2054,1.8707,-1860.3748,1.0,0.9889,0.0822,1.0,1.0,QUALIFIED
25036,11693.090909090904,-37460.5,0.34375,39.2437,8.486,3.9782,20.9187,6.8386,2.5736,-2847.183,1.0,1.0,0.0,0.0,1.0,QUALIFIED
25044,-453.57142857142753,-37684.357142857145,0.21875,37.6876,5.8182,3.0989,18.2871,4.6291,2.2157,-1840.797,1.0,0.9911,0.0746,1.0,1.0,QUALIFIED
25046,9088.504990642548,-37290.56363069246,1.001875,38.3827,8.0251,4.2186,23.5971,6.6567,3.1985,-2947.4584,1.0,1.0,0.0,0.0,1.0,QUALIFIED
25052,-1029.328828828831,-37640.04054054055,0.208125,37.6546,4.8905,3.028,20.097,4.3396,2.5252,-1863.6727,1.0,0.9841,0.1015,1.0,1.0,QUALIFIED
25055,-24416.28125,-37771.0625,0.1,44.9758,5.7525,3.2375,19.8522,4.1243,1.2688,-5782.0998,1.0,1.0,0.0,1.0,1.0,QUALIFIED
25056,-21459.17600141793,-37703.71836228288,1.763125,43.383,6.8848,4.3445,25.8169,5.426,2.8807,-5700.3856,1.0,1.0,0.0,1.0,1.0,QUALIFIED
25071,-23264.5522875817,-37742.96405228759,0.095625,44.3372,4.5532,2.2415,9.2668,3.6462,1.0154,-5740.2188,1.0,1.0,0.0,1.0,1.0,QUALIFIED
25072,4854.3828125,-37704.1875,0.08,38.016,6.1743,3.9346,17.9682,4.1289,1.2439,-2955.9663,1.0,1.0,0.0,1.0,1.0,QUALIFIED
25076,20195.531746031746,-37706.708994709,0.23625,42.7751,7.4012,3.04,19.4661,6.9118,2.5807,-1043.5105,1.0,0.9984,0.0194,0.198413,1.0,QUALIFIED
25082,4834.939560439561,-37943.5934065934,0.11375,38.251,6.4238,3.0106,15.456,5.2345,1.0556,-2953.2971,1.0,1.0,0.0,1.0,1.0,QUALIFIED
25083,6962.882594417075,-37329.63136288998,0.380625,37.974,4.0025,2.8587,14.2002,2.7501,1.3055,-2948.5538,1.0,1.0,0.0,0.361248,1.0,QUALIFIED
25100,13842.942001516303,-38201.43328278999,0.824375,40.6329,12.749,3.889,28.691,11.0648,3.0368,-2695.5535,1.0,1.0,0.0,0.0,1.0,QUALIFIED
25105,6230.194227769105,-38038.15054602183,0.400625,38.5456,3.7099,2.7138,17.2028,2.7576,1.3317,-2950.9673,1.0,1.0,0.0,0.193448,1.0,QUALIFIED
25116,8323.163101604281,-37857.38770053476,0.23375,38.7621,3.151,1.7172,12.7679,2.4954,0.8255,-2941.7476,1.0,1.0,0.0,0.0,1.0,QUALIFIED
25117,9847.606646058724,-37581.8802163833,0.404375,38.8513,6.273,3.5184,20.6451,4.7304,1.6312,-2943.241,1.0,1.0,0.0,0.0,1.0,QUALIFIED
25118,13520.478552278822,-37853.4544235925,0.233125,40.1963,5.3386,2.7488,15.2843,4.534,1.7698,-2764.4915,1.0,1.0,0.0,0.0,1.0,QUALIFIED
25137,5703.370458135862,-38044.918641390206,0.395625,38.4706,6.998,4.3528,26.8091,5.1751,2.6799,-2956.151,1.0,1.0,0.0,0.780411,1.0,QUALIFIED
25141,9957.508982035928,-38153.017964071856,0.20875,39.4316,4.1851,2.4687,13.7608,3.2594,1.2201,-2928.2335,1.0,1.0,0.0,0.0,1.0,QUALIFIED
25153,-21301.102409638555,-38062.95381526103,0.155625,43.6181,5.7837,2.1218,13.2106,4.8838,1.1016,-5703.5939,1.0,1.0,0.0,1.0,1.0,QUALIFIED
25163,9540.1914893617,-37905.284574468096,0.235,39.088,5.989,3.5356,18.9711,5.0256,2.3607,-2925.5758,1.0,1.0,0.0,0.0,1.0,QUALIFIED
25166,12327.567129629628,-37945.043981481474,0.27,39.8979,5.0719,2.9079,17.1177,4.0604,1.913,-2774.2491,1.0,1.0,0.0,0.0,1.0,QUALIFIED
25168,470.0249569707376,-38301.22117039586,0.363125,38.3046,9.7113,4.5585,24.2424,8.4652,3.3118,-1694.8438,1.0,1.0,0.0,1.0,1.0,QUALIFIED
25180,3877.636588380716,-37890.89369592088,1.01125,38.0893,7.5683,3.6937,24.789,6.3103,2.7606,-2890.1113,1.0,1.0,0.0,1.0,1.0,QUALIFIED
25181,8121.792993630574,-38135.487261146496,0.098125,38.9913,2.9075,1.4936,7.6458,2.222,0.8065,-2937.213,1.0,1.0,0.0,0.0,1.0,QUALIFIED
25194,13098.382113821142,-38291.87804878049,0.15375,40.4708,4.4656,2.4642,16.4322,3.7415,1.1562,-2792.6579,1.0,1.0,0.0,0.0,1.0,QUALIFIED
25202,11149.392241379312,-38258.95043103449,1.45,39.851,6.9454,3.2365,24.1696,5.6905,1.9592,-2855.6268,1.0,1.0,0.0,0.0,1.0,QUALIFIED
25204,-22679.76882661997,-38293.69877408056,0.71375,44.5061,5.2674,3.6674,23.1475,3.9595,1.7975,-5760.5276,1.0,1.0,0.0,1.0,1.0,QUALIFIED
25205,-20074.35993485342,-38167.82247557002,0.191875,43.1252,6.8599,4.7213,22.3688,5.4878,3.2429,-5659.1884,1.0,1.0,0.0,1.0,1.0,QUALIFIED
25211,6706.301736613605,-38122.43777134588,0.431875,38.7084,2.8961,1.6883,12.8301,2.3338,1.0342,-2951.2016,1.0,1.0,0.0,0.040521,1.0,QUALIFIED
25250,4784.883386581467,-38387.35942492013,0.195625,38.685,4.1206,1.8543,9.3549,3.1986,1.1458,-2941.8337,1.0,1.0,0.0,1.0,1.0,QUALIFIED
25264,7626.923469387759,-38696.94897959184,0.245,39.442,6.1411,3.4655,17.3919,4.5032,1.7898,-2974.1505,1.0,1.0,0.0,0.0,1.0,QUALIFIED
25276,12165.571428571437,-38335.21428571429,0.1575,40.2199,3.6775,2.3532,16.3812,2.799,1.25,-2766.9989,1.0,1.0,0.0,0.0,1.0,QUALIFIED
25297,4480.145161290326,-38636.64421252372,0.329375,38.8961,5.6454,2.5293,16.4844,4.2227,1.361,-2932.0609,1.0,1.0,0.0,1.0,1.0,QUALIFIED
25298,5304.768199233717,-38676.671136653895,0.489375,39.0393,5.8776,3.7437,27.4705,4.7612,2.8672,-2958.0287,1.0,1.0,0.0,0.389527,1.0,QUALIFIED
25311,-19870.00704225352,-38861.47183098592,0.221875,43.6469,4.2609,2.1805,13.3132,3.5119,1.2853,-5686.1164,1.0,1.0,0.0,1.0,1.0,QUALIFIED
25321,7042.248091603047,-38796.923664122136,0.16375,39.4315,4.1448,2.7166,15.5847,3.2354,1.3827,-2971.5145,1.0,1.0,0.0,0.0,1.0,QUALIFIED
25322,8939.707780725017,-38546.073828470384,0.706875,39.5698,7.0156,3.9445,22.3466,5.6032,2.7456,-2947.7005,1.0,1.0,0.0,0.0,1.0,QUALIFIED
25323,11169.80456852792,-38766.251269035536,0.123125,40.344,5.3361,2.2888,14.6343,5.0545,1.5805,-2829.7937,1.0,1.0,0.0,0.0,1.0,QUALIFIED
25336,-20621.166666666668,-38881.32051282052,0.609375,44.0115,4.7877,2.3845,14.286,3.8043,1.3527,-5704.4325,1.0,1.0,0.0,1.0,1.0,QUALIFIED
25349,6334.975578406171,-38835.93958868896,0.48625,39.3498,3.8811,2.4454,18.0739,2.7387,1.2097,-2957.2378,1.0,1.0,0.0,0.0,1.0,QUALIFIED
25358,4828.944444444445,-39116.375,0.225,39.4139,3.8013,2.127,13.326,3.0196,0.9405,-2942.4482,1.0,1.0,0.0,0.255556,1.0,QUALIFIED
25359,10288.99652777778,-38912.60763888889,0.18,40.2505,4.9706,2.8039,17.1893,3.5751,1.2176,-2915.5789,1.0,1.0,0.0,0.0,1.0,QUALIFIED
25372,-22834.274834437085,-38866.552980132445,0.094375,45.078,5.8148,2.7334,20.8058,5.1633,2.1718,-5766.8249,1.0,1.0,0.0,1.0,1.0,QUALIFIED
25377,5830.101851851847,-38963.66666666667,0.3375,39.398,5.9666,3.667,25.8174,5.0862,3.3013,-2953.3058,1.0,1.0,0.0,0.0,1.0,QUALIFIED
25384,8708.527777777781,-39249.63888888889,0.1125,40.2047,4.3105,1.8202,11.2624,3.2419,0.6968,-2944.8838,1.0,1.0,0.0,0.0,1.0,QUALIFIED
25389,6662.920542635664,-39320.43023255814,0.3225,39.8815,3.2943,2.049,13.4758,2.5429,0.9991,-2966.0451,1.0,1.0,0.0,0.0,1.0,QUALIFIED
25394,7860.445273631842,-39063.30597014926,0.125625,39.8469,6.1897,2.8754,17.0129,5.016,1.9206,-2961.2137,1.0,1.0,0.0,0.0,1.0,QUALIFIED
25399,-380.0275590551173,-39291.625984251965,0.079375,39.294,6.2112,2.2784,12.863,5.2717,1.4387,-1735.7077,1.0,0.8321,0.3082,1.0,1.0,QUALIFIED
25401,7319.091029023752,-39110.12005277045,0.236875,39.7897,3.3826,2.2029,11.3807,2.9386,1.6576,-2961.584,1.0,1.0,0.0,0.0,1.0,QUALIFIED
25411,12711.49654775604,-38815.81185270425,0.543125,40.8448,4.6272,2.5706,17.6012,3.8912,2.1442,-2772.5415,1.0,1.0,0.0,0.0,1.0,QUALIFIED
25417,-19323.217391304348,-39156.13043478261,0.14375,43.6647,8.1593,4.5923,20.1331,6.3572,2.2664,-5688.2795,1.0,1.0,0.0,0.413043,1.0,QUALIFIED
25422,10600.762626262622,-39115.28282828283,0.2475,40.5269,8.4053,3.0611,20.3488,7.2977,1.2392,-2883.7459,1.0,1.0,0.0,0.0,1.0,QUALIFIED
25428,11044.32075864944,-39525.90683618173,1.499375,41.0405,9.6275,3.9265,23.8147,8.1621,2.9918,-2780.1521,1.0,1.0,0.0,0.0,1.0,QUALIFIED
25439,12025.441145281016,-39476.647401908805,1.17875,41.2682,6.8779,4.9176,27.6671,5.9302,4.3295,-2740.4755,1.0,1.0,0.0,0.0,1.0,QUALIFIED
25447,-20099.18421052632,-39288.46348012889,0.581875,44.1314,5.3759,2.3026,14.5822,4.309,1.1492,-5713.7898,1.0,1.0,0.0,0.995704,1.0,QUALIFIED
25464,8328.741645244212,-39876.57797772065,0.729375,40.7377,4.9839,2.5133,15.7964,3.9765,1.5193,-2934.7398,1.0,1.0,0.0,0.0,1.0,QUALIFIED
25469,-398.2894342450381,-40037.557324840775,1.668125,40.04,10.2389,3.3875,24.6444,8.7417,2.5387,-1785.1714,1.0,0.8254,0.325,1.0,1.0,QUALIFIED
25480,9832.20481144343,-39395.046163849154,0.480625,40.6041,6.7017,3.2184,20.0707,5.4743,1.9196,-2884.2571,1.0,1.0,0.0,0.0,1.0,QUALIFIED
25482,-19071.189655172413,-39609.3275862069,0.18125,43.9617,4.9524,2.573,14.3497,4.0239,1.567,-5708.5272,1.0,1.0,0.0,0.013793,1.0,QUALIFIED
25497,-1230.2393364928869,-39406.727488151664,0.395625,39.4264,7.4637,4.498,21.5499,6.2647,3.7987,-1779.536,1.0,0.9881,0.0808,1.0,1.0,QUALIFIED
25499,8003.350855745724,-39360.93031784841,0.255625,40.1669,3.5856,1.8377,12.6457,3.1574,1.282,-2949.0323,1.0,1.0,0.0,0.0,1.0,QUALIFIED
25522,-1849.4691679049065,-40099.20282317979,1.6825,40.1423,9.8838,3.4242,23.1714,8.5743,2.5,-1778.3907,1.0,0.8346,0.3248,1.0,1.0,QUALIFIED
25523,5890.779069767435,-39664.61627906977,0.080625,40.1002,2.3317,1.4975,6.2318,1.7714,0.4094,-2963.9104,1.0,1.0,0.0,0.0,1.0,QUALIFIED
25527,7367.249110320292,-39661.19928825623,0.35125,40.3402,4.0065,4.2774,20.4151,2.8707,2.8173,-2956.9577,1.0,1.0,0.0,0.0,1.0,QUALIFIED
25531,-1598.2186311787082,-39687.99809885932,0.164375,39.7206,5.2566,2.4879,13.4606,4.5714,1.8253,-1741.8692,1.0,0.9795,0.1137,1.0,1.0,QUALIFIED
25534,9352.562426383984,-39941.10777385159,0.530625,41.0221,7.5511,4.4409,22.6092,6.3597,3.5072,-2890.2937,1.0,1.0,0.0,0.0,1.0,QUALIFIED
25545,8799.041284403662,-39865.21100917431,0.13625,40.8253,4.1854,3.4061,15.7968,3.102,1.584,-2917.8963,1.0,1.0,0.0,0.0,1.0,QUALIFIED
25552,6932.197547683929,-39602.76975476839,0.229375,40.2055,3.236,2.2312,12.0341,2.3346,1.3162,-2957.0063,1.0,1.0,0.0,0.0,1.0,QUALIFIED
25567,4611.903100775191,-40064.42248062015,0.080625,40.3295,3.4844,2.4169,12.8618,3.6469,1.616,-2912.4884,1.0,1.0,0.0,0.0,1.0,QUALIFIED
25590,-19541.64077669903,-40045.66504854368,0.64375,44.5595,4.9602,3.2151,18.7271,3.7036,1.7429,-5736.4271,1.0,1.0,0.0,0.802913,1.0,QUALIFIED
25599,6742.555555555555,-40093.79012345678,0.10125,40.6574,2.831,2.1007,11.0451,1.9239,0.4473,-2951.9148,1.0,1.0,0.0,0.0,1.0,QUALIFIED
25600,7534.303921568629,-40001.80015082956,0.414375,40.7057,4.4817,3.107,24.2959,3.1445,1.2347,-2950.9715,1.0,1.0,0.0,0.0,1.0,QUALIFIED
25623,5008.257062146891,-40162.07062146893,0.110625,40.4737,6.5675,2.8622,15.5374,5.2626,1.3335,-2935.0499,1.0,1.0,0.0,0.0,1.0,QUALIFIED
25624,5980.972280334732,-39899.55230125523,1.195,40.3459,4.2227,2.8233,23.7621,3.1716,1.9458,-2957.4186,1.0,1.0,0.0,0.0,1.0,QUALIFIED
25657,-19046.80225080386,-40211.55787781351,0.194375,44.4946,5.399,3.4375,17.3886,4.6216,2.5323,-5739.5601,1.0,1.0,0.0,0.0,1.0,QUALIFIED
25690,17370.802816901414,-40447.21126760563,0.08875,44.0202,11.3184,3.0319,25.4063,11.4346,2.5549,-635.4851,1.0,0.9085,0.2331,0.0,1.0,QUALIFIED
25698,6452.625,-40559.32142857144,0.105,41.07,6.8733,2.601,15.7154,5.809,1.6343,-2930.0967,1.0,1.0,0.0,0.0,1.0,QUALIFIED
25735,19311.131944444445,-40685.26388888889,0.09,45.0363,19.9865,4.9242,28.8042,17.9392,4.3573,-17.0172,1.0,0.0003,0.0033,1.0,1.0,QUALIFIED
25781,785.5655737704947,-41199.77322404372,0.114375,41.2078,5.4693,2.6777,12.3117,5.0784,2.2391,-1860.134,1.0,1.0,0.0,1.0,1.0,QUALIFIED
25824,896.4194312796244,-41697.07109004739,0.26375,41.7072,8.8092,3.6039,19.9673,7.6464,2.7881,-1861.0182,1.0,1.0,0.0,1.0,1.0,QUALIFIED
25871,-1649.3705327039788,-41485.91267700607,1.85375,41.5192,9.518,3.7575,29.6096,8.1267,2.8284,-2019.4252,1.0,0.9686,0.1507,1.0,1.0,QUALIFIED
25872,-1136.32317073171,-41817.64024390244,0.1025,41.8336,6.3233,3.8233,16.3998,5.5311,1.6802,-2060.6817,1.0,0.9698,0.149,1.0,1.0,QUALIFIED
25885,-2808.653846153844,-41901.34615384616,0.203125,41.9958,7.6754,4.3148,20.3087,6.2035,3.1304,-2090.6354,1.0,1.0,0.0,1.0,1.0,QUALIFIED
25903,-9225.1875,-42208.25,0.1,43.205,18.9398,2.6345,26.0707,18.2887,1.772,-2604.0758,1.0,0.0,0.0,1.0,1.0,QUALIFIED
25910,-578.6997187060479,-41649.5,0.444375,41.654,7.6849,3.8869,24.1867,6.2098,2.1493,-2061.2625,1.0,0.9887,0.096,1.0,1.0,QUALIFIED
25914,-3228.3911564625814,-42153.921768707485,0.091875,42.2778,4.3434,2.5467,11.8988,3.24,1.13,-2099.5837,1.0,1.0,0.0,1.0,1.0,QUALIFIED
25922,-3727.397689768972,-42288.77392739274,0.189375,42.4532,5.1403,2.8994,15.9617,3.7788,1.7869,-2098.9976,1.0,1.0,0.0,1.0,1.0,QUALIFIED
25923,-2122.497389033939,-42128.02480417755,0.239375,42.1819,7.2558,3.9063,20.1027,5.8521,1.894,-2082.0254,1.0,1.0,0.0,1.0,1.0,QUALIFIED
25937,-2627.3372703412097,-42224.4343832021,0.238125,42.3066,4.378,2.6129,15.4953,3.5249,1.6697,-2104.151,1.0,1.0,0.0,1.0,1.0,QUALIFIED
25941,-5108.364238410592,-42219.86423841059,0.18875,42.5282,9.3175,3.7351,25.5458,7.9336,2.0425,-2053.7817,1.0,1.0,0.0,1.0,1.0,QUALIFIED
25953,-606.0107526881693,-42248.82795698925,0.11625,42.2537,5.0283,2.7394,17.1189,4.1983,1.773,-2091.066,1.0,1.0,0.0,1.0,1.0,QUALIFIED
25970,-2589.538461538461,-42597.1282051282,0.24375,42.6762,6.1303,4.272,21.9203,3.9809,1.4774,-2113.1657,1.0,1.0,0.0,1.0,1.0,QUALIFIED
25971,168.67063728409994,-42009.25282906492,2.09875,42.0101,11.2513,4.4523,27.1625,9.6074,3.271,-1996.588,1.0,0.9931,0.0732,1.0,1.0,QUALIFIED
25982,-3481.954248366012,-42548.51960784313,0.19125,42.6912,4.4112,2.0211,11.2821,3.2827,0.8633,-2104.1031,1.0,1.0,0.0,1.0,1.0,QUALIFIED
25983,-2013.9408602150504,-42648.35752688172,0.2325,42.6964,5.7485,4.7775,26.0296,3.9531,1.8634,-2106.1529,1.0,1.0,0.0,1.0,1.0,QUALIFIED
25990,-3975.386104783596,-42652.176537585416,0.274375,42.8375,5.6853,3.5698,20.7029,4.0755,2.017,-2106.4026,1.0,1.0,0.0,1.0,1.0,QUALIFIED
25996,-745.9310344827609,-42809.1551724138,0.18125,42.8161,5.4921,3.0614,15.6251,4.0303,1.4743,-2101.5528,1.0,1.0,0.0,1.0,1.0,QUALIFIED
25998,-1139.6399416909626,-42710.28717201165,0.214375,42.726,5.1691,3.2123,18.467,4.9506,2.8065,-2089.9903,1.0,1.0,0.0,1.0,1.0,QUALIFIED
26006,-3100.023809523809,-42696.5238095238,0.13125,42.8094,3.556,1.8441,9.1517,2.4747,0.6292,-2110.0421,1.0,1.0,0.0,1.0,1.0,QUALIFIED
26015,-4351.922155688626,-42759.00598802396,0.20875,42.9803,4.015,2.3961,17.5038,3.1902,1.662,-2100.8737,1.0,1.0,0.0,1.0,1.0,QUALIFIED
26042,-4122.539473684206,-43214.41228070176,0.285,43.4111,7.2063,3.8912,22.1609,5.3182,1.8819,-2112.871,1.0,1.0,0.0,1.0,1.0,QUALIFIED
26050,-7040.4925037481225,-43295.227136431786,0.416875,43.8644,9.5479,4.0911,22.5675,8.0959,2.5586,-1787.6,1.0,0.9192,0.2627,1.0,1.0,QUALIFIED
26061,-1510.5414078674949,-43250.1728778468,0.301875,43.277,6.2268,4.2931,21.2337,5.0314,3.341,-2107.8329,1.0,1.0,0.0,1.0,1.0,QUALIFIED
26068,-5093.427631578947,-43395.55263157895,0.095,43.6939,6.7014,2.8323,15.6789,5.1353,1.3199,-2096.33,1.0,1.0,0.0,1.0,1.0,QUALIFIED
26070,-4789.0477582846,-43142.48245614035,0.320625,43.4079,7.1484,3.668,21.1196,5.1645,1.5201,-2100.2383,1.0,1.0,0.0,1.0,1.0,QUALIFIED
26076,-1164.7925430210307,-43498.9741873805,0.326875,43.5151,5.2459,4.2768,23.5545,4.0761,2.3838,-2097.5133,1.0,1.0,0.0,1.0,1.0,QUALIFIED
26088,-4510.65625,-43488.5625,0.2,43.7223,7.5076,3.596,20.2712,5.5648,1.8977,-2105.9852,1.0,1.0,0.0,1.0,1.0,QUALIFIED
26089,-4963.054585152837,-43720.89737991267,0.143125,44.0021,4.9867,3.1271,14.1931,3.6286,1.6391,-2098.4617,1.0,1.0,0.0,1.0,1.0,QUALIFIED
26099,4111.005376344088,-43873.10215053764,0.290625,44.0658,15.9944,3.7442,29.0846,14.2678,2.7399,-882.4692,1.0,0.0188,0.1043,0.0,1.0,QUALIFIED
26102,-783.7949308755778,-43782.6797235023,0.135625,43.7902,4.4897,2.5547,16.63,3.5588,1.5289,-2101.0,1.0,1.0,0.0,1.0,1.0,QUALIFIED
26104,-1777.705882352937,-43839.79411764706,0.10625,43.8763,7.0886,4.3409,25.191,6.4341,3.7822,-2119.4612,1.0,1.0,0.0,1.0,1.0,QUALIFIED
26118,-4580.654946364717,-44297.74195470799,0.524375,44.5344,8.2981,4.1943,23.5007,6.8815,2.813,-2074.7086,1.0,1.0,0.0,1.0,1.0,QUALIFIED
26119,-3006.1944444444453,-43908.38888888889,0.1125,44.0116,4.8635,3.7816,25.1525,3.912,2.3919,-2126.6022,1.0,1.0,0.0,1.0,1.0,QUALIFIED
26126,-2519.640625,-43867.72916666666,0.12,43.9405,4.1492,1.9745,10.5713,3.0111,0.8476,-2127.7946,1.0,1.0,0.0,1.0,1.0,QUALIFIED
26131,-455.79661016949103,-44101.19491525424,0.1475,44.104,4.0041,2.2857,10.2749,3.2113,0.9248,-2103.851,1.0,1.0,0.0,1.0,1.0,QUALIFIED
26140,-1148.2517985611485,-44217.03597122303,0.17375,44.2324,5.0671,3.7899,19.7302,3.651,1.4062,-2125.4121,1.0,1.0,0.0,1.0,1.0,QUALIFIED
26141,-2566.267634854776,-44314.95643153526,0.451875,44.3897,4.2827,2.8651,18.6124,3.371,2.1651,-2127.0243,1.0,1.0,0.0,1.0,1.0,QUALIFIED
26145,-4019.531719532555,-43997.66360601001,0.74875,44.1813,5.9744,3.4385,22.7045,4.5966,1.9561,-2122.416,1.0,1.0,0.0,1.0,1.0,QUALIFIED
26146,-1997.166666666664,-44200.25757575757,0.20625,44.2458,4.2298,2.5567,14.3382,3.1597,1.1091,-2132.1068,1.0,1.0,0.0,1.0,1.0,QUALIFIED
26148,-3479.843971631206,-44038.64007092199,0.3525,44.1764,5.1607,2.3177,14.4349,3.6339,0.9722,-2130.2057,1.0,1.0,0.0,1.0,1.0,QUALIFIED
26159,-478.3455284552838,-44490.35365853658,0.15375,44.4934,5.3029,2.0586,10.7328,3.9288,0.9341,-2104.6382,1.0,1.0,0.0,1.0,1.0,QUALIFIED
26162,-5174.349693251534,-44294.74539877301,0.20375,44.5964,6.4088,2.3392,13.9662,5.7685,1.5197,-2046.5532,1.0,1.0,0.0,1.0,1.0,QUALIFIED
26164,-6278.120967741932,-44223.592741935485,0.155,44.6674,10.9807,4.3377,25.0382,9.7512,2.2135,-2030.8655,1.0,1.0,0.0,1.0,1.0,QUALIFIED
26176,-2878.5,-44605.0,0.09375,44.6982,4.1075,2.6174,12.8591,3.9437,1.7861,-2114.9981,1.0,1.0,0.0,1.0,1.0,QUALIFIED
26187,-3167.9586776859505,-44650.53305785124,0.15125,44.7632,5.6391,2.2658,14.8219,4.0735,1.2173,-2126.5264,1.0,1.0,0.0,1.0,1.0,QUALIFIED
26191,-970.713754646844,-44388.30111524163,0.6725,44.3994,6.1149,3.9493,29.6003,4.5588,1.8997,-2114.2183,1.0,1.0,0.0,1.0,1.0,QUALIFIED
26193,-1467.824561403504,-44581.23558897244,0.49875,44.6059,4.7266,2.7531,20.6896,3.8281,2.2472,-2128.268,1.0,1.0,0.0,1.0,1.0,QUALIFIED
26208,-292.7043010752677,-44968.58602150538,0.11625,44.97,6.0179,3.5924,21.4861,5.2164,3.0036,-2089.7196,1.0,1.0,0.0,1.0,1.0,QUALIFIED
26213,-2744.603773584909,-44937.78616352202,0.19875,45.022,8.5501,4.9107,23.1433,6.0067,2.4003,-2126.1779,1.0,1.0,0.0,1.0,1.0,QUALIFIED
26229,-901.75661375661,-45213.52116402117,0.23625,45.223,9.3788,4.8458,23.4595,7.5699,3.0752,-2092.6982,1.0,1.0,0.0,1.0,1.0,QUALIFIED
