region_id,area_px,area_km2,fill_ratio,bbox_aspect,centroid_row,centroid_col,geo_x,geo_y,dist_from_centre_km,bbox_r0,bbox_c0,bbox_r1,bbox_c1,slope_mean_deg,slope_std_deg,slope_max_deg,roughness_mean_m,roughness_std_m,elev_mean_m,lola_valid_pct,shadow_fraction,shadow_std,shadow_valid_px,dfsar_cpr_mean,dfsar_cpr_median,dfsar_cpr_std,dfsar_valid_pct,dfsar_cov_mean,minirf_s1_log_mean,minirf_s1_log_median,minirf_s1_log_std,minirf_valid_pct,minirf_cov_mean,m3_b09_750nm,m3_b22_1010nm,m3_b56_1818nm,m3_b61_2018nm,m3_b74_2537nm,m3_b81_2817nm,m3_b84_2936nm,m3_b85_2976nm,m3_valid_px,m3_valid_pct,grail_anom_context,grail_boug_context,qualification_status,disqualification_reason,BD1000,BD2000,OH_SPECTRAL_INDICATOR,ICE_SPECTRAL_INDICATOR,dfsar_valid,minirf_valid,radar_flag,dfsar_cpr_class,ICE_SPECTRAL_INDICATOR_norm,OH_SPECTRAL_INDICATOR_norm,BD1000_norm,BD2000_norm,Science_Score,n_valid_m3_indices,m3_score_confidence
17,171.0,0.106875,0.4647,1.44,15.847953216374268,1813.345029239766,-141.87426900584978,45079.301169590646,45.079,8,1802,24,1825,17.3815,2.9258,25.6888,15.91,0.814,-2843.0931,1.0,0.0,0.0,171.0,,,,0.0,0.0,0.062509,0.061463,0.006944,1.0,1.0,-0.00053,0.000162,-0.001828,0.002299,-0.006644,-0.005508,-0.008214,-0.002398,171,1.0,24.6404,85.2909,QUALIFIED,,,,,,False,True,S1_ONLY,no_data,,,,,0.0,0,no_m3_data
89,521.0,0.325625,0.6072,1.77,64.57197696737045,2063.2284069097886,6105.210172744715,43861.20057581574,44.2836,46,2051,85,2073,16.9701,3.3394,29.3742,14.9853,1.6968,-200.8888,1.0,0.0045,0.0419,521.0,0.210042,0.184327,0.098162,1.0,1.0,0.114219,0.109979,0.020607,1.0,1.0,-0.001338,-0.000404,0.005869,0.001914,-0.001278,-0.000888,-0.013813,-0.021283,521,1.0,67.2511,77.9602,QUALIFIED,,,0.67388,,,True,True,BOTH,normal_low,,,,0.095494,0.019099,1,partial_m3_data
122,299.0,0.186875,0.6229,1.2,64.1571906354515,1590.5986622073578,-5710.533444816057,43871.57023411372,44.2411,54,1580,74,1604,5.4274,3.527,21.3257,4.3964,3.2161,-3891.8919,1.0,1.0,0.0,299.0,,,,0.0,0.0,0.050387,0.049187,0.005604,1.0,1.0,0.002189,0.005352,-0.001601,0.001094,-0.000441,-0.005311,0.001054,-0.001052,299,1.0,-34.341,89.0052,QUALIFIED,,-1.444952,,,1.998102,False,True,S1_ONLY,no_data,0.090009,,0.0,,0.031503,2,partial_m3_data
123,2028.0,1.2675,0.466,1.06,72.02021696252466,1684.7352071005917,-3357.1198224852124,43674.994575936886,43.8033,36,1654,104,1718,10.5205,3.0869,25.419,9.2171,1.8901,-3575.3405,1.0,1.0,0.0,2028.0,,,,0.0,0.0,0.049463,0.048784,0.004545,1.0,1.0,0.004773,0.00456,-0.000253,0.00465,-0.012915,-0.009099,-0.018093,-0.017699,2028,1.0,24.6404,85.2909,QUALIFIED,,0.044626,,,,False,True,S1_ONLY,no_data,,,0.003129,,0.000626,1,partial_m3_data
135,360.0,0.225,0.4959,1.5,71.18611111111112,1576.3027777777777,-6067.930555555555,43695.84722222222,44.1146,56,1566,89,1588,10.1411,3.435,19.2638,9.5475,2.7886,-3869.5239,1.0,1.0,0.0,360.0,,,,0.0,0.0,0.054699,0.051541,0.013576,1.0,1.0,0.001071,0.002631,-0.002012,0.001355,-0.000445,-0.00438,0.000324,-0.004696,360,1.0,-34.341,89.0052,QUALIFIED,,-1.456583,,,,False,True,S1_ONLY,no_data,,,0.0,,0.0,1,partial_m3_data
169,221.0,0.138125,0.5116,1.69,83.02262443438914,1591.0045248868778,-5700.386877828052,43399.93438914027,43.7721,72,1583,99,1599,6.7318,4.1838,21.816,6.6845,3.8382,-3877.4711,1.0,1.0,0.0,221.0,,,,0.0,0.0,0.057102,0.05399,0.009385,1.0,1.0,0.003294,0.00211,-0.000996,0.00369,-0.006548,-0.005378,-0.006441,-0.018737,221,1.0,-34.341,89.0052,QUALIFIED,,0.359441,,,,False,True,S1_ONLY,no_data,,,0.025202,,0.00504,1,partial_m3_data
210,295.0,0.184375,0.4852,1.68,87.92542372881356,2224.349152542373,10133.22881355932,43277.36440677966,44.4475,81,2211,100,2243,15.6648,4.0091,26.8117,13.8643,2.8138,-572.7321,1.0,0.0507,0.2047,295.0,0.299573,0.272952,0.095339,1.0,1.0,0.070897,0.069891,0.006077,1.0,1.0,0.000856,0.001233,-0.001623,-0.002942,-0.001152,-0.0024,-0.005774,-0.007371,295,1.0,67.2511,77.9602,QUALIFIED,,,,,,True,True,BOTH,normal_low,,,,,0.0,0,no_m3_data
254,520.0,0.325,0.619,1.07,107.53653846153846,2326.221153846154,12680.028846153844,42787.08653846154,44.6261,94,2311,122,2341,16.1923,3.4981,28.2394,14.3405,2.2029,-552.879,1.0,0.0002,0.0035,520.0,0.230982,0.199178,0.093086,1.0,1.0,0.118579,0.107378,0.034195,1.0,1.0,-0.002485,-0.0015,-0.001104,-0.001843,-0.001731,-0.002047,-0.01428,-0.014816,520,1.0,67.2511,77.9602,QUALIFIED,,,,,,True,True,BOTH,normal_low,,,,,0.0,0,no_m3_data
270,290.0,0.18125,0.3699,1.0,114.73448275862069,2273.055172413793,11350.879310344826,42607.137931034486,44.0928,101,2258,129,2286,6.2766,3.4999,20.6046,5.4607,2.6566,-310.3623,1.0,0.0052,0.0575,290.0,0.423646,0.443276,0.201196,1.0,1.0,0.069227,0.065707,0.011444,1.0,1.0,0.00066,0.002018,0.002152,-5.7e-05,-0.000127,0.001497,-0.005731,-0.005618,290,1.0,67.2511,77.9602,QUALIFIED,,,1.026487,,,True,True,BOTH,normal_low,,,,0.145461,0.029092,1,partial_m3_data
292,803.0,0.501875,0.4499,1.46,106.74844333748445,2281.4321295143213,11560.303237858032,42806.78891656289,44.3399,92,2254,127,2305,9.1139,2.8238,21.5889,8.0967,1.8137,-343.9464,1.0,0.0053,0.0566,803.0,0.388239,0.36768,0.16521,1.0,1.0,0.07619,0.072744,0.015314,1.0,1.0,0.001171,0.001841,0.001418,-0.000501,-0.002405,0.001188,-0.007835,-0.012449,803,1.0,67.2511,77.9602,QUALIFIED,,-0.572161,1.353315,,,True,True,BOTH,normal_low,,,0.0,0.191775,0.038355,2,partial_m3_data
298,543.0,0.339375,0.5801,1.62,113.25046040515652,2147.097605893186,8201.940147329653,42644.23848987109,43.4254,94,2136,133,2160,15.2155,4.1122,27.4955,13.228,2.9341,-605.9663,1.0,0.0018,0.0342,543.0,0.241633,0.220309,0.123638,1.0,1.0,0.115936,0.108654,0.039426,1.0,1.0,0.005903,0.005042,0.002565,0.002216,0.001884,0.002918,0.001008,-0.000925,543,1.0,67.2511,77.9602,QUALIFIED,,0.145858,0.136062,-0.548832,1.917659,True,True,BOTH,normal_low,0.086385,0.0,0.010227,0.019281,0.036136,4,full_m3_data
362,487.0,0.304375,0.5723,1.61,151.02464065708418,2272.149897330596,11328.247433264893,41699.883983572894,43.2109,133,2260,170,2283,5.4505,2.8561,16.6329,4.8213,2.8376,-300.8342,1.0,0.0137,0.0912,487.0,0.215355,0.200543,0.066382,1.0,1.0,0.067486,0.067226,0.008612,1.0,1.0,0.051765,0.055954,0.080774,0.079401,0.105333,0.102052,0.099769,0.102649,487,1.0,67.2511,77.9602,QUALIFIED,,-0.080923,0.016998,0.031149,-0.028867,True,True,BOTH,normal_low,0.0,0.003173,0.0,0.002409,0.001275,4,full_m3_data
372,129.0,0.080625,0.6172,1.73,135.8139534883721,2243.1317829457366,10602.79457364342,42080.151162790695,43.395,127,2238,146,2249,12.4883,3.5392,23.5334,11.4077,1.7662,-446.9166,1.0,0.0,0.0,129.0,0.214319,0.210095,0.038247,1.0,1.0,0.058709,0.058141,0.003087,1.0,1.0,-0.002925,0.001294,0.00046,-0.004254,-0.002155,-0.004023,-0.012314,-0.012139,129,1.0,67.2511,77.9602,QUALIFIED,,,,,,True,True,BOTH,normal_low,,,,,0.0,0,no_m3_data
417,131.0,0.081875,0.6298,1.23,156.9618320610687,1177.618320610687,-16035.041984732825,41551.454198473286,44.5375,148,1172,164,1185,13.6683,3.2817,22.3475,12.1763,2.7769,-824.8278,1.0,0.0598,0.2028,131.0,,,,0.0,0.0,0.087918,0.082535,0.013295,1.0,1.0,,,,,,,,,0,0.0,46.1389,95.783,QUALIFIED,,,,,,False,True,S1_ONLY,no_data,,,,,0.0,0,no_m3_data
426,155.0,0.096875,0.3075,1.14,163.46451612903226,2228.548387096774,10238.209677419356,41388.8870967742,42.636,154,2220,175,2244,13.4954,2.4177,19.9367,12.1806,1.6459,-408.7001,1.0,0.0,0.0,155.0,0.25924,0.266194,0.059453,1.0,1.0,0.065332,0.065527,0.007655,1.0,1.0,0.002298,0.008353,0.011188,0.010327,0.014283,0.013253,0.006526,0.000564,155,1.0,67.2511,77.9602,QUALIFIED,,-2.6349,0.076957,0.072114,0.913576,True,True,BOTH,normal_low,0.041154,0.007346,0.0,0.010905,0.018421,4,full_m3_data
450,4269.0,2.668125,0.4315,1.05,147.96486296556571,2189.0374795033968,9250.436987584922,41776.37842586086,42.7879,96,2145,193,2247,10.0405,4.1331,24.6503,8.6154,3.208,-526.4165,1.0,0.0165,0.11,4269.0,0.276866,0.223871,0.14145,1.0,1.0,0.136134,0.122642,0.063906,1.0,1.0,0.064534,0.080086,0.110827,0.118713,0.145342,0.148195,0.143264,0.143683,4269,1.0,67.2511,77.9602,QUALIFIED,,-0.240989,-0.071156,-0.01963,-0.002925,True,True,BOTH,normal_low,0.0,0.0,0.0,0.0,0.0,4,full_m3_data
493,129.0,0.080625,0.6615,1.15,189.8759689922481,1955.4806201550389,3411.515503875969,40728.6007751938,40.8708,183,1948,196,1963,16.453,3.2166,24.8368,14.9833,1.6661,-1125.454,1.0,1.0,0.0,129.0,0.206363,0.20166,0.055485,1.0,1.0,0.088961,0.091145,0.013324,1.0,1.0,0.004566,0.00371,0.001783,-0.000117,0.000935,-0.004346,-0.004452,-0.014281,129,1.0,24.6404,85.2909,QUALIFIED,,0.187473,1.06562,,,True,True,BOTH,normal_low,,,0.013145,0.151007,0.03283,2,partial_m3_data
500,273.0,0.170625,0.3621,1.12,180.1575091575092,2165.29304029304,8656.826007326003,40971.56227106227,41.8757,167,2152,196,2178,4.6931,3.1575,14.8796,4.06,2.0445,-432.7842,1.0,0.0116,0.0752,273.0,0.238279,0.219393,0.07735,1.0,1.0,0.090465,0.087364,0.016439,1.0,1.0,0.194755,0.246031,0.33676,0.369683,0.462978,0.454338,0.461417,0.474519,273,1.0,67.2511,77.9602,QUALIFIED,,-0.263285,-0.097764,0.018662,-0.028395,True,True,BOTH,normal_low,0.0,0.001901,0.0,0.0,0.000475,4,full_m3_data
501,245.0,0.153125,0.3926,1.08,189.9142857142857,2318.008163265306,12474.704081632648,40727.642857142855,42.595,179,2307,205,2331,10.0486,4.3273,23.5136,8.734,2.7203,-253.6049,1.0,0.0193,0.1092,245.0,0.448962,0.43091,0.184155,1.0,1.0,0.140005,0.14563,0.03747,1.0,1.0,0.129433,0.15342,0.200243,0.217268,0.25443,0.240478,0.286833,0.261524,245,1.0,67.2511,77.9602,QUALIFIED,,-0.185324,-0.085022,0.054836,0.088236,True,True,BOTH,normal_low,0.003975,0.005586,0.0,0.0,0.002788,4,full_m3_data
544,839.0,0.524375,0.5116,1.02,198.73659117997616,2169.61620977354,8764.9052443385,40507.085220500594,41.4441,179,2151,220,2191,8.5305,4.2724,19.7924,7.5022,3.6913,-455.9466,1.0,0.0105,0.0823,839.0,0.238648,0.22513,0.092536,1.0,1.0,0.160526,0.11426,0.146992,1.0,1.0,0.1817,0.220593,0.312623,0.340467,0.425158,0.409003,0.426968,0.429496,839,1.0,67.2511,77.9602,QUALIFIED,,-0.214051,-0.089066,0.037998,-0.005921,True,True,BOTH,normal_low,0.0,0.003871,0.0,0.0,0.000968,4,full_m3_data
557,455.0,0.284375,0.3669,1.29,200.0967032967033,1968.043956043956,3725.5989010989,40473.08241758242,40.6437,187,1951,218,1991,11.2043,4.5794,22.6951,10.0042,2.645,-1202.7844,1.0,0.9497,0.1984,455.0,0.286285,0.28182,0.060889,1.0,1.0,0.067682,0.059398,0.020975,1.0,1.0,0.009697,0.012798,0.01618,0.015703,0.017341,0.017027,0.015711,0.00216,455,1.0,24.6404,85.2909,QUALIFIED,,-0.31979,0.029481,0.018107,0.862517,True,True,BOTH,normal_low,0.038854,0.001844,0.0,0.004178,0.014895,4,full_m3_data
575,463.0,0.289375,0.4108,2.13,208.6803455723542,1914.097192224622,2376.929805615546,40258.49136069114,40.3281,198,1890,221,1939,12.289,4.9473,29.6579,11.0543,3.8883,-1219.7548,1.0,0.055,0.1821,463.0,0.341697,0.339058,0.049857,1.0,1.0,0.072315,0.070822,0.008255,1.0,1.0,0.00141,0.002638,-0.000442,-0.000815,-0.001204,-0.002671,-0.007498,-0.014665,463,1.0,24.6404,85.2909,QUALIFIED,,-0.870922,,,,True,True,BOTH,normal_low,,,0.0,,0.0,1,partial_m3_data
590,246.0,0.15375,0.5467,1.39,213.5772357723577,1997.6829268292684,4466.57317073171,40136.06910569106,40.3834,206,1986,224,2011,8.0543,4.3664,23.9752,7.4779,3.3839,-1330.7852,1.0,1.0,0.0,246.0,0.298982,0.294321,0.034177,1.0,1.0,0.058466,0.058579,0.004009,1.0,1.0,0.017822,0.01966,0.029296,0.028582,0.038231,0.035668,0.032112,0.029643,246,1.0,24.6404,85.2909,QUALIFIED,,-0.103131,0.024372,0.06704,0.076887,True,True,BOTH,normal_low,0.003464,0.006829,0.0,0.003454,0.00361,4,full_m3_data
595,590.0,0.36875,0.6237,1.95,207.79661016949152,1747.0016949152543,-1800.457627118638,40280.58474576271,40.3203,187,1736,230,1758,14.6095,2.6932,24.3435,13.1487,1.1742,-2622.3555,1.0,0.0012,0.0236,590.0,,,,0.0,0.0,0.057814,0.057188,0.005209,1.0,1.0,0.001594,-0.000865,-0.000264,0.001108,0.000124,-0.00455,-0.004278,-0.002635,590,1.0,24.6404,85.2909,QUALIFIED,,1.54266,,,,False,True,S1_ONLY,no_data,,,0.108163,,0.021633,1,partial_m3_data
622,319.0,0.199375,0.5626,1.29,227.55172413793105,1075.501567398119,-18587.960815047023,39786.706896551725,43.914,214,1066,241,1087,16.2326,4.6412,28.1851,14.3334,2.3503,-1531.6721,1.0,0.0217,0.1244,319.0,0.633535,0.635507,0.16378,1.0,1.0,0.138489,0.137156,0.023677,1.0,1.0,0.001641,-0.000906,0.004063,0.012103,0.003277,-0.018785,-0.002559,-0.007544,66,0.2069,46.1389,95.783,QUALIFIED,,1.552102,-1.978833,6.732377,,True,True,BOTH,typical,,0.685795,0.108825,0.0,0.193214,3,full_m3_data
642,558.0,0.34875,0.5874,1.52,221.747311827957,1723.478494623656,-2388.5376344086035,39931.81720430108,40.0027,208,1704,233,1742,18.2093,3.8205,28.3106,16.3864,3.3635,-2647.5809,1.0,0.0,0.0,558.0,,,,0.0,0.0,0.059728,0.059568,0.004675,1.0,1.0,0.001155,-0.001433,-6.5e-05,0.002339,0.002488,-0.005805,0.001906,-0.006825,558,1.0,24.6404,85.2909,QUALIFIED,,2.240693,,3.333199,4.580797,False,True,S1_ONLY,no_data,0.206353,0.339537,0.157105,,0.188529,3,full_m3_data
646,350.0,0.21875,0.5853,1.13,231.86857142857144,2231.828571428572,10320.21428571429,39678.78571428571,40.9986,219,2221,245,2244,6.5128,3.2297,17.7623,5.5252,2.3007,-455.0002,1.0,0.1435,0.3148,350.0,0.175765,0.166964,0.056831,1.0,1.0,0.090747,0.081674,0.024828,1.0,1.0,0.019775,0.024889,0.032495,0.034618,0.043305,0.040397,0.056678,0.040313,350,1.0,67.2511,77.9602,QUALIFIED,,-0.258609,-0.065333,0.067152,0.288736,True,True,BOTH,normal_low,0.013007,0.00684,0.0,0.0,0.006262,4,full_m3_data
699,588.0,0.3675,0.4816,1.12,243.0578231292517,2171.8180272108843,8819.950680272108,39399.05442176871,40.3738,226,2158,263,2191,7.7274,4.5206,21.6938,6.4339,2.9477,-436.0203,1.0,0.0578,0.1996,588.0,0.194745,0.173872,0.066931,1.0,1.0,0.113376,0.099033,0.043092,1.0,1.0,0.083356,0.101854,0.131437,0.140972,0.164264,0.163259,0.190957,0.164961,588,1.0,67.2511,77.9602,QUALIFIED,,-0.221916,-0.072544,0.006118,0.136135,True,True,BOTH,normal_low,0.006133,0.000623,0.0,0.0,0.002302,4,full_m3_data
701,132.0,0.0825,0.4125,1.25,251.5681818181818,2387.507575757576,14212.1893939394,39186.295454545456,41.6837,242,2379,262,2395,8.196,3.2427,18.98,7.9439,2.4334,125.3576,1.0,0.0124,0.0942,132.0,0.335535,0.319329,0.118704,1.0,1.0,0.06964,0.07076,0.007287,1.0,1.0,0.044793,0.052302,0.080382,0.08133,0.09201,0.085832,0.100824,0.100194,132,1.0,67.2511,77.9602,QUALIFIED,,-0.167638,-0.011794,0.067145,0.006249,True,True,BOTH,normal_low,0.000282,0.00684,0.0,0.0,0.001809,4,full_m3_data
703,344.0,0.215,0.5309,1.12,258.46802325581393,2309.8691860465115,12271.229651162786,39013.79941860465,40.8978,246,2296,270,2323,10.6016,3.6396,21.0857,9.5801,2.8124,-15.3451,1.0,0.0315,0.1534,344.0,0.134169,0.133679,0.037074,0.813953,0.813953,0.085663,0.081039,0.016101,1.0,1.0,0.09464,0.111185,0.154753,0.170518,0.200506,0.195797,0.211115,0.220336,344,1.0,67.2511,77.9602,QUALIFIED,,-0.17482,-0.101872,0.023486,-0.043678,True,True,BOTH,normal_low,0.0,0.002392,0.0,0.0,0.000598,4,full_m3_data
715,1934.0,1.20875,0.4568,1.26,256.5894519131334,2195.386246122027,9409.156153050671,39060.76370217167,40.1777,225,2156,283,2229,8.2002,4.1034,28.7172,6.7347,2.7217,-438.6342,1.0,0.107,0.2853,1934.0,0.203025,0.183263,0.075713,1.0,1.0,0.072437,0.069039,0.022692,1.0,1.0,0.059608,0.070778,0.101401,0.104941,0.126457,0.128004,0.138006,0.13391,1934,1.0,67.2511,77.9602,QUALIFIED,,-0.187391,-0.034911,-0.012233,0.02968,True,True,BOTH,normal_low,0.001337,0.0,0.0,0.0,0.000468,4,full_m3_data
718,1540.0,0.9625,0.4667,1.32,222.7,2095.9454545454546,6923.136363636368,39908.0,40.5036,192,2073,258,2123,17.4493,4.1434,29.3671,15.8434,3.2755,-977.0789,1.0,0.0031,0.0421,1540.0,0.36078,0.314598,0.135367,1.0,1.0,0.073363,0.066996,0.020629,1.0,1.0,0.002243,0.001207,0.002314,0.001949,0.003524,0.00268,-0.000151,-0.004232,1540,1.0,67.2511,77.9602,QUALIFIED,,0.461881,0.157736,0.239501,,True,True,BOTH,normal_low,,0.024397,0.032385,0.022352,0.017047,3,full_m3_data
749,672.0,0.42,0.3594,1.62,269.6904761904762,2353.928571428572,13372.71428571429,38733.23809523809,40.9764,255,2331,289,2386,6.336,4.5016,22.9052,5.3946,3.7138,116.0439,1.0,0.0363,0.1483,672.0,0.168741,0.159396,0.044108,1.0,1.0,0.088817,0.087405,0.012461,1.0,1.0,0.122555,0.156162,0.230928,0.236557,0.273488,0.275604,0.30206,0.308488,672,1.0,67.2511,77.9602,QUALIFIED,,-0.27422,-0.024376,-0.007737,-0.021281,True,True,BOTH,normal_low,0.0,0.0,0.0,0.0,0.0,4,full_m3_data
759,132.0,0.0825,0.6111,1.5,269.0757575757576,1664.409090909091,-3865.272727272728,38748.606060606064,38.9404,264,1656,276,1674,3.7245,1.5531,9.4846,3.5836,1.1171,-2197.8891,1.0,0.1955,0.3416,132.0,,,,0.0,0.0,0.110082,0.109426,0.013901,1.0,1.0,0.001277,0.001007,-0.001152,-0.001226,0.002829,0.00334,9.4e-05,-0.002335,132,1.0,24.6404,85.2909,QUALIFIED,,0.211433,,-0.180629,,False,True,S1_ONLY,no_data,,0.0,0.014825,,0.002965,2,partial_m3_data
766,147.0,0.091875,0.5087,1.0,264.03401360544217,1043.700680272109,-19382.98299319728,38874.64965986395,43.4382,256,1035,273,1052,7.7229,4.0602,21.251,7.2059,2.393,-1773.0318,1.0,1.0,0.0,147.0,0.437006,0.391114,0.156066,1.0,1.0,0.130964,0.11772,0.048531,1.0,1.0,-0.006603,-0.002225,-0.000955,0.003094,0.004168,-0.005657,0.000656,-0.007418,147,1.0,46.1389,95.783,QUALIFIED,,,,2.357246,,True,True,BOTH,normal_low,,0.240121,,,0.06003,1,partial_m3_data
773,179.0,0.111875,0.6581,1.06,273.75418994413405,1004.9720670391062,-20351.198324022345,38631.64525139665,43.6637,265,998,282,1014,8.5134,4.6268,20.4774,8.066,3.6998,-1810.2863,1.0,1.0,0.0,179.0,0.325993,0.29307,0.122439,1.0,1.0,0.127642,0.130316,0.016166,1.0,1.0,-0.005031,-0.001769,-0.003368,0.006026,-0.003791,-0.033566,-0.000632,-0.012733,156,0.8715,46.1389,95.783,QUALIFIED,,,,,,True,True,BOTH,normal_low,,,,,0.0,0,no_m3_data
804,268.0,0.1675,0.4873,1.14,279.9813432835821,2364.3358208955224,13632.895522388062,38475.96641791045,40.8195,271,2351,293,2376,5.4189,3.0478,15.238,3.8922,1.6865,123.8049,1.0,0.193,0.3402,268.0,0.270598,0.225377,0.155699,1.0,1.0,0.094938,0.092633,0.011697,1.0,1.0,0.101839,0.127858,0.181486,0.184298,0.220415,0.212884,0.245397,0.248465,268,1.0,67.2511,77.9602,QUALIFIED,,-0.255492,-0.015494,0.034167,-0.012502,True,True,BOTH,normal_low,0.0,0.00348,0.0,0.0,0.00087,4,full_m3_data
885,128.0,0.08,0.6124,1.73,300.125,2227.78125,10219.03125,37972.375,39.323,295,2219,306,2238,9.3004,3.1462,16.4887,7.7202,1.4258,-280.4891,1.0,0.0103,0.0647,128.0,0.231958,0.229356,0.057239,1.0,1.0,0.096858,0.079802,0.029262,1.0,1.0,0.003148,0.001896,0.003013,-0.000149,0.001704,0.013437,-0.00184,-0.001424,128,1.0,67.2511,77.9602,QUALIFIED,,0.397713,1.049452,-6.885563,,True,True,BOTH,normal_low,,0.0,0.027886,0.148716,0.03532,3,full_m3_data
886,930.0,0.58125,0.6151,1.17,307.4462365591398,2248.9483870967742,10748.209677419356,37789.34408602151,39.2878,286,2232,328,2268,8.3474,4.0858,27.6607,6.8689,2.4265,-260.4191,1.0,0.0154,0.1041,930.0,0.165595,0.16042,0.026706,0.069892,0.069892,0.083289,0.07806,0.023163,1.0,1.0,0.002685,-0.001651,0.008423,0.000729,0.003138,-0.001696,-0.003324,0.001929,930,1.0,67.2511,77.9602,QUALIFIED,,1.614898,0.913451,1.540472,,False,True,S1_ONLY,normal_low,,0.156921,0.113228,0.129443,0.087764,3,full_m3_data
902,270.0,0.16875,0.5114,1.09,307.4962962962963,1046.6814814814816,-19308.46296296296,37788.09259259259,42.4347,296,1033,318,1057,6.8499,4.0584,21.7667,5.864,3.6745,-1797.0701,1.0,1.0,0.0,270.0,0.344166,0.313112,0.14374,0.985185,0.985185,0.160857,0.158263,0.020213,1.0,1.0,-0.004463,0.003741,0.001938,-0.001783,0.000417,-0.020038,-0.025427,-0.043189,270,1.0,46.1389,95.783,QUALIFIED,,,1.920021,,,True,True,BOTH,normal_low,,,,0.272082,0.054416,1,partial_m3_data
910,164.0,0.1025,0.5077,1.12,313.1219512195122,1060.189024390244,-18970.7743902439,37647.45121951219,42.1564,304,1052,323,1069,8.7085,3.7042,18.6185,7.0374,2.0301,-1813.0668,1.0,1.0,0.0,164.0,0.243855,0.205365,0.083204,0.097561,0.097561,0.164423,0.164504,0.016809,1.0,1.0,-0.000532,0.00455,-0.002318,-0.001404,-0.003311,-0.008669,-0.013821,-0.02781,164,1.0,46.1389,95.783,QUALIFIED,,,,,,False,True,S1_ONLY,normal_low,,,,,0.0,0,no_m3_data
914,2896.0,1.81,0.4048,1.34,325.1495165745856,2281.319406077348,11557.485151933704,37346.76208563536,39.0939,288,2229,361,2327,10.6846,4.2472,27.3891,9.135,2.8847,-138.3762,1.0,0.0044,0.0542,2896.0,,,,0.0,0.0,0.078806,0.069253,0.031387,1.0,1.0,0.055651,0.061215,0.094754,0.092187,0.117445,0.119515,0.1203,0.120925,2896,1.0,67.2511,77.9602,QUALIFIED,,-0.09998,0.027091,-0.017625,-0.005195,False,True,S1_ONLY,no_data,0.0,0.0,0.0,0.003839,0.000768,4,full_m3_data
969,289.0,0.180625,0.5505,1.19,314.5882352941176,2224.1314878892736,10127.78719723184,37610.79411764706,38.9502,303,2212,324,2237,6.2226,3.5463,18.508,5.3675,1.9457,-239.5037,1.0,0.0728,0.2106,289.0,0.205025,0.196536,0.02863,0.238754,0.238754,0.087318,0.082527,0.013967,1.0,1.0,0.0017,-9.5e-05,0.008307,0.001876,0.002673,0.005993,-0.004725,0.003331,289,1.0,67.2511,77.9602,QUALIFIED,,1.055882,0.774166,-1.24205,,True,True,BOTH,normal_low,,0.0,0.074033,0.109705,0.036748,3,full_m3_data
977,278.0,0.17375,0.6096,1.26,313.32374100719426,2102.611510791367,7089.787769784176,37642.40647482014,38.3039,302,2095,326,2114,7.3275,2.8885,14.4624,6.6947,1.9201,-630.9158,1.0,0.0475,0.1649,278.0,0.167407,0.166704,0.024869,1.0,1.0,0.088924,0.085306,0.020097,1.0,1.0,0.002878,0.004714,0.001497,-0.001084,0.003215,0.00698,-0.001055,-0.001118,278,1.0,67.2511,77.9602,QUALIFIED,,-0.637943,1.724115,-1.171073,,True,True,BOTH,normal_low,,0.0,0.0,0.244321,0.048864,3,full_m3_data
981,146.0,0.09125,0.4867,1.33,315.3150684931507,1734.0753424657537,-2123.6164383561627,37592.62328767123,37.652,307,1728,327,1743,18.2851,2.2563,25.7676,17.5438,1.9354,-1838.7729,1.0,0.0,0.0,146.0,0.266622,0.257071,0.036329,0.910959,0.910959,0.097852,0.094268,0.011254,1.0,1.0,0.000625,-0.002241,-0.000133,-0.002155,0.000588,0.001608,-0.005857,-0.001209,146,1.0,24.6404,85.2909,QUALIFIED,,,,,,True,True,BOTH,normal_low,,,,,0.0,0,no_m3_data
1002,218.0,0.13625,0.6056,1.6,328.5550458715596,1028.4128440366972,-19765.17889908257,37261.62385321101,42.1786,317,1022,341,1037,16.8277,4.186,29.8391,15.6283,2.2212,-1965.24,1.0,1.0,0.0,218.0,0.573725,0.511839,0.209008,1.0,1.0,0.097172,0.092859,0.018653,1.0,1.0,-0.002803,0.003753,-0.000527,-0.000557,-0.000689,-0.006247,-0.002299,-0.006755,218,1.0,46.1389,95.783,QUALIFIED,,,,,,True,True,BOTH,typical,,,,,0.0,0,no_m3_data
1047,255.0,0.159375,0.6391,1.11,335.2980392156863,1917.5882352941176,2464.205882352937,37093.049019607846,37.1743,326,1907,345,1928,4.3027,2.421,11.7223,3.8279,2.1245,-403.1106,1.0,0.0905,0.256,255.0,0.216432,0.229268,0.059553,1.0,1.0,0.098941,0.098263,0.017307,1.0,1.0,0.193402,0.234347,0.317417,0.342606,0.399465,0.388558,0.433562,0.395045,255,1.0,24.6404,85.2909,QUALIFIED,,-0.211709,-0.079356,0.027304,0.088839,True,True,BOTH,normal_low,0.004002,0.002781,0.0,0.0,0.002096,4,full_m3_data
1048,954.0,0.59625,0.4259,1.83,348.61215932914047,2071.1215932914047,6302.539832285118,36760.196016771486,37.2962,322,2052,386,2087,13.6149,4.0311,25.798,12.0174,3.0074,-509.7106,1.0,0.0496,0.2036,954.0,0.196649,0.178102,0.081745,1.0,1.0,0.128178,0.123959,0.020195,1.0,1.0,0.001081,0.001325,0.000358,-3.9e-05,-0.000501,-0.000676,-0.004278,-0.004375,954,1.0,67.2511,77.9602,QUALIFIED,,-0.225717,,,,True,True,BOTH,normal_low,,,0.0,,0.0,1,partial_m3_data
1057,616.0,0.385,0.5789,1.36,339.60876623376623,1112.9853896103896,-17650.86525974026,36985.280844155845,40.9806,324,1099,362,1127,7.3916,4.1723,21.4083,6.7486,3.95,-1505.4709,1.0,0.1048,0.2545,616.0,,,,0.0,0.0,0.076996,0.072798,0.018627,1.0,1.0,-0.002512,-0.000169,4.2e-05,3.6e-05,0.000796,-0.009904,-0.009925,-0.007872,616,1.0,46.1389,95.783,QUALIFIED,,,,,,False,True,S1_ONLY,no_data,,,,,0.0,0,no_m3_data
1072,158.0,0.09875,0.4702,1.71,339.3670886075949,2419.3670886075947,15008.67721518987,36991.32278481012,39.9199,328,2413,352,2427,10.8015,4.875,20.2265,10.2089,3.9512,-49.6537,1.0,0.1486,0.3103,158.0,0.30398,0.218135,0.185783,1.0,1.0,0.091357,0.090322,0.018126,1.0,1.0,0.004412,7.9e-05,-0.00097,-0.000209,0.001364,-0.005305,-0.008003,-0.004247,158,1.0,-57.4093,73.0638,QUALIFIED,,0.982094,,4.889296,,True,True,BOTH,normal_low,,0.498049,0.068859,,0.138284,2,partial_m3_data
1076,735.0,0.459375,0.5469,1.71,349.31020408163266,2198.0666666666666,9476.166666666664,36742.74489795919,37.9447,337,2173,365,2221,9.8352,4.5429,24.0188,8.5543,3.1107,-53.2227,1.0,0.0054,0.0501,735.0,0.46851,0.454712,0.074924,0.029932,0.029932,0.157938,0.148818,0.055722,1.0,1.0,0.044099,0.053367,0.07436,0.073013,0.095787,0.092589,0.093493,0.089888,735,1.0,67.2511,77.9602,QUALIFIED,,-0.210163,0.018115,0.033387,0.038559,False,True,S1_ONLY,normal_low,0.001737,0.003401,0.0,0.002567,0.001972,4,full_m3_data
1118,440.0,0.275,0.704,1.0,349.0659090909091,976.415909090909,-21065.102272727272,36748.85227272727,42.3575,336,964,361,989,6.9991,3.843,22.4769,6.296,3.8811,-2348.3554,1.0,1.0,0.0,440.0,0.440347,0.420285,0.112777,1.0,1.0,0.105527,0.103435,0.016143,1.0,1.0,-0.003648,0.003124,-0.001453,0.000936,-0.003425,-0.012191,-0.013911,-0.012567,440,1.0,46.1389,95.783,QUALIFIED,,,,,,True,True,BOTH,normal_low,,,,,0.0,0,no_m3_data
1124,435.0,0.271875,0.6304,1.3,350.5632183908046,2264.880459770115,11146.511494252874,36711.41954022989,38.366,339,2250,362,2280,8.1227,3.7757,21.684,6.8475,2.4568,-128.5315,1.0,0.054,0.2033,435.0,,,,0.0,0.0,0.073227,0.067905,0.015084,1.0,1.0,0.011195,0.013047,0.018505,0.017174,0.024435,0.022824,0.021568,0.024342,435,1.0,67.2511,77.9602,QUALIFIED,,-0.165431,0.071927,0.06593,-0.128616,False,True,S1_ONLY,no_data,0.0,0.006716,0.0,0.010193,0.003718,4,full_m3_data
1125,198.0,0.12375,0.7174,1.92,346.3989898989899,990.3838383838385,-20715.90404040404,36815.52525252525,42.243,336,985,359,997,6.6069,3.5152,17.7773,6.756,3.3217,-2333.3895,1.0,1.0,0.0,198.0,0.570811,0.567972,0.141339,1.0,1.0,0.138609,0.129994,0.028005,1.0,1.0,-0.0016,0.002348,-0.000903,0.000259,-0.003446,-0.008271,-0.008758,-0.008226,198,1.0,46.1389,95.783,QUALIFIED,,,,,,True,True,BOTH,typical,,,,,0.0,0,no_m3_data
1131,374.0,0.23375,0.4198,1.22,355.5614973262032,2419.9893048128342,15024.232620320858,36586.46256684492,39.5509,339,2405,372,2432,8.1017,4.2654,21.8649,7.951,3.9861,-30.3201,1.0,0.0354,0.1368,374.0,0.229899,0.208177,0.081465,1.0,1.0,0.076921,0.069376,0.023237,1.0,1.0,0.000673,-0.002496,-0.001805,0.000867,0.001804,-0.007914,-0.010185,-0.016332,374,1.0,-57.4093,73.0638,QUALIFIED,,,,5.386918,,True,True,BOTH,normal_low,,0.54874,,,0.137185,1,partial_m3_data
1133,612.0,0.3825,0.3446,1.3,373.4281045751634,828.2875816993464,-24768.31045751633,36139.797385620914,43.812,349,809,397,846,8.5658,3.943,22.36,7.7627,3.0807,-1312.8916,1.0,0.0263,0.1276,612.0,0.275064,0.256458,0.097858,1.0,1.0,0.06891,0.066647,0.009173,1.0,1.0,0.005463,0.010305,0.016921,0.021459,0.024967,0.027209,0.02399,0.02126,612,1.0,46.1389,95.783,QUALIFIED,,-0.886326,-0.268187,-0.089799,0.113797,True,True,BOTH,normal_low,0.005126,0.0,0.0,0.0,0.001794,4,full_m3_data
1159,320.0,0.2,0.4923,1.04,348.671875,2333.259375,12855.984375,36758.703125,38.9417,334,2321,360,2346,7.9836,4.3258,27.5229,6.7757,2.4579,32.064,1.0,0.0301,0.1361,320.0,,,,0.0,0.0,0.073645,0.071341,0.011607,1.0,1.0,0.016427,0.015803,0.019774,0.019065,0.027295,0.026589,0.021074,0.022079,320,1.0,67.2511,77.9602,QUALIFIED,,0.037986,0.035855,0.025866,-0.047689,False,True,S1_ONLY,no_data,0.0,0.002635,0.002663,0.005081,0.002208,4,full_m3_data
1173,129.0,0.080625,0.5759,1.14,365.7596899224806,1966.6434108527133,3690.585271317832,36331.50775193799,36.518,361,1959,375,1975,17.5471,3.1723,27.3166,15.795,1.5383,-292.1036,1.0,0.0,0.0,129.0,0.198776,0.191389,0.058746,1.0,1.0,0.085073,0.086484,0.013566,1.0,1.0,0.176411,0.188201,0.30443,0.30619,0.369187,0.385536,0.387314,0.390951,129,1.0,24.6404,85.2909,QUALIFIED,,-0.066833,-0.005781,-0.044284,-0.00939,True,True,BOTH,normal_low,0.0,0.0,0.0,0.0,0.0,4,full_m3_data
1191,210.0,0.13125,0.4565,1.15,366.1476190476191,2320.742857142857,12543.071428571437,36321.80952380953,38.4263,357,2313,380,2333,4.4819,1.9974,9.3548,3.5978,1.173,52.9354,1.0,0.181,0.3362,210.0,,,,0.0,0.0,0.069827,0.067401,0.012265,1.0,1.0,0.018195,0.020067,0.026358,0.028611,0.034462,0.037309,0.026201,0.035004,210,1.0,67.2511,77.9602,QUALIFIED,,-0.102885,-0.085477,-0.082613,-0.33598,False,True,S1_ONLY,no_data,0.0,0.0,0.0,0.0,0.0,4,full_m3_data
1204,147.0,0.091875,0.4836,1.19,372.9659863945578,2405.108843537415,14652.22108843537,36151.35034013605,39.0075,365,2397,381,2416,10.3306,4.5106,20.1632,9.7822,3.8232,-33.9812,1.0,0.0582,0.1953,147.0,0.233783,0.228427,0.049065,1.0,1.0,0.055433,0.05482,0.005019,1.0,1.0,-0.002331,-0.000969,0.000873,0.00065,-0.000178,-0.013681,-0.006604,-0.007738,147,1.0,-57.4093,73.0638,QUALIFIED,,,,,,True,True,BOTH,normal_low,,,,,0.0,0,no_m3_data
1218,2640.0,1.65,0.5482,1.54,363.7534090909091,2220.430303030303,10035.257575757576,36381.66477272727,37.74,320,2194,406,2250,10.1135,4.7109,27.6972,8.7696,3.6583,-62.1295,1.0,0.0295,0.1356,2640.0,0.367553,0.363203,0.047696,0.005303,0.005303,0.138369,0.136109,0.047286,1.0,1.0,0.007139,0.00709,0.010977,0.010351,0.011974,0.008389,0.007901,0.002529,2640,1.0,67.2511,77.9602,QUALIFIED,,0.006864,0.057028,0.299399,0.679914,False,True,S1_ONLY,normal_low,0.030628,0.030498,0.000481,0.008081,0.020057,4,full_m3_data
1237,174.0,0.10875,0.4943,1.38,385.2816091954023,888.1091954022988,-23272.77011494253,35843.45977011494,42.7354,375,879,397,895,9.7723,2.0867,15.7082,8.4659,1.0165,-1421.951,1.0,0.0,0.0,174.0,0.452235,0.431939,0.134877,1.0,1.0,0.066983,0.06162,0.01645,1.0,1.0,-0.008658,0.001302,-0.003229,-0.002045,-0.005899,-0.011668,-0.023165,-0.026998,174,1.0,46.1389,95.783,QUALIFIED,,,,,,True,True,BOTH,normal_low,,,,,0.0,0,no_m3_data
1252,1645.0,1.028125,0.4599,1.49,367.2668693009119,2268.8006079027355,11244.515197568384,36293.828267477205,37.9955,345,2234,394,2307,11.3303,4.707,27.5789,9.6169,3.6739,-60.9915,1.0,0.0405,0.1741,1645.0,,,,0.0,0.0,0.089947,0.081071,0.028332,1.0,1.0,0.025094,0.023576,0.032729,0.034727,0.044634,0.040761,0.039913,0.036808,1645,1.0,67.2511,77.9602,QUALIFIED,,0.060493,-0.061047,0.086772,0.077794,False,True,S1_ONLY,no_data,0.003504,0.008839,0.004241,0.0,0.004284,4,full_m3_data
1262,1446.0,0.90375,0.4159,1.07,390.3547717842324,2300.973029045643,12048.825726141084,35716.63070539419,37.6939,359,2276,420,2333,9.8409,4.3452,25.7732,8.449,3.3684,-8.6165,1.0,0.0475,0.1788,1446.0,,,,0.0,0.0,0.08386,0.074312,0.027951,1.0,1.0,0.016205,0.016989,0.024793,0.025715,0.029286,0.025675,0.022586,0.021793,1446,1.0,67.2511,77.9602,QUALIFIED,,-0.04838,-0.037188,0.123301,0.03511,False,True,S1_ONLY,no_data,0.001582,0.01256,0.0,0.0,0.003694,4,full_m3_data
1292,736.0,0.46,0.6216,1.16,398.3736413043478,2326.3315217391305,12682.788043478264,35516.158967391304,37.7124,384,2308,416,2345,9.3529,3.1188,19.7252,7.8659,2.1064,-0.3001,1.0,0.2167,0.3386,736.0,,,,0.0,0.0,0.101556,0.087543,0.04696,1.0,1.0,0.00205,0.001205,0.002847,0.003476,0.000769,-0.008654,-0.005086,-0.009635,736,1.0,67.2511,77.9602,QUALIFIED,,0.412195,-0.220934,,,False,True,S1_ONLY,no_data,,,0.028901,0.0,0.00578,2,partial_m3_data
1320,239.0,0.149375,0.4918,1.5,386.3765690376569,2111.857740585774,7320.94351464435,35816.08577405858,36.5563,371,2104,398,2122,9.4385,3.5627,20.3671,8.808,3.229,-594.7406,1.0,0.9446,0.2059,239.0,0.144669,0.142272,0.059105,0.983264,0.983264,0.100587,0.100046,0.007233,1.0,1.0,0.004694,-0.000367,-0.000438,-0.000647,-0.001485,-0.003505,-0.004829,-0.003486,239,1.0,67.2511,77.9602,QUALIFIED,,1.078185,,,,True,True,BOTH,normal_low,,,0.075597,,0.015119,1,partial_m3_data
1325,2017.0,1.260625,0.5145,1.25,422.4348041646009,737.6693108577094,-27033.767228557263,34914.62989588498,44.1565,388,711,458,767,11.7926,4.1636,27.4897,10.302,2.999,-1432.178,1.0,0.0588,0.2233,2017.0,0.287469,0.28002,0.066171,1.0,1.0,0.086026,0.081632,0.016755,1.0,1.0,-0.00343,0.003168,0.001148,0.005661,0.005047,-0.007931,0.000135,-0.001663,1949,0.9663,80.591,99.4056,QUALIFIED,,,-3.931185,2.571429,,True,True,BOTH,normal_low,,0.261939,,0.0,0.065485,2,partial_m3_data
1337,156.0,0.0975,0.5909,1.83,403.86538461538464,1176.820512820513,-16054.987179487176,35378.86538461538,38.8507,393,1171,415,1183,9.5628,4.9089,24.3157,8.6618,3.3396,-975.9956,1.0,0.1423,0.303,156.0,,,,0.0,0.0,0.066013,0.066274,0.004567,1.0,1.0,0.125024,0.137755,0.205621,0.205465,0.249495,0.248131,0.279029,0.287233,156,1.0,35.9271,86.4979,QUALIFIED,,-0.101828,0.000759,0.005467,-0.029402,False,True,S1_ONLY,no_data,0.0,0.000557,0.0,0.000108,0.000161,4,full_m3_data
1398,2290.0,1.43125,0.4255,1.13,405.6794759825328,1076.4275109170303,-18564.812227074235,35333.513100436685,39.9131,365,1045,443,1114,14.6342,4.399,28.5318,13.0377,3.2991,-1521.7904,1.0,0.0067,0.0674,2290.0,,,,0.0,0.0,0.08227,0.079891,0.015691,1.0,1.0,0.006161,0.005368,0.008229,0.00593,0.006588,0.0074,-0.002537,-0.004261,2290,1.0,35.9271,86.4979,QUALIFIED,,0.128713,0.279378,-0.123254,,False,True,S1_ONLY,no_data,,0.0,0.009025,0.03959,0.009723,3,full_m3_data
1435,791.0,0.494375,0.5077,1.08,415.38305941845766,1100.5676359039192,-17961.30910240202,35090.92351453856,39.4199,394,1083,435,1121,15.1061,3.0889,24.5979,13.4546,1.4784,-1423.5891,1.0,0.0,0.0,791.0,,,,0.0,0.0,0.075061,0.07508,0.009109,1.0,1.0,0.019021,0.020635,0.028766,0.028094,0.030816,0.028275,0.020052,0.007764,791,1.0,35.9271,86.4979,QUALIFIED,,-0.084854,0.023361,0.082457,0.612807,False,True,S1_ONLY,no_data,0.027605,0.0084,0.0,0.00331,0.012424,4,full_m3_data
1462,175.0,0.109375,0.6836,1.0,429.9428571428571,2389.16,14253.5,34726.92857142857,37.538,422,2382,438,2398,12.4728,4.1646,26.8937,10.931,2.5039,-188.8208,1.0,0.0629,0.1955,175.0,,,,0.0,0.0,0.101775,0.103077,0.009044,1.0,1.0,0.014804,-0.002829,-0.000127,0.001007,-0.001261,-0.00999,-0.018405,-0.039897,175,1.0,40.2924,84.9679,QUALIFIED,,1.191097,,,,False,True,S1_ONLY,no_data,,,0.083513,,0.016703,1,partial_m3_data
1532,345.0,0.215625,0.3947,1.65,435.7159420289855,1831.510144927536,312.2536231884078,34582.60144927536,34.5835,414,1820,452,1843,5.0418,2.1992,15.4384,4.6375,1.7112,-623.9014,1.0,0.0878,0.2265,345.0,0.17619,0.168188,0.041704,1.0,1.0,0.092638,0.089956,0.014721,1.0,1.0,0.044395,0.046695,0.063669,0.066882,0.081628,0.080517,0.087951,0.084318,345,1.0,49.6089,82.7432,QUALIFIED,,-0.051808,-0.050464,0.013611,0.041307,True,True,BOTH,normal_low,0.001861,0.001386,0.0,0.0,0.000998,4,full_m3_data
1567,130.0,0.08125,0.625,1.23,447.6538461538461,1957.8692307692309,3471.230769230773,34284.153846153844,34.459,442,1949,455,1965,15.4933,3.7321,23.5275,13.9494,2.5059,-656.3397,1.0,0.8809,0.2727,130.0,0.094826,0.081568,0.035127,1.0,1.0,0.07424,0.074115,0.006074,1.0,1.0,0.022378,-0.004233,0.002227,0.001907,0.000206,0.003419,-0.002596,-0.017088,130,1.0,49.6089,82.7432,QUALIFIED,,1.189159,0.143691,,,True,True,BOTH,normal_low,,,0.083377,0.020362,0.020748,2,partial_m3_data
1622,129.0,0.080625,0.4607,1.43,464.91472868217056,928.3178294573644,-22267.55426356589,33852.63178294574,40.519,459,919,473,939,12.9704,4.7559,22.8223,9.3005,1.4603,-1330.9197,1.0,0.142,0.3097,129.0,0.596994,0.610101,0.108548,0.635659,0.635659,0.112974,0.114243,0.012737,1.0,1.0,0.000988,-0.000171,0.003811,0.002701,-0.000801,0.002637,-0.002014,-0.01029,129,1.0,35.9271,86.4979,QUALIFIED,,,0.291262,,,True,True,BOTH,typical,,,,0.041274,0.008255,1,partial_m3_data
1632,1482.0,0.92625,0.4815,1.06,456.7611336032389,1813.917004048583,-127.574898785424,34056.47165991903,34.0562,429,1785,483,1842,8.743,4.3898,29.0287,7.3209,3.1401,-597.7079,1.0,0.0672,0.2197,1482.0,0.187389,0.179733,0.051502,1.0,1.0,0.098961,0.09095,0.031893,1.0,1.0,0.039065,0.025963,0.036563,0.039916,0.047175,0.046855,0.048013,0.044037,1482,1.0,49.6089,82.7432,QUALIFIED,,0.33539,-0.091705,0.006783,0.082811,True,True,BOTH,normal_low,0.00373,0.000691,0.023516,0.0,0.006181,4,full_m3_data
1660,319.0,0.199375,0.6329,1.14,462.5830721003135,657.7460815047021,-29031.84796238245,33910.923197492164,44.6401,452,645,473,669,6.2364,4.8964,24.0016,4.4942,2.7126,-1308.83,1.0,0.1263,0.2991,319.0,0.24556,0.237351,0.061032,1.0,1.0,0.087828,0.085662,0.010787,1.0,1.0,-0.00795,0.000901,-0.001159,-2.8e-05,0.001477,-0.00469,-6e-05,-0.014897,319,1.0,80.591,99.4056,QUALIFIED,,,,4.175355,,True,True,BOTH,normal_low,,0.425324,,,0.106331,1,partial_m3_data
1695,1122.0,0.70125,0.5325,1.14,491.02941176470586,723.3030303030303,-27392.924242424244,33199.76470588235,43.0411,468,703,517,746,9.6925,3.8606,26.3363,8.1631,2.379,-1211.3407,1.0,0.0207,0.1182,1122.0,0.32372,0.319313,0.062282,1.0,1.0,0.07332,0.073415,0.012485,1.0,1.0,0.074034,0.086975,0.117587,0.12281,0.154857,0.14547,0.160038,0.158867,1122,1.0,80.591,99.4056,QUALIFIED,,-0.174798,-0.044418,0.060617,0.007317,True,True,BOTH,normal_low,0.00033,0.006175,0.0,0.0,0.001659,4,full_m3_data
1708,511.0,0.319375,0.4839,1.03,478.7749510763209,1784.6868884540118,-858.327788649709,33506.126223091975,33.5166,463,1770,495,1803,7.0943,3.7164,23.2115,6.0061,2.7168,-522.905,1.0,0.0512,0.1876,511.0,0.203881,0.187545,0.057115,1.0,1.0,0.094976,0.088027,0.024661,1.0,1.0,0.044092,0.041798,0.064,0.07042,0.080881,0.069841,0.076756,0.069728,511,1.0,49.6089,82.7432,QUALIFIED,,0.052028,-0.100313,0.136497,0.091563,True,True,BOTH,normal_low,0.004125,0.013904,0.003648,0.0,0.005649,4,full_m3_data
1742,2261.0,1.413125,0.4096,1.16,494.6050420168068,973.295444493587,-21143.113887660325,33110.37394957983,39.2845,459,929,528,1009,7.501,3.7628,28.6115,6.0898,2.0438,-1220.8308,1.0,0.0362,0.1596,2261.0,,,,0.0,0.0,0.136349,0.125042,0.044673,1.0,1.0,0.064986,0.065902,0.091566,0.093946,0.121561,0.124164,0.128712,0.124261,2261,1.0,35.9271,86.4979,QUALIFIED,,-0.014095,-0.025992,-0.021413,0.034581,False,True,S1_ONLY,no_data,0.001558,0.0,0.0,0.0,0.000545,4,full_m3_data
1750,234.0,0.14625,0.5355,1.21,476.4230769230769,930.3461538461538,-22216.84615384616,33564.92307692308,40.2509,466,920,485,943,10.1921,3.6787,20.8798,8.3814,1.5002,-1291.3304,1.0,0.0855,0.2429,234.0,0.659946,0.660095,0.133892,0.123932,0.123932,0.108597,0.109221,0.012049,1.0,1.0,0.002361,0.003498,0.002214,0.001299,0.005081,-0.01459,-0.001074,-0.004936,234,1.0,35.9271,86.4979,QUALIFIED,,-0.481576,0.413279,3.871482,,True,True,BOTH,typical,,0.394369,0.0,0.058565,0.110305,3,full_m3_data
1757,1027.0,0.641875,0.5187,1.02,503.73222979552094,904.9104186952288,-22852.73953261928,32882.19425511198,40.0429,480,881,525,925,9.3756,4.5497,23.5373,7.4687,2.812,-1200.8258,1.0,0.1214,0.2709,1027.0,0.324305,0.31353,0.080457,0.359299,0.359299,0.091673,0.087879,0.014782,1.0,1.0,0.008184,0.000145,0.003875,0.005677,0.007075,0.005724,0.006691,-0.001146,1027,1.0,35.9271,86.4979,QUALIFIED,,0.982283,-0.465032,0.190954,1.171275,True,True,BOTH,normal_low,0.052763,0.019452,0.068872,0.0,0.037104,4,full_m3_data
1771,167.0,0.104375,0.4912,1.18,492.37125748503,836.6467065868263,-24559.33233532934,33166.21856287425,41.2686,483,831,503,848,5.561,3.2565,14.1112,4.1364,1.5341,-1176.1868,1.0,0.1794,0.3212,167.0,0.350004,0.328002,0.100545,1.0,1.0,0.118377,0.117146,0.013469,1.0,1.0,0.03699,0.03697,0.047617,0.049697,0.065295,0.05416,0.067549,0.0654,167,1.0,35.9271,86.4979,QUALIFIED,,0.000541,-0.043682,0.170534,0.031814,True,True,BOTH,normal_low,0.001433,0.017371,3.8e-05,0.0,0.004852,4,full_m3_data
1772,1137.0,0.710625,0.5115,1.46,481.2726473175022,866.570800351803,-23811.229991204928,33443.68381706245,41.0536,463,835,502,892,9.7097,4.4393,23.5946,7.6868,2.5465,-1190.5251,1.0,0.1398,0.3012,1137.0,0.315558,0.305776,0.079252,1.0,1.0,0.119118,0.116549,0.01853,1.0,1.0,0.02038,0.02299,0.024646,0.028624,0.038224,0.01943,0.03473,0.027435,1137,1.0,35.9271,86.4979,QUALIFIED,,-0.128067,-0.161406,0.491681,0.210049,True,True,BOTH,normal_low,0.009462,0.050085,0.0,0.0,0.015833,4,full_m3_data
1779,199.0,0.124375,0.4807,1.28,492.5276381909548,743.6582914572864,-26884.04271356784,33162.30904522613,42.6899,483,735,506,753,7.0013,3.2007,16.2905,6.1866,2.5744,-1177.3258,1.0,0.1528,0.3074,199.0,0.322455,0.30206,0.069306,1.0,1.0,0.080322,0.079288,0.004788,1.0,1.0,0.058517,0.063303,0.087321,0.092433,0.113273,0.103524,0.119191,0.114704,199,1.0,80.591,99.4056,QUALIFIED,,-0.081788,-0.058543,0.086066,0.037645,True,True,BOTH,normal_low,0.001696,0.008767,0.0,0.0,0.002785,4,full_m3_data
1780,388.0,0.2425,0.4181,1.1,485.6056701030928,922.34793814433,-22416.801546391755,33335.35824742268,40.1709,471,908,500,940,8.1669,4.4276,23.961,6.0995,2.1566,-1260.2223,1.0,0.1645,0.3217,388.0,0.542424,0.53353,0.104002,0.275773,0.275773,0.090069,0.087793,0.010591,1.0,1.0,0.00061,0.002134,0.00085,0.000369,0.00289,-0.011213,-0.000152,-0.004101,388,1.0,35.9271,86.4979,QUALIFIED,,,,4.879931,,True,True,BOTH,typical,,0.497095,,,0.124274,1,partial_m3_data
1814,128.0,0.08,0.6095,1.07,499.4375,1105.0625,-17848.9375,32989.5625,37.5079,493,1099,508,1113,6.1327,3.0138,15.056,5.3505,2.0172,-1193.995,1.0,0.9541,0.1628,128.0,,,,0.0,0.0,0.094069,0.09344,0.009905,1.0,1.0,0.021409,0.002472,0.009753,0.009212,0.010806,0.014073,0.016263,-0.004916,128,1.0,35.9271,86.4979,QUALIFIED,,0.884535,0.05547,-0.302332,1.302281,False,True,S1_ONLY,no_data,0.058664,0.0,0.062019,0.007861,0.034508,4,full_m3_data
1845,163.0,0.101875,0.4657,1.79,508.12883435582825,1924.59509202454,2639.3773006134943,32772.27914110429,32.8779,496,1919,521,1933,12.0454,2.6533,18.508,10.7663,1.4129,-947.6952,1.0,1.0,0.0,163.0,0.07835,0.0707,0.023555,1.0,1.0,0.147095,0.144573,0.0147,1.0,1.0,0.001791,0.003328,0.001485,0.008956,0.003819,-0.002729,0.004156,-0.017381,163,1.0,49.6089,82.7432,QUALIFIED,,-0.85818,-5.030976,1.714585,5.182146,True,True,BOTH,normal_low,0.233442,0.174657,0.0,0.0,0.125369,4,full_m3_data
1861,2510.0,1.56875,0.491,1.01,498.991235059761,1848.2908366533864,731.770916334659,33000.71912350597,33.0083,463,1819,535,1890,11.3155,4.8883,25.8185,9.876,3.8845,-545.1706,1.0,0.0721,0.227,2510.0,0.17194,0.167975,0.055626,1.0,1.0,0.110524,0.10742,0.018503,1.0,1.0,0.014864,0.011016,0.018404,0.022173,0.019754,0.018414,0.022291,0.015223,2510,1.0,49.6089,82.7432,QUALIFIED,,0.258881,-0.204792,0.067834,0.317079,True,True,BOTH,normal_low,0.014284,0.00691,0.018151,0.0,0.010357,4,full_m3_data
1938,176.0,0.11,0.5752,1.06,517.2784090909091,1052.4545454545455,-19164.136363636364,32543.539772727272,37.7663,509,1044,527,1061,5.3589,2.9307,13.5432,4.5115,1.3976,-997.5216,1.0,0.1359,0.2963,176.0,,,,0.0,0.0,0.102255,0.099827,0.010773,1.0,1.0,0.041419,0.045429,0.058669,0.065799,0.077311,0.077688,0.070225,0.053252,176,1.0,35.9271,86.4979,QUALIFIED,,-0.096815,-0.121529,-0.004876,0.241695,False,True,S1_ONLY,no_data,0.010888,0.0,0.0,0.0,0.003811,4,full_m3_data
1979,218.0,0.13625,0.6412,1.18,523.2706422018349,795.4770642201835,-25588.57339449541,32393.733944954125,41.2804,515,787,532,807,9.7144,3.8667,19.3758,7.1259,1.6067,-1221.9338,1.0,0.8369,0.3353,218.0,0.286938,0.279883,0.074475,1.0,1.0,0.122069,0.122475,0.014186,1.0,1.0,0.007468,0.00093,0.00591,0.007223,0.007343,0.010219,0.00434,-0.003611,218,1.0,80.591,99.4056,QUALIFIED,,0.875469,-0.222166,-0.391666,1.832028,True,True,BOTH,normal_low,0.082528,0.0,0.061383,0.0,0.041161,4,full_m3_data
1994,593.0,0.370625,0.4983,1.03,532.637436762226,638.9527824620574,-29501.68043844857,32159.56408094435,43.6409,518,621,552,656,11.6261,4.4588,29.5927,10.2635,3.4898,-1322.8471,1.0,0.0103,0.0703,593.0,0.247968,0.239242,0.047875,1.0,1.0,0.072856,0.078656,0.019954,1.0,1.0,0.003553,0.002559,0.004634,0.006377,0.00434,0.0062,0.007735,-0.002928,593,1.0,80.591,99.4056,QUALIFIED,,0.279764,-0.376133,-0.428571,1.378539,True,True,BOTH,normal_low,0.062099,0.0,0.019616,0.0,0.025658,4,full_m3_data
1995,305.0,0.190625,0.5187,1.33,523.1934426229508,731.672131147541,-27183.69672131148,32395.66393442623,42.2892,509,722,537,743,9.2073,3.7252,18.9693,7.0207,1.7318,-1119.3697,1.0,0.0746,0.2321,305.0,0.299549,0.294368,0.041649,1.0,1.0,0.074389,0.07376,0.008955,1.0,1.0,0.086599,0.095605,0.138405,0.145638,0.186186,0.192896,0.199657,0.194055,305,1.0,80.591,99.4056,QUALIFIED,,-0.103997,-0.05226,-0.036039,0.028058,True,True,BOTH,normal_low,0.001264,0.0,0.0,0.0,0.000442,4,full_m3_data
2004,134.0,0.08375,0.5317,1.29,532.1044776119403,957.5820895522388,-21535.94776119403,32172.88805970149,38.7148,526,950,540,968,8.4315,3.0949,17.2858,7.846,2.285,-1145.8248,1.0,0.0179,0.1018,134.0,,,,0.0,0.0,0.398556,0.428507,0.095605,1.0,1.0,0.07962,0.082785,0.1209,0.127208,0.162533,0.152132,0.156936,0.171076,134,1.0,35.9271,86.4979,QUALIFIED,,-0.039751,-0.052175,0.063993,-0.0901,False,True,S1_ONLY,no_data,0.0,0.006519,0.0,0.0,0.00163,4,full_m3_data
2006,636.0,0.3975,0.5699,1.16,523.746855345912,1983.0833333333333,4101.5833333333285,32381.8286163522,32.6401,509,1967,540,2003,7.6326,4.0056,20.2407,6.8106,3.2705,-1264.6079,1.0,1.0,0.0,636.0,0.165831,0.150188,0.060614,0.339623,0.339623,0.083932,0.081048,0.014175,1.0,1.0,0.000686,0.001847,-0.000256,0.005681,8.1e-05,-0.002218,-0.004117,-0.009058,636,1.0,49.6089,82.7432,QUALIFIED,,,,,,True,True,BOTH,normal_low,,,,,0.0,0,no_m3_data
2015,1925.0,1.203125,0.5812,1.44,521.0597402597402,701.9158441558442,-27927.60389610389,32449.00649350649,42.8115,489,678,558,726,8.6952,3.5924,28.0655,7.4008,2.3994,-1218.6738,1.0,0.0352,0.1536,1925.0,0.286394,0.281887,0.049994,1.0,1.0,0.069805,0.069097,0.009409,1.0,1.0,0.068441,0.07805,0.108421,0.115254,0.145072,0.145346,0.151945,0.150363,1925,1.0,80.591,99.4056,QUALIFIED,,-0.140398,-0.063023,-0.001889,0.010412,True,True,BOTH,normal_low,0.000469,0.0,0.0,0.0,0.000164,4,full_m3_data
2046,210.0,0.13125,0.5966,1.38,538.0238095238095,775.4809523809524,-26088.47619047619,32024.904761904763,41.3055,530,766,546,788,9.406,4.7661,21.1352,8.4215,3.222,-1174.2004,1.0,0.8065,0.3397,210.0,0.276659,0.277178,0.054743,1.0,1.0,0.088462,0.08768,0.008119,1.0,1.0,0.002132,-0.000127,0.002468,0.004479,0.000688,-0.003002,-0.01482,-0.018214,210,1.0,80.591,99.4056,QUALIFIED,,1.059568,-0.81483,,,True,True,BOTH,normal_low,,,0.074291,0.0,0.014858,2,partial_m3_data
2169,1306.0,0.81625,0.5335,1.89,540.7618683001531,3034.0451761102604,30375.62940275652,31956.45329249617,44.0896,525,3000,561,3068,15.3581,3.2694,26.381,13.7866,2.2543,-7424.1804,1.0,1.0,0.0,1306.0,0.407139,0.371318,0.143515,0.892802,0.892802,0.059507,0.061364,0.009957,1.0,1.0,-0.001076,8.8e-05,-0.000593,2.8e-05,-0.00557,-0.006898,-0.002752,-0.005737,1306,1.0,-172.3894,69.0553,QUALIFIED,,,,,,True,True,BOTH,normal_low,,,,,0.0,0,no_m3_data
2181,4547.0,2.841875,0.6282,1.22,572.661315152848,2084.5722454365514,6638.806135913786,31158.9671211788,31.858,537,2041,614,2135,15.715,3.4569,29.1634,13.956,2.4937,-1778.5843,1.0,1.0,0.0,4547.0,,,,0.0,0.0,0.069377,0.06971,0.018582,1.0,1.0,-0.000812,0.000732,0.003448,-0.000244,0.000984,-0.002705,-0.005305,-0.000764,4547,1.0,40.2924,84.9679,QUALIFIED,,,1.070766,,,False,True,S1_ONLY,no_data,,,,0.151736,0.030347,1,partial_m3_data
2239,145.0,0.090625,0.5754,1.29,558.2413793103449,1996.0275862068968,4425.189655172413,31519.465517241377,31.8282,549,1989,567,2003,19.0689,2.5633,26.9478,17.0057,1.399,-1364.4607,1.0,1.0,0.0,145.0,,,,0.0,0.0,0.191127,0.188362,0.087086,1.0,1.0,0.003574,0.000156,0.000206,-0.000392,0.001015,-0.001674,-0.003938,0.002047,145,1.0,49.6089,82.7432,QUALIFIED,,0.956351,,2.649261,,False,True,S1_ONLY,no_data,,0.269868,0.067054,,0.080878,2,partial_m3_data
2253,183.0,0.114375,0.4586,1.11,559.8306010928961,1864.879781420765,1146.4945355191303,31479.7349726776,31.5001,550,1854,569,1875,5.8228,3.1747,16.9112,5.1305,2.3482,-873.5451,1.0,0.984,0.1018,183.0,0.173901,0.169955,0.051522,1.0,1.0,0.089213,0.086971,0.010145,1.0,1.0,0.004493,-0.00157,0.001873,0.001813,0.004522,0.001612,-0.002295,0.006523,183,1.0,49.6089,82.7432,QUALIFIED,,1.349432,0.032034,0.643521,,True,True,BOTH,normal_low,,0.065552,0.094615,0.004539,0.036219,3,full_m3_data
2262,173.0,0.108125,0.4806,1.6,564.9537572254335,2172.8901734104047,8846.75433526012,31351.65606936416,32.5756,557,2161,572,2185,10.1557,3.5544,17.5363,9.3523,2.5126,-2002.6173,1.0,1.0,0.0,173.0,,,,0.0,0.0,0.085601,0.085435,0.005273,1.0,1.0,-0.0064,-0.000247,0.006048,-0.00298,0.00283,0.001328,-0.006402,0.000174,173,1.0,40.2924,84.9679,QUALIFIED,,,1.492725,0.530742,,False,True,S1_ONLY,no_data,,0.054064,,0.211531,0.055822,2,partial_m3_data
2271,138.0,0.08625,0.6273,2.2,564.4130434782609,1876.072463768116,1426.3115942028962,31365.17391304348,31.3971,552,1871,574,1881,4.4242,2.3732,14.5647,3.6656,1.3213,-881.4223,1.0,0.998,0.0238,138.0,0.250015,0.250718,0.063417,1.0,1.0,0.088656,0.089101,0.009732,1.0,1.0,0.004017,-0.000235,0.001811,0.001262,0.000639,-0.000364,-0.002299,0.002024,138,1.0,49.6089,82.7432,QUALIFIED,,1.058501,0.303147,,,True,True,BOTH,normal_low,,,0.074216,0.042958,0.023435,2,partial_m3_data
2275,336.0,0.21,0.5333,1.94,571.047619047619,2259.428571428572,11010.21428571429,31199.309523809527,33.0848,565,2243,583,2278,14.7757,3.2543,22.4002,13.0342,2.8687,-1983.39,1.0,1.0,0.0,336.0,,,,0.0,0.0,0.109125,0.10443,0.020924,1.0,1.0,0.001356,0.005672,0.007304,0.001073,0.005331,-0.001484,-0.00161,-0.001271,336,1.0,40.2924,84.9679,QUALIFIED,,-3.182891,0.853094,1.278372,,False,True,S1_ONLY,no_data,,0.130222,0.0,0.12089,0.056734,3,full_m3_data
2298,1045.0,0.653125,0.5332,1.23,575.2641148325359,795.3636363636364,-25591.40909090909,31093.897129186604,40.2703,556,770,596,819,10.9836,4.5445,27.6721,9.0287,2.8812,-1328.837,1.0,0.994,0.0626,1045.0,0.34409,0.328188,0.086264,1.0,1.0,0.155258,0.159228,0.027879,1.0,1.0,0.000694,0.002504,0.005671,0.009828,0.002709,-0.004752,-0.009048,-0.020906,1045,1.0,80.591,99.4056,QUALIFIED,,,-0.733028,2.754153,,True,True,BOTH,normal_low,,0.280552,,0.0,0.070138,2,partial_m3_data
2324,623.0,0.389375,0.5065,1.37,569.8459069020867,1027.1974317817014,-19795.564205457464,31229.35232744784,36.9741,556,1005,586,1046,8.0219,4.2081,23.0647,6.7504,2.5943,-926.8099,1.0,0.1172,0.3022,623.0,,,,0.0,0.0,0.112794,0.109899,0.020875,1.0,1.0,0.035191,0.041147,0.054813,0.053987,0.067868,0.063686,0.068813,0.060857,623,1.0,35.9271,86.4979,QUALIFIED,,-0.169248,0.015069,0.06162,0.115618,False,True,S1_ONLY,no_data,0.005208,0.006277,0.0,0.002135,0.003819,4,full_m3_data
2350,158.0,0.09875,0.5809,1.06,584.3860759493671,2140.6962025316457,8041.905063291138,30865.848101265823,31.8959,578,2134,594,2151,11.7641,2.5761,17.7543,10.1338,1.2465,-2009.0076,1.0,1.0,0.0,158.0,,,,0.0,0.0,0.086757,0.087468,0.006419,1.0,1.0,-0.000214,0.005916,0.007339,0.001216,0.0019,-0.001686,-0.003111,0.000441,158,1.0,40.2924,84.9679,QUALIFIED,,,0.83431,1.887368,,False,True,S1_ONLY,no_data,,0.192257,,0.118228,0.07171,2,partial_m3_data
2378,555.0,0.346875,0.5595,1.03,578.245045045045,1861.372972972973,1058.8243243243269,31019.37387387388,31.037,564,1847,595,1879,5.6665,3.5416,18.8775,4.6721,2.6993,-868.4288,1.0,0.864,0.3118,555.0,0.175674,0.16911,0.040905,0.886486,0.886486,0.07377,0.072716,0.009499,1.0,1.0,0.002611,0.001729,0.003164,0.000297,0.001441,0.000945,-0.004541,0.006722,555,1.0,49.6089,82.7432,QUALIFIED,,0.337802,0.906131,0.344205,,True,True,BOTH,normal_low,,0.035063,0.023685,0.128406,0.039184,3,full_m3_data
2380,139.0,0.086875,0.4877,1.27,589.956834532374,2174.179856115108,8878.996402877703,30726.57913669065,31.9834,583,2163,598,2182,4.6122,2.0688,12.1011,3.8638,1.0918,-2076.663,1.0,1.0,0.0,139.0,,,,0.0,0.0,0.094148,0.090835,0.013396,1.0,1.0,0.000275,0.003287,0.003639,0.001493,-0.001596,-0.004238,-0.003981,-0.006266,139,1.0,40.2924,84.9679,QUALIFIED,,,0.589722,,,False,True,S1_ONLY,no_data,,,,0.083568,0.016714,1,partial_m3_data
2381,627.0,0.391875,0.5296,1.16,584.8867623604466,2236.787878787879,10444.196969696975,30853.330940988835,32.5728,566,2220,603,2252,8.6117,4.5086,26.3853,6.6057,3.1574,-2027.7992,1.0,1.0,0.0,627.0,,,,0.0,0.0,0.084618,0.083371,0.009614,1.0,1.0,-0.000472,0.006964,0.002036,0.001629,0.001557,-0.002647,0.000943,0.00078,627,1.0,40.2924,84.9679,QUALIFIED,,,0.199902,2.700064,,False,True,S1_ONLY,no_data,,0.275043,,0.028328,0.074426,2,partial_m3_data
2382,842.0,0.52625,0.3803,1.32,594.3515439429929,2265.6128266033256,11164.820665083142,30616.71140142518,32.5886,576,2245,617,2299,7.3687,3.9588,24.5034,6.2479,2.7437,-2043.1352,1.0,1.0,0.0,842.0,,,,0.0,0.0,0.094356,0.093825,0.016982,1.0,1.0,-0.001171,0.003283,-0.000961,0.000988,-0.001403,-0.004008,0.00153,-0.001309,842,1.0,40.2924,84.9679,QUALIFIED,,,,,1.855556,False,True,S1_ONLY,no_data,0.083588,,,,0.029256,1,partial_m3_data
2408,839.0,0.524375,0.5707,1.2,578.4219308700834,2156.4016686531586,8434.541716328968,31014.95172824792,32.141,561,2136,596,2178,9.7236,3.1791,23.0963,8.6925,2.2485,-2020.8572,1.0,1.0,0.0,839.0,,,,0.0,0.0,0.087111,0.084919,0.012037,1.0,1.0,-0.002723,0.003576,0.009627,0.000558,0.001793,-0.001794,-0.003751,0.000109,839,1.0,40.2924,84.9679,QUALIFIED,,,0.942038,2.000558,,False,True,S1_ONLY,no_data,,0.203787,,0.133494,0.077646,2,partial_m3_data
2429,141.0,0.088125,0.5423,1.54,588.1489361702128,1883.886524822695,1621.6631205673766,30771.776595744683,30.814,582,1875,595,1895,7.8792,4.6701,25.2012,7.4997,3.0353,-950.4255,1.0,0.9898,0.0535,141.0,,,,0.0,0.0,0.063625,0.062815,0.006625,1.0,1.0,0.000981,0.002112,0.003274,0.00079,0.002769,-0.003514,-0.004845,0.002362,141,1.0,49.6089,82.7432,QUALIFIED,,,0.758705,2.26905,,False,True,S1_ONLY,no_data,,0.231137,,0.107514,0.079287,2,partial_m3_data
2528,256.0,0.16,0.6124,1.16,601.20703125,2202.67578125,9591.39453125,30445.32421875,31.9201,592,2192,611,2214,6.171,3.1506,15.9481,5.1283,2.1029,-2061.1452,1.0,1.0,0.0,256.0,,,,0.0,0.0,0.133192,0.102341,0.074248,1.0,1.0,-0.000791,0.002989,-0.001401,-0.00043,-0.003601,-0.003008,0.002365,0.003598,256,1.0,40.2924,84.9679,QUALIFIED,,,,,-0.521353,False,True,S1_ONLY,no_data,0.0,,,,0.0,1,partial_m3_data
2529,271.0,0.169375,0.5283,1.42,605.1734317343173,2279.2435424354244,11505.588560885612,30346.164206642068,32.4538,596,2268,615,2295,6.7443,3.4717,21.0973,5.822,2.5892,-2059.805,1.0,1.0,0.0,271.0,,,,0.0,0.0,0.099158,0.095047,0.01664,1.0,1.0,-0.001394,0.000577,-0.000304,-0.000507,0.008397,-0.004468,0.005558,0.004611,271,1.0,40.2924,84.9679,QUALIFIED,,,,1.532095,0.170385,False,True,S1_ONLY,no_data,0.007675,0.156067,,,0.041703,2,partial_m3_data
2557,217.0,0.135625,0.5711,1.05,617.2350230414746,2183.115207373272,9102.3801843318,30044.62442396313,31.3929,608,2174,628,2193,5.8999,4.0193,18.1943,4.6589,1.5982,-2084.9224,1.0,1.0,0.0,217.0,,,,0.0,0.0,0.109305,0.110518,0.013236,1.0,1.0,0.000401,-0.002013,-0.000924,-0.001068,-0.004243,-0.008436,-0.000424,0.002195,217,1.0,40.2924,84.9679,QUALIFIED,,,,,,False,True,S1_ONLY,no_data,,,,,0.0,0,no_m3_data
2594,314.0,0.19625,0.4361,1.25,615.7261146496816,2051.3057324840765,5807.1433121019145,30082.34713375796,30.6373,604,2034,628,2064,16.1051,4.0575,29.0424,14.4919,2.9016,-1840.7634,1.0,1.0,0.0,314.0,,,,0.0,0.0,0.04703,0.044591,0.008597,1.0,1.0,0.000585,0.003765,-0.001287,-0.000119,-0.011099,-0.008875,-0.009284,-0.007289,314,1.0,40.2924,84.9679,QUALIFIED,,,,,,False,True,S1_ONLY,no_data,,,,,0.0,0,no_m3_data
2595,182.0,0.11375,0.5688,1.25,621.565934065934,2156.923076923077,8447.57692307693,29936.35164835165,31.1051,614,2147,630,2167,8.7427,4.4704,23.1336,6.8855,2.1924,-2101.6547,1.0,1.0,0.0,182.0,,,,0.0,0.0,0.092055,0.08455,0.013467,1.0,1.0,0.000955,0.000394,-0.000891,-0.000137,-0.001797,-0.010129,0.000638,-0.007727,182,1.0,40.2924,84.9679,QUALIFIED,,,,,,False,True,S1_ONLY,no_data,,,,,0.0,0,no_m3_data
2606,138.0,0.08625,0.575,1.67,622.6376811594203,2441.442028985507,15560.550724637673,29909.557971014496,33.715,613,2437,633,2449,6.9454,3.1201,16.317,7.0276,2.7619,-1051.4104,1.0,0.1687,0.3321,138.0,,,,0.0,0.0,0.127901,0.121256,0.031478,1.0,1.0,0.002295,0.000536,0.001047,0.000377,-0.001127,-0.002133,-0.000359,-0.001981,138,1.0,-8.8513,82.0245,QUALIFIED,,0.766449,0.639924,,,False,True,S1_ONLY,no_data,,,0.053739,0.090682,0.028884,2,partial_m3_data
2607,188.0,0.1175,0.4608,1.41,615.1436170212766,2450.7127659574467,15792.319148936163,30096.909574468085,33.9883,603,2443,627,2460,6.8225,3.3541,15.2282,5.2868,2.1061,-1036.6668,1.0,0.1079,0.2542,188.0,,,,0.0,0.0,0.10907,0.10327,0.021253,1.0,1.0,-6.4e-05,0.001007,0.000433,0.002439,-0.002953,-0.004132,0.0013,-0.009018,188,1.0,-8.8513,82.0245,QUALIFIED,,,,,7.936923,False,True,S1_ONLY,no_data,0.357537,,,,0.125138,1,partial_m3_data
2645,606.0,0.37875,0.5918,1.0,612.8828382838284,1993.341584158416,4358.039603960395,30153.42904290429,30.4663,598,1979,630,2011,15.9935,3.6675,28.2418,14.1457,2.2174,-1538.5167,1.0,1.0,0.0,606.0,,,,0.0,0.0,0.092765,0.093638,0.027224,1.0,1.0,-0.00044,0.001034,-0.00095,0.000653,-0.00695,-0.006474,-0.000863,0.000691,606,1.0,49.6089,82.7432,QUALIFIED,,,,,,False,True,S1_ONLY,no_data,,,,,0.0,0,no_m3_data
2672,243.0,0.151875,0.486,1.25,629.0288065843621,2172.337448559671,8832.936213991772,29749.779835390946,31.033,619,2162,639,2187,6.7197,4.3541,18.4553,4.9013,1.8818,-2094.9671,1.0,1.0,0.0,243.0,,,,0.0,0.0,0.130844,0.117207,0.052924,1.0,1.0,0.00282,0.000752,0.000576,0.003393,-0.002646,-0.009276,-0.007558,-0.014369,243,1.0,40.2924,84.9679,QUALIFIED,,0.733333,,,,False,True,S1_ONLY,no_data,,,0.051417,,0.010283,1,partial_m3_data
2686,395.0,0.246875,0.5878,1.17,618.3721518987342,2199.9898734177214,9524.246835443031,30016.19620253165,31.4907,608,2187,632,2215,8.3764,4.286,25.7687,6.3201,1.9333,-2084.4564,1.0,1.0,0.0,395.0,,,,0.0,0.0,0.145203,0.146867,0.040891,1.0,1.0,-0.000597,-0.000918,-0.000478,-5.7e-05,0.001128,-0.007137,0.001602,0.001839,395,1.0,40.2924,84.9679,QUALIFIED,,,,7.327128,-0.14794,False,True,S1_ONLY,no_data,0.0,0.74638,,,0.186595,2,partial_m3_data
2721,515.0,0.321875,0.6503,1.38,638.4116504854369,2324.332038834952,12632.800970873788,29515.20873786408,32.1048,627,2308,651,2341,7.3963,3.3063,23.3455,6.2588,1.7663,-2078.5836,1.0,1.0,0.0,515.0,,,,0.0,0.0,0.116226,0.109157,0.029652,1.0,1.0,-0.003216,0.001932,0.003845,0.000287,0.003598,0.009153,-0.000905,0.006795,515,1.0,40.2924,84.9679,QUALIFIED,,,0.925358,-1.543913,,False,True,S1_ONLY,no_data,,0.0,,0.13113,0.026226,2,partial_m3_data
2774,352.0,0.22,0.5432,1.12,634.7698863636364,2301.994318181818,12074.357954545449,29606.25284090909,31.9735,622,2290,649,2314,6.5498,4.3335,23.4493,5.2724,3.5131,-2093.1851,1.0,1.0,0.0,352.0,,,,0.0,0.0,0.113524,0.111422,0.022188,1.0,1.0,-0.000437,0.002645,0.002227,0.001042,0.004037,0.004959,0.001529,0.00052,352,1.0,40.2924,84.9679,QUALIFIED,,,0.532106,-0.228387,0.659908,False,True,S1_ONLY,no_data,0.029727,0.0,,0.075404,0.025485,3,full_m3_data
2786,155.0,0.096875,0.6078,1.13,642.7290322580645,2119.967741935484,7523.693548387098,29407.274193548383,30.3541,636,2112,651,2129,5.9714,2.7412,17.4207,5.1142,1.7017,-2157.4857,1.0,1.0,0.0,155.0,,,,0.0,0.0,0.067552,0.066338,0.006707,1.0,1.0,0.003764,0.0019,0.001069,0.000299,0.002344,-0.0026,0.001519,-0.002816,155,1.0,40.2924,84.9679,QUALIFIED,,0.495218,0.720299,2.109215,2.853851,False,True,S1_ONLY,no_data,0.128558,0.214856,0.034722,0.102072,0.126068,4,full_m3_data
2793,436.0,0.2725,0.4989,1.65,640.1330275229358,2210.756880733945,9793.422018348618,29472.174311926603,31.0564,630,2194,653,2232,8.6491,4.1982,25.597,7.2633,2.7378,-2083.6433,1.0,1.0,0.0,436.0,,,,0.0,0.0,0.107823,0.107404,0.015939,1.0,1.0,-0.003066,0.003344,0.001493,0.001595,0.002679,0.002995,-0.003823,0.0009,436,1.0,40.2924,84.9679,QUALIFIED,,,-0.068319,-0.117954,,False,True,S1_ONLY,no_data,,0.0,,0.0,0.0,2,partial_m3_data
2804,334.0,0.20875,0.5378,1.17,639.937125748503,2179.0359281437127,9000.39820359282,29477.071856287424,30.8202,630,2167,653,2194,5.1317,2.7439,16.3138,3.8111,1.3903,-2100.6264,1.0,1.0,0.0,334.0,,,,0.0,0.0,0.116457,0.112228,0.020391,1.0,1.0,0.001814,0.002767,0.001005,0.0021,0.001741,-0.003165,-0.006871,-0.013982,334,1.0,40.2924,84.9679,QUALIFIED,,-0.525358,-1.089552,2.817921,,False,True,S1_ONLY,no_data,,0.287048,0.0,0.0,0.071762,3,full_m3_data
2812,421.0,0.263125,0.5539,2.11,659.1140142517814,1853.4346793349168,860.3669833729218,28997.649643705463,29.0099,642,1843,682,1862,16.63,3.8147,28.8652,14.9371,3.0728,-641.9514,1.0,0.0007,0.0136,421.0,,,,0.0,0.0,0.063704,0.062529,0.009721,1.0,1.0,0.008265,0.007661,0.00453,0.00563,0.009938,0.007845,0.005446,0.00761,421,1.0,49.6089,82.7432,QUALIFIED,,0.073079,-0.242826,0.210606,-0.397356,False,True,S1_ONLY,no_data,0.0,0.021453,0.005124,0.0,0.006388,4,full_m3_data
2848,238.0,0.14875,0.5694,1.16,652.4789915966387,2306.4747899159665,12186.369747899167,29163.52521008403,31.607,643,2295,662,2317,5.7248,4.7904,25.4925,5.9701,4.7997,-2095.4777,1.0,1.0,0.0,238.0,,,,0.0,0.0,0.135465,0.125201,0.049232,1.0,1.0,-0.003166,0.000869,0.003907,0.000345,0.006629,0.020941,0.002102,0.009364,238,1.0,40.2924,84.9679,QUALIFIED,,,0.911697,-2.158998,-3.454805,False,True,S1_ONLY,no_data,0.0,0.0,,0.129195,0.025839,3,full_m3_data
2853,471.0,0.294375,0.5541,1.36,651.5541401273886,1838.67940552017,491.4851380042455,29186.646496815287,29.1903,636,1826,670,1851,8.0215,3.6186,19.3238,6.947,2.5617,-576.6419,1.0,0.0327,0.1343,471.0,,,,0.0,0.0,0.067,0.064313,0.014103,1.0,1.0,0.029211,0.032966,0.042332,0.044432,0.056528,0.050685,0.054744,0.056621,471,1.0,49.6089,82.7432,QUALIFIED,,-0.128547,-0.049608,0.103365,-0.034287,False,True,S1_ONLY,no_data,0.0,0.010529,0.0,0.0,0.002632,4,full_m3_data
2894,280.0,0.175,0.6061,1.05,660.2857142857143,3175.0214285714287,33900.035714285725,28968.35714285714,44.5913,650,3165,671,3187,14.1527,2.7506,23.0769,12.5381,1.251,-7706.3922,1.0,1.0,0.0,280.0,,,,0.0,0.0,0.055514,0.055293,0.004201,1.0,1.0,-0.001103,-0.000997,0.001274,-0.000537,-0.007473,-0.007097,-0.013886,-0.014883,280,1.0,-172.3894,69.0553,QUALIFIED,,,1.421507,,,False,True,S1_ONLY,no_data,,,,0.201439,0.040288,1,partial_m3_data
2924,318.0,0.19875,0.4938,1.22,654.3553459119497,2182.6572327044023,9090.93081761006,29116.616352201258,30.5025,641,2172,669,2195,6.9359,3.1795,16.5242,5.6521,1.6044,-2111.0336,1.0,1.0,0.0,318.0,,,,0.0,0.0,0.102294,0.104809,0.014192,1.0,1.0,-0.004722,0.004967,0.00441,0.000687,0.004391,0.016213,-0.004492,0.014976,318,1.0,40.2924,84.9679,QUALIFIED,,,0.844218,-2.692325,,False,True,S1_ONLY,no_data,,0.0,,0.119632,0.023926,2,partial_m3_data
2946,667.0,0.416875,0.5775,1.06,654.4017991004498,2103.1484257871066,7103.210644677667,29115.45502248876,29.969,639,2090,674,2123,7.5834,4.8741,23.1383,6.0224,3.0782,-2176.0519,1.0,1.0,0.0,667.0,,,,0.0,0.0,0.062787,0.061765,0.007419,1.0,1.0,-0.000102,0.001892,0.003064,0.000335,0.004128,0.00652,-0.011722,-0.00481,667,1.0,40.2924,84.9679,QUALIFIED,,,0.890666,-0.579457,,False,True,S1_ONLY,no_data,,0.0,,0.126214,0.025243,2,partial_m3_data
2953,3090.0,1.93125,0.3974,1.19,640.6760517799353,2068.993851132686,6249.346278317149,29458.598705501616,30.1138,598,2014,679,2110,13.3705,4.7798,29.5534,11.6687,3.7096,-2053.6886,1.0,1.0,0.0,3090.0,,,,0.0,0.0,0.063839,0.062991,0.013,1.0,1.0,0.000668,0.00157,0.000505,0.000779,-0.00149,-0.002183,-0.009141,-0.007224,3090,1.0,40.2924,84.9679,QUALIFIED,,,,,,False,True,S1_ONLY,no_data,,,,,0.0,0,no_m3_data
2954,865.0,0.540625,0.2626,1.13,682.7965317919076,2068.8346820809247,6245.367052023117,28405.58670520231,29.0837,655,2040,716,2094,9.4627,4.7957,27.7527,8.2087,4.0735,-2148.3484,1.0,1.0,0.0,865.0,,,,0.0,0.0,0.057112,0.058874,0.011729,1.0,1.0,0.000741,0.001553,0.002769,0.000703,0.005695,0.005033,-0.014158,-0.001447,865,1.0,40.2924,84.9679,QUALIFIED,,,0.746118,0.116242,,False,True,S1_ONLY,no_data,,0.011841,,0.105731,0.024106,2,partial_m3_data
2971,187.0,0.116875,0.685,1.62,675.9304812834224,2352.604278074866,13339.606951871654,28577.23796791444,31.5371,666,2347,687,2360,4.9348,2.5047,15.4791,4.1789,1.7469,-2130.2338,1.0,1.0,0.0,187.0,,,,0.0,0.0,0.076394,0.076282,0.008807,1.0,1.0,-0.002263,-0.001709,-0.000305,-0.001472,0.004954,-0.003124,-0.007551,-0.006313,187,1.0,40.2924,84.9679,QUALIFIED,,,,1.630602,,False,True,S1_ONLY,no_data,,0.166102,,,0.041526,1,partial_m3_data
2986,224.0,0.14,0.5359,1.16,668.8526785714286,2143.089285714286,8101.732142857145,28754.183035714286,29.8734,659,2132,681,2151,7.3473,4.0089,19.096,5.8578,2.0712,-2154.2193,1.0,1.0,0.0,224.0,,,,0.0,0.0,0.080562,0.080508,0.009227,1.0,1.0,-0.001119,0.002949,0.004015,4.6e-05,0.003461,0.015725,-0.042494,0.002315,224,1.0,40.2924,84.9679,QUALIFIED,,,0.988543,-3.543485,,False,True,S1_ONLY,no_data,,0.0,,0.140084,0.028017,2,partial_m3_data
2990,877.0,0.548125,0.4274,1.58,682.4732041049031,1355.0342075256556,-11599.644811858612,28413.669897377426,30.6895,666,1328,702,1385,13.8347,4.0557,25.6829,12.2526,3.1232,-3359.2063,1.0,1.0,0.0,877.0,0.168153,0.163984,0.057398,1.0,1.0,0.108913,0.110155,0.012882,1.0,1.0,0.00281,0.001858,0.000426,0.004326,0.001608,0.001695,-0.002081,-0.00206,877,1.0,-31.9971,79.6277,QUALIFIED,,0.33879,,-0.054104,,True,True,BOTH,normal_low,,0.0,0.023754,,0.004751,2,partial_m3_data
3025,228.0,0.1425,0.38,1.5,664.7587719298245,1830.6929824561405,291.82456140350405,28856.530701754386,28.8575,648,1824,678,1844,9.406,3.6931,18.6253,8.1962,2.5063,-586.686,1.0,0.1218,0.2851,228.0,,,,0.0,0.0,0.068083,0.070358,0.016346,1.0,1.0,0.023294,0.021924,0.028122,0.029813,0.03672,0.038681,0.03716,0.037783,228,1.0,49.6089,82.7432,QUALIFIED,,0.058813,-0.060131,-0.053404,-0.016765,False,True,S1_ONLY,no_data,0.0,0.0,0.004124,0.0,0.000825,4,full_m3_data
3026,371.0,0.231875,0.4744,1.48,669.7061994609164,2262.5471698113206,11088.179245283012,28732.84501347709,30.7978,652,2250,686,2273,7.5674,4.7861,29.2695,6.5744,3.3893,-2132.9185,1.0,1.0,0.0,371.0,,,,0.0,0.0,0.100535,0.095021,0.02268,1.0,1.0,0.000288,0.000762,0.003309,0.000272,0.004019,0.003208,0.000161,0.003449,371,1.0,40.2924,84.9679,QUALIFIED,,,0.9178,0.201791,,False,True,S1_ONLY,no_data,,0.020555,,0.130059,0.031151,2,partial_m3_data
3039,339.0,0.211875,0.452,1.2,674.3480825958702,2160.020648967552,8525.016224188788,28616.797935103245,29.8593,661,2148,686,2178,6.1812,3.9173,19.8578,5.1775,2.9457,-2133.0041,1.0,1.0,0.0,339.0,,,,0.0,0.0,0.093843,0.084228,0.021796,1.0,1.0,2e-06,0.001078,0.00197,0.000156,0.002662,0.006142,-0.016833,0.006024,339,1.0,40.2924,84.9679,QUALIFIED,,,0.920812,-1.307288,,False,True,S1_ONLY,no_data,,0.0,,0.130486,0.026097,2,partial_m3_data
3040,446.0,0.27875,0.554,1.52,675.2242152466367,2211.908071748879,9822.20179372198,28594.89461883408,30.2345,659,2201,694,2224,8.4584,4.9445,29.6176,6.3529,1.9959,-2116.3162,1.0,1.0,0.0,446.0,,,,0.0,0.0,0.126416,0.112069,0.07502,1.0,1.0,0.000715,-0.001338,0.003261,8.3e-05,0.004619,0.005516,0.003252,0.005217,446,1.0,40.2924,84.9679,QUALIFIED,,,0.974548,-0.194198,-0.604244,False,True,S1_ONLY,no_data,0.0,0.0,,0.138101,0.02762,3,full_m3_data
3055,456.0,0.285,0.48,1.52,689.0131578947369,1253.4802631578948,-14138.49342105263,28250.171052631576,31.59,677,1239,702,1277,10.2771,2.8436,21.1586,9.5657,2.4036,-3359.6049,1.0,1.0,0.0,456.0,,,,0.0,0.0,0.135526,0.131395,0.032122,1.0,1.0,0.001572,0.001983,0.000675,0.003895,-0.000499,-0.00231,-0.001877,-0.003715,456,1.0,-31.9971,79.6277,QUALIFIED,,-0.26145,,,,False,True,S1_ONLY,no_data,,,0.0,,0.0,1,partial_m3_data
3091,300.0,0.1875,0.4615,1.04,682.0733333333334,2290.8366666666666,11795.416666666664,28423.666666666664,30.7737,668,2280,694,2305,6.4894,3.2301,21.0973,5.4184,1.7307,-2126.718,1.0,1.0,0.0,300.0,,,,0.0,0.0,0.08589,0.087639,0.015006,1.0,1.0,0.001377,0.000984,0.002393,0.001564,0.006327,-0.000557,0.004323,-0.000361,300,1.0,40.2924,84.9679,QUALIFIED,,0.285403,0.346427,1.088035,1.083507,False,True,S1_ONLY,no_data,0.048809,0.110833,0.020011,0.049091,0.058612,4,full_m3_data
3107,144.0,0.09,0.6516,1.31,689.0972222222222,2489.2638888888887,16756.09722222222,28248.069444444445,32.8437,683,2481,696,2498,5.8646,2.6795,11.7852,5.4105,2.1401,-575.4472,1.0,0.0931,0.2634,144.0,,,,0.0,0.0,0.100126,0.099688,0.009707,1.0,1.0,0.000266,0.00269,0.005735,0.008149,0.007795,0.003419,-0.000119,-0.002826,144,1.0,-8.8513,82.0245,QUALIFIED,,,-0.420924,0.561386,,False,True,S1_ONLY,no_data,,0.057186,,0.0,0.014296,2,partial_m3_data
3116,407.0,0.254375,0.4153,1.25,691.9287469287469,1338.6093366093369,-12010.266584766585,28177.281326781325,30.6295,679,1324,707,1359,14.3774,3.2944,26.1461,12.7323,1.8845,-3417.4161,1.0,1.0,0.0,407.0,0.189195,0.193044,0.045614,1.0,1.0,0.113974,0.109935,0.024131,1.0,1.0,0.003097,0.001665,0.001755,0.002423,0.003891,0.006611,-0.001401,0.002859,407,1.0,-31.9971,79.6277,QUALIFIED,,0.462383,-0.380627,-0.699049,,True,True,BOTH,normal_low,,0.0,0.03242,0.0,0.006484,3,full_m3_data
3120,174.0,0.10875,0.6021,1.0,686.2586206896551,2078.3390804597702,6482.9770114942585,28319.034482758623,29.0512,677,2071,694,2088,5.9492,4.4234,22.2886,4.2163,1.9261,-2187.4699,1.0,1.0,0.0,174.0,,,,0.0,0.0,0.061288,0.061849,0.004205,1.0,1.0,9.9e-05,-0.00096,0.002993,0.000239,0.0039,0.001314,-0.005396,0.003364,174,1.0,40.2924,84.9679,QUALIFIED,,,0.920147,0.663077,,False,True,S1_ONLY,no_data,,0.067545,,0.130392,0.042965,2,partial_m3_data
3132,162.0,0.10125,0.5786,1.43,687.0679012345679,1800.7716049382716,-456.2098765432093,28298.802469135804,28.302,677,1795,697,1809,7.059,4.0211,19.2891,6.1408,3.0166,-495.3477,1.0,0.1356,0.276,162.0,,,,0.0,0.0,0.093071,0.079657,0.036918,1.0,1.0,0.013846,0.008567,0.010204,0.009839,0.008276,0.034758,0.008293,0.013605,162,1.0,49.6089,82.7432,QUALIFIED,,0.381265,0.03577,-3.199855,-0.64054,False,True,S1_ONLY,no_data,0.0,0.0,0.026732,0.005069,0.00636,4,full_m3_data
3137,151.0,0.094375,0.5992,1.29,698.5562913907285,1381.7350993377484,-10932.122516556294,28011.59271523179,30.0686,692,1374,706,1392,6.0966,2.0836,14.4555,5.7764,1.0019,-3431.9626,1.0,1.0,0.0,151.0,0.22103,0.214209,0.058954,1.0,1.0,0.091412,0.089125,0.010802,1.0,1.0,8.9e-05,0.001271,0.003238,0.000998,0.000698,0.023644,-0.00745,-0.008641,151,1.0,-31.9971,79.6277,QUALIFIED,,,0.691785,,,True,True,BOTH,normal_low,,,,0.098031,0.019606,1,partial_m3_data
3151,381.0,0.238125,0.5898,2.24,696.6246719160105,840.3674540682415,-24466.313648293963,28059.88320209974,37.2277,678,833,716,850,9.1074,4.4649,22.2584,7.2966,2.5416,-1320.8933,1.0,0.8505,0.3277,381.0,,,,0.0,0.0,0.157737,0.14098,0.050673,1.0,1.0,0.003354,0.004547,-0.000828,0.000723,-0.005354,-0.001636,0.00084,0.000909,381,1.0,35.9271,86.4979,QUALIFIED,,-0.355695,,,,False,True,S1_ONLY,no_data,,,0.0,,0.0,1,partial_m3_data
3175,800.0,0.5,0.5316,1.23,702.815,2238.84625,10495.65625,27905.125,29.8134,686,2220,721,2263,5.5114,3.5904,21.7158,3.5521,1.3293,-2141.2659,1.0,1.0,0.0,800.0,,,,0.0,0.0,0.058988,0.057237,0.007905,1.0,1.0,0.002562,0.001701,0.001842,7.4e-05,0.003715,-0.001333,-0.00255,-0.000279,800,1.0,40.2924,84.9679,QUALIFIED,,0.336066,0.959826,1.358816,,False,True,S1_ONLY,no_data,,0.138416,0.023563,0.136015,0.06652,3,full_m3_data
3184,255.0,0.159375,0.5312,1.2,702.5529411764705,2353.6666666666665,13366.166666666664,27911.67647058824,30.9468,692,2344,716,2364,5.6799,3.2615,18.62,5.4253,3.0643,-2128.1793,1.0,1.0,0.0,255.0,,,,0.0,0.0,0.072296,0.070536,0.010046,1.0,1.0,0.001714,0.000302,0.00017,0.00138,0.001306,-0.00181,-0.009423,-0.010009,255,1.0,40.2924,84.9679,QUALIFIED,,0.823804,,2.385911,,False,True,S1_ONLY,no_data,,0.243041,0.057761,,0.072312,2,partial_m3_data
3202,927.0,0.579375,0.5303,1.21,703.0809061488674,2164.629989212513,8640.249730312833,27898.47734627832,29.2055,682,2142,720,2188,6.8323,4.1577,22.723,5.0764,2.5661,-2129.9257,1.0,1.0,0.0,927.0,,,,0.0,0.0,0.085671,0.082636,0.020314,1.0,1.0,0.005099,0.002092,0.002424,0.001086,0.001834,-0.006127,-0.006718,-0.012135,927,1.0,40.2924,84.9679,QUALIFIED,,0.589723,0.55198,4.340785,,False,True,S1_ONLY,no_data,,0.442175,0.041348,0.07822,0.134457,3,full_m3_data
3215,303.0,0.189375,0.5067,1.13,696.2112211221122,1420.4950495049504,-9963.123762376244,28070.219471947195,29.7853,686,1409,709,1435,7.486,3.3757,25.1192,6.6427,2.1854,-3437.8261,1.0,1.0,0.0,303.0,0.160902,0.15715,0.033711,1.0,1.0,0.101497,0.102032,0.009871,1.0,1.0,0.004188,0.002197,0.0019,0.001327,0.003763,0.015935,-0.002967,0.022786,303,1.0,-31.9971,79.6277,QUALIFIED,,0.475406,0.301579,-3.234653,,True,True,BOTH,normal_low,,0.0,0.033333,0.042736,0.015214,3,full_m3_data
3224,126.0,0.07875,0.5526,1.58,710.015873015873,2283.373015873016,11608.8253968254,27725.103174603173,30.0571,701,2278,720,2290,5.6161,4.0313,20.1839,5.2778,1.9185,-2129.5927,1.0,1.0,0.0,126.0,,,,0.0,0.0,0.07149,0.069988,0.008263,1.0,1.0,0.006271,-0.000549,0.000904,-0.00085,0.000151,-0.008097,-0.011016,-0.00914,126,1.0,40.2924,84.9679,QUALIFIED,,1.087546,,,,False,True,S1_ONLY,no_data,,,0.076253,,0.015251,1,partial_m3_data
3248,912.0,0.57,0.4833,1.38,714.5723684210526,2299.123903508772,12002.597587719298,27611.190789473683,30.1069,689,2280,740,2317,7.3865,4.3686,24.0292,5.0587,1.8564,-2151.1568,1.0,1.0,0.0,912.0,,,,0.0,0.0,0.067948,0.067183,0.010618,1.0,1.0,0.004137,-0.001555,0.001147,0.001773,0.002384,-0.006798,-0.009534,-0.011147,912,1.0,40.2924,84.9679,QUALIFIED,,1.375876,-0.545772,3.85151,,False,True,S1_ONLY,no_data,,0.392335,0.096469,0.0,0.117378,3,full_m3_data
3249,684.0,0.4275,0.4442,1.26,696.8362573099415,673.6169590643275,-28635.07602339181,28054.59356725146,40.087,675,659,719,694,10.3821,4.6083,23.1979,8.8371,3.2211,-1673.4861,1.0,1.0,0.0,684.0,0.143539,0.130312,0.052424,1.0,1.0,0.010999,0.010836,0.001806,1.0,1.0,0.002337,0.004048,0.001727,-0.000309,-0.004606,-0.003283,-0.004879,-0.009315,684,1.0,80.591,99.4056,QUALIFIED,,-0.732135,1.178923,,,True,True,BOTH,normal_low,,,0.0,0.167063,0.033413,2,partial_m3_data
3253,370.0,0.23125,0.4907,1.12,710.5405405405405,1454.8756756756757,-9103.608108108108,27711.986486486487,29.1684,700,1440,726,1469,6.9695,2.9422,20.3008,5.9835,1.804,-3497.0121,1.0,1.0,0.0,370.0,0.182847,0.173548,0.040452,1.0,1.0,0.083934,0.089008,0.025759,1.0,1.0,0.002078,0.004757,0.005819,0.002832,0.005208,0.016345,0.003452,0.009915,370,1.0,-31.9971,79.6277,QUALIFIED,,-1.28922,0.513318,-2.138441,-1.872248,True,True,BOTH,normal_low,0.0,0.0,0.0,0.072741,0.014548,4,full_m3_data
3273,1050.0,0.65625,0.625,1.05,713.8047619047619,3219.7580952380954,35018.45238095238,27630.38095238096,44.6065,693,3198,735,3238,11.9229,3.4199,28.0292,10.3227,2.5076,-7819.4475,1.0,1.0,0.0,1050.0,,,,0.0,0.0,0.061976,0.061108,0.005691,1.0,1.0,0.001928,0.000407,0.001905,0.000808,-0.000561,0.00265,-0.003258,-0.004651,1050,1.0,-241.7927,53.398,QUALIFIED,,0.7889,0.575853,,,False,True,S1_ONLY,no_data,,,0.055313,0.081603,0.027383,2,partial_m3_data
3276,154.0,0.09625,0.4314,1.24,713.6428571428571,2272.5,11337.0,27634.42857142857,29.8693,704,2265,725,2282,8.1509,4.7378,24.7244,5.4281,1.4842,-2146.4717,1.0,1.0,0.0,154.0,,,,0.0,0.0,0.071063,0.071589,0.007122,1.0,1.0,0.00419,-0.001913,8e-06,-0.001413,0.001972,-0.009177,-0.012405,-0.011635,154,1.0,40.2924,84.9679,QUALIFIED,,1.456563,,5.653651,,False,True,S1_ONLY,no_data,,0.575911,0.102126,,0.164403,2,partial_m3_data
3291,203.0,0.126875,0.4903,1.28,718.3251231527094,2190.832512315271,9295.312807881768,27517.371921182264,29.0446,709,2179,727,2202,6.3664,4.1299,21.5543,4.7547,1.5282,-2109.7425,1.0,1.0,0.0,203.0,,,,0.0,0.0,0.047455,0.038331,0.019745,1.0,1.0,-0.000259,-0.000417,0.00119,0.001359,0.000982,-0.006423,-0.01056,-0.014228,203,1.0,40.2924,84.9679,QUALIFIED,,,-0.142017,,,False,True,S1_ONLY,no_data,,,,0.0,0.0,1,partial_m3_data
3335,413.0,0.258125,0.5507,1.2,718.3898305084746,1303.6489104116222,-12884.277239709443,27515.754237288136,30.3822,709,1288,734,1318,6.6695,2.8471,15.1034,5.9369,1.9396,-3562.7774,1.0,1.0,0.0,413.0,0.239293,0.239625,0.056812,0.520581,0.520581,0.099502,0.099686,0.013153,1.0,1.0,-0.000374,0.002174,0.002683,0.000249,-0.000242,0.016018,-0.003913,0.004077,413,1.0,-31.9971,79.6277,QUALIFIED,,,0.907193,,,True,True,BOTH,normal_low,,,,0.128556,0.025711,1,partial_m3_data
3351,786.0,0.49125,0.3797,1.02,717.6323155216285,703.2124681933842,-27895.1882951654,27534.692111959288,39.195,696,678,741,724,13.3732,4.5221,29.8164,11.8645,3.8805,-1636.9978,1.0,1.0,0.0,786.0,0.263112,0.257884,0.054895,1.0,1.0,0.031902,0.008137,0.037083,1.0,1.0,0.00209,0.002402,0.000553,-0.000153,-0.00263,-0.002877,-0.00232,-0.005546,786,1.0,80.591,99.4056,QUALIFIED,,-0.149282,,,,True,True,BOTH,normal_low,,,0.0,,0.0,1,partial_m3_data
3360,272.0,0.17,0.5887,1.05,725.7389705882352,3199.0551470588234,34500.87867647059,27332.02573529412,44.0154,715,3190,737,3211,15.561,3.5986,27.6891,13.827,2.2907,-7708.4151,1.0,1.0,0.0,272.0,,,,0.0,0.0,0.05585,0.055699,0.005966,1.0,1.0,0.002935,-0.000304,0.002008,0.000797,-0.000495,-0.002483,-0.003829,-0.001583,272,1.0,-172.3894,69.0553,QUALIFIED,,1.103578,0.603088,,,False,True,S1_ONLY,no_data,,,0.077377,0.085462,0.032568,2,partial_m3_data
3361,227.0,0.141875,0.4671,1.5,726.8281938325991,780.8590308370044,-25954.02422907489,27304.79515418502,37.6711,719,770,737,797,11.4812,3.7023,20.8059,9.8911,2.179,-1169.8129,1.0,1.0,0.0,227.0,,,,0.0,0.0,0.091966,0.092785,0.006506,1.0,1.0,0.003588,0.003727,0.000545,0.003847,0.001413,-0.000824,-0.001447,-0.003575,227,1.0,80.591,99.4056,QUALIFIED,,-0.03874,,1.583156,,False,True,S1_ONLY,no_data,,0.161269,0.0,,0.040317,2,partial_m3_data
3364,618.0,0.38625,0.6431,1.0,727.8106796116505,1445.0258899676376,-9349.852750809065,27280.23300970874,28.8374,713,1430,744,1461,4.9083,2.4281,16.4138,3.9662,1.4218,-3532.0964,1.0,1.0,0.0,618.0,0.235861,0.219222,0.068686,1.0,1.0,0.088323,0.084804,0.016138,1.0,1.0,0.005219,0.004929,0.004207,0.001856,0.006763,0.003062,0.00212,0.004221,618,1.0,-31.9971,79.6277,QUALIFIED,,0.055566,0.558831,0.547242,-0.991038,True,True,BOTH,normal_low,0.0,0.055745,0.003896,0.079191,0.030554,4,full_m3_data
3389,621.0,0.388125,0.5272,1.23,728.0322061191627,2244.1787439613527,10628.968599033818,27274.69484702093,29.2723,710,2229,748,2260,5.4777,3.5564,20.0166,4.0728,2.1338,-2134.8811,1.0,1.0,0.0,621.0,,,,0.0,0.0,0.046218,0.048366,0.010719,1.0,1.0,0.00185,0.001322,0.001901,0.00043,-0.001739,-0.012302,-0.014833,-0.026953,621,1.0,40.2924,84.9679,QUALIFIED,,0.285405,0.773803,,,False,True,S1_ONLY,no_data,,,0.020011,0.109654,0.025933,2,partial_m3_data
3426,163.0,0.101875,0.5175,1.4,744.5582822085889,747.9141104294479,-26777.6472392638,26861.54294478528,37.928,734,742,755,757,10.9859,2.8983,18.6645,9.944,1.1435,-1291.2562,1.0,1.0,0.0,163.0,0.29247,0.279818,0.047062,0.791411,0.791411,0.07835,0.078654,0.005111,1.0,1.0,0.00265,0.002297,0.000832,0.00069,0.001769,0.01097,-0.005501,0.009624,163,1.0,80.591,99.4056,QUALIFIED,,0.133208,,-5.201244,,True,True,BOTH,normal_low,,0.0,0.00934,,0.001868,2,partial_m3_data
3434,236.0,0.1475,0.4214,1.4,734.8898305084746,2482.156779661017,16578.419491525427,27103.254237288136,31.7714,722,2473,750,2493,9.432,3.9506,18.6437,8.4107,3.1827,-654.1227,1.0,0.0276,0.1372,236.0,,,,0.0,0.0,0.074989,0.072493,0.017866,1.0,1.0,-0.001266,-0.001941,0.001308,-0.001311,-0.001328,-0.009907,-0.008555,-0.022102,236,1.0,-8.8513,82.0245,QUALIFIED,,,2.002294,,,False,True,S1_ONLY,no_data,,,,0.283741,0.056748,1,partial_m3_data
3456,170.0,0.10625,0.6641,1.0,744.4470588235295,1382.6470588235295,-10909.323529411762,26864.32352941176,28.9943,736,1375,752,1391,7.1935,3.1417,19.6112,6.1634,1.4164,-3536.6181,1.0,1.0,0.0,170.0,0.247423,0.238389,0.057303,1.0,1.0,0.118786,0.12117,0.013591,1.0,1.0,0.002843,0.006545,0.001432,0.000388,0.004425,0.001209,0.007473,-0.00047,170,1.0,-31.9971,79.6277,QUALIFIED,,-1.302146,0.72905,0.72678,1.062893,True,True,BOTH,normal_low,0.04788,0.074034,0.0,0.103312,0.055929,4,full_m3_data
3474,220.0,0.1375,0.582,1.17,743.8863636363636,1330.159090909091,-12221.522727272728,26878.340909090908,29.5258,736,1321,754,1342,4.3009,1.9628,10.7423,3.9393,1.3921,-3615.1669,1.0,1.0,0.0,220.0,0.217607,0.212122,0.038732,1.0,1.0,0.081174,0.081209,0.005713,1.0,1.0,0.002563,0.002347,0.001602,0.002294,0.005793,0.000459,0.004368,-0.002702,220,1.0,-31.9971,79.6277,QUALIFIED,,0.084276,-0.43196,0.920766,1.61859,True,True,BOTH,normal_low,0.072913,0.093794,0.005909,0.0,0.05015,4,full_m3_data
3500,2862.0,1.78875,0.3705,1.37,769.0754716981132,1272.5552061495457,-13661.619846261356,26248.61320754717,29.5904,724,1232,827,1307,11.3815,3.6767,22.93,9.7666,2.7697,-3585.9366,1.0,1.0,0.0,2862.0,,,,0.0,0.0,0.079147,0.082365,0.022664,1.0,1.0,0.000713,-0.001039,0.001924,0.001184,0.002719,-0.001215,-0.004342,-0.007065,2862,1.0,-31.9971,79.6277,QUALIFIED,,,0.384615,1.446855,,False,True,S1_ONLY,no_data,,0.147384,,0.054503,0.047747,2,partial_m3_data
3509,622.0,0.38875,0.2945,1.09,741.7877813504823,2294.019292604501,11874.982315112538,26930.805466237944,29.4324,717,2269,761,2317,6.3068,3.6464,20.8938,4.7394,2.1583,-2151.3833,1.0,1.0,0.0,622.0,,,,0.0,0.0,0.051054,0.050902,0.012819,1.0,1.0,0.002951,0.002196,0.002843,0.002269,0.004153,-0.001392,-0.005619,-0.004376,622,1.0,40.2924,84.9679,QUALIFIED,,0.255845,0.201899,1.335179,,False,True,S1_ONLY,no_data,,0.136008,0.017938,0.028611,0.043312,3,full_m3_data
3519,212.0,0.1325,0.53,1.0,748.0707547169811,665.1556603773585,-28846.60849056604,26773.73113207547,39.3561,739,654,759,674,5.1688,2.9544,22.0389,3.8256,1.622,-1730.2809,1.0,1.0,0.0,212.0,0.266234,0.259759,0.051367,1.0,1.0,0.021335,0.021513,0.004211,1.0,1.0,0.005197,0.002925,0.000318,0.000664,0.004085,0.013322,-0.005221,-0.001988,212,1.0,80.591,99.4056,QUALIFIED,,0.437175,,-2.2612,,True,True,BOTH,normal_low,,0.0,0.030652,,0.00613,2,partial_m3_data
3520,682.0,0.42625,0.5116,1.39,746.1935483870968,1429.633431085044,-9734.6642228739,26820.66129032258,28.532,731,1412,762,1455,5.2865,4.3992,29.7657,4.0346,2.3426,-3526.4591,1.0,1.0,0.0,682.0,0.203895,0.192466,0.047866,1.0,1.0,0.084922,0.082628,0.012294,1.0,1.0,0.006368,0.003265,0.002759,0.001505,0.00265,0.001933,0.001104,-0.003436,682,1.0,-31.9971,79.6277,QUALIFIED,,0.48728,0.454513,0.270566,4.112319,True,True,BOTH,normal_low,0.185249,0.027561,0.034165,0.064408,0.091442,4,full_m3_data
3546,280.0,0.175,0.5458,1.42,752.0678571428572,2205.5857142857144,9664.142857142862,26673.80357142857,28.3702,739,2196,766,2215,5.8736,3.0308,16.2071,4.7402,1.5824,-2118.8739,1.0,1.0,0.0,280.0,,,,0.0,0.0,0.033057,0.032465,0.002584,1.0,1.0,0.002536,0.005249,0.004519,0.0032,-0.000548,-0.001067,-0.004523,-0.00869,280,1.0,40.2924,84.9679,QUALIFIED,,-1.069795,0.291879,,,False,True,S1_ONLY,no_data,,,0.0,0.041362,0.008272,2,partial_m3_data
3598,1073.0,0.670625,0.5503,2.17,743.8350419384902,2222.6039142590867,10089.597856477165,26879.623951537746,28.7106,710,2208,775,2238,4.8554,3.3593,29.8413,3.3689,1.3987,-2132.4718,1.0,1.0,0.0,1073.0,,,,0.0,0.0,0.035474,0.032984,0.008039,1.0,1.0,0.005066,0.003172,0.002641,0.001365,-0.00156,-0.006911,-0.010124,-0.01307,1073,1.0,40.2924,84.9679,QUALIFIED,,0.373865,0.48315,,,False,True,S1_ONLY,no_data,,,0.026213,0.068466,0.018936,2,partial_m3_data
3599,381.0,0.238125,0.5498,1.57,756.1076115485564,2245.984251968504,10674.106299212595,26572.80971128609,28.6363,739,2235,772,2256,5.5218,4.3059,22.4544,4.1299,2.6078,-2134.0912,1.0,1.0,0.0,381.0,,,,0.0,0.0,0.033032,0.032923,0.002354,1.0,1.0,0.004292,0.006392,0.001265,0.003516,0.00437,-0.002306,-0.002215,-0.002436,381,1.0,40.2924,84.9679,QUALIFIED,,-0.489282,-1.779447,1.527689,,False,True,S1_ONLY,no_data,,0.155618,0.0,0.0,0.038904,3,full_m3_data
3637,624.0,0.39,0.4727,1.47,779.3365384615385,2231.5929487179487,10314.32371794872,25992.08653846154,27.9635,755,2217,799,2247,6.9018,3.2733,20.6535,5.3277,1.83,-2130.9125,1.0,1.0,0.0,624.0,,,,0.0,0.0,0.029987,0.029721,0.002879,0.998397,0.998397,0.003533,0.001913,0.002979,0.000989,-0.0018,-0.001145,-0.005456,-0.005035,624,1.0,40.2924,84.9679,QUALIFIED,,0.458534,0.668009,,,False,True,S1_ONLY,no_data,,,0.03215,0.094662,0.025362,2,partial_m3_data
3655,441.0,0.275625,0.5326,1.57,771.0544217687075,1357.6507936507935,-11534.230158730155,26199.139455782315,28.6251,760,1342,783,1378,8.0891,2.7277,17.7915,6.8776,1.5553,-3646.2912,1.0,1.0,0.0,441.0,0.252676,0.246641,0.047321,1.0,1.0,0.090353,0.083023,0.030611,1.0,1.0,-0.000438,-0.00036,0.001638,-0.000418,0.002636,-0.0072,-0.006606,-0.009241,441,1.0,-31.9971,79.6277,QUALIFIED,,,1.255189,3.731411,,True,True,BOTH,normal_low,,0.380101,,0.17787,0.130599,2,partial_m3_data
3674,143.0,0.089375,0.4965,1.12,766.8601398601398,721.8321678321678,-27429.69580419581,26303.996503496503,38.0031,759,713,775,731,13.3156,2.4901,21.7097,12.2803,1.2371,-1457.7248,1.0,1.0,0.0,143.0,0.355825,0.349353,0.063697,1.0,1.0,0.068629,0.068678,0.006905,1.0,1.0,-0.002494,0.001488,0.001585,0.00117,0.002445,0.010864,-0.000667,0.003542,143,1.0,80.591,99.4056,QUALIFIED,,,0.26183,-3.443354,,True,True,BOTH,normal_low,,0.0,,0.037103,0.007421,2,partial_m3_data
3715,162.0,0.10125,0.5294,1.06,780.716049382716,2216.746913580247,9943.17283950618,25957.5987654321,27.7965,774,2209,792,2226,4.061,2.5724,13.7422,3.2936,1.1367,-2142.9797,1.0,1.0,0.0,162.0,,,,0.0,0.0,0.029819,0.029482,0.002278,1.0,1.0,0.00448,4.3e-05,0.004518,0.000243,-0.003449,-0.002667,-0.005042,-0.005455,162,1.0,40.2924,84.9679,QUALIFIED,,0.990402,0.946215,,,False,True,S1_ONLY,no_data,,,0.069442,0.134086,0.040706,2,partial_m3_data
3721,306.0,0.19125,0.4928,1.17,774.2908496732026,2205.016339869281,9649.90849673203,26118.22875816993,27.8436,764,2193,791,2216,6.6332,2.6768,17.0029,5.4951,1.2102,-2128.9373,1.0,1.0,0.0,306.0,,,,0.0,0.0,0.029068,0.027738,0.003659,0.986928,0.986928,0.002528,-0.000501,0.003777,0.000767,-0.002003,-0.00669,-0.002938,-0.001319,306,1.0,40.2924,84.9679,QUALIFIED,,1.19818,0.796929,,,False,True,S1_ONLY,no_data,,,0.08401,0.112931,0.039388,2,partial_m3_data
3733,456.0,0.285,0.6,1.9,777.2565789473684,1242.3355263157894,-14417.111842105269,26044.08552631579,29.7676,759,1233,797,1253,13.4068,3.0205,22.8181,11.9006,1.7268,-3423.6875,1.0,1.0,0.0,456.0,,,,0.0,0.0,0.072363,0.072541,0.013871,1.0,1.0,0.000656,-0.001357,0.000156,0.000647,0.002306,0.002421,-0.009577,-0.016026,456,1.0,-31.9971,79.6277,QUALIFIED,,,,-0.04987,,False,True,S1_ONLY,no_data,,0.0,,,0.0,1,partial_m3_data
3750,906.0,0.56625,0.5148,1.1,777.0165562913908,2265.6578366445915,11165.94591611479,26050.08609271523,28.342,759,2245,799,2289,7.1973,4.0637,22.2212,5.8617,3.1693,-2122.8593,1.0,1.0,0.0,906.0,,,,0.0,0.0,0.033233,0.032842,0.003289,1.0,1.0,0.003738,0.001905,0.001783,0.001262,-0.001002,-0.001236,-0.004156,-0.000475,906,1.0,40.2924,84.9679,QUALIFIED,,0.490369,0.292204,,,False,True,S1_ONLY,no_data,,,0.034382,0.041408,0.015158,2,partial_m3_data
3758,1329.0,0.830625,0.4393,1.0,764.1279157261099,2056.0526711813395,5925.816779533488,26372.30210684725,27.0295,739,2033,794,2088,17.4366,3.5397,27.8723,15.7656,2.4218,-1707.4183,1.0,1.0,0.0,1329.0,,,,0.0,0.0,0.041949,0.040577,0.008587,1.0,1.0,0.001344,0.003767,0.001432,0.002877,0.003696,-0.002419,-0.008487,-0.004357,1329,1.0,40.2924,84.9679,QUALIFIED,,-1.802827,-1.009078,1.654491,,False,True,S1_ONLY,no_data,,0.168535,0.0,0.0,0.042134,3,full_m3_data
3807,273.0,0.170625,0.523,1.61,791.2783882783883,1306.5567765567766,-12811.580586080585,25693.54029304029,28.7099,782,1294,800,1323,5.4456,3.2713,18.0147,4.4349,2.2818,-3696.7505,1.0,1.0,0.0,273.0,,,,0.0,0.0,0.062633,0.062834,0.005529,1.0,1.0,0.00119,-0.00359,0.003087,0.002816,-0.001742,-0.011158,-0.005529,-0.021653,273,1.0,-31.9971,79.6277,QUALIFIED,,4.016807,0.087787,,,False,True,S1_ONLY,no_data,,,0.281637,0.01244,0.058815,2,partial_m3_data
3897,209.0,0.130625,0.4739,1.0,798.4497607655502,1911.2583732057417,2305.959330143545,25514.25598086125,25.6178,789,1901,810,1922,10.872,4.3128,26.4493,8.8522,2.2691,-1661.147,1.0,1.0,0.0,209.0,,,,0.0,0.0,0.071258,0.070874,0.005464,1.0,1.0,0.009266,-7e-05,0.001067,-0.000271,-7.3e-05,-0.006382,-0.006559,-0.003323,209,1.0,49.6089,82.7432,QUALIFIED,,1.007555,1.253983,,,False,True,S1_ONLY,no_data,,,0.070644,0.177699,0.049669,2,partial_m3_data
3898,358.0,0.22375,0.5812,1.27,795.1871508379888,1944.986033519553,3149.150837988825,25595.82122905028,25.7884,783,1935,811,1957,5.2571,2.7954,16.1272,4.1734,1.6868,-1636.7048,1.0,1.0,0.0,358.0,,,,0.0,0.0,0.061829,0.061376,0.00647,0.600559,0.600559,0.005918,0.00214,0.00259,0.00126,-0.001326,-0.006725,-0.009965,-0.008617,358,1.0,49.6089,82.7432,QUALIFIED,,0.638391,0.513514,,,False,True,S1_ONLY,no_data,,,0.044761,0.072769,0.023506,2,partial_m3_data
3928,878.0,0.54875,0.3975,1.0,815.9487471526196,1313.2220956719818,-12644.947608200457,25076.78132118451,28.0838,794,1288,841,1335,5.0726,2.9602,20.8959,4.1263,1.6167,-3691.8483,1.0,1.0,0.0,878.0,0.219213,0.214631,0.044031,0.158314,0.158314,0.054376,0.053921,0.004679,1.0,1.0,0.002751,-0.001362,0.002083,0.001149,0.000201,-0.009037,-0.000468,-0.013268,878,1.0,-19.4926,68.1002,QUALIFIED,,1.495093,0.448392,,,True,True,BOTH,normal_low,,,0.104828,0.063541,0.033674,2,partial_m3_data
3932,130.0,0.08125,0.625,1.23,804.4307692307692,1922.784615384616,2594.115384615383,25364.73076923077,25.4966,798,1915,811,1931,6.9361,3.6267,17.2105,6.8638,2.8216,-1626.1219,1.0,1.0,0.0,130.0,,,,0.0,0.0,0.059536,0.059278,0.006133,1.0,1.0,0.008344,0.002098,0.004021,-7.2e-05,-0.001669,-0.000849,-0.004607,-0.000976,130,1.0,33.7027,75.9158,QUALIFIED,,0.748562,1.017906,,,False,True,S1_ONLY,no_data,,,0.052485,0.144245,0.039346,2,partial_m3_data
3939,314.0,0.19625,0.3877,1.11,809.7484076433121,2134.9904458598726,7899.261146496814,25231.7898089172,26.4391,796,2122,823,2152,18.6195,3.2284,26.9877,16.9995,2.3152,-1683.4169,1.0,1.0,0.0,314.0,,,,0.0,0.0,0.03209,0.031662,0.003179,1.0,1.0,0.004938,-0.003927,0.001697,-0.001981,0.000711,0.001522,-0.004294,0.003952,314,1.0,53.7768,91.9349,QUALIFIED,,1.795261,2.167354,,,False,True,S1_ONLY,no_data,,,0.125874,0.307131,0.086601,2,partial_m3_data
3953,3811.0,2.381875,0.5,1.39,819.0629755969562,1370.5528732616112,-11211.678168459724,24998.92561007609,27.3973,780,1319,854,1422,10.1532,4.692,28.5675,8.7202,3.566,-3571.5447,1.0,1.0,0.0,3811.0,0.247558,0.240139,0.057121,0.784833,0.784833,0.054153,0.05236,0.009105,1.0,1.0,0.001781,0.000295,0.002537,0.001031,-0.000933,-0.00683,-0.003892,-0.011066,3811,1.0,-19.4926,68.1002,QUALIFIED,,0.834363,0.593615,,,True,True,BOTH,normal_low,,,0.058501,0.08412,0.028524,2,partial_m3_data
3959,1045.0,0.653125,0.4632,1.02,803.6411483253588,1013.5483253588516,-20136.791866028707,25384.47129186603,32.4009,780,989,828,1036,18.0261,3.1268,28.8243,16.2145,1.8543,-2091.9575,1.0,1.0,0.0,1045.0,,,,0.0,0.0,0.074894,0.077183,0.016045,1.0,1.0,0.002103,7.8e-05,0.001496,0.002251,0.001137,-0.003816,-0.01461,-0.021195,1045,1.0,-14.3965,65.3367,QUALIFIED,,0.96291,-0.504679,4.356201,,False,True,S1_ONLY,no_data,,0.443746,0.067514,0.0,0.124439,3,full_m3_data
3982,135.0,0.084375,0.6429,1.07,804.325925925926,1300.3703703703704,-12966.240740740735,25367.35185185185,28.4884,798,1294,813,1308,3.9035,2.4317,10.8798,3.1794,1.0048,-3704.9147,1.0,1.0,0.0,135.0,,,,0.0,0.0,0.054482,0.053949,0.003244,1.0,1.0,0.001271,-0.002501,0.002375,0.002029,-0.00161,-0.008892,0.001714,-0.02987,135,1.0,-19.4926,68.1002,QUALIFIED,,2.967742,0.145684,,18.427071,False,True,S1_ONLY,no_data,0.83009,,0.208082,0.020645,0.336277,3,full_m3_data
4017,542.0,0.33875,0.4977,1.0,807.5664206642066,700.6088560885609,-27960.27859778598,25286.33948339484,37.6978,792,686,825,719,7.5305,3.9195,19.4517,6.3904,2.9381,-1399.7413,1.0,0.8833,0.2878,542.0,0.250472,0.22977,0.07988,0.898524,0.898524,0.026146,0.01055,0.030979,1.0,1.0,0.009034,0.002926,0.001101,0.00074,0.001601,-0.001238,-0.004031,-0.009419,542,1.0,104.6201,87.4983,QUALIFIED,,0.676112,0.327884,1.773267,,True,True,BOTH,normal_low,,0.180634,0.047405,0.046464,0.063932,3,full_m3_data
4056,605.0,0.378125,0.3694,1.08,831.2743801652892,1343.195041322314,-11895.623966942148,24693.64049586777,27.4089,810,1322,849,1364,8.6636,3.827,21.4119,7.5837,2.9901,-3657.2775,1.0,1.0,0.0,605.0,0.250612,0.242694,0.050571,0.824793,0.824793,0.052932,0.051516,0.006215,1.0,1.0,0.003509,0.001401,0.001106,0.000549,-0.000766,-0.004224,-0.004574,0.002031,605,1.0,-19.4926,68.1002,QUALIFIED,,0.600741,0.503617,,,True,True,BOTH,normal_low,,,0.042121,0.071366,0.022697,2,partial_m3_data
4071,565.0,0.353125,0.3219,1.15,833.846017699115,1303.3982300884957,-12890.54424778761,24629.349557522124,27.7981,815,1283,854,1328,9.9458,2.8066,18.849,8.4336,1.5981,-3648.4423,1.0,1.0,0.0,565.0,0.364601,0.338716,0.140639,0.39469,0.39469,0.051239,0.050062,0.005281,1.0,1.0,0.002819,7e-05,0.002908,-9.5e-05,0.001873,-0.004432,-0.005379,0.000729,565,1.0,-19.4926,68.1002,QUALIFIED,,0.975168,1.032669,3.366257,,True,True,BOTH,normal_low,,0.342905,0.068374,0.146337,0.128668,3,full_m3_data
4072,459.0,0.286875,0.4946,1.1,819.1111111111111,1745.5599128540305,-1836.502178649236,24997.722222222223,25.0646,804,1732,833,1764,14.4132,4.3055,29.3282,12.8958,3.1088,-1339.5415,1.0,0.0112,0.086,459.0,,,,0.0,0.0,0.04458,0.04418,0.003747,1.0,1.0,0.025047,0.026211,0.034355,0.035186,0.042662,0.040438,0.036045,0.033164,459,1.0,33.7027,75.9158,QUALIFIED,,-0.046473,-0.024189,0.052131,0.079928,False,True,S1_ONLY,no_data,0.003601,0.00531,0.0,0.0,0.002588,4,full_m3_data
4074,186.0,0.11625,0.6458,1.12,813.3440860215054,1900.8870967741937,2046.6774193548408,25141.89784946237,25.2246,804,1893,822,1909,7.0084,3.2326,17.1258,6.7354,2.9084,-1635.1189,1.0,1.0,0.0,186.0,,,,0.0,0.0,0.064513,0.063764,0.006717,1.0,1.0,0.012784,-0.00014,0.003597,0.001637,-0.001093,0.001866,-0.001522,-0.003204,186,1.0,33.7027,75.9158,QUALIFIED,,1.010951,0.544899,,,False,True,S1_ONLY,no_data,,,0.070882,0.077216,0.02962,2,partial_m3_data
4092,140.0,0.0875,0.549,1.13,826.1428571428571,2147.464285714286,8211.107142857145,24821.92857142857,26.1445,820,2138,835,2155,19.187,3.0506,25.4726,17.308,1.5405,-1645.6994,1.0,1.0,0.0,140.0,,,,0.0,0.0,0.033694,0.034111,0.002346,0.978571,0.978571,-8.7e-05,-0.001132,0.002142,-0.00683,-0.000726,-0.00369,-0.003046,0.002204,140,1.0,53.7768,91.9349,QUALIFIED,,,4.188609,,,False,True,S1_ONLY,no_data,,,,0.593559,0.118712,1,partial_m3_data
4134,487.0,0.304375,0.5729,1.36,823.3347022587269,1449.4455852156057,-9239.360369609858,24892.132443531827,26.5509,809,1431,834,1465,8.1126,4.5324,25.2751,6.7658,2.8013,-3254.5094,1.0,1.0,0.0,487.0,0.259355,0.256591,0.052699,1.0,1.0,0.059348,0.05865,0.005429,1.0,1.0,0.003431,0.004184,0.002183,0.002502,0.000821,-0.001603,-0.002674,0.005472,487,1.0,-19.4926,68.1002,QUALIFIED,,-0.21947,-0.146129,,,True,True,BOTH,normal_low,,,0.0,0.0,0.0,2,partial_m3_data
4164,148.0,0.0925,0.6167,1.07,831.1283783783783,1309.804054054054,-12730.39864864865,24697.29054054054,27.7846,824,1302,839,1318,7.019,2.6736,14.3287,6.3942,1.4063,-3659.7268,1.0,1.0,0.0,148.0,0.197206,0.197206,0.00686,0.013514,0.013514,0.054052,0.054878,0.003463,1.0,1.0,0.00366,0.001376,0.002597,-0.000448,0.001682,-0.005944,-0.002974,0.007382,148,1.0,-19.4926,68.1002,QUALIFIED,,0.624044,1.172507,4.533888,,False,True,S1_ONLY,normal_low,,0.461846,0.043755,0.166153,0.157443,3,full_m3_data
4174,1736.0,1.085,0.5283,1.17,830.016129032258,1556.141129032258,-6571.971774193546,24725.09677419355,25.583,801,1522,854,1584,7.5106,3.5608,22.7759,6.5609,2.8089,-3009.7982,1.0,1.0,0.0,1736.0,0.287788,0.275665,0.074468,1.0,1.0,0.054137,0.05344,0.008331,1.0,1.0,0.005837,0.004846,0.005442,0.00439,0.003928,0.004797,0.001973,0.003501,1736,1.0,-19.4926,68.1002,QUALIFIED,,0.169779,0.193311,-0.221232,-0.774455,True,True,BOTH,normal_low,0.0,0.0,0.011904,0.027394,0.00786,4,full_m3_data
4194,745.0,0.465625,0.6324,1.23,832.5637583892617,1043.23355704698,-19394.6610738255,24661.40604026846,31.3735,817,1026,848,1064,16.8247,2.8197,24.9297,15.1231,1.7169,-2264.7851,1.0,1.0,0.0,745.0,,,,0.0,0.0,0.047521,0.047433,0.004793,1.0,1.0,0.001698,0.000805,0.002532,0.001542,0.002487,-0.004962,-0.009082,-0.008306,745,1.0,-14.3965,65.3367,QUALIFIED,,0.525913,0.390995,2.995175,,False,True,S1_ONLY,no_data,,0.305104,0.036874,0.055407,0.094732,3,full_m3_data
4216,605.0,0.378125,0.4044,1.29,847.2859504132232,516.0826446280992,-32573.43388429752,24293.35123966942,40.6342,827,500,871,534,14.2677,3.7711,27.7305,12.6357,2.5865,-177.2496,1.0,0.0346,0.1692,605.0,0.1856,0.180935,0.04919,1.0,1.0,0.064983,0.058937,0.0216,1.0,1.0,0.00777,-0.000341,0.000743,0.001866,0.003753,-0.00251,-0.002755,-0.016375,605,1.0,104.6201,87.4983,QUALIFIED,,1.043887,,1.668798,,True,True,BOTH,normal_low,,0.169993,0.073192,,0.057137,2,partial_m3_data
4227,194.0,0.12125,0.485,1.0,845.9432989690722,2533.8041237113403,17869.60309278351,24326.917525773195,30.1847,837,2524,857,2544,10.6555,3.0006,20.276,9.9704,2.4367,-1118.5295,1.0,1.0,0.0,194.0,,,,0.0,0.0,0.057173,0.054348,0.022168,1.0,1.0,0.025245,0.030354,0.039386,0.046871,0.053844,0.057437,0.057153,0.05681,194,1.0,33.734,87.2227,QUALIFIED,,-0.202377,-0.190042,-0.06673,0.006001,False,True,S1_ONLY,no_data,0.00027,0.0,0.0,0.0,9.4e-05,4,full_m3_data
4232,536.0,0.335,0.5497,1.56,831.4514925373135,1951.2817164179105,3306.542910447766,24689.212686567163,24.9092,811,1941,850,1966,8.3253,3.55,19.638,6.6064,1.9501,-1623.1492,1.0,1.0,0.0,536.0,,,,0.0,0.0,0.043435,0.044081,0.004316,0.233209,0.233209,0.008919,-0.000764,0.003265,0.001003,0.000551,0.004184,-0.006853,-0.001043,536,1.0,33.7027,75.9158,QUALIFIED,,1.08566,0.692802,,,False,True,S1_ONLY,no_data,,,0.076121,0.098175,0.034859,2,partial_m3_data
4300,463.0,0.289375,0.393,1.23,851.7213822894169,1305.5550755939526,-12836.623110151188,24182.46544276458,27.3776,836,1288,867,1326,7.3529,3.0573,19.9446,6.5267,2.7267,-3594.4883,1.0,1.0,0.0,463.0,0.48723,0.468734,0.174191,0.794816,0.794816,0.070405,0.061164,0.027179,1.0,1.0,0.001235,-0.002906,0.003544,0.000798,0.000471,0.001694,-0.000108,0.003325,463,1.0,-19.4926,68.1002,QUALIFIED,,3.353036,0.774831,,,True,True,BOTH,normal_low,,,0.235097,0.1098,0.068979,2,partial_m3_data
4315,165.0,0.103125,0.5392,1.06,849.5939393939394,1042.4424242424243,-19414.439393939392,24235.65151515152,31.0523,840,1034,858,1051,13.5723,2.342,19.1644,12.5392,1.1976,-2385.1009,1.0,1.0,0.0,165.0,,,,0.0,0.0,0.045249,0.045276,0.002846,1.0,1.0,0.005931,0.001781,0.001316,-0.000525,0.002848,-0.003749,-0.0044,0.001902,165,1.0,-14.3965,65.3367,QUALIFIED,,0.699713,1.398936,2.316362,,False,True,S1_ONLY,no_data,,0.235957,0.04906,0.19824,0.108449,3,full_m3_data
4359,165.0,0.103125,0.55,1.33,861.1878787878788,2871.1151515151514,26302.378787878784,23945.80303030303,35.5699,851,2865,871,2880,9.9957,4.7905,21.9615,9.9648,4.0052,-3312.617,1.0,0.0211,0.1194,165.0,0.202196,0.17939,0.070999,1.0,1.0,0.030395,0.030515,0.005426,1.0,1.0,0.028192,0.032129,0.02751,0.030081,0.034427,0.039018,0.035218,0.034315,165,1.0,-50.1159,79.0402,QUALIFIED,,-0.13965,-0.093457,-0.133355,0.02564,True,True,BOTH,normal_low,0.001155,0.0,0.0,0.0,0.000404,4,full_m3_data
4379,145.0,0.090625,0.5035,1.12,856.2758620689655,1363.1724137931035,-11396.189655172411,24068.603448275862,26.6296,848,1356,866,1372,5.6857,3.5217,15.859,5.0124,1.725,-3561.4441,1.0,1.0,0.0,145.0,0.195714,0.196412,0.024724,1.0,1.0,0.073271,0.07109,0.022651,1.0,1.0,-0.00134,-0.003334,0.002233,0.001241,0.003592,0.000913,0.004745,0.005853,145,1.0,-19.4926,68.1002,QUALIFIED,,,0.444245,0.745824,-0.233509,True,True,BOTH,normal_low,0.0,0.075974,,0.062953,0.031584,3,full_m3_data
4387,207.0,0.129375,0.6469,1.25,853.0144927536232,1492.2898550724638,-8168.253623188408,24150.13768115942,25.4935,844,1485,864,1501,6.5539,3.5642,19.9108,5.6152,1.912,-3057.9714,1.0,0.9888,0.0791,207.0,0.323954,0.312546,0.087014,1.0,1.0,0.041381,0.041276,0.00272,1.0,1.0,0.007125,0.003551,0.006181,0.00608,0.007065,0.010373,0.010952,0.004509,207,1.0,-19.4926,68.1002,QUALIFIED,,0.501614,0.01634,-0.468224,0.588294,True,True,BOTH,normal_low,0.026501,0.0,0.03517,0.002316,0.016773,4,full_m3_data
4459,1395.0,0.871875,0.3908,1.37,877.921146953405,1344.752688172043,-11856.682795698922,23527.47132616488,26.3455,843,1314,913,1365,7.6932,3.3034,25.3537,6.6254,2.5493,-3580.6469,1.0,1.0,0.0,1395.0,0.230075,0.216811,0.073312,1.0,1.0,0.049978,0.045953,0.018997,1.0,1.0,0.00036,0.001087,0.000834,0.000135,0.001677,-0.001288,0.001977,0.002662,1395,1.0,-19.4926,68.1002,QUALIFIED,,,,1.768038,-0.346485,True,True,BOTH,normal_low,0.0,0.180102,,,0.045026,2,partial_m3_data
4490,866.0,0.54125,0.5271,1.71,861.7217090069284,1330.688221709007,-12208.294457274824,23932.45727482679,26.8658,834,1315,887,1346,7.0426,4.3187,28.5614,5.5008,2.1756,-3621.2717,1.0,1.0,0.0,866.0,0.258421,0.223859,0.117045,1.0,1.0,0.075621,0.066182,0.036234,1.0,1.0,0.000474,-0.001475,0.002005,-0.000183,0.000222,-0.0001,-0.000716,0.001469,866,1.0,-19.4926,68.1002,QUALIFIED,,,1.091272,,,True,True,BOTH,normal_low,,,,0.154642,0.030928,1,partial_m3_data
4587,201.0,0.125625,0.335,1.04,882.0398009950248,1115.273631840796,-17593.6592039801,23424.50497512438,29.2951,872,1106,896,1131,9.3204,4.7262,19.3715,8.2258,4.1962,-2481.0,1.0,0.9425,0.2117,201.0,,,,0.0,0.0,0.038674,0.038788,0.002346,1.0,1.0,0.002393,-0.003095,0.001253,-0.001818,0.001495,-0.004398,-0.000561,-0.003741,201,1.0,-14.3965,65.3367,QUALIFIED,,2.293356,2.450918,3.941806,,False,True,S1_ONLY,no_data,,0.401533,0.160798,0.347314,0.202006,3,full_m3_data
4593,323.0,0.201875,0.5608,1.0,878.3095975232198,1403.3188854489165,-10392.52786377709,23517.760061919504,25.711,867,1393,891,1417,10.2089,4.0582,21.2677,9.0848,3.2733,-3397.9599,1.0,1.0,0.0,323.0,0.23933,0.222636,0.068187,1.0,1.0,0.04253,0.042715,0.003567,1.0,1.0,0.00045,0.001046,0.000512,-0.000543,-0.001925,-0.00345,-0.001762,-0.001757,323,1.0,-19.4926,68.1002,QUALIFIED,,,,,,True,True,BOTH,normal_low,,,,,0.0,0,no_m3_data
4603,152.0,0.095,0.4021,1.17,880.8552631578947,1388.9473684210527,-10751.81578947368,23454.11842105264,25.8004,871,1380,892,1398,10.4565,3.6717,21.9321,9.0861,1.6154,-3449.1747,1.0,1.0,0.0,152.0,0.261372,0.260291,0.038191,1.0,1.0,0.037743,0.0373,0.00256,1.0,1.0,0.000952,0.00129,0.000281,-0.001012,-0.002545,-0.002852,-0.002608,-0.003389,152,1.0,-19.4926,68.1002,QUALIFIED,,,,,,True,True,BOTH,normal_low,,,,,0.0,0,no_m3_data
4657,1173.0,0.733125,0.5426,1.02,900.8934356351236,922.4697357203752,-22413.756606990624,22953.16410912191,32.0808,879,898,926,944,7.5604,3.4507,25.2419,6.073,2.1608,-2806.61,1.0,1.0,0.0,1173.0,,,,0.0,0.0,0.032699,0.032866,0.002578,1.0,1.0,0.002361,0.000685,0.002093,0.000459,0.001945,0.002241,0.001562,0.000649,1173,1.0,-14.3965,65.3367,QUALIFIED,,0.709869,0.780698,-0.152185,0.584507,False,True,S1_ONLY,no_data,0.02633,0.0,0.049772,0.110631,0.041296,4,full_m3_data
4681,176.0,0.11,0.5789,1.19,891.8693181818181,1028.6477272727273,-19759.30681818182,23178.767045454548,30.4572,882,1021,901,1037,12.2892,2.6787,23.6165,10.9021,1.3335,-2668.7109,1.0,1.0,0.0,176.0,,,,0.0,0.0,0.037594,0.037491,0.003474,1.0,1.0,0.004472,-0.002303,0.003761,-0.000916,-0.001803,-0.002679,-0.001879,-0.008116,176,1.0,-14.3965,65.3367,QUALIFIED,,1.514982,1.243552,,,False,True,S1_ONLY,no_data,,,0.106222,0.176221,0.056489,2,partial_m3_data
4701,138.0,0.08625,0.6053,1.58,899.7173913043479,355.2608695652174,-36593.97826086957,22982.565217391304,43.2118,891,350,910,362,6.2145,2.4738,11.4643,5.8594,1.985,257.4574,1.0,0.9997,0.0034,138.0,0.187165,0.185852,0.026206,1.0,1.0,0.046047,0.045899,0.005311,1.0,1.0,0.023638,0.011104,0.010322,0.008947,0.008451,0.00012,0.002356,0.001454,138,1.0,242.8669,107.6454,QUALIFIED,,0.530248,0.133211,0.9858,0.382852,True,True,BOTH,normal_low,0.017246,0.100419,0.037178,0.018877,0.042352,4,full_m3_data
4730,152.0,0.095,0.6032,1.29,895.9144736842105,340.0592105263158,-36974.01973684211,23077.638157894737,43.5843,890,331,904,349,11.3374,2.6922,19.3851,10.5174,1.5531,205.1216,1.0,1.0,0.0,152.0,0.192026,0.19142,0.021377,1.0,1.0,0.038586,0.038575,0.003688,1.0,1.0,0.021608,0.011668,0.008719,0.009612,0.008552,0.001719,0.000663,-9.5e-05,152,1.0,242.8669,107.6454,QUALIFIED,,0.460015,-0.10242,0.798994,,True,True,BOTH,normal_low,,0.08139,0.032254,0.0,0.026798,3,full_m3_data
4751,926.0,0.57875,0.5238,1.53,902.7904967602592,1067.9092872570195,-18777.76781857452,22905.73758099352,29.6182,880,1050,932,1084,9.8906,3.5397,26.2962,8.7487,2.585,-2595.3281,1.0,1.0,0.0,926.0,,,,0.0,0.0,0.036759,0.036691,0.003604,1.0,1.0,0.00142,0.001054,-0.000243,-0.002671,-0.00319,-0.00542,-0.006812,-0.008479,926,1.0,-14.3965,65.3367,QUALIFIED,,0.257746,,,,False,True,S1_ONLY,no_data,,,0.018072,,0.003614,1,partial_m3_data
4798,1717.0,1.073125,0.4909,1.25,914.13453698311,1005.4181712288876,-20340.04571927781,22622.13657542225,30.421,885,970,938,1036,9.8215,4.2963,24.2517,8.3822,3.1182,-2808.5065,1.0,1.0,0.0,1717.0,,,,0.0,0.0,0.033229,0.033467,0.003151,1.0,1.0,0.004213,0.004038,0.00018,0.001104,0.00011,-0.001969,-0.00124,-0.000314,1717,1.0,-14.3965,65.3367,QUALIFIED,,0.041538,,,,False,True,S1_ONLY,no_data,,,0.002912,,0.000582,1,partial_m3_data
4807,251.0,0.156875,0.5363,1.44,906.1155378486056,1097.593625498008,-18035.659362549803,22822.61155378486,29.0881,898,1083,916,1109,6.4664,2.6829,16.0247,5.7232,1.6899,-2498.415,1.0,1.0,0.0,251.0,,,,0.0,0.0,0.037615,0.036274,0.00386,1.0,1.0,0.001993,0.002647,-0.00152,-0.002182,-0.00299,-0.008744,-0.006587,-0.002844,251,1.0,-14.3965,65.3367,QUALIFIED,,-0.328149,,,,False,True,S1_ONLY,no_data,,,0.0,,0.0,1,partial_m3_data
4821,1696.0,1.06,0.4672,1.2,900.7458726415094,863.9770047169811,-23876.07488207547,22956.853183962263,33.1216,866,835,932,890,9.9401,3.7653,25.3187,8.5223,2.7967,-2714.9495,1.0,1.0,0.0,1696.0,,,,0.0,0.0,0.038523,0.037768,0.004967,1.0,1.0,0.004106,0.000289,0.001547,-0.000789,0.000536,-0.001743,-0.003035,-0.001011,1696,1.0,-14.3965,65.3367,QUALIFIED,,0.929615,1.510019,,,False,True,S1_ONLY,no_data,,,0.06518,0.213982,0.055832,2,partial_m3_data
4823,223.0,0.139375,0.606,1.44,908.9282511210762,1374.4125560538116,-11115.18609865471,22752.293721973096,25.3215,899,1367,922,1383,9.2647,3.5746,17.8464,8.696,3.514,-3589.5742,1.0,1.0,0.0,223.0,0.195585,0.175996,0.064096,1.0,1.0,0.034571,0.034635,0.002282,1.0,1.0,0.0014,0.003675,0.000403,-0.000161,0.001327,0.001872,0.000264,-0.000863,223,1.0,-19.4926,68.1002,QUALIFIED,,-1.625,,-0.410701,,True,True,BOTH,normal_low,,0.0,0.0,,0.0,2,partial_m3_data
4909,295.0,0.184375,0.6556,1.39,920.2915254237288,2552.0,18324.5,22468.21186440678,28.9932,912,2540,930,2565,4.4009,2.4057,18.7238,3.5985,1.3527,-1428.744,1.0,1.0,0.0,295.0,,,,0.0,0.0,0.056334,0.051737,0.012463,1.0,1.0,-0.002783,0.000967,0.000331,0.000761,0.000498,-0.002427,0.000409,-0.000397,295,1.0,33.734,87.2227,QUALIFIED,,,,,,False,True,S1_ONLY,no_data,,,,,0.0,0,no_m3_data
4921,730.0,0.45625,0.5407,1.5,909.9917808219178,1327.0164383561644,-12300.08904109589,22725.70547945205,25.8402,895,1306,925,1351,11.1425,4.3054,27.9204,9.7493,3.7688,-3536.9157,1.0,1.0,0.0,730.0,0.256089,0.225793,0.102679,1.0,1.0,0.03063,0.030635,0.002627,1.0,1.0,0.0008,0.000348,-0.001344,-0.0004,0.000257,0.001672,0.000256,0.002065,730,1.0,-19.4926,68.1002,QUALIFIED,,,,,,True,True,BOTH,normal_low,,,,,0.0,0,no_m3_data
4989,233.0,0.145625,0.6813,1.06,938.4163090128756,876.8497854077253,-23554.255364806868,22015.09227467811,32.2401,930,868,948,887,6.114,2.8534,18.3441,4.7774,1.3342,-2779.8688,1.0,1.0,0.0,233.0,,,,0.0,0.0,0.032074,0.03161,0.001945,1.0,1.0,0.004262,0.004112,0.000626,-0.001331,-0.000643,-0.001711,-0.001783,0.000184,233,1.0,-14.3965,65.3367,QUALIFIED,,0.035195,,,,False,True,S1_ONLY,no_data,,,0.002468,,0.000494,1,partial_m3_data
5000,557.0,0.348125,0.4681,1.03,939.9245960502692,1912.662477558348,2341.061938958708,21977.385098743267,22.1013,924,1898,959,1932,11.746,4.2272,26.7698,10.5955,3.3187,-1063.3527,1.0,0.005,0.057,557.0,0.526269,0.439478,0.250369,1.0,1.0,0.034274,0.033052,0.005071,0.987433,0.987433,0.03495,0.044785,0.046812,0.049269,0.061667,0.060216,0.060711,0.061175,557,1.0,33.7027,75.9158,QUALIFIED,,-0.281402,-0.052487,0.02353,-0.007643,True,True,BOTH,typical,0.0,0.002397,0.0,0.0,0.000599,4,full_m3_data
5042,1264.0,0.79,0.5089,1.17,945.5759493670886,2556.3987341772154,18434.468354430384,21836.101265822785,28.5769,925,2531,971,2585,8.4076,3.8421,24.2933,6.8835,2.3189,-1477.9455,1.0,0.9796,0.1277,1264.0,,,,0.0,0.0,0.052129,0.050435,0.008478,1.0,1.0,-0.000415,-0.001324,0.00069,-0.002195,0.004872,-0.001373,-0.00482,9.7e-05,1264,1.0,33.734,87.2227,QUALIFIED,,,,1.281814,,False,True,S1_ONLY,no_data,,0.130572,,,0.032643,1,partial_m3_data
5046,250.0,0.15625,0.4762,1.19,936.16,900.708,-22957.8,22071.5,31.846,924,891,949,912,4.4372,2.3767,12.3533,3.578,1.3328,-2813.9862,1.0,1.0,0.0,250.0,,,,0.0,0.0,0.031215,0.030923,0.002094,1.0,1.0,0.001872,0.004046,0.000548,-0.001022,0.000345,0.000414,-0.001698,-0.001322,250,1.0,-14.3965,65.3367,QUALIFIED,,-1.161325,,,,False,True,S1_ONLY,no_data,,,0.0,,0.0,1,partial_m3_data
5057,328.0,0.205,0.5485,1.13,943.0670731707318,965.109756097561,-21347.75609756097,21898.823170731703,30.5817,931,955,954,981,5.825,4.378,29.4163,4.9822,3.4247,-2906.8707,1.0,1.0,0.0,328.0,,,,0.0,0.0,0.03053,0.030468,0.001785,1.0,1.0,0.003232,0.002996,-0.000632,0.001123,0.003969,0.001342,-0.0003,0.000144,328,1.0,-14.3965,65.3367,QUALIFIED,,0.07302,,0.66188,,False,True,S1_ONLY,no_data,,0.067423,0.00512,,0.01788,2,partial_m3_data
5066,696.0,0.435,0.5179,1.71,950.1580459770116,1690.9568965517242,-3201.5775862068986,21721.54885057472,21.9557,937,1667,965,1715,9.9283,4.4455,24.2033,8.8082,3.1775,-1931.7608,1.0,1.0,0.0,696.0,0.300316,0.28411,0.115557,1.0,1.0,0.032189,0.031901,0.002502,1.0,1.0,0.001911,0.001535,0.00271,0.00181,0.000708,-0.002928,-0.004919,-0.003535,696,1.0,33.7027,75.9158,QUALIFIED,,0.196756,0.332103,,,True,True,BOTH,normal_low,,,0.013795,0.047062,0.012171,2,partial_m3_data
5077,715.0,0.446875,0.5675,1.4,937.4181818181818,940.5062937062936,-21962.84265734266,22040.045454545456,31.1141,923,918,953,960,6.9084,4.3411,25.6896,5.2207,2.1973,-2881.2349,1.0,1.0,0.0,715.0,,,,0.0,0.0,0.030243,0.030296,0.001817,1.0,1.0,0.002198,0.002607,-0.000751,0.000971,0.001616,4.9e-05,-0.001513,-0.00037,715,1.0,-14.3965,65.3367,QUALIFIED,,-0.186078,,0.969678,,False,True,S1_ONLY,no_data,,0.098776,0.0,,0.024694,2,partial_m3_data
5082,342.0,0.21375,0.5361,1.32,953.5350877192982,2511.4502923976606,17310.757309941517,21637.122807017546,27.7096,943,2498,965,2527,12.0957,4.4395,21.7757,10.2307,3.176,-1578.6763,1.0,1.0,0.0,342.0,,,,0.0,0.0,0.061057,0.059467,0.015366,1.0,1.0,-0.000282,-0.002432,0.001577,-0.001289,-2.9e-05,-0.001058,-0.007398,-0.003137,342,1.0,33.734,87.2227,QUALIFIED,,,1.817375,,,False,True,S1_ONLY,no_data,,,,0.257536,0.051507,1,partial_m3_data
5099,1154.0,0.72125,0.419,1.06,948.2512998266898,2663.172443674177,21103.811091854423,21769.217504332755,30.3194,925,2636,979,2687,8.7098,4.1064,23.3542,7.1639,2.7527,-1497.4021,1.0,0.1205,0.2818,1154.0,0.222646,0.217151,0.050179,0.891681,0.891681,0.032466,0.031953,0.007143,1.0,1.0,0.001586,-0.001577,0.001464,-0.001221,0.004728,0.000717,-0.005489,-0.002144,1154,1.0,33.734,87.2227,QUALIFIED,,1.994325,1.834016,0.84835,,True,True,BOTH,normal_low,,0.086417,0.139831,0.259894,0.101549,3,full_m3_data
5103,1802.0,1.12625,0.2924,1.01,946.869589345172,795.4350721420644,-25589.62319644839,21803.7602663707,33.6182,915,755,993,834,15.1013,3.9027,27.1303,13.5263,2.8613,-2396.1267,1.0,1.0,0.0,1802.0,,,,0.0,0.0,0.033061,0.031854,0.005703,0.847947,0.847947,0.001393,0.003345,0.000277,0.000144,0.001074,-0.002341,-0.003178,0.004203,1802,1.0,104.6201,87.4983,QUALIFIED,,-1.401292,,3.179702,,False,True,S1_ONLY,no_data,,0.323901,0.0,,0.080975,2,partial_m3_data
5118,556.0,0.3475,0.4916,1.34,954.8111510791368,2531.0089928057555,17799.724820143885,21605.22122302158,27.9931,933,2517,972,2546,9.125,3.2423,17.8217,7.9077,2.468,-1498.9736,1.0,0.9939,0.0618,556.0,,,,0.0,0.0,0.059546,0.058668,0.01374,1.0,1.0,-3.8e-05,-0.001568,0.000506,-0.000354,0.002093,-0.000354,-0.005158,-0.000326,556,1.0,33.734,87.2227,QUALIFIED,,,,1.169135,,False,True,S1_ONLY,no_data,,0.119094,,,0.029774,1,partial_m3_data
5142,917.0,0.573125,0.5633,1.19,954.8800436205016,917.8702290076336,-22528.74427480916,21603.49890948745,31.2124,938,896,975,940,6.1561,2.679,17.2566,5.0453,1.2263,-2857.9415,1.0,1.0,0.0,917.0,,,,0.0,0.0,0.028425,0.028294,0.002053,1.0,1.0,0.00153,0.002405,-0.001376,0.002074,0.003614,0.002593,0.000818,0.008492,917,1.0,-14.3965,65.3367,QUALIFIED,,-0.571895,,0.282512,,False,True,S1_ONLY,no_data,,0.028778,0.0,,0.007194,2,partial_m3_data
5146,581.0,0.363125,0.5587,1.54,960.5507745266782,2575.934595524957,18922.86488812392,21461.730636833046,28.6126,940,2564,980,2590,10.9428,4.2785,27.0912,8.7318,2.9648,-1541.2122,1.0,1.0,0.0,581.0,,,,0.0,0.0,0.045665,0.044138,0.008713,1.0,1.0,0.000423,0.000116,0.00144,-0.002951,0.002132,0.000649,-0.004537,0.002841,581,1.0,33.734,87.2227,QUALIFIED,,,3.049306,0.695591,,False,True,S1_ONLY,no_data,,0.070857,,0.432111,0.104136,2,partial_m3_data
5147,454.0,0.28375,0.6021,1.12,948.715859030837,2689.938325991189,21772.958149779734,21757.603524229075,30.7808,937,2677,963,2706,7.5643,3.8053,25.5864,6.1094,2.38,-1557.4021,1.0,0.0582,0.2015,454.0,0.221259,0.219646,0.037073,1.0,1.0,0.023924,0.023452,0.00339,1.0,1.0,0.001818,0.000179,0.001918,-0.002021,0.005235,0.002237,-0.001999,0.003172,454,1.0,33.734,87.2227,QUALIFIED,,0.90154,2.053702,0.572684,,True,True,BOTH,normal_low,,0.058337,0.063211,0.291026,0.085432,3,full_m3_data
5157,1780.0,1.1125,0.4785,1.03,964.7786516853932,2426.5522471910112,15188.306179775282,21356.03370786517,26.2061,935,2392,995,2454,16.4443,3.9246,29.0714,14.4251,3.0287,-1749.3028,1.0,0.9976,0.0438,1780.0,,,,0.0,0.0,0.05602,0.053096,0.017536,1.0,1.0,0.001778,-0.001109,0.000378,-0.002314,0.003477,-4.7e-05,-0.002014,-0.001223,1780,1.0,33.734,87.2227,QUALIFIED,,1.623735,,1.013517,,False,True,S1_ONLY,no_data,,0.103242,0.113848,,0.04858,2,partial_m3_data
5167,190.0,0.11875,0.5938,1.25,958.1736842105264,2587.6894736842105,19216.73684210526,21521.157894736843,28.8521,949,2581,969,2597,6.9887,4.2836,22.6512,5.2806,2.5205,-1541.241,1.0,1.0,0.0,190.0,,,,0.0,0.0,0.041205,0.041087,0.004914,1.0,1.0,0.000936,0.00073,0.004007,-0.000868,0.004536,0.000857,-0.001149,0.006679,190,1.0,33.734,87.2227,QUALIFIED,,,1.216621,0.811067,,False,True,S1_ONLY,no_data,,0.08262,,0.172405,0.055136,2,partial_m3_data
5184,205.0,0.128125,0.5138,1.11,962.6048780487804,1019.2634146341464,-19993.914634146346,21410.378048780487,29.2937,953,1007,972,1028,6.2892,3.3262,21.0471,4.8497,1.5657,-2916.1229,1.0,1.0,0.0,205.0,,,,0.0,0.0,0.036227,0.035724,0.005336,1.0,1.0,0.00099,-1.4e-05,-0.001843,0.001486,0.00179,-0.001014,-0.001611,0.004221,205,1.0,-14.3965,65.3367,QUALIFIED,,,,1.56648,,False,True,S1_ONLY,no_data,,0.15957,,,0.039892,1,partial_m3_data
5189,1638.0,1.02375,0.5417,1.31,975.3376068376068,2493.7179487179487,16867.44871794872,21092.05982905983,27.0071,942,2471,1005,2519,11.5034,3.5056,25.6994,9.9044,2.1851,-1694.3438,1.0,1.0,0.0,1638.0,,,,0.0,0.0,0.054418,0.052605,0.011498,1.0,1.0,0.005523,0.003301,0.00585,0.003128,0.007265,0.00673,0.002825,3.1e-05,1638,1.0,33.734,87.2227,QUALIFIED,,0.402318,0.465299,0.073641,0.989027,False,True,S1_ONLY,no_data,0.044553,0.007501,0.028208,0.065937,0.036298,4,full_m3_data
5205,1265.0,0.790625,0.3718,1.17,953.8766798418972,883.3691699604743,-23391.27075098814,21628.583003952568,31.8575,920,854,983,908,6.2674,3.2125,23.1607,5.1573,2.2093,-2795.9095,1.0,1.0,0.0,1265.0,,,,0.0,0.0,0.028854,0.02866,0.002331,0.968379,0.968379,0.000281,0.002832,0.000228,0.000707,0.001757,0.000387,0.000157,0.006351,1265,1.0,-14.3965,65.3367,QUALIFIED,,,,0.779738,,False,True,S1_ONLY,no_data,,0.079428,,,0.019857,1,partial_m3_data
5217,712.0,0.445,0.5511,1.12,971.130617977528,1687.1544943820224,-3296.6376404494367,21197.2345505618,21.4515,956,1666,990,1704,10.2574,2.5992,17.5308,9.0916,1.5967,-2012.8907,1.0,1.0,0.0,712.0,0.211184,0.202999,0.050325,1.0,1.0,0.029923,0.029833,0.002529,0.630618,0.630618,0.000922,0.002771,0.000531,0.001347,0.010877,-0.001831,-3.9e-05,0.000537,712,1.0,33.7027,75.9158,QUALIFIED,,,,1.168337,,True,True,BOTH,normal_low,,0.119013,,,0.029753,1,partial_m3_data
5246,759.0,0.474375,0.6121,1.29,983.1198945981556,2528.3702239789195,17733.755599472985,20897.502635046112,27.4078,963,2513,1003,2544,13.1709,3.7034,23.4421,11.6071,2.5772,-1589.9283,1.0,1.0,0.0,759.0,,,,0.0,0.0,0.055324,0.052198,0.013599,1.0,1.0,0.003751,0.000474,1.3e-05,-0.000826,0.002064,0.005679,0.001651,-0.004719,759,1.0,33.734,87.2227,QUALIFIED,,0.873634,,-1.751453,3.858268,False,True,S1_ONLY,no_data,0.173805,0.0,0.061255,,0.073083,3,full_m3_data
5271,671.0,0.419375,0.5181,1.06,965.269746646796,2703.2667660208645,22106.16915052161,21343.756333830104,30.7285,948,2686,983,2723,5.1836,3.3748,18.3711,3.9189,2.0258,-1551.0961,1.0,0.2241,0.3452,671.0,0.201042,0.195357,0.037925,1.0,1.0,0.026732,0.025919,0.005466,1.0,1.0,0.003445,0.002564,-0.000663,-0.000651,0.002905,0.004995,-0.004096,-0.003632,671,1.0,33.734,87.2227,QUALIFIED,,0.255733,,-0.719449,,True,True,BOTH,normal_low,,0.0,0.017931,,0.003586,2,partial_m3_data
5277,191.0,0.119375,0.5026,1.05,972.6230366492148,2353.539267015706,13362.981675392664,21159.924083769634,25.0261,963,2344,982,2364,15.3408,3.1842,24.534,13.5956,2.2374,-1462.4209,1.0,0.1629,0.3117,191.0,,,,0.0,0.0,0.041227,0.029198,0.027438,1.0,1.0,0.003318,8.2e-05,-0.00055,-0.002799,0.006322,-0.001354,-0.002802,-0.00234,191,1.0,53.7768,91.9349,QUALIFIED,,0.975286,,1.214173,,False,True,S1_ONLY,no_data,,0.123682,0.068382,,0.044597,2,partial_m3_data
5280,167.0,0.104375,0.4883,1.06,968.1077844311376,2723.9760479041915,22623.90119760479,21272.80538922156,31.0544,959,2714,978,2732,3.5993,1.9296,9.3934,3.2006,1.3879,-1526.7495,1.0,0.1643,0.3104,167.0,0.202312,0.198031,0.038353,1.0,1.0,0.026114,0.024532,0.006347,1.0,1.0,0.005198,0.001678,-0.001621,0.000532,-0.000423,0.001996,-0.007352,-0.015035,167,1.0,33.734,87.2227,QUALIFIED,,0.677184,,,,True,True,BOTH,normal_low,,,0.047481,,0.009496,1,partial_m3_data
5286,308.0,0.1925,0.4968,1.55,977.0227272727273,971.4090909090908,-21190.272727272728,21049.93181818182,29.8678,961,961,992,981,5.2059,3.7979,25.2552,4.8581,3.9515,-2925.4584,1.0,1.0,0.0,308.0,,,,0.0,0.0,0.027585,0.027248,0.002048,0.724026,0.724026,-0.000971,0.002824,0.000722,0.001377,0.002801,-0.002046,-0.001874,0.001791,308,1.0,-14.3965,65.3367,QUALIFIED,,,,1.730453,,False,True,S1_ONLY,no_data,,0.176273,,,0.044068,1,partial_m3_data
5290,199.0,0.124375,0.5265,1.17,975.4623115577888,2546.748743718593,18193.21859296482,21088.94221105528,27.852,967,2537,985,2558,6.4326,3.0969,17.1144,5.317,1.5166,-1523.6147,1.0,1.0,0.0,199.0,,,,0.0,0.0,0.049145,0.049249,0.006384,1.0,1.0,0.002327,-0.001007,-0.000798,-0.003248,0.000128,0.003952,-0.001265,-0.004195,199,1.0,33.734,87.2227,QUALIFIED,,1.432746,,,,False,True,S1_ONLY,no_data,,,0.100456,,0.020091,1,partial_m3_data
5320,3868.0,2.4175,0.4421,1.79,998.8495346432264,2590.585573940021,19289.13934850052,20504.26163391934,28.1513,966,2536,1036,2661,10.2292,4.1164,27.991,8.6824,3.0308,-1575.277,1.0,0.9506,0.2004,3868.0,,,,0.0,0.0,0.046762,0.046013,0.01346,1.0,1.0,0.015439,0.013295,0.019634,0.021258,0.023865,0.02646,0.024713,0.018126,3868,1.0,33.734,87.2227,QUALIFIED,,0.138869,-0.082714,-0.108737,0.26654,False,True,S1_ONLY,no_data,0.012007,0.0,0.009737,0.0,0.00615,4,full_m3_data
5349,577.0,0.360625,0.4587,1.09,984.3760831889082,2596.6031195840555,19439.577989601392,20866.09792027729,28.5182,962,2580,999,2614,4.4607,2.2474,13.5499,3.5774,0.9691,-1552.752,1.0,1.0,0.0,577.0,,,,0.0,0.0,0.05311,0.054482,0.014671,1.0,1.0,0.001264,0.001333,0.000452,0.000733,0.001711,0.006165,-0.002863,-0.007486,577,1.0,33.734,87.2227,QUALIFIED,,-0.054589,,-2.603156,,False,True,S1_ONLY,no_data,,0.0,0.0,,0.0,2,partial_m3_data
5354,272.0,0.17,0.5667,1.88,984.2095588235294,1007.1102941176472,-20297.74264705882,20870.26102941177,29.1123,977,992,993,1022,5.1605,2.0662,10.5782,3.9652,0.9872,-2940.4057,1.0,1.0,0.0,272.0,,,,0.0,0.0,0.028747,0.028535,0.001266,0.349265,0.349265,-0.00091,0.001396,0.001307,0.00057,0.000846,-0.005519,-0.005661,0.000237,272,1.0,-14.3965,65.3367,QUALIFIED,,,0.563887,,,False,True,S1_ONLY,no_data,,,,0.079907,0.015981,1,partial_m3_data
5360,1109.0,0.693125,0.5722,1.68,959.604147880974,991.1632100991884,-20696.41974752029,21485.39630297565,29.8316,931,976,988,1010,5.6203,3.4635,19.2976,4.3675,2.1847,-2908.939,1.0,1.0,0.0,1109.0,,,,0.0,0.0,0.030389,0.029991,0.003627,0.950406,0.950406,0.002071,0.001804,-0.000945,0.001501,0.003147,-0.000607,-0.000332,0.004655,1109,1.0,-14.3965,65.3367,QUALIFIED,,0.128923,,1.192882,,False,True,S1_ONLY,no_data,,0.121513,0.009039,,0.032186,2,partial_m3_data
5385,1336.0,0.835,0.4858,1.1,987.0359281437126,1255.810628742515,-14080.234281437122,20799.601796407187,25.1166,959,1230,1009,1285,15.6786,3.9464,28.5389,13.8958,2.9697,-2512.493,1.0,0.0038,0.0487,1336.0,0.264615,0.252998,0.062934,1.0,1.0,0.029686,0.030126,0.00246,0.239521,0.239521,-0.000966,0.004267,0.001561,0.002291,0.003219,-0.0015,-0.000829,-0.002522,1336,1.0,-19.4926,68.1002,QUALIFIED,,,-0.467649,1.465983,,True,True,BOTH,normal_low,,0.149333,,0.0,0.037333,2,partial_m3_data
5396,311.0,0.194375,0.5981,1.3,999.0,1732.0418006430868,-2174.4549839228275,20500.5,20.6149,986,1722,1012,1742,7.0308,4.9458,23.2508,5.3441,2.9136,-2178.5788,1.0,1.0,0.0,311.0,0.244307,0.234444,0.06461,1.0,1.0,,,,0.0,0.0,0.004212,0.001462,0.00208,0.002583,0.005296,0.005058,-0.001201,0.00428,311,1.0,33.7027,75.9158,QUALIFIED,,0.652896,-0.241827,0.04494,,True,False,CPR_ONLY,normal_low,,0.004578,0.045778,0.0,0.0103,3,full_m3_data
5401,608.0,0.38,0.4706,1.12,980.2878289473684,1050.6842105263158,-19208.394736842103,20968.30427631579,28.4358,962,1035,1000,1069,7.2528,3.2309,16.8274,6.3589,2.317,-2885.9432,1.0,1.0,0.0,608.0,0.192386,0.191975,0.033186,0.439145,0.439145,0.031868,0.031762,0.001576,0.580592,0.580592,0.001318,0.002578,-0.000683,0.000928,0.00034,-0.003338,-0.005479,-0.004251,608,1.0,-14.3965,65.3367,QUALIFIED,,-0.955994,,,,True,True,BOTH,normal_low,,,0.0,,0.0,1,partial_m3_data
5404,148.0,0.0925,0.5139,2.0,978.3108108108108,2613.939189189189,19872.979729729726,21017.72972972973,28.9254,969,2609,993,2621,8.7351,3.5188,19.0497,7.3917,2.5218,-1523.8381,1.0,1.0,0.0,148.0,,,,0.0,0.0,0.040145,0.03832,0.008134,1.0,1.0,0.003852,-0.000397,-8.2e-05,-0.001472,0.000599,0.006061,-0.001194,-0.006499,148,1.0,33.734,87.2227,QUALIFIED,,1.103063,,,,False,True,S1_ONLY,no_data,,,0.077341,,0.015468,1,partial_m3_data
5431,558.0,0.34875,0.4745,1.5,994.3189964157706,1755.962365591398,-1576.4408602150506,20617.525089605737,20.6772,981,1737,1009,1779,5.81,2.1256,15.139,4.9387,1.8007,-2148.6613,1.0,1.0,0.0,558.0,0.196785,0.193682,0.048276,1.0,1.0,,,,0.0,0.0,0.005401,0.002762,0.00321,0.001964,0.006125,0.00661,-0.001216,0.000876,558,1.0,33.7027,75.9158,QUALIFIED,,0.488613,0.388162,-0.079184,,True,False,CPR_ONLY,normal_low,,0.0,0.034259,0.055006,0.017853,3,full_m3_data
5509,286.0,0.17875,0.4673,1.89,996.548951048951,2422.458041958042,15085.95104895105,20561.776223776225,25.5023,977,2414,1011,2432,5.904,3.5724,18.4141,4.9621,2.9038,-1877.1825,1.0,1.0,0.0,286.0,,,,0.0,0.0,0.058016,0.05755,0.015345,1.0,1.0,0.010966,0.006619,0.00621,0.007939,0.008671,0.008885,0.002819,0.002867,286,1.0,33.734,87.2227,QUALIFIED,,0.396407,-0.278422,-0.02468,-0.017027,False,True,S1_ONLY,no_data,0.0,0.0,0.027794,0.0,0.005559,4,full_m3_data
5519,2468.0,1.5425,0.6275,1.21,1013.5097244732576,1032.2536466774716,-19669.15883306321,20137.75688816856,28.149,988,1001,1045,1070,6.2591,3.4709,28.0931,5.2649,2.7459,-2935.6748,1.0,1.0,0.0,2468.0,0.253628,0.221204,0.092593,0.825365,0.825365,,,,0.0,0.0,0.002333,0.002129,0.002433,0.001216,0.000624,0.00031,-0.002527,-0.003685,2468,1.0,-14.3965,65.3367,QUALIFIED,,0.087441,0.500206,,,True,False,CPR_ONLY,normal_low,,,0.006131,0.070883,0.015403,2,partial_m3_data
5550,2388.0,1.4925,0.4901,1.55,995.3689279731992,930.7416247906198,-22206.959380234504,20591.276800670017,30.2838,967,889,1023,976,8.8252,3.302,23.0978,7.6272,2.292,-2845.4797,1.0,1.0,0.0,2388.0,,,,0.0,0.0,0.026241,0.026359,0.002022,0.141122,0.141122,0.001002,0.003149,0.001839,0.002155,0.003325,0.000169,-0.000871,0.001437,2388,1.0,-14.3965,65.3367,QUALIFIED,,-2.142715,-0.171833,0.949173,,False,True,S1_ONLY,no_data,,0.096688,0.0,0.0,0.024172,3,full_m3_data
5555,167.0,0.104375,0.6326,2.18,1012.0718562874252,1616.682634730539,-5058.434131736525,20173.70359281437,20.7976,1001,1611,1025,1622,6.8956,2.6727,13.3635,5.5608,1.4253,-2142.4513,1.0,0.9916,0.0676,167.0,0.180328,0.177369,0.030025,1.0,1.0,,,,0.0,0.0,0.00717,0.000689,-0.000192,-0.002682,-0.001787,-0.004326,-0.007291,-0.000266,167,1.0,33.7027,75.9158,QUALIFIED,,0.903905,,,,True,False,CPR_ONLY,normal_low,,,0.063377,,0.012675,1,partial_m3_data
5556,1629.0,1.018125,0.5596,1.73,986.6163290362184,1714.3216697360344,-2617.458256599137,20810.091774094537,20.9735,953,1694,1024,1735,9.393,4.6125,21.7511,8.1601,3.916,-2118.2074,1.0,0.9999,0.0051,1629.0,0.179108,0.172541,0.039889,1.0,1.0,0.031402,0.030949,0.002899,0.341314,0.341314,0.002604,0.002722,0.002543,0.0017,0.005914,0.001261,-0.000158,0.000546,1629,1.0,33.7027,75.9158,QUALIFIED,,-0.045315,0.331498,0.786777,,True,True,BOTH,normal_low,,0.080145,0.0,0.046976,0.029431,3,full_m3_data
5580,371.0,0.231875,0.6441,1.0,1008.9056603773583,1749.3584905660375,-1741.537735849059,20252.85849056604,20.3271,997,1738,1021,1762,2.9935,1.8883,12.0006,2.5569,1.5047,-2162.7684,1.0,1.0,0.0,371.0,0.186688,0.1786,0.04283,1.0,1.0,,,,0.0,0.0,0.008236,0.003829,0.004971,0.002821,0.004123,0.003896,0.000296,0.010339,371,1.0,33.7027,75.9158,QUALIFIED,,0.53509,0.432509,0.055057,,True,False,CPR_ONLY,normal_low,,0.005608,0.037518,0.06129,0.021164,3,full_m3_data
5594,369.0,0.230625,0.615,1.04,1020.0271002710028,1733.3143631436317,-2142.6409214092128,19974.82249322493,20.0889,1009,1721,1033,1746,7.1144,4.8973,26.2099,5.0447,2.2377,-2183.9119,1.0,0.9851,0.1121,369.0,0.226196,0.204378,0.054976,1.0,1.0,,,,0.0,0.0,0.004952,0.002426,0.004015,0.002359,0.003435,0.00199,-0.001858,0.003145,369,1.0,33.7027,75.9158,QUALIFIED,,0.510097,0.412453,0.42067,,True,False,CPR_ONLY,normal_low,,0.042852,0.035765,0.058448,0.029556,3,full_m3_data
5605,794.0,0.49625,0.5499,1.0,1018.5251889168766,1798.0818639798488,-523.4534005037785,20012.370277078087,20.0187,999,1781,1037,1819,6.3083,3.1846,20.7908,5.464,2.4095,-2151.2391,1.0,0.9514,0.1996,794.0,0.176778,0.171126,0.038901,1.0,1.0,,,,0.0,0.0,0.010999,0.006318,0.002931,0.002177,0.005799,0.00465,0.001964,-0.000884,794,1.0,33.7027,75.9158,QUALIFIED,,0.425584,0.25725,0.198138,1.450102,True,False,CPR_ONLY,normal_low,0.065323,0.020183,0.02984,0.036454,0.041168,4,full_m3_data
5637,271.0,0.169375,0.4532,1.13,1014.5867158671588,2313.0,12349.5,20110.83210332104,23.5997,1001,2303,1027,2326,12.9067,4.788,23.8698,11.7411,4.398,-1493.6027,1.0,0.1725,0.3236,271.0,0.358898,0.351777,0.051034,0.881919,0.881919,0.034326,0.033379,0.005091,0.97786,0.97786,-0.002536,0.000199,-0.003427,-0.000535,-0.006271,-0.00626,-0.011051,-0.017924,271,1.0,53.7768,91.9349,QUALIFIED,,,,,,True,True,BOTH,normal_low,,,,,0.0,0,no_m3_data
5640,2185.0,1.365625,0.3276,1.98,1002.4270022883296,1078.6814645308923,-18508.46338672769,20414.82494279176,27.5552,941,1050,1056,1108,10.3658,4.4643,25.6876,8.9264,3.6341,-2821.5949,1.0,1.0,0.0,2185.0,0.183879,0.180295,0.035876,0.835698,0.835698,0.03032,0.030196,0.002027,0.246224,0.246224,0.002875,0.001548,0.001192,0.001214,0.000709,0.001435,-0.00238,-0.001752,2185,1.0,-14.3965,65.3367,QUALIFIED,,0.461565,-0.018456,,,True,True,BOTH,normal_low,,,0.032362,0.0,0.006472,2,partial_m3_data
5677,403.0,0.251875,0.6297,1.6,1027.2481389578163,1758.4416873449131,-1514.457816377173,19794.2965260546,19.8516,1017,1743,1037,1775,5.1805,3.4088,17.8048,4.097,2.1299,-2176.5572,1.0,0.9952,0.0483,403.0,0.180286,0.179484,0.03571,1.0,1.0,,,,0.0,0.0,0.006708,0.005544,0.002392,0.002141,0.001779,0.004097,-0.00374,-0.008471,403,1.0,33.7027,75.9158,QUALIFIED,,0.173524,0.104933,-1.302979,,True,False,CPR_ONLY,normal_low,,0.0,0.012167,0.01487,0.005407,3,full_m3_data
5718,1652.0,1.0325,0.5611,1.39,1042.7088377723971,1563.377118644068,-6391.072033898301,19407.77905569008,20.4324,1012,1538,1076,1584,8.4465,3.8917,24.6178,7.3117,3.2363,-2179.776,1.0,0.1528,0.326,1652.0,0.218603,0.194036,0.083223,1.0,1.0,,,,0.0,0.0,0.010341,0.005572,0.003132,0.004799,0.005306,0.004991,0.000432,-0.001898,1652,1.0,-19.4926,68.1002,QUALIFIED,,0.461174,-0.532248,0.059367,,True,False,CPR_ONLY,normal_low,,0.006047,0.032335,0.0,0.007979,3,full_m3_data
5728,1237.0,0.773125,0.4956,1.64,1036.6257073565075,1147.8803556992725,-16778.491107518188,19559.857316087306,25.7695,1009,1129,1073,1168,8.0555,3.3158,28.1745,6.6198,1.6713,-2665.5046,1.0,0.9502,0.191,1237.0,0.190245,0.1842,0.037025,1.0,1.0,,,,0.0,0.0,0.002414,0.000615,0.001043,-0.000813,0.003022,0.002653,-0.002469,-0.00302,1237,1.0,-14.3965,65.3367,QUALIFIED,,0.745236,1.779482,0.122105,,True,False,CPR_ONLY,normal_low,,0.012438,0.052252,0.252167,0.063993,3,full_m3_data
5748,189.0,0.118125,0.6136,1.57,1037.4021164021165,1748.3597883597884,-1766.505291005291,19540.447089947087,19.6196,1031,1738,1045,1760,4.7123,3.8632,18.3251,3.9927,3.6677,-2180.9621,1.0,0.9185,0.2401,189.0,0.236156,0.22236,0.04454,1.0,1.0,,,,0.0,0.0,0.002766,0.004444,0.001676,0.00151,0.001301,0.008129,-0.005453,-0.012109,189,1.0,33.7027,75.9158,QUALIFIED,,-0.606652,0.099045,-5.248271,,True,False,CPR_ONLY,normal_low,,0.0,0.0,0.014035,0.002807,3,full_m3_data
5751,800.0,0.5,0.551,1.33,1035.90875,2477.705,16467.125,19577.78125,25.5823,1019,2459,1052,2503,7.0618,3.6135,19.9622,5.5104,2.5941,-1943.5422,1.0,1.0,0.0,800.0,0.258497,0.2595,0.047365,0.00375,0.00375,0.05631,0.05379,0.01493,1.0,1.0,0.002755,-0.002296,-0.002848,-0.00194,-0.005986,-0.011442,-0.013761,-0.022931,800,1.0,33.734,87.2227,QUALIFIED,,1.833394,,,,False,True,S1_ONLY,normal_low,,,0.128548,,0.02571,1,partial_m3_data
5779,335.0,0.209375,0.5857,1.18,1028.0955223880596,1067.7164179104475,-18782.589552238805,19773.11194029851,27.2713,1015,1056,1041,1078,6.7943,4.4583,18.5299,5.4613,2.2018,-2865.8002,1.0,1.0,0.0,335.0,0.196708,0.193704,0.034044,1.0,1.0,,,,0.0,0.0,0.002831,0.001661,0.002011,0.002419,0.000961,0.003943,-0.000615,2.4e-05,335,1.0,-14.3965,65.3367,QUALIFIED,,0.413282,-0.202884,,,True,False,CPR_ONLY,normal_low,,,0.028977,0.0,0.005795,2,partial_m3_data
5792,1209.0,0.755625,0.4737,1.32,1026.2547559966915,1204.8387096774193,-15354.53225806452,19819.13110008271,25.0704,1003,1175,1047,1233,10.0391,3.3244,25.7734,8.5567,2.1924,-2502.4333,1.0,1.0,0.0,1209.0,0.198404,0.195213,0.03523,1.0,1.0,,,,0.0,0.0,0.003752,0.000399,0.001568,-1.4e-05,0.002613,0.001511,-0.004452,-0.002664,1209,1.0,-19.4926,68.1002,QUALIFIED,,0.893657,1.008929,0.421737,,True,False,CPR_ONLY,normal_low,,0.04296,0.062658,0.142973,0.051866,3,full_m3_data
5793,350.0,0.21875,0.4704,1.29,1028.38,1617.1485714285714,-5046.785714285717,19766.0,20.3995,1012,1606,1043,1630,3.9508,2.1261,13.6512,3.1995,1.197,-2142.0194,1.0,0.8915,0.2512,350.0,0.178537,0.172273,0.035591,1.0,1.0,,,,0.0,0.0,0.007934,0.002167,-0.001814,-0.002238,-0.001303,-0.00443,-0.006685,-0.007491,350,1.0,33.7027,75.9158,QUALIFIED,,0.726872,,,,True,False,CPR_ONLY,normal_low,,,0.050964,,0.010193,1,partial_m3_data
5803,533.0,0.333125,0.5288,1.29,1048.889305816135,2411.499061913696,14811.9765478424,19253.267354596625,24.2915,1038,2396,1066,2432,6.2962,3.6212,21.1286,5.0038,1.9678,-1914.1641,1.0,1.0,0.0,533.0,0.237836,0.233134,0.047128,0.966229,0.966229,0.053262,0.050539,0.011675,1.0,1.0,0.001966,-0.001696,0.00073,-0.000386,-0.001438,-0.008816,-0.008551,-0.007634,533,1.0,33.734,87.2227,QUALIFIED,,1.862665,,,,True,True,BOTH,normal_low,,,0.1306,,0.02612,1,partial_m3_data
5816,439.0,0.274375,0.5501,2.21,1038.872437357631,2609.9316628701595,19772.791571753987,19503.689066059225,27.7733,1030,2589,1049,2631,10.3941,3.0492,21.6039,9.0348,1.6263,-1744.8002,1.0,0.9977,0.0477,439.0,,,,0.0,0.0,0.038756,0.038023,0.007353,1.0,1.0,-0.002714,0.001341,-0.000571,-0.001177,0.002654,-8e-05,0.002391,-0.000706,439,1.0,33.734,87.2227,QUALIFIED,,,,1.030143,1.295274,False,True,S1_ONLY,no_data,0.058349,0.104936,,,0.046656,2,partial_m3_data
5817,140.0,0.0875,0.5882,1.21,1037.3857142857144,2767.5642857142857,23713.607142857145,19540.85714285714,30.7276,1031,2759,1045,2776,13.4443,3.0587,20.5247,12.2191,2.0012,-1765.7783,1.0,1.0,0.0,140.0,0.213907,0.213391,0.03371,1.0,1.0,0.019112,0.019163,0.001651,1.0,1.0,0.001594,0.005473,0.008851,0.006247,0.012116,0.003,0.007828,0.007375,140,1.0,33.734,87.2227,QUALIFIED,,-2.433501,0.294204,0.752394,0.057869,True,True,BOTH,normal_low,0.002607,0.076643,0.0,0.041691,0.028411,4,full_m3_data
5821,267.0,0.166875,0.5205,1.42,1038.501872659176,1246.7865168539329,-14305.837078651684,19512.9531835206,24.1946,1030,1236,1049,1263,9.0452,4.0697,18.5878,7.8345,2.3832,-2449.4244,1.0,1.0,0.0,267.0,0.212641,0.201946,0.049128,1.0,1.0,,,,0.0,0.0,0.00039,-0.000209,2.4e-05,-0.002243,0.000632,-0.002422,-0.004741,0.003813,267,1.0,-19.4926,68.1002,QUALIFIED,,,,,,True,False,CPR_ONLY,normal_low,,,,,0.0,0,no_m3_data
5841,148.0,0.0925,0.5139,1.12,1049.7567567567569,1711.6013513513512,-2685.4662162162203,19231.581081081084,19.4176,1042,1704,1058,1722,3.3617,1.3706,7.0685,2.9338,0.5512,-2184.3657,1.0,0.9924,0.0741,148.0,0.173122,0.165198,0.036533,1.0,1.0,,,,0.0,0.0,0.001038,0.000596,-0.000921,-0.000942,0.003808,0.003403,-0.004089,-0.015026,148,1.0,33.7027,75.9158,QUALIFIED,,0.425819,,0.106355,,True,False,CPR_ONLY,normal_low,,0.010834,0.029856,,0.00868,2,partial_m3_data
5853,532.0,0.3325,0.4124,1.43,1060.5281954887218,2750.3928571428573,23284.321428571435,18962.295112781954,30.0289,1039,2733,1082,2763,10.5409,4.005,23.0515,8.951,3.0817,-1873.4292,1.0,1.0,0.0,532.0,0.162081,0.153792,0.042833,1.0,1.0,0.021128,0.020502,0.003584,1.0,1.0,0.016308,0.022002,0.02599,0.029797,0.03117,0.032282,0.026833,0.025964,532,1.0,33.734,87.2227,QUALIFIED,,-0.349154,-0.146479,-0.035675,0.032385,True,True,BOTH,normal_low,0.001459,0.0,0.0,0.0,0.000511,4,full_m3_data
5859,149.0,0.093125,0.6261,1.21,1042.9530201342282,1070.4429530201342,-18714.42617449665,19401.674496644297,26.9558,1036,1064,1050,1081,3.7059,1.9088,9.9962,3.3987,0.8954,-2847.2703,1.0,1.0,0.0,149.0,0.21002,0.209243,0.024132,1.0,1.0,,,,0.0,0.0,0.004968,0.002472,0.002316,0.002417,0.00582,0.005576,-0.002346,0.00443,149,1.0,-14.3965,65.3367,QUALIFIED,,0.502415,-0.04361,0.041924,,True,False,CPR_ONLY,normal_low,,0.004271,0.035227,0.0,0.008113,3,full_m3_data
5882,485.0,0.303125,0.5922,1.86,1044.1649484536083,1210.4556701030929,-15214.10824742268,19371.37628865979,24.631,1034,1190,1055,1229,5.9902,2.1855,17.0732,5.0945,1.1145,-2513.1517,1.0,1.0,0.0,485.0,0.205656,0.200064,0.031209,1.0,1.0,,,,0.0,0.0,0.004897,0.003546,0.002224,-0.000691,0.003069,0.002987,-0.000878,0.000609,485,1.0,-19.4926,68.1002,QUALIFIED,,0.275883,1.310701,0.026719,,True,False,CPR_ONLY,normal_low,,0.002722,0.019343,0.185737,0.041697,3,full_m3_data
5897,1263.0,0.789375,0.4511,1.75,1057.3855898654,2622.023752969121,20075.093824228024,19040.860253365005,27.6688,1040,2587,1080,2657,8.9399,4.0281,19.874,7.4659,3.2573,-1797.2841,1.0,0.9841,0.1044,1263.0,,,,0.0,0.0,0.03226,0.031097,0.007493,1.0,1.0,-0.002971,-0.001441,0.001075,0.000593,0.002029,-1.9e-05,0.001183,-0.002598,1263,1.0,33.734,87.2227,QUALIFIED,,,0.448372,1.009364,3.196112,False,True,S1_ONLY,no_data,0.143976,0.102819,,0.063538,0.088804,3,full_m3_data
5911,369.0,0.230625,0.509,1.16,1050.4254742547423,1230.2032520325204,-14720.41869918699,19214.863143631435,24.2047,1035,1216,1064,1241,4.6403,2.1451,11.8682,3.9264,1.2601,-2492.7989,1.0,1.0,0.0,369.0,0.182631,0.176357,0.032249,1.0,1.0,,,,0.0,0.0,0.005045,0.001128,0.000438,-0.000251,0.001405,0.00227,-0.003189,-0.00082,369,1.0,-19.4926,68.1002,QUALIFIED,,0.776412,,-0.615658,,True,False,CPR_ONLY,normal_low,,0.0,0.054438,,0.010888,2,partial_m3_data
5936,381.0,0.238125,0.7162,1.47,1044.5669291338584,2582.968503937008,19098.7125984252,19361.32677165354,27.196,1032,2574,1060,2593,8.9948,4.7025,27.2593,8.0636,3.2137,-1753.9616,1.0,0.9824,0.109,381.0,,,,0.0,0.0,0.032317,0.032341,0.005744,1.0,1.0,0.003721,0.000303,-0.003354,-0.00096,0.000883,-0.004813,-0.000691,-0.004216,381,1.0,33.734,87.2227,QUALIFIED,,0.91857,,,,False,True,S1_ONLY,no_data,,,0.064405,,0.012881,1,partial_m3_data
5941,424.0,0.265,0.3687,1.84,1059.6108490566037,2516.0377358490564,17425.44339622641,18985.22877358491,25.7698,1047,2493,1072,2539,6.2717,3.3665,17.3151,4.5574,2.0233,-1934.5656,1.0,1.0,0.0,424.0,0.245574,0.245872,0.02718,0.431604,0.431604,0.042427,0.04103,0.007056,1.0,1.0,-0.000713,-0.002692,0.001268,0.001394,0.002274,-0.001413,0.004948,-0.001252,424,1.0,33.734,87.2227,QUALIFIED,,,-0.099369,1.621372,1.253032,True,True,BOTH,normal_low,0.056446,0.165161,,0.0,0.061046,3,full_m3_data
5944,475.0,0.296875,0.5119,1.1,1062.6757894736843,1119.7810526315789,-17480.973684210527,18908.605263157893,25.7504,1047,1106,1076,1138,6.4048,2.4817,21.19,5.6801,1.606,-2700.841,1.0,0.9998,0.0037,475.0,0.170486,0.164102,0.034693,1.0,1.0,,,,0.0,0.0,0.004368,0.001522,-0.000457,0.002051,0.003612,0.005517,0.001285,-0.000591,475,1.0,-14.3965,65.3367,QUALIFIED,,0.651557,,-0.527409,1.459922,True,False,CPR_ONLY,normal_low,0.065766,0.0,0.045684,,0.032155,3,full_m3_data
5946,978.0,0.61125,0.5315,1.15,1061.234151329243,2248.276073619632,10731.401840490798,18944.64621676892,21.7728,1043,2227,1083,2273,13.0392,4.5116,26.4714,11.1702,3.2357,-1280.7266,1.0,0.1724,0.326,978.0,0.428354,0.430912,0.106875,1.0,1.0,,,,0.0,0.0,0.010936,0.000178,0.000259,-0.000703,0.000588,-0.00161,-0.002593,-0.005058,978,1.0,53.7768,91.9349,QUALIFIED,,0.983723,,,,True,False,CPR_ONLY,normal_low,,,0.068973,,0.013795,1,partial_m3_data
5948,301.0,0.188125,0.5867,1.42,1056.0099667774086,2459.6943521594685,16016.85880398671,19075.250830564783,24.9079,1046,2446,1065,2473,4.6845,2.2558,12.4787,3.7838,1.1636,-1935.1818,1.0,1.0,0.0,301.0,0.223798,0.218818,0.029541,0.920266,0.920266,0.054914,0.053715,0.008951,1.0,1.0,0.007597,-0.002027,-0.000302,-0.000856,0.002488,-0.002239,-0.000178,-0.001284,301,1.0,33.734,87.2227,QUALIFIED,,1.266816,,1.89992,,True,True,BOTH,normal_low,,0.193536,0.088822,,0.066148,2,partial_m3_data
5949,308.0,0.1925,0.496,1.17,1055.6883116883116,2544.785714285714,18144.14285714285,19083.29220779221,26.3321,1043,2533,1066,2560,7.4973,3.7014,22.4382,6.6188,2.0423,-1888.7325,1.0,1.0,0.0,308.0,,,,0.0,0.0,0.037693,0.035108,0.009311,1.0,1.0,0.002628,-0.002493,0.001324,-0.001988,-0.001793,-0.003492,-0.003332,-0.003832,308,1.0,33.734,87.2227,QUALIFIED,,1.94863,2.501511,,,False,True,S1_ONLY,no_data,,,0.136628,0.354484,0.098222,2,partial_m3_data
5954,865.0,0.540625,0.5258,1.34,1048.957225433526,2503.6878612716764,17116.69653179191,19251.56936416185,25.7605,1034,2482,1069,2529,6.9614,3.8458,18.5174,5.4783,2.4279,-1940.0331,1.0,1.0,0.0,865.0,0.231638,0.225066,0.049683,0.198844,0.198844,0.052347,0.050615,0.013476,1.0,1.0,0.004588,-0.001373,-0.002494,0.001292,-0.001105,-0.00736,-0.005094,-0.011115,865,1.0,33.734,87.2227,QUALIFIED,,1.299259,,,,True,True,BOTH,normal_low,,,0.091097,,0.018219,1,partial_m3_data
5979,252.0,0.1575,0.4846,1.3,1055.6626984126983,2375.5436507936506,13913.091269841265,19083.93253968254,23.6171,1044,2366,1070,2386,3.6305,1.9288,9.4962,3.5632,1.4102,-1930.4171,1.0,1.0,0.0,252.0,0.205486,0.198736,0.032063,1.0,1.0,0.041545,0.042186,0.005686,1.0,1.0,0.010887,0.005013,-0.000576,-0.000832,0.000689,-0.001,-0.005187,-0.001391,252,1.0,53.7768,91.9349,QUALIFIED,,0.539543,,,,True,True,BOTH,normal_low,,,0.03783,,0.007566,1,partial_m3_data
5999,837.0,0.523125,0.465,1.12,1055.31660692951,1255.8876941457586,-14078.307646356036,19092.58482676225,23.7211,1036,1237,1081,1277,8.2841,4.0955,24.1711,7.2084,3.4685,-2484.0486,1.0,0.9895,0.0932,837.0,0.175209,0.162723,0.049199,1.0,1.0,,,,0.0,0.0,0.002657,-0.001815,-0.001518,-0.004074,-0.002582,-0.001735,-0.006793,-0.006265,837,1.0,-19.4926,68.1002,QUALIFIED,,1.683101,,,,True,False,CPR_ONLY,normal_low,,,0.11801,,0.023602,1,partial_m3_data
6009,254.0,0.15875,0.5976,1.47,1061.0669291338584,2732.783464566929,22844.086614173222,18948.82677165354,29.6802,1052,2719,1069,2744,6.0207,3.8718,20.4355,4.8574,1.9861,-1888.7663,1.0,1.0,0.0,254.0,0.17182,0.166763,0.035253,1.0,1.0,0.032977,0.030754,0.010326,1.0,1.0,0.001007,0.002727,8.5e-05,0.003627,0.001154,-0.001031,-0.004402,-0.001773,254,1.0,33.734,87.2227,QUALIFIED,,-1.708044,,1.893414,,True,True,BOTH,normal_low,,0.192873,0.0,,0.048218,2,partial_m3_data
6013,1003.0,0.626875,0.4193,1.13,1071.3619142572284,1580.044865403789,-5974.378364905286,18691.45214356929,19.6224,1048,1554,1094,1606,4.767,2.0346,14.2103,4.0776,1.2557,-2120.0008,1.0,0.1693,0.3278,1003.0,0.181886,0.177421,0.034993,1.0,1.0,,,,0.0,0.0,0.008215,0.002921,-0.000256,-0.00052,-0.001758,-0.005129,-0.009854,-0.0129,1003,1.0,-19.4926,68.1002,QUALIFIED,,0.644431,,,,True,False,CPR_ONLY,normal_low,,,0.045184,,0.009037,1,partial_m3_data
6019,603.0,0.376875,0.4951,1.45,1076.1492537313434,2525.704809286899,17667.120232172478,18571.768656716416,25.6327,1059,2512,1101,2541,4.6947,2.5376,16.1663,3.5492,1.4799,-1926.366,1.0,1.0,0.0,603.0,0.22632,0.219185,0.03818,0.864013,0.864013,0.040023,0.037046,0.012754,1.0,1.0,0.004065,0.002776,0.003423,0.002816,0.003107,-0.000969,-0.001366,3.6e-05,603,1.0,33.734,87.2227,QUALIFIED,,0.317097,0.17733,1.311876,,True,True,BOTH,normal_low,,0.133635,0.022233,0.025129,0.042881,3,full_m3_data
6032,137.0,0.085625,0.5756,1.21,1071.934306569343,2505.897810218978,17171.94525547445,18677.14233576642,25.3714,1066,2498,1080,2515,4.653,2.7705,13.0219,3.0642,1.079,-1936.3486,1.0,1.0,0.0,137.0,0.21633,0.211583,0.033182,1.0,1.0,0.041988,0.039328,0.00855,1.0,1.0,-0.003202,-0.000888,0.001005,0.002658,0.001084,-0.002572,-0.000392,-0.005068,137,1.0,33.734,87.2227,QUALIFIED,,,-1.644776,3.372694,,True,True,BOTH,normal_low,,0.34356,,0.0,0.08589,2,partial_m3_data
6037,930.0,0.58125,0.4395,1.0,1065.5,1190.3709677419354,-15716.225806451615,18838.0,24.5323,1040,1169,1086,1215,6.4086,3.7764,19.6601,5.3312,2.6492,-2548.1488,1.0,0.9349,0.212,930.0,0.199635,0.19832,0.040732,1.0,1.0,,,,0.0,0.0,0.001462,0.001685,0.00122,0.000561,0.000221,0.003869,-0.004005,-0.009994,930,1.0,-14.3965,65.3367,QUALIFIED,,-0.152531,0.540164,,,True,False,CPR_ONLY,normal_low,,,0.0,0.076545,0.015309,2,partial_m3_data
6038,147.0,0.091875,0.5104,1.12,1065.2244897959183,2451.605442176871,15814.636054421768,18844.88775510204,24.6014,1056,2444,1072,2462,4.3721,1.975,9.7415,3.0968,0.7967,-1935.1595,1.0,1.0,0.0,147.0,0.229051,0.226756,0.03772,1.0,1.0,0.059256,0.05622,0.011995,1.0,1.0,0.000538,-0.004442,-0.001066,-0.001583,0.001806,-0.000828,-0.003003,-0.001206,147,1.0,33.734,87.2227,QUALIFIED,,,,1.458472,,True,True,BOTH,normal_low,,0.148568,,,0.037142,1,partial_m3_data
6039,1106.0,0.69125,0.5078,2.0,1072.476491862568,2600.262206148282,19531.05515370705,18663.587703435805,27.0147,1058,2573,1091,2639,8.1874,3.6539,19.1197,7.1916,2.6402,-1831.5575,1.0,0.9895,0.0844,1106.0,0.219838,0.212102,0.040571,0.314647,0.314647,0.037808,0.036636,0.011166,1.0,1.0,-0.000289,0.000538,0.001171,0.002609,0.001072,-0.001936,-0.003259,-0.004032,1106,1.0,33.734,87.2227,QUALIFIED,,,-1.22801,2.80597,,True,True,BOTH,normal_low,,0.285831,,0.0,0.071458,2,partial_m3_data
6060,890.0,0.55625,0.4855,1.21,1066.6898876404491,2394.070786516854,14376.269662921346,18808.252808988767,23.6733,1046,2373,1085,2420,7.0627,4.6001,24.2577,5.5775,2.6304,-1917.7234,1.0,0.9849,0.1066,890.0,0.254311,0.248594,0.060144,1.0,1.0,0.05604,0.049505,0.022022,1.0,1.0,0.002114,-0.001771,0.001154,0.00034,3.4e-05,-0.002225,-0.004748,-0.001275,890,1.0,53.7768,91.9349,QUALIFIED,,1.837748,0.705373,,,True,True,BOTH,normal_low,,,0.128853,0.099957,0.045762,2,partial_m3_data
6061,995.0,0.621875,0.4693,1.32,1068.7678391959798,2439.18391959799,15504.097989949754,18756.304020100502,24.3346,1046,2416,1086,2469,6.1587,3.7941,24.5815,4.4248,1.6552,-1933.5184,1.0,1.0,0.0,995.0,0.244792,0.241514,0.048485,1.0,1.0,0.058423,0.056704,0.016592,1.0,1.0,-0.000374,-0.002516,0.000243,0.000112,0.001248,-0.001163,-0.002773,-0.00358,995,1.0,33.734,87.2227,QUALIFIED,,,,1.931891,,True,True,BOTH,normal_low,,0.196793,,,0.049198,1,partial_m3_data
6083,160.0,0.1,0.5333,1.33,1069.76875,2269.5875,11264.1875,18731.28125,21.8572,1059,2262,1079,2277,18.9295,2.6655,25.1877,17.4725,1.433,-1431.5332,1.0,0.0,0.0,160.0,0.417069,0.415308,0.056148,1.0,1.0,,,,0.0,0.0,0.006739,0.000157,0.000953,-0.000166,0.003787,-0.002914,-0.002058,-0.006124,160,1.0,53.7768,91.9349,QUALIFIED,,0.976703,,1.769475,,True,False,CPR_ONLY,normal_low,,0.180248,0.068481,,0.058758,2,partial_m3_data
6088,663.0,0.414375,0.6278,1.03,1081.4389140271494,1149.524886877828,-16737.377828054297,18439.527149321264,24.9022,1066,1133,1098,1166,6.2653,3.452,19.9799,5.2101,2.1269,-2593.7811,1.0,0.8192,0.3411,663.0,0.200289,0.198353,0.03453,1.0,1.0,,,,0.0,0.0,-0.002379,-0.000137,7.2e-05,0.001319,-0.005258,-0.001681,-0.010722,-0.024647,663,1.0,-14.3965,65.3367,QUALIFIED,,,,,,True,False,CPR_ONLY,normal_low,,,,,0.0,0,no_m3_data
6120,1797.0,1.123125,0.3083,1.52,1073.629938786867,2733.9944351697272,22874.360879243177,18634.75153032833,29.5041,1039,2690,1101,2784,11.6347,3.5757,29.8814,10.1015,2.6332,-1886.9686,1.0,1.0,0.0,1797.0,0.170755,0.163655,0.042586,0.991096,0.991096,0.021018,0.020444,0.004067,0.942126,0.942126,0.020235,0.023477,0.028813,0.032219,0.035865,0.036172,0.033645,0.034114,1797,1.0,33.734,87.2227,QUALIFIED,,-0.160217,-0.118211,-0.00856,-0.01394,True,True,BOTH,normal_low,0.0,0.0,0.0,0.0,0.0,4,full_m3_data
6128,809.0,0.505625,0.5803,1.21,1074.5797280593324,2560.4758961681086,18536.39740420272,18611.00679851669,26.2672,1060,2538,1094,2579,7.964,3.6631,25.3008,6.7153,2.3331,-1888.6833,1.0,1.0,0.0,809.0,0.225805,0.217323,0.060092,0.778739,0.778739,0.029657,0.029336,0.004432,1.0,1.0,0.002281,0.001921,0.000938,0.002315,0.000895,0.000187,-0.001756,-0.004755,809,1.0,33.734,87.2227,QUALIFIED,,0.157826,,,,True,True,BOTH,normal_low,,,0.011066,,0.002213,1,partial_m3_data
6147,418.0,0.26125,0.5067,1.32,1078.4760765550238,2496.208133971292,16929.703349282296,18513.5980861244,25.0872,1066,2480,1091,2513,4.1582,2.446,14.8163,3.2799,1.4936,-1935.7135,1.0,1.0,0.0,418.0,0.210243,0.204451,0.036071,1.0,1.0,0.043537,0.043874,0.006845,1.0,1.0,0.002174,0.002188,0.003382,0.002887,0.001998,-0.002968,-0.001677,-0.006514,418,1.0,33.734,87.2227,QUALIFIED,,-0.00644,0.146363,2.485485,,True,True,BOTH,normal_low,,0.253185,0.0,0.020741,0.067444,3,full_m3_data
6172,176.0,0.11,0.5029,1.79,1077.721590909091,2006.9318181818185,4697.795454545456,18532.460227272724,19.1183,1066,2001,1091,2015,14.6474,3.0701,24.6433,13.811,2.7735,-983.6086,1.0,0.0186,0.0965,176.0,0.288763,0.274089,0.072871,1.0,1.0,,,,0.0,0.0,0.008973,0.00228,0.004759,0.000537,0.004961,-0.002603,0.004211,-0.003157,176,1.0,53.7768,91.9349,QUALIFIED,,0.745904,0.887161,1.524693,1.749703,True,False,CPR_ONLY,normal_low,0.078819,0.155313,0.052299,0.125718,0.102018,4,full_m3_data
6194,226.0,0.14125,0.5567,2.07,1082.1194690265486,2416.026548672566,14925.163716814151,18422.513274336285,23.7096,1076,2401,1090,2430,5.2688,2.6997,15.3385,4.0533,1.2305,-1948.4616,1.0,0.9998,0.0027,226.0,0.228783,0.224354,0.037525,1.0,1.0,0.064601,0.054105,0.034518,1.0,1.0,-0.000697,0.001481,0.001101,0.002986,-0.000204,0.001195,-0.001512,-0.006841,226,1.0,33.734,87.2227,QUALIFIED,,,-1.71208,,,True,True,BOTH,normal_low,,,,0.0,0.0,1,partial_m3_data
6202,434.0,0.27125,0.5242,1.57,1087.373271889401,2541.0852534562214,18051.63133640553,18291.168202764977,25.6988,1076,2524,1099,2560,3.3713,1.8146,12.1561,2.6797,0.9053,-1918.1154,1.0,1.0,0.0,434.0,0.249044,0.252125,0.037349,1.0,1.0,0.035402,0.033232,0.009016,1.0,1.0,0.011621,0.007922,0.006671,0.005972,0.006138,0.005189,0.00565,-0.001514,434,1.0,33.734,87.2227,QUALIFIED,,0.318303,0.104782,0.154611,1.267965,True,True,BOTH,normal_low,0.057118,0.015749,0.022318,0.014848,0.031362,4,full_m3_data
6206,433.0,0.270625,0.4898,1.31,1086.1454965357968,1597.9260969976906,-5527.347575057735,18321.86258660508,19.1368,1074,1581,1100,1615,5.5714,2.3957,18.2182,4.6925,1.313,-2082.454,1.0,0.0291,0.1363,433.0,0.192561,0.186757,0.0378,1.0,1.0,,,,0.0,0.0,0.011179,0.003994,0.001119,-0.00047,0.004437,-0.002103,0.000869,0.001423,433,1.0,-19.4926,68.1002,QUALIFIED,,0.642723,1.420018,1.473969,,True,False,CPR_ONLY,normal_low,,0.150146,0.045064,0.201228,0.086795,3,full_m3_data
6209,160.0,0.1,0.4444,1.11,1088.3875,2713.88125,22371.53125,18265.8125,28.8813,1080,2706,1098,2726,10.7157,3.3178,22.1781,9.4635,1.9978,-1986.0455,1.0,1.0,0.0,160.0,0.151044,0.153266,0.02212,0.9875,0.9875,0.0222,0.02204,0.003351,1.0,1.0,0.030692,0.019983,0.015127,0.015203,0.019049,0.019253,0.016778,0.016978,160,1.0,33.734,87.2227,QUALIFIED,,0.348918,-0.005024,-0.010709,-0.01192,True,True,BOTH,normal_low,0.0,0.0,0.024464,0.0,0.004893,4,full_m3_data
6216,925.0,0.578125,0.4371,1.0,1072.934054054054,1623.6291891891892,-4884.770270270266,18652.14864864865,19.2806,1053,1595,1099,1641,6.8895,3.2001,20.8607,5.5866,2.2745,-2089.6633,1.0,0.1067,0.2869,925.0,0.193695,0.190025,0.034424,1.0,1.0,,,,0.0,0.0,0.00635,0.00036,-0.003449,-0.003654,0.001288,-0.005358,-0.006135,-0.008205,925,1.0,33.7027,75.9158,QUALIFIED,,0.943307,,5.159938,,True,False,CPR_ONLY,normal_low,,0.525618,0.06614,,0.144632,2,partial_m3_data
6227,540.0,0.3375,0.4651,1.59,1084.0,1522.522222222222,-7412.444444444445,18375.5,19.8136,1065,1509,1108,1536,8.9865,4.7542,24.5373,7.5037,3.9869,-2181.1762,1.0,0.1344,0.3072,540.0,0.195996,0.194387,0.036471,1.0,1.0,,,,0.0,0.0,0.007282,0.007339,0.006168,0.003542,0.006724,0.001614,0.001676,-0.003682,540,1.0,-19.4926,68.1002,QUALIFIED,,-0.007828,0.425746,0.759964,3.196897,True,False,CPR_ONLY,normal_low,0.144012,0.077414,0.0,0.060332,0.081824,4,full_m3_data
6239,338.0,0.21125,0.4173,1.11,1085.224852071006,2789.890532544379,24271.763313609463,18344.878698224853,30.4246,1072,2776,1099,2806,18.8724,2.9432,27.3228,16.9184,1.75,-1799.1054,1.0,1.0,0.0,338.0,0.199774,0.180884,0.073779,1.0,1.0,,,,0.0,0.0,0.041153,0.042518,0.061279,0.066875,0.079756,0.075428,0.0745,0.081401,338,1.0,33.734,87.2227,QUALIFIED,,-0.033169,-0.09132,0.054266,-0.092631,True,False,CPR_ONLY,normal_low,0.0,0.005528,0.0,0.0,0.001382,4,full_m3_data
6243,2163.0,1.351875,0.3986,1.21,1084.9815071659732,868.7189089227924,-23757.527276930192,18350.96232085067,30.0189,1046,837,1127,904,15.4941,3.2268,28.1273,13.6371,2.208,-2266.7169,1.0,0.9629,0.1695,2163.0,0.183959,0.179569,0.041422,0.50208,0.50208,0.040134,0.039194,0.00503,0.155802,0.155802,0.002179,0.000952,0.001131,0.000351,0.001371,0.001889,-0.00462,-0.00829,2163,1.0,-14.3965,65.3367,QUALIFIED,,0.563102,0.689655,-0.377826,,True,True,BOTH,normal_low,,0.0,0.039482,0.09773,0.027442,3,full_m3_data
6246,430.0,0.26875,0.4914,1.4,1082.6279069767445,2256.5906976744186,10939.267441860466,18409.8023255814,21.4145,1072,2238,1097,2273,18.0349,4.3397,28.232,16.4239,3.3312,-1384.4124,1.0,0.0262,0.1349,430.0,0.3942,0.402459,0.08783,1.0,1.0,,,,0.0,0.0,0.014941,0.014623,0.022012,0.023626,0.028047,0.024307,0.020458,0.01757,430,1.0,53.7768,91.9349,QUALIFIED,,0.021284,-0.073324,0.133348,0.141167,True,False,CPR_ONLY,normal_low,0.006359,0.013584,0.001492,0.0,0.00592,4,full_m3_data
6277,985.0,0.615625,0.5568,2.1,1110.4934010152283,1615.789847715736,-5080.753807106601,17713.164974619285,18.4268,1081,1602,1142,1631,5.1177,2.1064,15.7987,4.1478,1.1504,-2030.6575,1.0,0.1274,0.291,985.0,0.189449,0.187202,0.029477,1.0,1.0,,,,0.0,0.0,0.013366,0.002466,0.000283,-0.000645,-0.000379,-0.000999,-0.003411,-0.000617,985,1.0,33.7027,75.9158,QUALIFIED,,0.815502,,,,True,False,CPR_ONLY,normal_low,,,0.057179,,0.011436,1,partial_m3_data
6291,501.0,0.313125,0.5567,1.0,1090.0199600798403,1052.303393213573,-19167.91516966068,18225.000998004,26.4485,1075,1039,1105,1069,5.9473,3.0027,20.5003,4.7063,2.0209,-2857.6769,1.0,1.0,0.0,501.0,0.182021,0.180712,0.040308,1.0,1.0,,,,0.0,0.0,-0.000531,0.000586,-0.000836,-0.001213,-0.000332,0.001809,-0.002493,-0.014515,501,1.0,-14.3965,65.3367,QUALIFIED,,,,,,True,False,CPR_ONLY,normal_low,,,,,0.0,0,no_m3_data
6292,377.0,0.235625,0.476,1.38,1088.5543766578248,1346.3925729442972,-11815.685676392568,18261.640583554377,21.7501,1076,1332,1100,1365,11.281,3.8978,24.2912,9.6143,2.7269,-2216.4957,1.0,0.0261,0.1463,377.0,0.224304,0.221008,0.038823,1.0,1.0,,,,0.0,0.0,-0.005534,0.000639,-0.00071,0.003926,-0.003929,-0.005266,-0.009665,-0.023803,377,1.0,-19.4926,68.1002,QUALIFIED,,,,,,True,False,CPR_ONLY,normal_low,,,,,0.0,0,no_m3_data
6294,177.0,0.110625,0.59,1.33,1094.6497175141244,1540.3559322033898,-6966.601694915255,18109.25706214689,19.4024,1089,1531,1104,1551,4.1335,1.9632,14.3121,3.2692,1.0147,-2146.5803,1.0,0.0617,0.1772,177.0,0.173031,0.168214,0.034267,1.0,1.0,,,,0.0,0.0,0.014929,0.007829,0.003995,0.005788,0.010834,0.00332,0.007633,0.004818,177,1.0,-19.4926,68.1002,QUALIFIED,,0.475584,-0.448811,0.693557,0.368793,True,False,CPR_ONLY,normal_low,0.016613,0.070649,0.033345,0.0,0.030146,4,full_m3_data
6308,293.0,0.183125,0.5813,1.14,1093.1331058020478,2415.0409556314,14900.523890784983,18147.172354948805,23.4807,1084,2403,1105,2427,5.5368,2.4101,12.6921,3.938,1.2187,-1939.3111,1.0,1.0,0.0,293.0,0.245254,0.241474,0.038941,1.0,1.0,0.041506,0.03969,0.009032,1.0,1.0,0.018188,0.014496,0.012529,0.010661,0.010524,0.013027,0.010798,0.004355,293,1.0,33.734,87.2227,QUALIFIED,,0.202991,0.149094,-0.237837,0.596685,True,True,BOTH,normal_low,0.026879,0.0,0.014233,0.021128,0.01648,4,full_m3_data
6314,1680.0,1.05,0.4381,1.1,1115.8714285714286,1559.0482142857145,-6499.294642857145,17578.714285714283,18.7411,1081,1526,1146,1585,6.2577,3.4654,29.0377,4.8964,1.9203,-2125.6205,1.0,0.1839,0.345,1680.0,0.165188,0.162323,0.031139,1.0,1.0,,,,0.0,0.0,0.016685,0.002564,0.002329,0.002433,0.004313,0.000738,0.002338,0.003421,1680,1.0,-19.4926,68.1002,QUALIFIED,,0.846329,-0.044654,0.828889,-0.463216,True,False,CPR_ONLY,normal_low,0.0,0.084435,0.05934,0.0,0.032977,4,full_m3_data
6318,162.0,0.10125,0.6328,1.0,1096.611111111111,2234.722222222222,10392.555555555557,18060.222222222223,20.8367,1090,2228,1106,2244,12.2159,3.0783,20.382,11.0315,1.4749,-1247.443,1.0,0.0553,0.1701,162.0,0.404951,0.405031,0.093923,1.0,1.0,,,,0.0,0.0,0.048001,0.047044,0.058004,0.057135,0.075733,0.071662,0.072463,0.069078,162,1.0,53.7768,91.9349,QUALIFIED,,0.019937,0.014982,0.053755,0.046713,True,False,CPR_ONLY,normal_low,0.002104,0.005476,0.001398,0.002123,0.00281,4,full_m3_data
6329,1685.0,1.053125,0.5106,1.09,1084.1287833827894,1408.2902077151334,-10268.244807121664,18372.280415430265,21.0464,1056,1385,1116,1440,8.2121,4.1282,23.0092,7.2046,3.4519,-2274.5035,1.0,0.1384,0.3179,1685.0,0.206268,0.201892,0.043132,1.0,1.0,,,,0.0,0.0,-0.000425,0.001413,-0.000622,0.003175,0.005567,-7.6e-05,-0.000256,-0.007483,1685,1.0,-19.4926,68.1002,QUALIFIED,,,,1.013652,,True,False,CPR_ONLY,normal_low,,0.103256,,,0.025814,1,partial_m3_data
6355,622.0,0.38875,0.5107,1.45,1107.2958199356913,1591.959807073955,-5676.504823151125,17793.10450160772,18.676,1088,1577,1130,1606,5.1654,2.0693,19.1592,4.4555,1.3166,-2059.7233,1.0,0.0518,0.1752,622.0,0.164676,0.162279,0.024201,1.0,1.0,,,,0.0,0.0,0.017183,0.002658,0.00209,0.00281,0.001802,-0.002149,-0.000796,0.001952,622,1.0,-19.4926,68.1002,QUALIFIED,,0.845312,-0.344498,2.192564,,True,False,CPR_ONLY,normal_low,,0.223346,0.059269,0.0,0.06769,3,full_m3_data
6360,193.0,0.120625,0.4874,1.22,1117.3471502590671,1122.4455958549222,-17414.360103626947,17541.821243523314,24.7172,1105,1115,1127,1133,7.9351,2.5433,16.0224,7.2478,1.2037,-2671.1826,1.0,1.0,0.0,193.0,0.161644,0.15631,0.026328,1.0,1.0,,,,0.0,0.0,0.005613,0.005515,0.002723,0.003772,0.004289,-0.000105,0.001305,-0.00577,193,1.0,-14.3965,65.3367,QUALIFIED,,0.017459,-0.385237,1.024481,5.421456,True,False,CPR_ONLY,normal_low,0.244222,0.104359,0.001224,0.0,0.111812,4,full_m3_data
6363,373.0,0.233125,0.5138,1.5,1101.6112600536194,2322.847184986595,12595.679624664874,17935.218498659517,21.9162,1091,2305,1113,2338,7.2237,3.2207,21.025,6.1725,1.7767,-1878.1973,1.0,1.0,0.0,373.0,0.228972,0.217264,0.046446,1.0,1.0,0.03695,0.035063,0.008774,0.981233,0.981233,0.002526,0.005013,0.004032,0.00373,0.002498,0.002676,-0.000613,-0.005322,373,1.0,53.7768,91.9349,QUALIFIED,,-0.984561,0.074901,-0.071257,,True,True,BOTH,normal_low,,0.0,0.0,0.010614,0.002123,3,full_m3_data
6365,241.0,0.150625,0.5766,1.16,1110.6058091286309,2341.3236514522823,13057.591286307055,17710.354771784234,22.0035,1100,2331,1122,2350,3.3138,1.5653,8.2691,3.0688,1.1503,-1851.6022,1.0,0.9871,0.0862,241.0,0.230526,0.224822,0.031111,1.0,1.0,0.040867,0.03885,0.0078,0.854772,0.854772,0.00011,0.003119,0.002756,0.002107,-0.001433,8.3e-05,0.000106,-0.005482,241,1.0,53.7768,91.9349,QUALIFIED,,,0.235486,,,True,True,BOTH,normal_low,,,,0.03337,0.006674,1,partial_m3_data
6381,1222.0,0.76375,0.4815,1.15,1097.9533551554828,2390.395253682488,14284.381342062195,18026.66612111293,23.0,1069,2370,1123,2417,5.1956,2.3621,15.841,4.0255,1.2765,-1913.4957,1.0,1.0,0.0,1222.0,0.270351,0.266502,0.067245,1.0,1.0,0.050582,0.047129,0.014004,1.0,1.0,0.003876,0.005899,0.004299,0.003747,0.004061,0.000843,-0.001128,-0.005564,1222,1.0,53.7768,91.9349,QUALIFIED,,-0.52193,0.128402,0.792416,,True,True,BOTH,normal_low,,0.08072,0.0,0.018196,0.023819,3,full_m3_data
6393,136.0,0.085,0.5397,1.29,1111.4191176470588,2649.9411764705883,20773.02941176472,17690.02205882353,27.2848,1104,2644,1122,2658,3.6147,1.5491,8.0783,3.6153,1.3962,-1969.1665,1.0,1.0,0.0,136.0,0.222015,0.219604,0.034247,1.0,1.0,0.02476,0.025276,0.004759,1.0,1.0,0.014814,0.00194,0.003411,0.00105,6e-05,-0.002703,-0.010117,-0.009282,136,1.0,33.734,87.2227,QUALIFIED,,0.869043,0.692172,,,True,True,BOTH,normal_low,,,0.060933,0.098086,0.031804,2,partial_m3_data
6397,2755.0,1.721875,0.5679,1.22,1099.556442831216,1365.7833030852994,-11330.917422867518,17986.5889292196,21.2574,1060,1333,1137,1396,9.7277,3.6956,22.1186,8.5191,2.9933,-2217.6905,1.0,0.1458,0.337,2755.0,0.235883,0.226315,0.064887,1.0,1.0,,,,0.0,0.0,0.003214,0.000689,0.000605,0.00221,0.002738,-0.001661,-0.002192,-0.008915,2755,1.0,-19.4926,68.1002,QUALIFIED,,0.785625,,1.606647,,True,False,CPR_ONLY,normal_low,,0.163662,0.055084,,0.051932,2,partial_m3_data
6402,656.0,0.41,0.3719,1.36,1085.2881097560976,2215.5838414634145,9914.09603658536,18343.29725609756,20.8508,1067,2200,1116,2236,11.175,3.3539,27.8916,9.7577,1.6598,-1145.5978,1.0,0.0648,0.2073,656.0,0.292328,0.278816,0.079825,1.0,1.0,,,,0.0,0.0,0.021197,0.019448,0.025138,0.026749,0.032555,0.031169,0.028777,0.028587,656,1.0,53.7768,91.9349,QUALIFIED,,0.082512,-0.064086,0.042574,0.006602,True,False,CPR_ONLY,normal_low,0.000297,0.004337,0.005785,0.0,0.002345,4,full_m3_data
6413,640.0,0.4,0.5704,1.03,1101.3015625,2497.178125,16953.953125,17942.9609375,24.6857,1087,2481,1120,2515,5.1613,2.723,15.8781,4.1876,2.1899,-1908.9021,1.0,1.0,0.0,640.0,0.25358,0.253698,0.050396,1.0,1.0,0.052179,0.047682,0.020894,1.0,1.0,0.009292,0.007289,0.004968,0.00635,0.00574,0.000698,0.000467,-0.003493,640,1.0,33.734,87.2227,QUALIFIED,,0.215562,-0.27818,0.878397,,True,True,BOTH,normal_low,,0.089478,0.015114,0.0,0.025392,3,full_m3_data
6425,459.0,0.286875,0.4098,1.09,1104.5816993464052,2424.3856209150326,15134.140522875816,17860.95751633987,23.4105,1087,2407,1119,2442,3.7067,2.0917,10.556,3.0395,1.3603,-1932.3298,1.0,1.0,0.0,459.0,0.254678,0.248351,0.045341,1.0,1.0,0.061925,0.06039,0.018344,1.0,1.0,0.004595,0.004356,0.005116,0.004447,0.003417,0.00186,-0.000551,-0.006413,459,1.0,33.734,87.2227,QUALIFIED,,0.052013,0.130766,0.455663,,True,True,BOTH,normal_low,,0.046416,0.003647,0.018531,0.01604,3,full_m3_data
6437,4090.0,2.55625,0.4821,1.2,1110.7921760391198,1485.5061124694375,-8337.847188264059,17705.695599022005,19.57,1060,1444,1161,1528,8.3022,4.3449,28.8073,6.967,3.3385,-2230.1276,1.0,0.0821,0.237,4090.0,0.190981,0.1783,0.055598,1.0,1.0,,,,0.0,0.0,0.005148,0.00373,0.00265,0.000791,0.002987,-0.001838,-0.000482,-0.005595,4090,1.0,-19.4926,68.1002,QUALIFIED,,0.275447,0.701509,1.615333,,True,False,CPR_ONLY,normal_low,,0.164546,0.019313,0.099409,0.064881,3,full_m3_data
6438,158.0,0.09875,0.5486,1.12,1107.3481012658228,1549.4430379746836,-6739.424050632908,17791.79746835443,19.0248,1100,1542,1116,1560,4.2562,1.8999,9.9467,3.3689,0.8598,-2132.06,1.0,0.0995,0.2329,158.0,0.177254,0.174324,0.02349,1.0,1.0,,,,0.0,0.0,0.021953,0.003388,0.002386,0.004084,0.0062,-0.001597,0.002671,0.002265,158,1.0,-19.4926,68.1002,QUALIFIED,,0.84567,-0.711651,1.257581,0.152003,True,False,CPR_ONLY,normal_low,0.006847,0.128104,0.059294,0.0,0.046281,4,full_m3_data
6442,943.0,0.589375,0.5125,1.15,1102.1940615058325,2728.1261930010605,22727.65482502652,17920.648462354187,28.9431,1081,2708,1127,2748,7.609,3.5046,21.7415,6.5143,2.8874,-2013.2912,1.0,1.0,0.0,943.0,0.164114,0.154612,0.049971,1.0,1.0,0.020594,0.020031,0.003477,1.0,1.0,0.013979,0.009885,0.00913,0.00818,0.010535,0.010387,0.004047,0.004669,943,1.0,33.734,87.2227,QUALIFIED,,0.292868,0.104053,0.014048,-0.153694,True,True,BOTH,normal_low,0.0,0.001431,0.020534,0.014745,0.007414,4,full_m3_data
6461,126.0,0.07875,0.5833,1.5,1109.6746031746031,2480.6031746031745,16539.579365079364,17733.634920634922,24.2495,1102,2475,1120,2487,3.0244,2.2391,12.0299,3.1798,2.0513,-1887.1644,1.0,1.0,0.0,126.0,0.247591,0.24294,0.036215,1.0,1.0,0.053717,0.050933,0.013784,1.0,1.0,-0.00284,0.000758,0.001206,0.000554,-0.001926,-0.003112,-0.004453,-0.011928,126,1.0,33.734,87.2227,QUALIFIED,,,0.54063,,,True,True,BOTH,normal_low,,,,0.076612,0.015322,1,partial_m3_data
6474,367.0,0.229375,0.6383,1.09,1112.899182561308,1053.550408719346,-19136.73978201635,17653.0204359673,26.0347,1101,1042,1124,1067,5.6379,2.4552,12.9282,4.727,1.5045,-2859.0114,1.0,1.0,0.0,367.0,0.213883,0.21072,0.035969,1.0,1.0,,,,0.0,0.0,0.000964,0.002405,0.001757,0.00697,0.003837,-0.00021,-0.001605,-0.009325,367,1.0,-14.3965,65.3367,QUALIFIED,,,-2.966989,1.05473,,True,False,CPR_ONLY,normal_low,,0.10744,,0.0,0.02686,2,partial_m3_data
6481,409.0,0.255625,0.5277,1.24,1113.6772616136918,2447.799511002445,15719.48777506112,17633.568459657705,23.6229,1098,2436,1129,2461,5.4311,2.7902,14.2201,4.1417,1.2915,-1911.3254,1.0,1.0,0.0,409.0,0.25074,0.246303,0.040576,1.0,1.0,0.051263,0.049279,0.010801,1.0,1.0,0.003733,0.002052,0.000942,0.000475,-0.00182,-0.002796,-0.004661,-0.008606,409,1.0,33.734,87.2227,QUALIFIED,,0.450308,,,,True,True,BOTH,normal_low,,,0.031573,,0.006315,1,partial_m3_data
6499,870.0,0.54375,0.5344,1.19,1120.9758620689656,1402.9770114942528,-10401.074712643684,17451.10344827586,20.3149,1102,1381,1139,1425,5.6587,2.615,21.4869,4.6872,1.5243,-2261.9585,1.0,0.9777,0.1342,870.0,0.169121,0.163975,0.038447,1.0,1.0,,,,0.0,0.0,0.012915,0.000271,0.00467,0.001772,0.002505,-0.002963,-0.000433,-0.003194,870,1.0,-19.4926,68.1002,QUALIFIED,,0.979017,0.620557,2.182834,,True,False,CPR_ONLY,normal_low,,0.222355,0.068643,0.087938,0.086905,3,full_m3_data
6505,258.0,0.16125,0.4886,1.09,1116.906976744186,2432.953488372093,15348.337209302328,17552.825581395347,23.3168,1106,2422,1128,2446,7.531,4.4716,21.2421,5.9118,2.3692,-1906.2257,1.0,1.0,0.0,258.0,0.262835,0.262868,0.053324,1.0,1.0,0.069112,0.069573,0.018506,1.0,1.0,0.004997,0.001983,0.001774,0.001189,-0.003219,-0.005258,-0.009744,-0.016006,258,1.0,33.734,87.2227,QUALIFIED,,0.603162,0.329763,,,True,True,BOTH,normal_low,,,0.04229,0.04673,0.017804,2,partial_m3_data
6541,459.0,0.286875,0.4904,1.38,1119.2178649237474,2894.84531590414,26895.63289760349,17495.053376906315,32.0852,1104,2882,1140,2908,10.0809,4.9613,26.7256,8.5036,3.5994,-1822.3414,1.0,0.8186,0.3389,459.0,0.349914,0.326379,0.132061,1.0,1.0,,,,0.0,0.0,0.001399,0.000258,0.001048,0.002108,0.00535,-0.000562,-0.008248,0.001692,459,1.0,-50.1159,79.0402,QUALIFIED,,0.815583,-1.01145,1.105047,,True,False,CPR_ONLY,normal_low,,0.112566,0.057184,0.0,0.039578,3,full_m3_data
6551,169.0,0.105625,0.5748,1.5,1128.7337278106509,1054.508875739645,-19112.778106508875,17257.156804733728,25.7502,1122,1045,1136,1066,5.1629,1.5506,10.5497,4.9083,0.7186,-2831.9539,1.0,1.0,0.0,169.0,0.201486,0.19764,0.022495,1.0,1.0,,,,0.0,0.0,0.011868,0.006229,0.01006,0.002082,0.005601,-0.001303,0.000223,-0.005577,169,1.0,-14.3965,65.3367,QUALIFIED,,0.475143,0.793042,1.232637,,True,False,CPR_ONLY,normal_low,,0.125563,0.033314,0.11238,0.06053,3,full_m3_data
6555,1353.0,0.845625,0.3768,1.11,1133.0266075388026,2581.2727272727275,19056.318181818184,17149.834811529934,25.6371,1109,2549,1166,2612,5.8944,2.7484,18.5037,5.0104,1.8538,-2032.3625,1.0,0.9953,0.0548,1353.0,0.223435,0.21577,0.055142,1.0,1.0,0.041458,0.03993,0.010745,1.0,1.0,0.004192,-0.000366,0.00136,4.3e-05,0.004339,0.001505,-0.012546,-0.000886,1353,1.0,33.734,87.2227,QUALIFIED,,1.087309,0.968382,0.653146,,True,True,BOTH,normal_low,,0.066533,0.076236,0.137227,0.059326,3,full_m3_data
6566,326.0,0.20375,0.6613,1.71,1126.1073619631902,1584.7361963190183,-5857.095092024538,17322.815950920245,18.2856,1112,1577,1141,1594,5.3363,2.054,11.804,4.643,1.2958,-2073.7502,1.0,0.0308,0.1299,326.0,0.146864,0.145836,0.022788,1.0,1.0,,,,0.0,0.0,0.013064,0.001963,0.002953,0.000375,0.003074,0.002459,-0.000696,0.003317,326,1.0,-19.4926,68.1002,QUALIFIED,,0.84974,0.87301,0.200065,,True,False,CPR_ONLY,normal_low,,0.02038,0.059579,0.123712,0.041753,3,full_m3_data
6576,198.0,0.12375,0.5824,1.18,1127.6010101010102,2392.0656565656564,14326.141414141406,17285.474747474746,22.4505,1120,2382,1137,2402,4.0093,1.9654,12.2779,3.3779,1.2097,-1906.6339,1.0,1.0,0.0,198.0,0.342332,0.333763,0.056652,1.0,1.0,0.047408,0.046627,0.004335,0.545455,0.545455,0.004841,0.001743,0.001797,0.001125,-0.001107,-0.000668,-0.007579,-0.00829,198,1.0,53.7768,91.9349,QUALIFIED,,0.63995,0.373957,,,True,True,BOTH,normal_low,,,0.04487,0.052993,0.019573,2,partial_m3_data
6577,866.0,0.54125,0.3967,1.59,1113.9122401847576,2509.7806004618938,17269.015011547344,17627.69399538106,24.677,1095,2476,1132,2535,5.9795,2.6244,17.8461,4.9235,2.021,-1916.1373,1.0,1.0,0.0,866.0,0.209757,0.202034,0.044533,1.0,1.0,0.04902,0.041394,0.028332,1.0,1.0,0.005887,0.001227,0.002046,0.000622,-0.002123,-0.002736,-0.007643,-0.008485,866,1.0,33.734,87.2227,QUALIFIED,,0.791575,0.695992,,,True,True,BOTH,normal_low,,,0.055501,0.098628,0.030826,2,partial_m3_data
6592,685.0,0.428125,0.5063,1.24,1135.414598540146,2427.941605839416,15223.040145985397,17090.13503649635,22.8869,1119,2408,1152,2449,5.7599,2.493,17.2194,4.6376,1.7665,-1913.86,1.0,1.0,0.0,685.0,0.249224,0.248674,0.041562,1.0,1.0,0.057626,0.060385,0.012451,0.508029,0.508029,0.010985,-4.4e-05,0.001698,0.001383,0.001655,0.000597,-0.00787,-0.01357,685,1.0,33.734,87.2227,QUALIFIED,,1.004005,0.185512,0.639275,,True,True,BOTH,normal_low,,0.06512,0.070395,0.026289,0.035617,3,full_m3_data
6595,860.0,0.5375,0.4343,1.82,1120.453488372093,2701.220930232558,22055.02325581396,17464.162790697676,28.1323,1091,2683,1151,2716,5.5185,4.5131,29.2498,4.6992,3.6477,-2019.5581,1.0,1.0,0.0,860.0,0.245295,0.241006,0.046769,0.87907,0.87907,0.019493,0.019241,0.002207,1.0,1.0,0.007424,0.001044,0.000939,0.000873,0.004039,0.001505,-0.009298,-0.001483,860,1.0,33.734,87.2227,QUALIFIED,,0.859375,,0.627383,,True,True,BOTH,normal_low,,0.063909,0.060255,,0.028028,2,partial_m3_data
6615,675.0,0.421875,0.5515,1.06,1130.8192592592593,2653.4014814814814,20859.53703703704,17205.01851851852,27.0395,1112,2637,1146,2673,7.4109,3.1692,17.2249,6.3205,2.315,-1945.6615,1.0,0.8439,0.3319,675.0,0.25321,0.251281,0.036136,1.0,1.0,0.033043,0.031975,0.00669,1.0,1.0,0.003722,-0.000462,0.000812,0.001901,0.00583,0.002995,-0.010394,-0.001105,675,1.0,33.734,87.2227,QUALIFIED,,1.124127,,0.486278,,True,True,BOTH,normal_low,,0.049535,0.078818,,0.028147,2,partial_m3_data
6629,128.0,0.08,0.7033,1.08,1133.34375,2447.3828125,15709.0703125,17141.90625,23.2512,1128,2441,1141,2455,5.1424,2.7011,12.8073,3.9645,1.3382,-1890.7375,1.0,0.9891,0.0916,128.0,0.286397,0.29417,0.042867,1.0,1.0,0.058692,0.054334,0.015773,1.0,1.0,0.013273,0.001585,0.001738,0.001523,0.00295,0.003624,-0.005577,-0.012456,128,1.0,33.734,87.2227,QUALIFIED,,0.880585,0.123705,-0.228475,,True,True,BOTH,normal_low,,0.0,0.061742,0.01753,0.015854,3,full_m3_data
6630,293.0,0.183125,0.5366,1.24,1131.283276450512,2736.720136518771,22942.50341296928,17193.418088737202,28.6702,1118,2727,1144,2748,4.4328,1.813,11.5887,3.6677,0.9034,-2046.7076,1.0,1.0,0.0,293.0,0.226026,0.21985,0.039874,1.0,1.0,0.020592,0.020529,0.003485,1.0,1.0,0.001675,0.000778,0.000506,0.001423,0.00302,0.00276,-0.01043,-0.005979,293,1.0,33.734,87.2227,QUALIFIED,,0.535522,,0.086093,,True,True,BOTH,normal_low,,0.00877,0.037548,,0.009702,2,partial_m3_data
6631,167.0,0.104375,0.6423,1.54,1136.0718562874251,2754.305389221557,23382.13473053892,17073.70359281437,28.9524,1131,2745,1144,2765,5.813,1.8136,14.3168,5.1226,1.2821,-2061.0505,1.0,1.0,0.0,167.0,0.187257,0.18527,0.019115,1.0,1.0,0.016845,0.016904,0.001131,0.335329,0.335329,0.001686,-0.001132,0.000661,0.001554,0.001415,0.000337,-0.007334,-0.00053,167,1.0,33.734,87.2227,QUALIFIED,,1.671412,,0.761837,,True,True,BOTH,normal_low,,0.077605,0.11719,,0.042839,2,partial_m3_data
6644,240.0,0.15,0.6818,1.38,1145.0958333333333,2581.6916666666666,19066.791666666664,16848.104166666668,25.4441,1135,2574,1157,2590,10.6319,3.7785,19.7095,8.2821,2.1426,-2050.4847,1.0,1.0,0.0,240.0,0.310521,0.275864,0.107851,1.0,1.0,0.050932,0.049905,0.007474,1.0,1.0,0.000371,-0.000828,-0.000343,-0.000937,0.007916,-0.001144,-0.009566,0.002402,240,1.0,33.734,87.2227,QUALIFIED,,,,1.144517,,True,True,BOTH,normal_low,,0.116587,,,0.029147,1,partial_m3_data
6659,514.0,0.32125,0.4269,1.54,1140.7412451361868,2820.1692607003893,25028.73151750973,16956.96887159533,30.2322,1122,2805,1165,2833,7.4923,4.3588,23.4141,5.9306,2.4427,-2083.2132,1.0,1.0,0.0,514.0,0.168623,0.164117,0.035272,1.0,1.0,,,,0.0,0.0,0.002226,0.000978,-0.001569,-0.000745,0.003976,-0.0057,-0.010806,-0.007793,514,1.0,-50.1159,79.0402,QUALIFIED,,0.560647,,2.433602,,True,False,CPR_ONLY,normal_low,,0.247899,0.03931,,0.069837,2,partial_m3_data
6668,3591.0,2.244375,0.4293,1.24,1127.0272904483431,2376.598440545809,13939.461013645225,17299.817738791422,22.2169,1070,2341,1172,2423,7.0568,3.4103,27.9047,5.6585,2.1577,-1907.4495,1.0,0.8973,0.2636,3591.0,0.245585,0.237449,0.062312,1.0,1.0,0.045127,0.042785,0.01301,0.440824,0.440824,0.003381,0.002446,0.001425,0.001935,0.002547,0.000837,-0.008615,-0.002477,3591,1.0,53.7768,91.9349,QUALIFIED,,0.276545,-0.357895,0.671378,,True,True,BOTH,normal_low,,0.06839,0.01939,0.0,0.020976,3,full_m3_data
6670,155.0,0.096875,0.4844,1.25,1128.6387096774197,2567.5225806451613,18712.56451612903,17259.532258064515,25.4569,1121,2561,1141,2577,3.8008,2.0204,9.5891,3.0076,1.0892,-2055.7388,1.0,1.0,0.0,155.0,0.19252,0.187329,0.023419,1.0,1.0,0.050234,0.051252,0.013563,1.0,1.0,0.009361,-0.000831,0.00203,0.001621,0.004039,0.003119,-0.016203,-0.008729,155,1.0,33.734,87.2227,QUALIFIED,,1.088773,0.201478,0.227779,,True,True,BOTH,normal_low,,0.023203,0.076339,0.028551,0.026779,3,full_m3_data
6675,2231.0,1.394375,0.4638,1.14,1136.1958762886595,1060.270282384581,-18968.74294038548,17070.603092783505,25.5183,1096,1023,1170,1088,7.6535,3.3024,21.8295,6.4082,2.1874,-2805.443,1.0,0.9988,0.0296,2231.0,0.195677,0.191627,0.035526,1.0,1.0,0.062444,0.049553,0.028561,0.103093,0.103093,0.008557,0.002146,0.007426,0.002762,0.002706,-0.002324,-0.001164,-0.002415,2231,1.0,-14.3965,65.3367,QUALIFIED,,0.749211,0.628064,1.858832,,True,True,BOTH,normal_low,,0.18935,0.052531,0.089002,0.075644,3,full_m3_data
6676,210.0,0.13125,0.56,1.67,1142.695238095238,1502.195238095238,-7920.619047619053,16908.11904761905,18.6707,1131,1496,1156,1511,6.4302,2.3274,12.9479,5.6388,2.0807,-2157.4206,1.0,0.0933,0.2366,210.0,0.194879,0.182701,0.054078,1.0,1.0,,,,0.0,0.0,0.005714,0.002628,-0.000485,-0.003949,0.002111,-0.002275,-0.004577,-0.005841,210,1.0,-19.4926,68.1002,QUALIFIED,,0.540077,,2.077688,,True,False,CPR_ONLY,normal_low,,0.211644,0.037867,,0.060484,2,partial_m3_data
6688,794.0,0.49625,0.3836,1.02,1143.8992443324937,1396.069269521411,-10573.768261964731,16878.018891687658,19.9159,1122,1374,1168,1419,8.2395,3.9175,29.079,6.5966,2.3479,-2284.8328,1.0,0.8598,0.334,794.0,0.189477,0.187971,0.042626,1.0,1.0,,,,0.0,0.0,-0.000272,0.000806,0.003119,-0.001533,0.000218,-0.002728,-0.00277,-0.005264,794,1.0,-19.4926,68.1002,QUALIFIED,,,1.491504,,,True,False,CPR_ONLY,normal_low,,,,0.211358,0.042272,1,partial_m3_data
6709,148.0,0.0925,0.5564,1.36,1145.0472972972973,1541.8783783783783,-6928.54054054054,16849.317567567567,18.2176,1139,1531,1153,1550,7.2383,4.4012,21.6973,5.6114,1.884,-2129.3668,1.0,0.1722,0.3315,148.0,0.20416,0.202915,0.038766,1.0,1.0,,,,0.0,0.0,0.008843,0.005523,-0.001259,-0.00315,0.00427,-0.001051,-0.004612,-0.00705,148,1.0,-19.4926,68.1002,QUALIFIED,,0.375438,,1.246136,,True,False,CPR_ONLY,normal_low,,0.126938,0.026324,,0.036999,2,partial_m3_data
6728,189.0,0.118125,0.63,1.33,1137.4550264550264,2788.767195767196,24243.679894179902,17039.12433862434,29.6327,1129,2781,1149,2796,4.2764,2.2079,10.3319,3.8618,1.9273,-2099.4874,1.0,1.0,0.0,189.0,0.154667,0.153897,0.018206,1.0,1.0,,,,0.0,0.0,0.001225,6.7e-05,0.002586,-0.001657,0.006341,-0.008287,-0.008044,-0.015591,189,1.0,33.734,87.2227,QUALIFIED,,0.945306,1.640758,2.306892,,True,False,CPR_ONLY,normal_low,,0.234992,0.06628,0.232508,0.118506,3,full_m3_data
6736,171.0,0.106875,0.4737,1.0,1149.6023391812869,2419.80701754386,15019.675438596496,16735.441520467833,22.487,1142,2411,1161,2430,4.0512,1.9275,9.073,3.1931,1.0173,-1935.5289,1.0,1.0,0.0,171.0,0.229155,0.228423,0.028045,1.0,1.0,,,,0.0,0.0,0.00053,-0.00137,-0.00145,0.001322,0.006566,0.002085,-0.005137,-0.002539,171,1.0,33.734,87.2227,QUALIFIED,,,,0.682455,,True,False,CPR_ONLY,normal_low,,0.069518,,,0.01738,1,partial_m3_data
6746,358.0,0.22375,0.6226,1.09,1147.4497206703911,2598.32122905028,19482.530726256984,16789.256983240222,25.7187,1136,2586,1159,2611,3.4917,2.0693,12.9886,2.8939,1.3425,-2032.2931,1.0,0.9944,0.0537,358.0,0.245839,0.24437,0.043786,1.0,1.0,0.035923,0.037171,0.006565,1.0,1.0,-0.00036,-0.000953,-0.001629,-0.001574,0.006387,-0.00316,-0.009699,0.004956,358,1.0,33.734,87.2227,QUALIFIED,,,,1.494755,,True,True,BOTH,normal_low,,0.152264,,,0.038066,1,partial_m3_data
6752,405.0,0.253125,0.5357,1.04,1151.3234567901234,2809.901234567901,24772.030864197528,16692.413580246917,29.8714,1139,2796,1166,2824,7.173,4.3585,29.5733,5.8009,2.4737,-2084.2281,1.0,1.0,0.0,405.0,0.166444,0.162271,0.025618,1.0,1.0,,,,0.0,0.0,0.001152,0.002923,0.000258,0.001281,0.001701,0.000548,-0.003413,-0.007444,405,1.0,-50.1159,79.0402,QUALIFIED,,-1.537326,,0.677837,,True,False,CPR_ONLY,normal_low,,0.069048,0.0,,0.017262,2,partial_m3_data
6765,287.0,0.179375,0.4622,1.17,1145.9616724738676,2689.595818815331,21764.39547038327,16826.458188153312,27.5104,1131,2677,1158,2700,6.2678,2.0761,10.9683,5.4792,1.4122,-2015.9955,1.0,0.9752,0.1326,287.0,0.236643,0.232611,0.03763,1.0,1.0,0.022641,0.022064,0.005006,1.0,1.0,-0.000339,0.001384,-0.002956,-0.000831,0.001818,-0.003202,-0.007909,0.001083,287,1.0,33.734,87.2227,QUALIFIED,,,,2.761276,,True,True,BOTH,normal_low,,0.281278,,,0.07032,1,partial_m3_data
6768,963.0,0.601875,0.4011,1.0,1174.104880581516,1337.9678089304257,-12026.304776739358,16122.8779854621,20.1135,1148,1311,1197,1360,8.5464,3.9438,25.0717,7.5731,3.0974,-2054.993,1.0,0.0336,0.1458,963.0,0.321887,0.282721,0.110789,0.169263,0.169263,,,,0.0,0.0,-0.001016,0.001539,0.001894,0.000509,-5.2e-05,-0.00445,-0.005205,-0.008636,963,1.0,-19.4926,68.1002,QUALIFIED,,,0.731257,,,True,False,CPR_ONLY,normal_low,,,,0.103625,0.020725,1,partial_m3_data
6786,461.0,0.288125,0.588,1.0,1157.006507592191,2709.245119305857,22255.627982646416,16550.337310195227,27.735,1143,2695,1171,2723,6.8792,2.9192,14.2296,5.6169,1.9733,-2061.3884,1.0,1.0,0.0,461.0,0.235642,0.22967,0.047388,1.0,1.0,0.020783,0.01986,0.003644,1.0,1.0,-0.001839,0.00136,-0.001528,0.000483,-8.4e-05,0.000887,-0.004942,-0.003632,461,1.0,33.734,87.2227,QUALIFIED,,,,,,True,True,BOTH,normal_low,,,,,0.0,0,no_m3_data
6829,300.0,0.1875,0.4545,1.36,1159.52,2761.423333333333,23560.08333333333,16487.5,28.7563,1150,2749,1172,2779,3.7931,1.9552,9.5011,2.8765,1.0497,-2073.7104,1.0,1.0,0.0,300.0,0.210673,0.213577,0.021381,1.0,1.0,,,,0.0,0.0,0.000305,0.002084,-0.002958,0.001468,-0.002713,0.003054,-0.002362,-0.006817,300,1.0,33.734,87.2227,QUALIFIED,,,,,,True,False,CPR_ONLY,normal_low,,,,,0.0,0,no_m3_data
6837,261.0,0.163125,0.4531,2.25,1160.544061302682,1380.9731800766283,-10951.170498084291,16461.89846743295,19.7711,1144,1374,1180,1390,8.2695,3.6784,17.103,7.24,2.6369,-2255.5402,1.0,0.9261,0.2309,261.0,0.196162,0.193376,0.041693,0.996169,0.996169,,,,0.0,0.0,-0.001306,0.002415,0.001973,-0.003595,0.00018,-0.004231,-0.005782,-0.011607,261,1.0,-19.4926,68.1002,QUALIFIED,,,2.822098,,,True,False,CPR_ONLY,normal_low,,,,0.399913,0.079983,1,partial_m3_data
6839,453.0,0.283125,0.5968,1.43,1165.260485651214,2361.2472406181014,13555.681015452536,16343.987858719647,21.2339,1150,2352,1183,2375,5.1351,2.3915,12.1572,4.5326,1.7606,-1882.5522,1.0,0.9276,0.2216,453.0,0.237633,0.219638,0.071925,1.0,1.0,,,,0.0,0.0,0.000768,0.000571,-0.000388,0.000143,0.007423,-0.000643,-0.007406,0.005997,453,1.0,53.7768,91.9349,QUALIFIED,,,,1.086623,,True,False,CPR_ONLY,normal_low,,0.110689,,,0.027672,1,partial_m3_data
6854,193.0,0.120625,0.6266,1.57,1161.1088082901554,2581.181347150259,19054.03367875648,16447.779792746114,25.1712,1155,2571,1169,2593,3.9607,2.5556,15.7425,3.4295,1.4675,-2031.0392,1.0,0.9903,0.0607,193.0,0.240048,0.22317,0.065772,1.0,1.0,0.04716,0.044209,0.0123,1.0,1.0,0.000575,-0.003765,0.002675,-5e-06,0.004987,-0.001575,-0.009323,-1e-06,193,1.0,33.734,87.2227,QUALIFIED,,,1.001869,1.315821,,True,True,BOTH,normal_low,,0.134036,,0.141973,0.061904,2,partial_m3_data
6860,779.0,0.486875,0.4785,1.19,1155.5905006418486,1545.8613607188704,-6828.96598202824,16585.737483953784,17.9359,1139,1523,1176,1567,5.861,4.4037,21.3409,4.8815,2.7316,-2116.5985,1.0,0.1474,0.311,779.0,0.183373,0.175126,0.037891,1.0,1.0,,,,0.0,0.0,0.010143,0.005048,0.000984,0.001779,0.004775,0.002813,-0.003929,-0.006488,779,1.0,-19.4926,68.1002,QUALIFIED,,0.502317,,0.41089,,True,False,CPR_ONLY,normal_low,,0.041855,0.03522,,0.017508,2,partial_m3_data
6863,181.0,0.113125,0.6704,1.2,1156.110497237569,1925.049723756906,2650.743093922654,16572.737569060773,16.783,1148,1918,1163,1936,7.2283,3.2147,16.016,5.7354,1.5088,-868.0239,1.0,0.8281,0.3374,181.0,0.281668,0.280767,0.04368,1.0,1.0,,,,0.0,0.0,0.021185,0.008745,0.004969,0.00508,0.00184,0.000755,-0.007114,-0.008007,181,1.0,33.7027,75.9158,QUALIFIED,,0.587208,-0.022338,0.589674,,True,False,CPR_ONLY,normal_low,,0.060067,0.041172,0.0,0.023251,3,full_m3_data
6866,152.0,0.095,0.5714,1.36,1162.1842105263158,2132.5526315789475,7838.315789473687,16420.894736842103,18.1955,1156,2123,1170,2142,6.5564,2.277,13.2651,5.7844,1.4332,-1137.4555,1.0,0.0961,0.2466,152.0,0.221372,0.219038,0.027846,1.0,1.0,,,,0.0,0.0,-7.1e-05,-0.000325,0.000839,0.003453,0.004526,0.00685,-0.009508,-0.001076,152,1.0,53.7768,91.9349,QUALIFIED,,,,-0.513478,,True,False,CPR_ONLY,normal_low,,0.0,,,0.0,1,partial_m3_data
6870,320.0,0.2,0.4156,1.59,1169.490625,2725.296875,22656.921875,16238.234375000004,27.8751,1154,2716,1189,2738,4.4016,1.9329,10.7787,3.4604,0.7681,-2076.4396,1.0,1.0,0.0,320.0,0.237747,0.232281,0.04306,1.0,1.0,0.02131,0.020773,0.003441,1.0,1.0,-0.003049,-0.00146,-0.002005,1.6e-05,-0.002943,0.000398,-0.006565,-0.007949,320,1.0,33.734,87.2227,QUALIFIED,,,,,,True,True,BOTH,normal_low,,,,,0.0,0,no_m3_data
6875,514.0,0.32125,0.5411,1.52,1151.7821011673152,2658.6225680933853,20990.06420233463,16680.94747081712,26.8112,1142,2642,1167,2680,9.5626,2.9727,26.0058,7.9744,1.679,-1976.0351,1.0,0.8391,0.3418,514.0,0.25211,0.245885,0.046241,1.0,1.0,0.032875,0.034213,0.007925,1.0,1.0,0.000785,0.003595,7e-05,-0.001236,0.000455,-0.003895,-0.006367,-0.005867,514,1.0,33.734,87.2227,QUALIFIED,,,,,,True,True,BOTH,normal_low,,,,,0.0,0,no_m3_data
6876,326.0,0.20375,0.4324,1.12,1159.616564417178,2744.027607361963,23125.190184049075,16485.085889570553,28.3996,1150,2728,1176,2757,3.4591,1.5901,9.567,2.6096,0.8826,-2080.5618,1.0,1.0,0.0,326.0,0.205308,0.197915,0.032886,1.0,1.0,0.021464,0.021913,0.003787,0.555215,0.555215,0.000405,0.0009,-0.000858,0.001312,-0.002396,0.001009,-0.002909,-0.007118,326,1.0,33.734,87.2227,QUALIFIED,,,,,,True,True,BOTH,normal_low,,,,,0.0,0,no_m3_data
6906,1078.0,0.67375,0.6447,1.16,1158.5575139146567,2512.0278293135434,17325.195732838583,16511.56215213358,23.9331,1135,2494,1179,2532,6.4796,3.5727,19.214,5.1321,2.3183,-1990.4132,1.0,0.9305,0.2168,1078.0,0.196872,0.193668,0.037875,1.0,1.0,0.042297,0.04183,0.008599,0.426716,0.426716,5.3e-05,-0.000603,0.000862,-0.00082,0.00164,-0.002727,-0.005509,-0.003967,1078,1.0,33.734,87.2227,QUALIFIED,,,,2.662805,,True,True,BOTH,normal_low,,0.271247,,,0.067812,1,partial_m3_data
6912,133.0,0.083125,0.5938,1.14,1163.548872180451,2197.714285714286,9467.357142857143,16386.77819548872,18.9249,1156,2190,1170,2206,7.5689,2.9458,14.797,6.4475,1.5041,-1163.1182,1.0,0.8247,0.3113,133.0,0.225236,0.221752,0.055259,1.0,1.0,,,,0.0,0.0,0.001926,0.000372,-0.002163,0.001261,0.002288,0.001216,0.001288,-0.008268,133,1.0,53.7768,91.9349,QUALIFIED,,0.806854,,0.468531,7.419255,True,False,CPR_ONLY,normal_low,0.334218,0.047727,0.056572,,0.140222,3,full_m3_data
6950,2267.0,1.416875,0.5834,1.16,1152.7931186590208,1592.6347595941772,-5659.631010145567,16655.67203352448,17.5904,1125,1562,1183,1629,5.9254,2.6353,22.0506,4.9014,1.6998,-2045.2659,1.0,0.0558,0.1952,2267.0,0.166828,0.162651,0.033818,1.0,1.0,,,,0.0,0.0,0.010936,0.005296,0.001618,0.001252,0.003166,0.001189,-0.004881,-0.006014,2267,1.0,-19.4926,68.1002,QUALIFIED,,0.515728,0.226205,0.624447,,True,False,CPR_ONLY,normal_low,,0.063609,0.03616,0.032055,0.029545,3,full_m3_data
6951,251.0,0.156875,0.581,1.33,1173.3067729083666,2586.5816733067727,19189.04183266932,16142.830677290836,25.0762,1164,2576,1182,2600,3.8054,1.6831,10.5398,3.1337,0.9537,-2029.745,1.0,0.96,0.1687,251.0,0.217251,0.217665,0.02892,1.0,1.0,0.044184,0.043286,0.0094,0.498008,0.498008,0.00034,-0.000736,-0.000717,0.002123,-0.000944,-0.002872,-0.005663,-0.011073,251,1.0,33.734,87.2227,QUALIFIED,,,,,,True,True,BOTH,normal_low,,,,,0.0,0,no_m3_data
6976,639.0,0.399375,0.5889,1.13,1181.2926447574334,1728.007824726135,-2275.304381846632,15943.183881064164,16.1042,1165,1713,1196,1748,13.0593,2.6911,22.0035,11.5106,1.636,-1864.778,1.0,0.001,0.0211,639.0,0.235256,0.217477,0.0634,1.0,1.0,,,,0.0,0.0,0.013253,0.004064,0.00376,0.002947,0.003634,0.004833,-0.000796,0.000218,639,1.0,33.7027,75.9158,QUALIFIED,,0.693352,0.216223,-0.329939,,True,False,CPR_ONLY,normal_low,,0.0,0.048614,0.03064,0.015851,3,full_m3_data
6979,127.0,0.079375,0.5427,1.38,1166.1574803149606,2595.5748031496064,19413.87007874016,16321.562992125986,25.3633,1158,2590,1176,2603,2.6737,1.2306,6.5882,2.3225,0.7603,-2019.3833,1.0,0.9332,0.2148,127.0,0.234032,0.242284,0.03762,1.0,1.0,0.055301,0.051632,0.019504,0.992126,0.992126,-0.000248,-0.002762,-0.000524,0.002119,0.001496,-0.002585,-0.008734,-0.004153,127,1.0,33.734,87.2227,QUALIFIED,,,,2.727941,,True,True,BOTH,normal_low,,0.277882,,,0.06947,1,partial_m3_data
6981,333.0,0.208125,0.5371,1.55,1169.7027027027027,3030.828828828829,30295.220720720725,16232.932432432432,34.3704,1160,3016,1180,3047,7.223,3.6569,21.713,6.4685,2.4687,-1431.15,1.0,0.0353,0.1707,333.0,0.257604,0.253405,0.033967,1.0,1.0,,,,0.0,0.0,-0.008123,-0.004954,-0.006834,-0.004514,-0.006477,-0.008781,-0.010727,-0.00998,333,1.0,-50.1159,79.0402,QUALIFIED,,,,,,True,False,CPR_ONLY,normal_low,,,,,0.0,0,no_m3_data
6988,263.0,0.164375,0.5335,1.71,1175.25855513308,2745.12927756654,23152.731939163496,16094.036121673002,28.1971,1166,2731,1183,2760,3.538,2.7977,14.7645,3.1583,2.0921,-2076.8099,1.0,1.0,0.0,263.0,0.230425,0.224698,0.03918,1.0,1.0,0.02093,0.020296,0.002742,0.365019,0.365019,-0.005723,-0.004258,-0.006804,-0.003224,-0.00608,-0.005734,-0.010861,-0.011748,263,1.0,33.734,87.2227,QUALIFIED,,,,,,True,True,BOTH,normal_low,,,,,0.0,0,no_m3_data
7022,1061.0,0.663125,0.4611,1.51,1166.6201696512724,2643.841658812441,20620.54147031103,16309.995758718193,26.2912,1134,2628,1193,2667,6.9827,2.465,23.0389,5.9369,1.6123,-2030.9287,1.0,1.0,0.0,1061.0,0.221401,0.212547,0.06119,1.0,1.0,0.029179,0.028878,0.006687,0.952875,0.952875,-0.000613,6.3e-05,-0.002121,-0.000424,-0.000417,-0.000479,-0.005688,-0.004568,1061,1.0,33.734,87.2227,QUALIFIED,,,,,,True,True,BOTH,normal_low,,,,,0.0,0,no_m3_data
7023,657.0,0.410625,0.5549,1.16,1175.3135464231354,2700.077625570776,22026.440639269407,16092.661339421617,27.279,1158,2683,1190,2720,4.6162,2.8952,12.5363,3.8456,2.1944,-2077.5067,1.0,0.9959,0.0542,657.0,0.206771,0.20533,0.031439,1.0,1.0,0.02293,0.022585,0.00351,1.0,1.0,-0.003963,-0.00381,-0.004123,-0.001941,-0.00507,-0.001996,-0.007771,-0.008688,657,1.0,33.734,87.2227,QUALIFIED,,,,,,True,True,BOTH,normal_low,,,,,0.0,0,no_m3_data
7024,234.0,0.14625,0.5571,1.05,1172.525641025641,2766.764957264957,23693.623931623923,16162.358974358973,28.6813,1163,2757,1184,2777,6.4051,2.7158,12.5086,5.1361,1.6284,-2072.1673,1.0,1.0,0.0,234.0,0.203736,0.201367,0.027901,1.0,1.0,,,,0.0,0.0,-0.003869,-0.001173,-0.003044,-0.001473,-0.002783,-0.009103,-0.009392,-0.01419,234,1.0,33.734,87.2227,QUALIFIED,,,,,,True,False,CPR_ONLY,normal_low,,,,,0.0,0,no_m3_data
7039,431.0,0.269375,0.5308,1.04,1182.6078886310904,2164.6566125290024,8640.915313225058,15910.302784222738,18.1051,1171,2152,1199,2181,5.9919,3.4121,19.5096,5.1,2.1356,-1107.2923,1.0,0.144,0.3136,431.0,0.238745,0.231205,0.045653,1.0,1.0,,,,0.0,0.0,0.00084,-0.001108,7.8e-05,0.0,0.00594,-0.001566,0.001264,0.003668,431,1.0,53.7768,91.9349,QUALIFIED,,,,1.263636,-1.901899,True,False,CPR_ONLY,normal_low,0.0,0.128721,,,0.03218,2,partial_m3_data
7049,246.0,0.15375,0.5467,1.39,1174.8089430894308,1557.280487804878,-6543.487804878052,16105.27642276423,17.3832,1163,1548,1188,1566,4.433,1.7265,8.8613,3.5197,0.8902,-2097.1789,1.0,0.1273,0.2521,246.0,0.164432,0.159744,0.029901,1.0,1.0,,,,0.0,0.0,0.020428,0.008257,0.004222,0.004837,0.001691,0.005909,0.004675,0.001651,246,1.0,-19.4926,68.1002,QUALIFIED,,0.5958,-0.145666,-2.494382,0.646845,True,False,CPR_ONLY,normal_low,0.029139,0.0,0.041774,0.0,0.018553,4,full_m3_data
7056,167.0,0.104375,0.5567,1.33,1179.0419161676646,2449.311377245509,15757.284431137728,15999.452095808383,22.4561,1172,2440,1187,2460,6.5914,3.1825,16.0348,5.961,2.3769,-1936.0168,1.0,0.9099,0.2398,167.0,0.187354,0.182329,0.030379,1.0,1.0,,,,0.0,0.0,-0.000255,0.000658,-0.002494,0.003526,-0.001108,-0.007538,-0.00676,-0.01427,167,1.0,33.734,87.2227,QUALIFIED,,,,,,True,False,CPR_ONLY,normal_low,,,,,0.0,0,no_m3_data
7076,492.0,0.3075,0.5734,1.27,1187.7378048780488,2738.7398373983738,22992.99593495934,15782.05487804878,27.8883,1175,2724,1201,2757,5.868,3.0788,16.5424,4.9621,2.2748,-2085.4316,1.0,0.9976,0.0383,492.0,0.225878,0.2241,0.042032,1.0,1.0,0.018381,0.018924,0.002683,0.457317,0.457317,-0.009271,-0.005955,-0.005747,-0.00513,-0.005888,-0.007487,-0.014555,-0.012355,492,1.0,33.734,87.2227,QUALIFIED,,,,,,True,True,BOTH,normal_low,,,,,0.0,0,no_m3_data
7086,420.0,0.2625,0.5364,1.07,1189.3333333333333,2569.545238095238,18763.130952380947,15742.166666666668,24.4923,1177,2556,1204,2585,6.5237,4.3438,20.4485,4.9687,2.1884,-2020.8622,1.0,0.8623,0.3171,420.0,0.264976,0.255685,0.057621,1.0,1.0,,,,0.0,0.0,-0.006305,-0.005214,-0.00702,-0.004691,-0.005391,-0.006613,-0.01235,-0.013254,420,1.0,33.734,87.2227,QUALIFIED,,,,,,True,False,CPR_ONLY,normal_low,,,,,0.0,0,no_m3_data
7090,1864.0,1.165,0.3923,1.09,1180.7827253218884,1487.425429184549,-8289.864270386264,15955.93186695279,17.9802,1150,1451,1216,1523,8.6568,4.4457,22.5408,7.335,3.409,-2188.6208,1.0,0.0939,0.2517,1864.0,0.238848,0.209554,0.105773,1.0,1.0,,,,0.0,0.0,0.013182,0.002752,0.002337,0.000881,-0.000552,-0.001092,-0.006019,-0.011006,1864,1.0,-19.4926,68.1002,QUALIFIED,,0.79123,0.623021,,,True,False,CPR_ONLY,normal_low,,,0.055477,0.088287,0.028753,2,partial_m3_data
7098,581.0,0.363125,0.4932,1.23,1181.592082616179,1520.709122203098,-7457.771944922548,15935.697934595526,17.5938,1164,1507,1202,1538,5.4237,2.4771,14.5297,4.3633,1.3466,-2133.9128,1.0,0.0887,0.2352,581.0,0.169527,0.167786,0.024437,1.0,1.0,,,,0.0,0.0,0.020045,0.00335,0.00311,0.004618,0.000915,0.004373,0.001818,-0.003697,581,1.0,-19.4926,68.1002,QUALIFIED,,0.832876,-0.484887,,3.033553,True,False,CPR_ONLY,normal_low,0.136653,,0.058397,0.0,0.059508,3,full_m3_data
7099,2111.0,1.319375,0.4835,1.25,1193.5684509711036,1618.8886783514922,-5003.283041212693,15636.28872572241,16.4166,1163,1589,1237,1648,8.8014,3.3692,21.4871,7.2634,2.3045,-1975.4959,1.0,0.1217,0.3009,2111.0,0.185926,0.180648,0.046691,1.0,1.0,,,,0.0,0.0,0.016956,0.005335,0.003083,0.003614,0.003251,0.002878,0.003923,-0.002586,2111,1.0,33.7027,75.9158,QUALIFIED,,0.685362,-0.172235,0.114734,1.659189,True,False,CPR_ONLY,normal_low,0.074742,0.011687,0.048054,0.0,0.038692,4,full_m3_data
7111,133.0,0.083125,0.489,1.06,1180.06015037594,1109.4586466165413,-17739.03383458647,15973.996240601504,23.8707,1172,1101,1189,1117,4.4599,2.3588,12.2064,4.4353,1.8726,-2776.148,1.0,1.0,0.0,133.0,0.201429,0.196798,0.028691,0.947368,0.947368,0.074926,0.073061,0.011209,0.924812,0.924812,0.003781,0.003578,0.00476,0.003033,0.0066,0.002157,0.001417,-6.5e-05,133,1.0,-14.3965,65.3367,QUALIFIED,,0.05369,0.362815,0.673182,1.045872,True,True,BOTH,normal_low,0.047114,0.068574,0.003764,0.051414,0.044669,4,full_m3_data
7116,1506.0,0.94125,0.4648,1.11,1183.570385126162,2670.5524568393093,21288.311420982733,15886.240371845954,26.5626,1150,2642,1210,2696,5.4355,2.4788,14.4052,4.5164,1.6503,-2041.6064,1.0,0.8845,0.2858,1506.0,0.210416,0.201875,0.044938,1.0,1.0,0.027649,0.026019,0.007373,0.623506,0.623506,-0.00502,-0.003142,-0.002966,-0.00271,-0.004664,-0.003221,-0.009467,-0.012493,1506,1.0,33.734,87.2227,QUALIFIED,,,,,,True,True,BOTH,normal_low,,,,,0.0,0,no_m3_data
7121,664.0,0.415,0.4992,1.09,1187.7334337349398,1578.1671686746988,-6021.320783132527,15782.164156626506,16.8912,1171,1560,1209,1595,4.7952,2.2316,15.6434,3.8963,1.1519,-2070.7814,1.0,0.1612,0.3153,664.0,0.159702,0.154339,0.030943,1.0,1.0,,,,0.0,0.0,0.023732,0.007326,0.004051,0.004937,0.002444,0.007577,0.003832,-0.001756,664,1.0,-19.4926,68.1002,QUALIFIED,,0.691303,-0.218711,-2.100245,1.458246,True,False,CPR_ONLY,normal_low,0.06569,0.0,0.04847,0.0,0.032686,4,full_m3_data
7124,1403.0,0.876875,0.4818,1.08,1192.43977191732,2812.1240199572344,24827.600498930857,15664.505702067,29.3564,1164,2787,1220,2839,9.25,4.0533,20.3722,7.851,3.0894,-2066.1246,1.0,0.9892,0.0963,1403.0,0.214083,0.212622,0.031977,1.0,1.0,,,,0.0,0.0,-0.004715,-0.002268,-0.002882,-0.003846,-0.002872,-0.008842,-0.007658,-0.009988,1403,1.0,-50.1159,79.0402,QUALIFIED,,,,,,True,False,CPR_ONLY,normal_low,,,,,0.0,0,no_m3_data
7136,1431.0,0.894375,0.4575,1.48,1191.6233403214535,2321.039832285115,12550.495807127882,15684.916491963664,20.088,1157,2297,1225,2343,12.4127,3.1745,24.976,10.6464,1.822,-1726.1188,1.0,0.0462,0.1648,1431.0,0.231075,0.227302,0.045208,1.0,1.0,,,,0.0,0.0,0.000414,0.00128,-0.000621,0.000589,0.00293,-0.000947,-0.00124,-0.00017,1431,1.0,53.7768,91.9349,QUALIFIED,,,,1.323208,,True,False,CPR_ONLY,normal_low,,0.134789,,,0.033697,1,partial_m3_data
7168,728.0,0.455,0.3551,1.22,1201.0851648351647,2700.3928571428573,22034.321428571435,15448.37087912088,26.9104,1182,2684,1232,2725,3.8925,1.924,16.497,3.0034,1.0426,-2075.5863,1.0,0.9348,0.2282,728.0,0.24601,0.240637,0.054505,1.0,1.0,0.02264,0.022478,0.003449,0.520604,0.520604,-0.004594,-0.003951,-0.001804,-0.003745,-0.004618,-0.008179,-0.009909,-0.011219,728,1.0,33.5851,91.8903,QUALIFIED,,,,,,True,True,BOTH,normal_low,,,,,0.0,0,no_m3_data
7217,1875.0,1.171875,0.5232,1.14,1193.4256,1379.4869333333334,-10988.326666666668,15639.86,19.1134,1163,1349,1219,1413,17.6359,3.7229,29.455,15.8086,3.1105,-2133.645,1.0,0.051,0.1918,1875.0,0.193757,0.192701,0.036565,0.275733,0.275733,,,,0.0,0.0,0.003671,0.002234,0.002571,0.001913,0.002132,-0.00048,-0.001006,-0.009362,1875,1.0,-19.4926,68.1002,QUALIFIED,,0.391446,0.255932,1.225141,,True,False,CPR_ONLY,normal_low,,0.124799,0.027446,0.036268,0.043943,3,full_m3_data
7218,148.0,0.0925,0.5139,1.12,1193.75,1502.1013513513512,-7922.96621621622,15631.75,17.5243,1186,1492,1202,1510,4.2993,2.3653,9.9452,3.5764,1.4221,-2154.7584,1.0,0.0841,0.2413,148.0,0.183828,0.178976,0.0263,1.0,1.0,,,,0.0,0.0,0.027276,0.002175,0.002112,0.0021,-0.002626,-0.002706,-0.012302,-0.03075,148,1.0,-19.4926,68.1002,QUALIFIED,,0.92026,0.005682,,,True,False,CPR_ONLY,normal_low,,,0.064524,0.000805,0.013066,2,partial_m3_data
7226,3586.0,2.24125,0.5022,1.46,1217.3441160066927,1764.815393195761,-1355.1151701059644,15041.89709983268,15.1023,1172,1728,1274,1798,11.5303,4.3156,26.0881,10.048,3.4322,-1688.3902,1.0,0.0582,0.2088,3586.0,0.249764,0.22765,0.107991,1.0,1.0,,,,0.0,0.0,0.018374,0.019403,0.033729,0.03329,0.042263,0.0417,0.040098,0.042334,3586,1.0,85.0522,75.7671,QUALIFIED,,-0.056003,0.013016,0.013321,-0.055763,True,False,CPR_ONLY,normal_low,0.0,0.001357,0.0,0.001844,0.000708,4,full_m3_data
7231,463.0,0.289375,0.463,1.6,1194.9049676025918,262.18574514038875,-38920.856371490285,15602.875809935204,41.9312,1183,241,1208,281,8.2904,4.036,20.3256,7.9016,3.64,3472.0008,1.0,0.0419,0.1576,463.0,0.18908,0.18855,0.052878,0.533477,0.533477,0.039441,0.038351,0.007545,1.0,1.0,0.088376,0.098358,0.137114,0.140001,0.167906,0.172891,0.170507,0.176739,463,1.0,242.8669,107.6454,QUALIFIED,,-0.112949,-0.021055,-0.029689,-0.03655,True,True,BOTH,normal_low,0.0,0.0,0.0,0.0,0.0,4,full_m3_data
7263,1823.0,1.139375,0.4382,1.02,1185.947339550192,1295.7712561711464,-13081.21859572134,15826.816511245195,20.5324,1149,1257,1214,1321,13.5699,2.8836,26.074,11.9783,1.9728,-2128.3145,1.0,0.0024,0.0339,1823.0,,,,0.0,0.0,0.038903,0.039126,0.006249,0.140976,0.140976,0.006692,0.002642,0.001991,0.000674,0.000496,-0.002334,-0.003984,-0.004524,1823,1.0,-19.4926,68.1002,QUALIFIED,,0.6052,0.661477,,,False,True,S1_ONLY,no_data,,,0.042433,0.093736,0.027234,2,partial_m3_data
7266,441.0,0.275625,0.5833,1.04,1194.6417233560092,2548.310657596372,18232.266439909305,15609.45691609977,24.0015,1181,2534,1208,2562,5.3303,2.5292,23.1715,4.0702,1.2028,-2048.7986,1.0,0.9683,0.1487,441.0,0.242813,0.240054,0.047952,1.0,1.0,,,,0.0,0.0,-0.007891,-0.008778,-0.007736,-0.004965,-0.005013,-0.006105,-0.012455,-0.013582,441,1.0,33.734,87.2227,QUALIFIED,,,,,,True,False,CPR_ONLY,normal_low,,,,,0.0,0,no_m3_data
7272,1177.0,0.735625,0.5288,1.26,1202.0050977060323,1546.67629566695,-6808.592608326253,15425.372557349194,16.8605,1185,1520,1227,1573,4.6582,2.5506,16.2193,3.7931,1.5426,-2083.7669,1.0,0.0853,0.2249,1177.0,0.182334,0.178778,0.034953,1.0,1.0,,,,0.0,0.0,0.019177,0.004431,0.002897,0.004975,0.005708,0.008546,0.0028,0.003798,1177,1.0,0.5626,56.8385,QUALIFIED,,0.768942,-0.717294,-0.497197,-0.356429,True,False,CPR_ONLY,normal_low,0.0,0.0,0.053914,0.0,0.010783,4,full_m3_data
7288,441.0,0.275625,0.6108,2.0,1219.5238095238096,2687.331065759637,21707.77664399093,14987.40476190476,26.3791,1199,2678,1237,2697,2.7366,2.1412,17.0982,2.1927,0.9266,-2064.7227,1.0,0.9235,0.2247,441.0,0.221664,0.215152,0.042337,1.0,1.0,,,,0.0,0.0,0.004379,0.001562,0.002761,0.00059,0.000217,-0.007928,-0.001926,-0.004603,441,1.0,33.5851,91.8903,QUALIFIED,,0.643298,0.786309,,,True,False,CPR_ONLY,normal_low,,,0.045105,0.111426,0.031306,2,partial_m3_data
7289,168.0,0.105,0.6,1.43,1202.9642857142858,2705.5178571428573,22162.446428571435,15401.392857142857,26.9886,1194,2699,1214,2713,3.1288,1.9895,9.5817,2.2784,0.8035,-2080.9607,1.0,1.0,0.0,168.0,0.231823,0.225365,0.030923,1.0,1.0,0.022208,0.022343,0.004176,0.327381,0.327381,-0.002173,0.001148,0.002812,-0.001999,-0.001497,-0.005678,-0.00402,-0.008099,168,1.0,33.5851,91.8903,QUALIFIED,,,1.710882,,,True,True,BOTH,normal_low,,,,0.242445,0.048489,1,partial_m3_data
7303,709.0,0.443125,0.4739,1.29,1204.8533145275037,1443.2186177715091,-9395.034555712273,15354.167136812412,17.9998,1188,1421,1222,1465,13.2794,3.0973,25.3081,11.3852,1.5785,-2221.0609,1.0,0.0959,0.2875,709.0,0.236822,0.219615,0.064103,1.0,1.0,,,,0.0,0.0,0.004404,0.005139,0.002686,0.002214,0.000905,0.003215,-0.001245,-0.012022,709,1.0,0.5626,56.8385,QUALIFIED,,-0.166894,0.175726,,,True,False,CPR_ONLY,normal_low,,,0.0,0.024902,0.00498,2,partial_m3_data
7304,373.0,0.233125,0.5313,1.04,1211.2412868632707,1608.493297587131,-5263.167560321715,15194.467828418234,16.0796,1197,1597,1223,1624,6.5377,2.9835,17.3688,5.3891,1.671,-1999.4068,1.0,0.1683,0.3064,373.0,0.176975,0.174438,0.034572,1.0,1.0,,,,0.0,0.0,0.011627,0.003057,0.001736,0.002579,0.007094,0.000563,0.003985,0.009024,373,1.0,85.0522,75.7671,QUALIFIED,,0.737077,-0.485599,0.920637,-1.264492,True,False,CPR_ONLY,normal_low,0.0,0.093781,0.05168,0.0,0.033781,4,full_m3_data
7339,138.0,0.08625,0.697,1.64,1210.731884057971,3127.1739130434785,32703.84782608696,15207.202898550724,36.0669,1205,3119,1216,3137,5.5601,3.028,15.7651,5.0428,2.7489,-1502.2872,1.0,0.0916,0.2291,138.0,0.283213,0.27759,0.055211,1.0,1.0,,,,0.0,0.0,0.000956,0.001585,0.000483,0.002753,0.002052,-0.003975,-0.007206,-0.004869,138,1.0,25.3927,84.5067,QUALIFIED,,,,2.937135,,True,False,CPR_ONLY,normal_low,,0.299192,,,0.074798,1,partial_m3_data
7365,323.0,0.201875,0.4449,1.5,1217.3374613003095,2368.123839009288,13727.5959752322,15042.063467492262,20.3644,1206,2351,1228,2384,4.4559,2.0262,11.149,3.7764,1.4257,-1811.2424,1.0,0.8196,0.323,323.0,0.298808,0.277234,0.076586,1.0,1.0,,,,0.0,0.0,-0.001217,-0.00023,0.001473,0.001886,0.001487,0.002326,0.002517,-0.003399,323,1.0,86.6499,88.4185,QUALIFIED,,,-0.28038,-0.564223,2.350417,True,False,CPR_ONLY,normal_low,0.10588,0.0,,0.0,0.037058,3,full_m3_data
7385,163.0,0.101875,0.5327,1.06,1215.803680981595,2674.435582822086,21385.389570552143,15080.407975460124,26.1679,1208,2666,1226,2683,2.7109,1.5685,7.7009,2.2398,1.0655,-2067.336,1.0,0.9652,0.1548,163.0,0.210801,0.207384,0.031621,1.0,1.0,,,,0.0,0.0,0.003125,0.001259,0.001795,-0.000678,7.9e-05,-0.005975,-0.00235,-0.007199,163,1.0,33.5851,91.8903,QUALIFIED,,0.59712,1.377716,,,True,False,CPR_ONLY,normal_low,,,0.041867,0.195233,0.04742,2,partial_m3_data
7412,212.0,0.1325,0.631,2.33,1215.948113207547,1300.132075471698,-12972.198113207549,15076.797169811323,19.8887,1210,1287,1222,1315,13.5647,2.1522,21.6849,11.9949,1.0517,-1979.037,1.0,0.0017,0.0247,212.0,,,,0.0,0.0,0.034465,0.033556,0.004909,1.0,1.0,-0.004684,0.002834,0.000923,0.005636,0.00747,0.008675,0.004116,-0.004864,212,1.0,0.5626,56.8385,QUALIFIED,,,,-0.161312,2.18173,False,True,S1_ONLY,no_data,0.098281,0.0,,,0.034398,2,partial_m3_data
7446,166.0,0.10375,0.5425,1.06,1223.3313253012047,1742.6506024096386,-1909.234939759037,14892.21686746988,15.0135,1214,1736,1232,1753,6.6123,2.6115,17.5791,6.7946,2.2908,-1759.1475,1.0,0.1222,0.2888,166.0,0.31821,0.309211,0.080158,1.0,1.0,,,,0.0,0.0,0.001084,-0.004332,0.010156,0.002916,0.002625,-0.001895,-0.002389,-0.004944,166,1.0,85.0522,75.7671,QUALIFIED,,4.99631,0.712879,1.721905,,True,False,CPR_ONLY,normal_low,,0.175402,0.350315,0.101021,0.134118,3,full_m3_data
7482,1077.0,0.673125,0.5178,1.3,1199.150417827298,2198.669452181987,9491.236304549668,15496.739554317548,18.1721,1176,2180,1228,2220,9.8682,4.544,25.285,8.3515,3.1235,-1141.186,1.0,0.1117,0.2755,1077.0,0.293489,0.285424,0.053453,1.0,1.0,,,,0.0,0.0,-0.000568,0.000157,-0.000378,0.000604,0.001015,-0.001966,-0.003063,-0.001737,1077,1.0,53.7768,91.9349,QUALIFIED,,,,2.936946,,True,False,CPR_ONLY,normal_low,,0.299173,,,0.074793,1,partial_m3_data
7497,2101.0,1.313125,0.4707,1.16,1228.5083293669682,776.434554973822,-26064.63612565445,14762.791765825796,29.9544,1192,745,1264,807,13.3737,4.7602,28.4868,11.834,3.9251,-1033.9125,1.0,0.1008,0.2917,2101.0,0.176579,0.176555,0.019532,0.026178,0.026178,0.068031,0.066841,0.023208,1.0,1.0,0.009404,0.001988,0.002579,0.002622,0.002591,-0.00233,0.000109,-0.008312,2101,1.0,162.995,83.983,QUALIFIED,,0.788601,-0.016673,1.899267,,False,True,S1_ONLY,normal_low,,0.193469,0.055292,0.0,0.059426,3,full_m3_data
7502,305.0,0.190625,0.51,1.13,1231.3409836065573,2670.2,21279.5,14691.975409836068,25.8588,1218,2658,1241,2684,3.8773,2.5532,13.1162,2.7745,1.1786,-2073.461,1.0,0.8887,0.2642,305.0,0.224678,0.214428,0.044689,1.0,1.0,,,,0.0,0.0,0.016425,0.006232,0.005124,0.003604,0.005207,-0.00222,-0.002206,0.000968,305,1.0,33.5851,91.8903,QUALIFIED,,0.620578,0.296643,1.426349,,True,False,CPR_ONLY,normal_low,,0.145295,0.043512,0.042037,0.053434,3,full_m3_data
7521,144.0,0.09,0.5414,1.36,1223.423611111111,2320.611111111112,12539.77777777778,14889.909722222224,19.4667,1215,2313,1234,2327,11.3614,4.6049,29.1674,9.3391,2.1073,-1693.6075,1.0,0.2067,0.3495,144.0,0.267269,0.264929,0.070246,1.0,1.0,,,,0.0,0.0,0.004636,0.007443,0.01023,0.008675,0.011971,0.013017,0.01055,0.004212,144,1.0,86.6499,88.4185,QUALIFIED,,-0.605479,0.152004,-0.087378,0.600758,True,False,CPR_ONLY,normal_low,0.027063,0.0,0.0,0.02154,0.01378,4,full_m3_data
7543,465.0,0.290625,0.4286,1.13,1217.0408602150535,3102.6387096774192,32090.467741935485,15049.478494623658,35.4444,1204,3085,1235,3120,10.2481,3.2559,18.7243,8.7595,2.249,-1436.9388,1.0,0.0,0.0,465.0,0.256426,0.253089,0.036682,1.0,1.0,,,,0.0,0.0,0.002096,0.001027,0.001384,0.003287,0.007033,-0.001889,-0.002485,-0.003101,465,1.0,25.3927,84.5067,QUALIFIED,,0.510019,-1.375,1.268591,,True,False,CPR_ONLY,normal_low,,0.129225,0.03576,0.0,0.039458,3,full_m3_data
7545,1111.0,0.694375,0.5089,1.59,1210.2430243024305,1160.5895589558957,-16460.76102610261,15219.424392439243,22.4178,1181,1142,1240,1179,15.3946,3.2605,25.178,13.7022,2.2576,-2371.1991,1.0,0.1133,0.2833,1111.0,,,,0.0,0.0,0.055345,0.055927,0.009836,1.0,1.0,0.003394,0.002736,0.002392,0.002297,0.002477,0.002038,-0.002577,1.3e-05,1111,1.0,50.752,65.3557,QUALIFIED,,0.193872,0.039716,0.177231,,False,True,S1_ONLY,no_data,,0.018054,0.013593,0.005628,0.008358,3,full_m3_data
7561,202.0,0.12625,0.4951,1.41,1237.7673267326732,1269.8118811881188,-13730.202970297029,14531.316831683172,19.9912,1229,1258,1246,1282,3.7933,2.5008,22.2613,3.434,1.5662,-1918.0558,1.0,0.1297,0.2418,202.0,,,,0.0,0.0,0.068264,0.068284,0.01087,1.0,1.0,0.00174,0.001345,5.3e-05,0.000113,-2e-05,-0.000331,-0.007221,-0.004373,202,1.0,0.5626,56.8385,QUALIFIED,,0.227011,,,,False,True,S1_ONLY,no_data,,,0.015917,,0.003183,1,partial_m3_data
7583,388.0,0.2425,0.3109,1.22,1232.9664948453608,1598.5644329896909,-5511.389175257733,14651.337628865982,15.653,1215,1585,1254,1617,7.9647,3.4609,18.9514,6.5249,2.153,-1993.2304,1.0,0.1679,0.335,388.0,0.191822,0.189033,0.039788,1.0,1.0,,,,0.0,0.0,0.012445,0.001472,0.005034,0.001613,0.005227,0.000444,0.000415,-0.002283,388,1.0,0.5626,56.8385,QUALIFIED,,0.88172,0.679579,0.915056,,True,False,CPR_ONLY,normal_low,,0.093212,0.061821,0.096302,0.054928,3,full_m3_data
7589,986.0,0.61625,0.6162,1.0,1246.6460446247463,1585.1957403651115,-5845.606490872211,14309.348884381336,15.4567,1225,1568,1265,1608,6.8622,3.0126,16.7038,5.9022,2.2941,-1972.4174,1.0,0.0867,0.2517,986.0,0.212076,0.205788,0.043046,0.60142,0.60142,,,,0.0,0.0,0.013581,0.002082,0.004335,0.002947,0.004524,0.003341,0.002663,-7e-06,986,1.0,0.5626,56.8385,QUALIFIED,,0.846698,0.320185,0.261494,1.002629,True,False,CPR_ONLY,normal_low,0.045166,0.026637,0.059366,0.045373,0.043415,4,full_m3_data
7611,1130.0,0.70625,0.452,1.0,1219.5973451327434,1417.7637168141594,-10031.407079646016,14985.566371681416,18.0325,1194,1389,1244,1439,13.7153,4.1783,27.0452,12.0469,3.3239,-2135.8625,1.0,0.0045,0.0561,1130.0,0.220619,0.215675,0.039274,0.495575,0.495575,0.032378,0.032378,0.0,0.000885,0.000885,0.001876,0.002244,0.000113,0.001199,0.004259,0.001121,-0.000358,-0.002306,1130,1.0,0.5626,56.8385,QUALIFIED,,-0.196162,,0.736793,,True,False,CPR_ONLY,normal_low,,0.075054,0.0,,0.018764,2,partial_m3_data
7624,546.0,0.34125,0.5705,1.14,1237.4468864468863,1964.3424908424909,3633.06227106227,14539.327838827838,14.986,1221,1951,1254,1980,8.0926,4.2434,24.3335,6.4047,2.3154,-563.0316,1.0,0.0781,0.2323,546.0,0.241358,0.238987,0.05002,1.0,1.0,,,,0.0,0.0,0.057193,0.07009,0.102667,0.110297,0.132904,0.138414,0.143554,0.144358,546,1.0,85.0522,75.7671,QUALIFIED,,-0.2255,-0.074318,-0.041458,-0.005601,True,False,CPR_ONLY,normal_low,0.0,0.0,0.0,0.0,0.0,4,full_m3_data
7635,1963.0,1.226875,0.399,1.37,1229.9434538970963,1118.762098828324,-17506.447529291898,14726.913652572592,22.8763,1196,1079,1256,1161,17.6545,3.1397,29.9882,15.6888,2.1452,-2520.6159,1.0,0.0706,0.2297,1963.0,,,,0.0,0.0,0.043438,0.040817,0.010458,1.0,1.0,0.005679,0.003316,0.002522,0.002506,0.003958,0.002272,-0.005944,0.00109,1963,1.0,50.752,65.3557,QUALIFIED,,0.416094,0.006344,0.425973,,False,True,S1_ONLY,no_data,,0.043392,0.029174,0.000899,0.016863,3,full_m3_data
7649,1554.0,0.97125,0.4246,1.02,1249.1859716859717,1293.6087516087516,-13135.28120978121,14245.850707850706,19.3766,1227,1266,1288,1326,6.9337,2.4434,19.1948,6.0389,1.7876,-1874.0963,1.0,0.075,0.2347,1554.0,,,,0.0,0.0,0.070956,0.071794,0.019851,1.0,1.0,0.000382,-0.000428,0.002913,0.00295,0.001465,-0.00086,-0.00239,-0.007065,1554,1.0,0.5626,56.8385,QUALIFIED,,,-0.012702,1.587031,,False,True,S1_ONLY,no_data,,0.161663,,0.0,0.040416,2,partial_m3_data
7654,758.0,0.47375,0.5853,1.06,1254.502638522427,3107.872031662269,32221.30079155673,14112.934036939318,35.1768,1236,3092,1273,3127,7.2182,3.2794,20.1026,6.2981,2.7227,-1393.1034,1.0,0.1671,0.33,758.0,0.235949,0.221674,0.059804,1.0,1.0,,,,0.0,0.0,0.005861,0.004803,0.0044,0.00437,0.005837,-0.004205,0.005156,-0.000687,758,1.0,25.3927,84.5067,QUALIFIED,,0.180515,0.006818,1.720404,1.133243,True,False,CPR_ONLY,normal_low,0.05105,0.175249,0.012657,0.000966,0.064404,4,full_m3_data
7664,879.0,0.549375,0.4569,1.41,1234.938566552901,3115.122866894198,32402.57167235496,14602.035836177474,35.541,1216,3090,1253,3142,9.2783,4.1325,22.358,7.86,3.131,-1417.0355,1.0,0.0074,0.0544,879.0,0.27898,0.269749,0.051364,1.0,1.0,,,,0.0,0.0,0.012061,0.011009,0.014016,0.013714,0.019676,0.012961,0.017709,0.017207,879,1.0,25.3927,84.5067,QUALIFIED,,0.087223,0.021547,0.341279,0.028347,True,False,CPR_ONLY,normal_low,0.001277,0.034764,0.006116,0.003053,0.010972,4,full_m3_data
7687,185.0,0.115625,0.3083,1.04,1255.827027027027,2748.291891891892,23231.797297297293,14079.824324324323,27.1655,1246,2736,1270,2761,5.2385,2.3609,11.1254,4.7004,1.9762,-2037.8621,1.0,0.1587,0.2985,185.0,0.248993,0.249579,0.050257,1.0,1.0,,,,0.0,0.0,0.012182,0.005157,0.003217,0.005593,0.010957,-0.000762,0.002785,-0.010528,185,1.0,33.5851,91.8903,QUALIFIED,,0.57667,-0.738576,1.069545,4.780251,True,False,CPR_ONLY,normal_low,0.215338,0.108949,0.040433,0.0,0.110692,4,full_m3_data
7751,2922.0,1.82625,0.5352,1.29,1240.9394250513346,1803.9079397672824,-377.80150581793714,14452.014373716633,14.4564,1198,1771,1282,1836,11.5294,3.5813,26.7909,10.0502,2.5787,-1547.3932,1.0,0.0362,0.1689,2922.0,0.199725,0.186942,0.061429,0.991786,0.991786,,,,0.0,0.0,0.03078,0.036662,0.055449,0.056947,0.070439,0.067598,0.070115,0.073084,2922,1.0,85.0522,75.7671,QUALIFIED,,-0.191098,-0.027016,0.040333,-0.042345,True,False,CPR_ONLY,normal_low,0.0,0.004109,0.0,0.0,0.001027,4,full_m3_data
7755,180.0,0.1125,0.5357,1.71,1251.0777777777778,2658.6444444444446,20990.61111111111,14198.555555555557,25.3419,1239,2652,1263,2666,4.5307,1.7264,12.8877,3.7717,1.0256,-2065.6296,1.0,0.0138,0.091,180.0,0.22946,0.223321,0.03418,1.0,1.0,,,,0.0,0.0,0.010859,0.00835,0.005456,0.008095,0.010267,0.000967,-0.001363,-0.003869,180,1.0,33.5851,91.8903,QUALIFIED,,0.231053,-0.483688,0.905815,,True,False,CPR_ONLY,normal_low,,0.092271,0.0162,0.0,0.026308,3,full_m3_data
7770,368.0,0.23,0.5076,1.16,1247.6983695652175,1988.266304347826,4231.157608695648,14283.040760869564,14.8962,1236,1974,1261,2003,8.1983,2.8629,18.474,7.3288,1.9297,-571.4151,1.0,0.0349,0.1572,368.0,0.251946,0.249151,0.050685,1.0,1.0,,,,0.0,0.0,0.060089,0.075017,0.111976,0.117189,0.143954,0.143653,0.150129,0.155353,368,1.0,85.0522,75.7671,QUALIFIED,,-0.248431,-0.046555,0.002091,-0.034797,True,False,CPR_ONLY,normal_low,0.0,0.000213,0.0,0.0,5.3e-05,4,full_m3_data
7775,470.0,0.29375,0.3436,1.06,1267.8,1368.9404255319148,-11251.98936170213,13780.5,17.79,1247,1351,1285,1387,12.2315,3.0477,20.9738,10.7681,2.1191,-1886.1186,1.0,0.9267,0.2419,470.0,,,,0.0,0.0,0.055713,0.053974,0.010415,1.0,1.0,0.001156,0.000519,0.001782,0.001962,0.002776,-0.000264,-0.004294,-0.004561,470,1.0,0.5626,56.8385,QUALIFIED,,0.551038,-0.10101,1.095101,,False,True,S1_ONLY,no_data,,0.111553,0.038636,0.0,0.035615,3,full_m3_data
7790,884.0,0.5525,0.5443,1.93,1261.8325791855204,1972.3993212669684,3834.483031674208,13929.685520361989,14.4475,1247,1947,1276,2003,7.0966,3.9989,23.621,6.0909,2.4407,-540.1939,1.0,0.0438,0.1677,884.0,0.25998,0.26076,0.056062,0.986425,0.986425,,,,0.0,0.0,0.082218,0.102338,0.150218,0.159844,0.195691,0.199162,0.206921,0.221097,884,1.0,85.0522,75.7671,QUALIFIED,,-0.244715,-0.06408,-0.017737,-0.068509,True,False,CPR_ONLY,normal_low,0.0,0.0,0.0,0.0,0.0,4,full_m3_data
7808,313.0,0.195625,0.5008,1.0,1255.4600638977636,2404.9424920127794,14648.062300319483,14088.99840255591,20.324,1244,2394,1269,2419,5.3219,2.7723,17.8755,4.4592,1.2712,-1833.0358,1.0,0.1219,0.2598,313.0,0.329486,0.326495,0.046577,1.0,1.0,,,,0.0,0.0,0.040319,0.044064,0.054314,0.054743,0.066682,0.066664,0.06788,0.062602,313,1.0,33.5851,91.8903,QUALIFIED,,-0.092884,-0.007899,0.00027,0.077755,True,False,CPR_ONLY,normal_low,0.003503,2.8e-05,0.0,0.0,0.001233,4,full_m3_data
7842,818.0,0.51125,0.6312,1.0,1265.6283618581906,3223.4022004889976,35109.55501222494,13834.790953545236,37.7373,1247,3207,1283,3243,7.9307,3.8456,21.1542,6.9441,2.8884,-1225.6124,1.0,0.0162,0.1033,818.0,0.279797,0.277535,0.043243,1.0,1.0,,,,0.0,0.0,0.040954,0.04952,0.071668,0.078619,0.08842,0.098395,0.090679,0.095429,818,1.0,31.5436,77.8519,QUALIFIED,,-0.209161,-0.096989,-0.112814,-0.052383,True,False,CPR_ONLY,normal_low,0.0,0.0,0.0,0.0,0.0,4,full_m3_data
7844,649.0,0.405625,0.5012,1.06,1257.5100154083204,798.1386748844376,-25522.03312788906,14037.749614791988,29.1272,1241,779,1276,816,17.1167,3.0596,28.0302,15.1784,1.7791,-986.9071,1.0,0.0014,0.0361,649.0,0.20503,0.201172,0.038469,0.285054,0.285054,0.048298,0.043916,0.013762,1.0,1.0,0.003024,0.005267,0.002375,0.001858,0.005597,0.002618,0.011247,-0.000613,649,1.0,162.995,83.983,QUALIFIED,,-0.741733,0.217684,0.532249,1.054503,True,True,BOTH,normal_low,0.047503,0.054218,0.0,0.030848,0.03635,4,full_m3_data
7864,196.0,0.1225,0.5013,1.35,1261.1020408163265,3292.658163265306,36840.95408163265,13947.948979591838,39.3932,1254,3282,1271,3305,11.6298,4.0791,23.4161,10.1036,2.5856,-1243.7555,1.0,0.0022,0.0287,196.0,0.224736,0.223499,0.032657,1.0,1.0,,,,0.0,0.0,0.114243,0.138235,0.190423,0.220877,0.250298,0.249171,0.26645,0.277984,196,1.0,31.5436,77.8519,QUALIFIED,,-0.210008,-0.159928,0.004503,-0.043288,True,False,CPR_ONLY,normal_low,0.0,0.000459,0.0,0.0,0.000115,4,full_m3_data
7876,1270.0,0.79375,0.4834,1.92,1277.976377952756,1699.8787401574805,-2978.531496062991,13526.090551181103,13.8496,1244,1681,1315,1718,10.249,4.5631,26.5126,8.832,3.4411,-1824.1715,1.0,0.0298,0.1445,1270.0,0.218868,0.208768,0.052477,0.277165,0.277165,,,,0.0,0.0,0.00932,0.00805,0.0127,0.012092,0.015619,0.008229,0.013584,0.011865,1270,1.0,85.0522,75.7671,QUALIFIED,,0.136266,0.047874,0.473142,0.126546,True,False,CPR_ONLY,normal_low,0.005701,0.048197,0.009554,0.006784,0.017312,4,full_m3_data
7893,980.0,0.6125,0.5057,1.68,1279.0683673469389,2487.772448979592,16718.8112244898,13498.790816326527,21.4881,1252,2469,1309,2503,6.2069,3.3965,22.4703,5.1664,2.3702,-1910.2402,1.0,0.1831,0.3342,980.0,0.368136,0.357974,0.080108,1.0,1.0,,,,0.0,0.0,0.012256,0.007796,0.006621,0.007519,0.01343,0.005015,0.002972,0.003878,980,1.0,33.5851,91.8903,QUALIFIED,,0.363903,-0.135629,0.626582,-0.304845,True,False,CPR_ONLY,normal_low,0.0,0.063827,0.025515,0.0,0.02106,4,full_m3_data
7916,684.0,0.4275,0.6064,1.96,1259.4619883040937,1838.578947368421,488.9736842105267,13988.950292397658,13.997,1235,1828,1282,1852,18.2877,3.1697,26.9316,16.3752,2.0265,-1382.6761,1.0,0.0,0.0,684.0,0.187239,0.182214,0.051198,0.951754,0.951754,,,,0.0,0.0,0.051151,0.070415,0.102642,0.107412,0.131304,0.133042,0.133778,0.133842,684,1.0,85.0522,75.7671,QUALIFIED,,-0.37661,-0.046472,-0.013236,-0.000478,True,False,CPR_ONLY,normal_low,0.0,0.0,0.0,0.0,0.0,4,full_m3_data
7990,286.0,0.17875,0.5417,1.09,1269.9755244755245,2294.041958041958,11875.54895104895,13726.11188811189,18.1503,1259,2283,1283,2305,9.6391,3.0711,16.0341,8.7657,1.996,-1593.3766,1.0,0.1169,0.2453,286.0,0.197347,0.191072,0.050116,1.0,1.0,,,,0.0,0.0,0.04878,0.06365,0.088976,0.102344,0.121694,0.112524,0.116802,0.120414,286,1.0,86.6499,88.4185,QUALIFIED,,-0.304838,-0.150243,0.075353,-0.030924,True,False,CPR_ONLY,normal_low,0.0,0.007676,0.0,0.0,0.001919,4,full_m3_data
8001,461.0,0.288125,0.4647,1.03,1268.1041214750542,3251.288503253796,35806.71258134491,13772.896963123649,38.3645,1252,3237,1284,3268,7.32,3.9084,21.6286,6.0089,2.3754,-1231.6525,1.0,0.045,0.1841,461.0,0.22894,0.226995,0.035938,1.0,1.0,,,,0.0,0.0,0.059945,0.070624,0.103145,0.110729,0.128733,0.134514,0.132948,0.136481,461,1.0,31.5436,77.8519,QUALIFIED,,-0.178147,-0.073528,-0.044907,-0.026574,True,False,CPR_ONLY,normal_low,0.0,0.0,0.0,0.0,0.0,4,full_m3_data
8035,669.0,0.418125,0.3477,1.41,1270.9775784753365,2677.8011958146485,21469.529895366213,13701.060538116595,25.469,1253,2654,1290,2706,4.5248,2.6823,14.8595,3.4928,1.6772,-2062.0214,1.0,0.1633,0.3275,669.0,0.207474,0.200263,0.03924,1.0,1.0,,,,0.0,0.0,0.010428,0.006718,0.004869,0.003388,0.004782,-0.012034,-0.001368,-0.001242,669,1.0,33.5851,91.8903,QUALIFIED,,0.355773,0.304169,3.51652,,True,False,CPR_ONLY,normal_low,,0.358211,0.024945,0.043103,0.103162,3,full_m3_data
8093,281.0,0.175625,0.4913,1.18,1293.3772241992883,1041.1637010676156,-19446.40747330961,13141.069395017792,23.4695,1280,1031,1306,1053,17.3666,3.6075,27.2975,15.425,2.2991,-1995.9386,1.0,0.0,0.0,281.0,,,,0.0,0.0,0.039971,0.039535,0.004315,1.0,1.0,0.005398,0.002244,0.002152,0.003127,0.003551,0.006032,0.00135,0.003731,281,1.0,50.752,65.3557,QUALIFIED,,0.58429,-0.453067,-0.698676,-1.763704,False,True,S1_ONLY,no_data,0.0,0.0,0.040967,0.0,0.008193,4,full_m3_data
8105,369.0,0.230625,0.4578,1.19,1294.8428184281845,3072.688346883469,31341.708672086723,13104.429539295394,33.9713,1283,3060,1309,3091,7.4288,3.0365,18.6394,6.2226,1.8687,-1462.8376,1.0,0.0192,0.1191,369.0,0.242117,0.235578,0.041788,1.0,1.0,,,,0.0,0.0,0.012293,0.006849,0.004793,0.005316,0.006032,0.002553,0.001963,0.002056,369,1.0,25.3927,84.5067,QUALIFIED,,0.442854,-0.109117,0.576757,-0.047376,True,False,CPR_ONLY,normal_low,0.0,0.058751,0.031051,0.0,0.020898,4,full_m3_data
8107,260.0,0.1625,0.5159,1.14,1290.069230769231,806.2653846153846,-25318.865384615383,13223.769230769234,28.5635,1280,795,1301,819,17.4754,2.9141,27.7767,15.7108,1.5361,-847.874,1.0,0.0,0.0,260.0,,,,0.0,0.0,0.038862,0.037504,0.007021,1.0,1.0,0.00062,-0.004869,-2e-06,0.000812,-0.00037,-0.002561,-0.002382,-0.010773,260,1.0,50.752,65.3557,QUALIFIED,,,,,,False,True,S1_ONLY,no_data,,,,,0.0,0,no_m3_data
8109,353.0,0.220625,0.5094,1.57,1275.3314447592068,1412.28611898017,-10168.34702549575,13592.21388101983,16.9741,1260,1402,1293,1423,4.5233,2.1737,11.3891,3.9101,1.7856,-2034.5141,1.0,0.8567,0.3141,353.0,,,,0.0,0.0,0.07282,0.07561,0.016039,1.0,1.0,0.000834,0.001855,0.002694,0.002615,0.002989,0.011477,0.00215,-0.001712,353,1.0,0.5626,56.8385,QUALIFIED,,,0.029324,-2.839746,1.796279,False,True,S1_ONLY,no_data,0.080918,0.0,,0.004155,0.029152,3,full_m3_data
8115,410.0,0.25625,0.5423,1.04,1302.0024390243902,2237.356097560976,10458.402439024394,12925.439024390244,16.6266,1288,2225,1316,2252,12.2616,3.9062,25.2251,10.7853,2.6532,-1225.34,1.0,0.05,0.1885,410.0,0.249131,0.240811,0.057181,1.0,1.0,,,,0.0,0.0,0.049092,0.062932,0.086371,0.08982,0.111447,0.094688,0.110806,0.112181,410,1.0,86.6499,88.4185,QUALIFIED,,-0.28192,-0.039932,0.150376,-0.012409,True,False,CPR_ONLY,normal_low,0.0,0.015318,0.0,0.0,0.00383,4,full_m3_data
8118,290.0,0.18125,0.4394,1.65,1292.9275862068966,1299.5793103448275,-12986.017241379312,13152.310344827583,18.4823,1283,1284,1303,1317,10.6092,3.6348,19.3899,9.2785,2.4738,-1848.8374,1.0,0.944,0.1878,290.0,,,,0.0,0.0,0.126704,0.125911,0.019596,1.0,1.0,0.002792,0.002444,0.003004,0.001259,0.002625,-0.002265,0.001608,-0.003728,290,1.0,0.5626,56.8385,QUALIFIED,,0.124642,0.580892,1.862857,3.318408,False,True,S1_ONLY,no_data,0.149485,0.18976,0.008739,0.082317,0.117971,4,full_m3_data
8119,1383.0,0.864375,0.4918,1.95,1293.9515545914678,1357.9544468546635,-11526.638828633404,13126.711135213303,17.4685,1273,1319,1311,1393,11.42,3.0423,22.0361,9.9808,2.2197,-1945.4642,1.0,0.9993,0.0183,1383.0,,,,0.0,0.0,0.081323,0.071929,0.028782,1.0,1.0,0.001325,-8.9e-05,0.001661,0.001013,0.002844,0.000468,0.000963,-0.001854,1383,1.0,0.5626,56.8385,QUALIFIED,,1.06717,0.390126,0.835443,,False,True,S1_ONLY,no_data,,0.085103,0.074824,0.055284,0.047297,3,full_m3_data
8120,134.0,0.08375,0.5234,1.0,1288.2761194029852,1540.0820895522388,-6973.447761194031,13268.59701492537,14.9888,1280,1533,1296,1549,7.3433,3.6926,19.1778,6.8168,3.1797,-2008.7158,1.0,0.0313,0.1451,134.0,,,,0.0,0.0,0.054379,0.052583,0.006645,1.0,1.0,0.01394,0.004128,0.005029,0.00423,0.001845,0.007274,-0.003846,-0.0038,134,1.0,0.5626,56.8385,QUALIFIED,,0.703874,0.158879,-2.942547,,False,True,S1_ONLY,no_data,,0.0,0.049352,0.022514,0.014373,3,full_m3_data
8128,178.0,0.11125,0.4684,1.05,1285.415730337079,3254.112359550562,35877.30898876405,13340.106741573032,38.2774,1275,3247,1295,3266,3.7957,2.1864,9.3945,3.6731,1.6883,-1209.4038,1.0,0.0501,0.1918,178.0,0.214493,0.213808,0.029322,1.0,1.0,,,,0.0,0.0,0.130833,0.164274,0.229855,0.248757,0.302571,0.301595,0.289278,0.306715,178,1.0,31.5436,77.8519,QUALIFIED,,-0.255601,-0.082234,0.003226,-0.060278,True,False,CPR_ONLY,normal_low,0.0,0.000329,0.0,0.0,8.2e-05,4,full_m3_data
8136,400.0,0.25,0.6993,1.18,1291.23,3193.905,34372.125,13194.75,36.818,1278,3184,1304,3206,5.9983,2.9947,18.2122,5.1645,2.25,-1244.0328,1.0,0.0996,0.2724,400.0,0.279381,0.276921,0.037478,1.0,1.0,,,,0.0,0.0,0.102958,0.131856,0.172409,0.190076,0.231914,0.233005,0.232296,0.240318,400,1.0,25.3927,84.5067,QUALIFIED,,-0.280678,-0.102471,-0.004704,-0.034534,True,False,CPR_ONLY,normal_low,0.0,0.0,0.0,0.0,0.0,4,full_m3_data
8137,1447.0,0.904375,0.5609,1.4,1315.3925362819627,3279.062197650311,36501.05494125778,12590.68659295093,38.6119,1290,3255,1350,3298,9.2321,3.5609,20.256,8.0508,2.3323,-1173.584,1.0,0.144,0.2941,1447.0,0.197827,0.182857,0.056674,1.0,1.0,,,,0.0,0.0,0.032028,0.041058,0.052458,0.057594,0.067727,0.066093,0.065995,0.066871,1398,0.9661,31.5436,77.8519,QUALIFIED,,-0.281941,-0.097907,0.024126,-0.013274,True,False,CPR_ONLY,normal_low,0.0,0.002458,0.0,0.0,0.000614,4,full_m3_data
8148,268.0,0.1675,0.536,1.25,1296.5932835820895,2442.8694029850744,15596.235074626864,13060.667910447764,20.3427,1289,2430,1309,2455,5.623,2.4126,13.0209,4.9068,1.5887,-1827.8267,1.0,0.137,0.2931,268.0,0.362963,0.341127,0.090931,1.0,1.0,,,,0.0,0.0,0.004146,-0.000816,0.002911,0.002413,0.00991,0.000446,0.002727,0.005008,268,1.0,33.5851,91.8903,QUALIFIED,,1.196816,0.171075,0.954995,-0.83645,True,False,CPR_ONLY,normal_low,0.0,0.097281,0.083914,0.024243,0.045952,4,full_m3_data
8179,758.0,0.47375,0.4887,1.42,1304.3878627968338,1080.3891820580477,-18465.77044854881,12865.803430079157,22.5052,1288,1059,1321,1106,13.7495,2.6356,21.885,12.2008,1.473,-2114.199,1.0,0.0089,0.079,758.0,,,,0.0,0.0,0.048079,0.047238,0.007159,1.0,1.0,0.004412,0.00448,0.004959,0.0031,0.004207,0.003707,0.004754,-0.000336,758,1.0,50.752,65.3557,QUALIFIED,,-0.015413,0.374874,0.11885,1.070677,False,True,S1_ONLY,no_data,0.048231,0.012107,0.0,0.053123,0.030532,4,full_m3_data
8190,715.0,0.446875,0.4062,1.1,1288.6125874125871,2466.288111888112,16181.702797202794,13260.185314685315,20.9209,1264,2451,1308,2491,7.7876,4.2119,25.4628,6.1548,2.5913,-1859.5126,1.0,0.1363,0.3115,715.0,0.400105,0.400627,0.09654,1.0,1.0,,,,0.0,0.0,0.014349,0.012194,0.008649,0.008143,0.012673,0.007922,0.007294,0.004483,715,1.0,33.5851,91.8903,QUALIFIED,,0.150185,0.058504,0.374892,0.385385,True,False,CPR_ONLY,normal_low,0.017361,0.038188,0.01053,0.00829,0.019387,4,full_m3_data
8208,576.0,0.36,0.5824,1.87,1291.451388888889,3177.9670138888887,33973.67534722222,13189.215277777776,36.4443,1269,3165,1312,3188,9.8418,4.4575,22.1633,8.6016,3.6154,-1284.9757,1.0,0.0635,0.2046,576.0,0.273869,0.273102,0.042462,1.0,1.0,,,,0.0,0.0,0.074465,0.085408,0.118906,0.130888,0.155373,0.15403,0.159354,0.16149,576,1.0,25.3927,84.5067,QUALIFIED,,-0.146955,-0.100769,0.008644,-0.013404,True,False,CPR_ONLY,normal_low,0.0,0.000881,0.0,0.0,0.00022,4,full_m3_data
8209,1258.0,0.78625,0.5248,1.09,1302.0794912559618,3362.3426073131955,38583.06518282989,12923.512718600956,40.6902,1281,3333,1328,3384,8.2997,4.458,23.4688,7.4072,3.7852,-900.1581,1.0,0.0202,0.1132,1258.0,0.238147,0.223355,0.060042,1.0,1.0,,,,0.0,0.0,0.063008,0.076409,0.107189,0.112405,0.137164,0.138416,0.144685,0.14462,1258,1.0,31.5436,77.8519,QUALIFIED,,-0.212687,-0.048662,-0.009128,0.000449,True,False,CPR_ONLY,normal_low,2e-05,0.0,0.0,0.0,7e-06,4,full_m3_data
8233,1045.0,0.653125,0.6273,1.44,1318.6229665071771,2540.3473684210526,18033.18421052632,12509.925837320574,21.9477,1293,2524,1342,2558,5.9749,2.758,18.0338,4.8796,1.4991,-1928.963,1.0,0.0583,0.1942,1045.0,0.316077,0.304453,0.069873,1.0,1.0,,,,0.0,0.0,0.003527,0.003864,0.002071,-0.001288,0.000644,-0.000785,-0.00174,-0.006602,1045,1.0,33.5851,91.8903,QUALIFIED,,-0.095549,1.621922,,,True,False,CPR_ONLY,normal_low,,,0.0,0.229839,0.045968,2,partial_m3_data
8236,1762.0,1.10125,0.5422,1.3,1291.7678774120318,1819.6691259931893,16.22814982973796,13181.303064699205,13.1808,1257,1793,1322,1843,13.1949,3.6798,24.7793,11.6156,2.7041,-1433.9721,1.0,0.0081,0.0726,1762.0,0.20549,0.201292,0.047322,0.152667,0.152667,,,,0.0,0.0,0.047889,0.060471,0.087469,0.092996,0.114277,0.111702,0.11753,0.123057,1762,1.0,85.0522,75.7671,QUALIFIED,,-0.262733,-0.063188,0.022533,-0.047026,True,False,CPR_ONLY,normal_low,0.0,0.002295,0.0,0.0,0.000574,4,full_m3_data
8247,1798.0,1.12375,0.4913,1.02,1322.6846496106784,2501.5339265850944,17062.848164627358,12408.383759733042,21.0977,1294,2471,1354,2532,7.0096,3.337,23.6009,5.696,2.0702,-1856.8047,1.0,0.1096,0.264,1798.0,0.360028,0.349264,0.079817,1.0,1.0,,,,0.0,0.0,0.002586,0.002185,0.00066,-0.000448,0.001237,-0.001647,-0.003976,-0.006785,1631,0.9071,33.5851,91.8903,QUALIFIED,,0.155066,,2.331447,,True,False,CPR_ONLY,normal_low,,0.237493,0.010872,,0.061548,2,partial_m3_data
8249,1218.0,0.76125,0.6506,1.44,1300.9408866995077,2832.297208538588,25331.93021346469,12951.977832512312,28.4512,1286,2806,1322,2858,8.3523,3.8129,27.7128,7.0676,2.695,-1921.5385,1.0,0.1451,0.3323,1218.0,0.257516,0.251274,0.044166,1.0,1.0,,,,0.0,0.0,0.01695,0.017152,0.015789,0.016638,0.019418,0.022542,0.019865,0.020256,1218,1.0,25.3927,84.5067,QUALIFIED,,-0.011917,-0.053772,-0.160882,-0.019683,True,False,CPR_ONLY,normal_low,0.0,0.0,0.0,0.0,0.0,4,full_m3_data
8266,393.0,0.245625,0.3211,1.06,1297.819338422392,1415.3384223918574,-10092.039440203567,13030.016539440205,16.4805,1278,1397,1314,1431,4.182,1.5122,9.1836,3.3509,0.8048,-2051.8251,1.0,0.8825,0.3083,393.0,,,,0.0,0.0,0.073065,0.072341,0.010161,1.0,1.0,0.002828,-0.000397,0.001178,0.000233,0.000872,0.002516,0.002135,-0.001139,393,1.0,0.5626,56.8385,QUALIFIED,,1.140382,0.802207,,1.533489,False,True,S1_ONLY,no_data,0.06908,,0.079957,0.113679,0.062905,3,full_m3_data
8268,4413.0,2.758125,0.3823,1.07,1311.3467029231815,1552.3879447088148,-6665.801382279635,12691.83242692046,14.3351,1263,1504,1367,1615,7.8109,3.605,28.0814,6.4973,2.6122,-1924.2846,1.0,0.0876,0.2585,4413.0,,,,0.0,0.0,0.053878,0.051001,0.013223,0.88058,0.88058,0.012144,0.004229,0.003536,0.005876,0.006333,0.000586,-0.001179,0.000541,4413,1.0,0.5626,56.8385,QUALIFIED,,0.651762,-0.661765,0.907469,,False,True,S1_ONLY,no_data,,0.09244,0.045698,0.0,0.03225,3,full_m3_data
8298,1144.0,0.715,0.6231,1.59,1309.0655594405594,1677.125,-3547.375,12748.861013986016,13.2326,1283,1659,1337,1693,7.2326,3.4975,21.1128,6.1183,2.4387,-1793.5486,1.0,0.0546,0.2078,1144.0,,,,0.0,0.0,0.056587,0.055394,0.008252,0.413462,0.413462,0.004861,0.002011,0.006998,0.004509,0.004601,-0.003253,-0.00199,0.003676,1144,1.0,85.0522,75.7671,QUALIFIED,,0.586299,0.355673,1.70702,,False,True,S1_ONLY,no_data,,0.173886,0.041108,0.050402,0.061774,3,full_m3_data
8305,300.0,0.1875,0.5848,1.42,1310.04,1423.8866666666668,-9878.333333333328,12724.5,16.1081,1296,1415,1323,1434,3.864,1.8529,9.0012,2.8279,1.1555,-2059.4284,1.0,0.9743,0.1315,300.0,,,,0.0,0.0,0.086319,0.084841,0.012844,1.0,1.0,0.002527,0.003762,-0.001833,0.001599,-0.000315,-0.009259,-0.004926,-0.002025,300,1.0,0.5626,56.8385,QUALIFIED,,-0.488722,,,,False,True,S1_ONLY,no_data,,,0.0,,0.0,1,partial_m3_data
8312,862.0,0.53875,0.5282,1.41,1301.9245939675177,2563.92343387471,18622.585846867754,12927.385150812064,22.6699,1288,2541,1322,2589,6.1404,3.2859,19.8407,4.9706,2.2318,-1979.7014,1.0,0.0668,0.2022,862.0,0.2626,0.257235,0.04877,1.0,1.0,,,,0.0,0.0,0.013901,0.005633,0.00596,0.00498,0.005728,0.005221,0.004163,-0.000767,862,1.0,33.5851,91.8903,QUALIFIED,,0.594777,0.16443,0.088513,1.184242,True,False,CPR_ONLY,normal_low,0.053347,0.009016,0.041703,0.023301,0.033926,4,full_m3_data
8315,248.0,0.155,0.599,1.28,1315.451612903226,3389.947580645161,39273.18951612903,12589.209677419356,41.2419,1305,3382,1328,3400,7.7611,3.2909,18.3488,6.4155,2.1569,-910.1034,1.0,0.0047,0.0616,248.0,0.214596,0.214351,0.0253,1.0,1.0,,,,0.0,0.0,0.004729,0.008536,0.0077,0.006176,0.004505,0.005213,7.5e-05,-0.005753,248,1.0,31.5436,77.8519,QUALIFIED,,-0.805033,0.197922,-0.157159,,True,False,CPR_ONLY,normal_low,,0.0,0.0,0.028047,0.005609,3,full_m3_data
8381,2408.0,1.505,0.4549,1.18,1314.7088870431894,2703.762043189369,22118.55107973421,12607.777823920267,25.4597,1283,2669,1350,2748,6.9316,2.6635,20.7348,5.7717,1.8487,-1989.8596,1.0,0.1451,0.325,2408.0,0.256944,0.256197,0.045324,1.0,1.0,,,,0.0,0.0,0.008387,0.003522,0.002993,0.002491,0.003603,0.001254,-0.000671,-0.006097,2408,1.0,33.5851,91.8903,QUALIFIED,,0.580064,0.167725,0.651957,,True,False,CPR_ONLY,normal_low,,0.066412,0.040671,0.023768,0.029491,3,full_m3_data
8384,136.0,0.085,0.5812,1.38,1321.0882352941176,561.2720588235294,-31443.69852941177,12448.294117647063,33.8175,1314,552,1327,570,6.1921,4.5029,19.6857,5.5872,3.2441,1558.9541,1.0,1.0,0.0,136.0,,,,0.0,0.0,0.316816,0.206833,0.2416,1.0,1.0,0.011737,0.005895,0.004293,0.005402,0.00621,0.004763,0.007498,0.001011,136,1.0,162.995,83.983,QUALIFIED,,0.497742,-0.258328,0.233011,0.865164,False,True,S1_ONLY,no_data,0.038973,0.023736,0.034899,0.0,0.026554,4,full_m3_data
8408,262.0,0.16375,0.6895,1.05,1321.3969465648854,2734.446564885496,22885.6641221374,12440.576335877864,26.0486,1312,2725,1331,2745,5.6155,2.5018,11.7149,4.6796,1.6915,-1946.5942,1.0,0.1507,0.3186,262.0,0.274191,0.266347,0.047874,1.0,1.0,,,,0.0,0.0,0.002309,0.004441,0.002214,-0.000232,0.001428,-0.001228,-0.001619,-0.00342,262,1.0,33.5851,91.8903,QUALIFIED,,-0.923343,1.104788,1.859944,,True,False,CPR_ONLY,normal_low,,0.189464,0.0,0.156557,0.078677,3,full_m3_data
8415,445.0,0.278125,0.465,1.14,1326.761797752809,1606.2606741573034,-5318.983146067418,12306.45505617978,13.4061,1310,1592,1343,1621,6.8022,3.9713,26.1067,5.9043,2.9511,-1847.8968,1.0,0.0387,0.1672,445.0,,,,0.0,0.0,0.047883,0.046025,0.009356,1.0,1.0,0.013743,0.003239,0.0052,0.006227,0.010454,0.000137,1.8e-05,0.001562,445,1.0,85.0522,75.7671,QUALIFIED,,0.764316,-0.1975,0.986895,,False,True,S1_ONLY,no_data,,0.10053,0.05359,0.0,0.03585,3,full_m3_data
8420,208.0,0.13,0.644,1.12,1326.4903846153843,2468.350961538461,16233.27403846154,12313.24038461539,20.375,1318,2460,1337,2477,7.1875,2.9031,17.9953,6.7088,1.9773,-1761.8613,1.0,0.0506,0.1832,208.0,0.362676,0.351517,0.073257,1.0,1.0,,,,0.0,0.0,0.003247,0.002325,0.0013,0.000464,-0.000904,-0.000342,-0.002026,-0.003916,208,1.0,33.5851,91.8903,QUALIFIED,,0.283954,0.643077,,,True,False,CPR_ONLY,normal_low,,,0.019909,0.091129,0.022208,2,partial_m3_data
8422,954.0,0.59625,0.5521,1.33,1320.1331236897274,2804.1813417190774,24629.033542976933,12472.171907756812,27.6072,1298,2787,1346,2823,11.6323,3.5182,21.8417,9.8456,2.3247,-1850.8356,1.0,0.0028,0.0322,954.0,0.300979,0.292836,0.05534,1.0,1.0,,,,0.0,0.0,0.019534,0.022902,0.029339,0.033345,0.039395,0.035268,0.037177,0.034685,954,1.0,25.3927,84.5067,QUALIFIED,,-0.172417,-0.136542,0.104759,0.067031,True,False,CPR_ONLY,normal_low,0.00302,0.010671,0.0,0.0,0.003725,4,full_m3_data
8458,667.0,0.416875,0.5349,1.48,1322.887556221889,1402.0104947526238,-10425.237631184404,12403.311094452773,16.202,1309,1380,1338,1423,3.492,1.9175,12.2482,2.607,0.9824,-2070.0788,1.0,0.997,0.0413,667.0,,,,0.0,0.0,0.075933,0.074832,0.00953,1.0,1.0,0.002036,0.002899,-0.000347,0.004939,0.004341,-0.006594,-0.001562,0.00397,667,1.0,0.5626,56.8385,QUALIFIED,,-0.42387,,2.519005,,False,True,S1_ONLY,no_data,,0.256599,0.0,,0.06415,2,partial_m3_data
8470,870.0,0.54375,0.4703,1.35,1351.6022988505747,1484.8850574712644,-8353.373563218389,11685.442528735635,14.3634,1327,1468,1377,1505,6.6895,2.7192,15.7987,5.5666,1.6307,-1925.6628,1.0,0.0406,0.1541,870.0,,,,0.0,0.0,0.060016,0.058809,0.009552,1.0,1.0,0.00383,0.000383,0.000826,0.002575,0.001973,-0.00971,-0.002489,0.00205,870,1.0,0.5626,56.8385,QUALIFIED,,0.9,,5.921439,,False,True,S1_ONLY,no_data,,0.603189,0.063103,,0.163418,2,partial_m3_data
8475,252.0,0.1575,0.5767,1.21,1331.8333333333333,3379.055555555556,39000.88888888889,12179.666666666672,40.8588,1323,3367,1342,3390,4.0384,1.8581,10.8362,2.754,0.8003,-886.1587,1.0,0.0748,0.2094,252.0,0.188611,0.189185,0.019779,1.0,1.0,,,,0.0,0.0,-0.000406,0.003094,0.000805,0.001821,0.001195,-0.00221,-0.002006,-0.005439,252,1.0,31.5436,77.8519,QUALIFIED,,,,2.849372,,True,False,CPR_ONLY,normal_low,,0.290252,,,0.072563,1,partial_m3_data
8482,194.0,0.12125,0.5105,1.05,1326.90206185567,2823.448453608248,25110.71134020618,12302.948453608244,27.9629,1318,2815,1337,2835,10.0586,1.9793,16.3945,9.462,1.2662,-1861.4753,1.0,0.0008,0.0115,194.0,0.279595,0.263961,0.054284,1.0,1.0,,,,0.0,0.0,0.001194,0.003086,0.001652,0.001126,0.003177,-0.005395,-0.004401,-0.007351,194,1.0,25.3927,84.5067,QUALIFIED,,-1.58459,0.318402,2.698143,,True,False,CPR_ONLY,normal_low,,0.274847,0.0,0.04512,0.077736,3,full_m3_data
8486,141.0,0.088125,0.4406,1.25,1336.914893617021,887.3404255319149,-23291.989361702126,12052.627659574464,26.2249,1327,879,1347,895,14.8177,3.1137,25.4251,13.5873,1.0431,-1087.4641,1.0,0.0,0.0,141.0,,,,0.0,0.0,0.069662,0.063861,0.012796,1.0,1.0,0.002674,0.000693,-0.001084,-0.000164,-0.000671,-0.005729,-0.006343,-0.00365,141,1.0,50.752,65.3557,QUALIFIED,,0.740838,,,,False,True,S1_ONLY,no_data,,,0.051944,,0.010389,1,partial_m3_data
8499,1685.0,1.053125,0.3551,1.12,1317.8985163204748,1482.886646884273,-8403.333827893177,12528.037091988132,15.0847,1279,1453,1352,1518,11.8857,4.3014,23.3722,10.1241,3.2818,-1995.0723,1.0,0.043,0.1738,1685.0,,,,0.0,0.0,0.067458,0.066553,0.012512,1.0,1.0,0.004191,0.001967,0.001843,0.003089,0.003339,-0.005027,-0.003156,-0.000736,1685,1.0,0.5626,56.8385,QUALIFIED,,0.530661,-0.676072,2.505541,,False,True,S1_ONLY,no_data,,0.255228,0.037207,0.0,0.071248,3,full_m3_data
8503,1281.0,0.800625,0.5882,2.0,1316.857142857143,1347.847775175644,-11779.305620608897,12554.071428571428,17.2143,1301,1314,1334,1380,10.6583,3.8481,24.3341,9.368,3.0783,-2000.8348,1.0,1.0,0.0,1281.0,,,,0.0,0.0,0.137865,0.127298,0.053193,1.0,1.0,0.001872,0.001034,0.000116,0.002384,0.002021,-0.003853,0.000442,-0.000136,1281,1.0,0.5626,56.8385,QUALIFIED,,0.44765,,2.906482,,False,True,S1_ONLY,no_data,,0.29607,0.031387,,0.080295,2,partial_m3_data
8508,170.0,0.10625,0.5903,1.12,1338.4,2405.241176470588,14655.5294117647,12015.5,18.9515,1330,2398,1348,2414,5.9165,2.888,13.1921,4.5922,1.1134,-1610.0009,1.0,0.0762,0.2327,170.0,0.360501,0.345191,0.0767,1.0,1.0,,,,0.0,0.0,0.002539,-0.001233,-0.003925,0.000133,-0.000293,-0.00573,-0.009109,-0.019653,170,1.0,33.5851,91.8903,QUALIFIED,,1.485624,,,,True,False,CPR_ONLY,normal_low,,,0.104164,,0.020833,1,partial_m3_data
8525,1494.0,0.93375,0.3827,1.05,1332.8922356091032,2841.481927710844,25561.548192771093,12153.19410977242,28.3038,1303,2811,1367,2872,12.1144,3.6096,24.8934,10.3438,2.6015,-1821.1558,1.0,0.0528,0.2043,1494.0,0.332144,0.296381,0.111607,1.0,1.0,,,,0.0,0.0,0.002058,0.004771,0.003474,0.001291,0.004785,0.000561,0.000863,-0.002287,1494,1.0,25.3927,84.5067,QUALIFIED,,-1.31827,0.628382,0.882759,,True,False,CPR_ONLY,normal_low,,0.089922,0.0,0.089047,0.04029,3,full_m3_data
8528,202.0,0.12625,0.4622,1.21,1334.0,3392.1188118811883,39327.47029702971,12125.5,41.1546,1322,3382,1345,3401,3.8303,2.5047,14.4267,2.9324,1.09,-892.6695,1.0,0.0501,0.1579,202.0,0.187336,0.186294,0.031845,1.0,1.0,,,,0.0,0.0,-0.000422,0.002161,-0.000198,0.002375,-0.000197,-0.003187,-0.004398,-0.007279,202,1.0,31.5436,77.8519,QUALIFIED,,,,,,True,False,CPR_ONLY,normal_low,,,,,0.0,0,no_m3_data
8582,700.0,0.4375,0.5263,1.09,1340.31,1381.1228571428571,-10947.428571428572,11967.75,16.2188,1322,1366,1360,1401,3.702,1.8729,9.4064,3.1509,1.3353,-2058.681,1.0,0.9993,0.0181,700.0,,,,0.0,0.0,0.078949,0.078186,0.012448,1.0,1.0,0.000697,-0.000446,0.001889,0.002069,0.006723,-0.007865,-0.002952,-0.001729,700,1.0,0.5626,56.8385,QUALIFIED,,,-0.095289,2.169865,,False,True,S1_ONLY,no_data,,0.221034,,0.0,0.055258,2,partial_m3_data
8592,1160.0,0.725,0.4158,1.38,1338.098275862069,2655.5758620689653,20913.89655172413,12023.043103448275,24.1237,1308,2637,1370,2682,4.342,1.7656,12.9219,3.6346,1.0533,-1998.9813,1.0,0.0788,0.2276,1160.0,0.206063,0.202622,0.033097,1.0,1.0,,,,0.0,0.0,0.001907,0.005321,0.002193,0.001465,0.002405,-0.002156,-0.002754,-0.011857,1160,1.0,33.5851,91.8903,QUALIFIED,,-1.790246,0.331965,1.896466,,True,False,CPR_ONLY,normal_low,,0.193184,0.0,0.047042,0.057704,3,full_m3_data
8600,2700.0,1.6875,0.5,1.04,1355.8792592592592,1638.0607407407408,-4523.981481481482,11578.518518518518,12.4303,1322,1600,1394,1675,6.7119,3.1596,29.775,5.5747,1.8939,-1752.6835,1.0,0.0683,0.2217,2700.0,,,,0.0,0.0,0.068036,0.065281,0.018292,1.0,1.0,0.011868,0.004912,0.006391,0.004501,0.006545,-0.00042,0.000268,0.002016,2700,1.0,85.0522,75.7671,QUALIFIED,,0.586114,0.295728,1.064171,,False,True,S1_ONLY,no_data,,0.108402,0.041095,0.041907,0.043701,3,full_m3_data
8608,770.0,0.48125,0.4242,1.67,1326.3337662337665,1050.2350649350649,-19219.62337662337,12317.155844155845,22.8271,1299,1031,1354,1064,16.1341,3.4831,26.109,14.2387,2.2209,-1894.5805,1.0,0.0242,0.1312,770.0,,,,0.0,0.0,0.046491,0.043788,0.011427,1.0,1.0,0.003443,0.003952,0.00153,0.002207,0.003715,-0.001843,0.003207,-0.000186,770,1.0,50.752,65.3557,QUALIFIED,,-0.147836,-0.442484,1.496097,1.057998,False,True,S1_ONLY,no_data,0.04766,0.1524,0.0,0.0,0.054781,4,full_m3_data
8624,479.0,0.299375,0.3651,1.28,1341.5219206680586,3369.7432150313152,38768.08037578288,11937.45198329854,40.5647,1318,3357,1359,3389,5.2353,2.2085,12.4551,4.4116,1.5944,-883.3777,1.0,0.0154,0.0929,479.0,0.186966,0.18585,0.02462,1.0,1.0,,,,0.0,0.0,0.000339,0.00251,0.002294,0.000547,0.001087,0.000162,-0.002576,0.00061,479,1.0,31.5436,77.8519,QUALIFIED,,,0.761552,0.850966,,True,False,CPR_ONLY,normal_low,,0.086684,,0.107918,0.043255,2,partial_m3_data
8631,848.0,0.53,0.5303,1.05,1336.7641509433963,2328.116745283018,12727.418632075469,12056.39622641509,17.5312,1317,2310,1356,2351,11.3507,4.6248,29.6646,9.9054,3.6022,-1532.326,1.0,0.0379,0.1584,848.0,0.32416,0.321278,0.075189,1.0,1.0,0.045472,0.041304,0.013479,0.365566,0.365566,0.004953,0.011483,0.002768,3.7e-05,1.2e-05,-0.000409,-0.002689,-0.004612,848,1.0,86.6499,88.4185,QUALIFIED,,-1.318393,0.986633,,,True,True,BOTH,normal_low,,,0.0,0.139814,0.027963,2,partial_m3_data
8639,569.0,0.355625,0.5211,1.62,1348.7697715289985,2520.2372583479787,17530.431458699466,11756.25571177504,21.1076,1326,2507,1368,2533,7.6429,3.9294,18.8096,5.5228,2.2432,-1872.9873,1.0,0.1798,0.3425,569.0,0.410929,0.394974,0.111667,1.0,1.0,,,,0.0,0.0,0.000299,0.003545,0.001889,-0.000353,0.000254,-0.004018,-0.00453,-0.007319,569,1.0,33.5851,91.8903,QUALIFIED,,,1.186871,,,True,False,CPR_ONLY,normal_low,,,,0.168189,0.033638,1,partial_m3_data
8648,306.0,0.19125,0.6652,1.15,1342.8398692810458,2635.098039215686,20401.95098039216,11904.503267973858,23.6213,1333,2624,1353,2647,3.0036,1.5764,9.2069,2.8039,1.3513,-1995.1642,1.0,0.0553,0.1794,306.0,0.185133,0.180633,0.034831,1.0,1.0,,,,0.0,0.0,0.000446,0.000827,0.000888,0.000919,0.002098,-0.003326,-0.002927,-0.008854,306,1.0,33.5851,91.8903,QUALIFIED,,,,2.585319,,True,False,CPR_ONLY,normal_low,,0.263354,,,0.065838,1,partial_m3_data
8664,2167.0,1.354375,0.3803,1.04,1351.1305952930318,2565.875403784033,18671.385094600824,11697.235117674209,22.033,1314,2528,1388,2605,6.4451,3.1173,20.4035,5.2082,1.9805,-1929.8689,1.0,0.0452,0.1738,2167.0,0.264316,0.250887,0.07034,1.0,1.0,,,,0.0,0.0,0.002189,0.002952,0.00401,0.000906,0.000383,-0.003121,-0.001695,-0.003876,2167,1.0,33.5851,91.8903,QUALIFIED,,-0.348561,0.774065,,,True,False,CPR_ONLY,normal_low,,,0.0,0.109691,0.021938,2,partial_m3_data
8702,166.0,0.10375,0.5155,1.64,1361.3313253012047,3146.668674698796,33191.21686746988,11442.216867469884,35.1084,1348,3139,1371,3153,4.1424,2.0733,9.2049,4.1769,1.4995,-1441.4217,1.0,0.0858,0.2555,166.0,0.290948,0.286542,0.053662,1.0,1.0,,,,0.0,0.0,0.000488,0.000807,8.3e-05,0.001426,-0.001069,-0.000292,-0.006032,-0.005922,166,1.0,25.3927,84.5067,QUALIFIED,,,,,,True,False,CPR_ONLY,normal_low,,,,,0.0,0,no_m3_data
8707,1598.0,0.99875,0.438,1.12,1345.4899874843554,3438.206508135169,40479.66270337922,11838.250312891112,42.1755,1314,3407,1371,3471,6.214,3.5135,19.553,5.1583,2.7487,-865.7169,1.0,0.089,0.2567,1598.0,0.217909,0.21431,0.053501,1.0,1.0,,,,0.0,0.0,-0.000189,0.00415,0.000858,-0.00078,0.001364,-8.5e-05,-0.003821,-0.003999,1598,1.0,31.5436,77.8519,QUALIFIED,,,,1.062317,,True,False,CPR_ONLY,normal_low,,0.108213,,,0.027053,1,partial_m3_data
8714,147.0,0.091875,0.4836,1.19,1346.5102040816328,3241.1360544217687,35552.901360544216,11812.74489795918,37.4643,1339,3235,1358,3251,9.2403,2.5064,20.2556,8.2814,2.1392,-1320.9842,1.0,0.2101,0.3339,147.0,0.180796,0.181738,0.019856,1.0,1.0,,,,0.0,0.0,0.002041,0.00209,-3.6e-05,0.001048,-0.001772,-0.000619,-0.003227,-0.009397,147,1.0,31.5436,77.8519,QUALIFIED,,-0.024008,,,,True,False,CPR_ONLY,normal_low,,,0.0,,0.0,1,partial_m3_data
8754,515.0,0.321875,0.561,1.26,1353.009708737864,2498.9320388349515,16997.800970873788,11650.2572815534,20.6073,1336,2486,1370,2513,6.6736,2.9043,16.9159,5.4785,1.7209,-1840.1361,1.0,0.1488,0.306,515.0,0.383868,0.36001,0.095183,1.0,1.0,,,,0.0,0.0,0.001736,0.002126,0.000311,-0.001669,0.002052,-0.001414,-0.003021,-0.001237,492,0.9553,33.5851,91.8903,QUALIFIED,,-0.224654,,1.689084,,True,False,CPR_ONLY,normal_low,,0.172059,0.0,,0.043015,2,partial_m3_data
8771,480.0,0.3,0.4729,1.21,1360.3958333333333,2385.2854166666666,14156.635416666664,11465.604166666672,18.2174,1345,2368,1374,2403,8.1603,3.3494,26.6828,6.7387,1.7512,-1563.6861,1.0,0.0901,0.2658,480.0,0.362165,0.353913,0.088498,1.0,1.0,0.053145,0.051634,0.010973,0.825,0.825,0.015178,0.014719,0.021622,0.020582,0.025756,0.019504,0.021356,0.01827,480,1.0,86.6499,88.4185,QUALIFIED,,0.030241,0.048099,0.24274,0.144503,True,True,BOTH,normal_low,0.006509,0.024727,0.00212,0.006816,0.010247,4,full_m3_data
8797,241.0,0.150625,0.4782,1.56,1363.668049792531,3461.9834024896268,41074.08506224067,11383.798755186726,42.6228,1354,3447,1372,3475,4.7599,3.0037,14.6596,4.4854,2.7392,-830.4325,1.0,0.153,0.3146,241.0,0.226214,0.198332,0.072299,1.0,1.0,,,,0.0,0.0,-0.000513,-0.002153,0.003025,-0.001866,0.001336,-0.003087,-0.002192,-0.003415,241,1.0,31.5436,77.8519,QUALIFIED,,,1.61686,3.310629,,True,False,CPR_ONLY,normal_low,,0.337238,,0.229122,0.130134,2,partial_m3_data
8804,210.0,0.13125,0.5833,1.11,1360.942857142857,999.4619047619047,-20488.95238095238,11451.928571428572,23.4715,1353,990,1371,1010,15.3748,3.4053,24.5584,14.3089,2.0468,-1499.7366,1.0,0.0,0.0,210.0,,,,0.0,0.0,0.042417,0.041243,0.005096,1.0,1.0,0.000973,0.003548,0.004283,0.006755,0.011077,-0.000797,-0.004264,0.000249,210,1.0,50.752,65.3557,QUALIFIED,,,-0.577166,1.071951,,False,True,S1_ONLY,no_data,,0.109195,,0.0,0.027299,2,partial_m3_data
8822,166.0,0.10375,0.7411,1.14,1358.5722891566263,2439.4337349397592,15510.343373493984,11511.192771084336,19.3153,1351,2433,1367,2447,7.4999,3.4449,19.0119,6.3276,1.8984,-1606.9316,1.0,0.0106,0.0701,166.0,0.470059,0.463788,0.082587,1.0,1.0,,,,0.0,0.0,0.000938,0.001912,0.000863,-0.001065,4.6e-05,-0.005426,-0.002564,-0.009014,166,1.0,33.5851,91.8903,QUALIFIED,,,,,,True,False,CPR_ONLY,normal_low,,,,,0.0,0,no_m3_data
8826,247.0,0.154375,0.5489,1.39,1364.1538461538462,146.748987854251,-41806.77530364373,11371.653846153844,43.3251,1354,134,1372,159,18.1729,2.3752,27.397,16.3338,1.3782,-157.7014,1.0,0.0057,0.0506,247.0,0.138939,0.135408,0.021277,1.0,1.0,0.040974,0.03872,0.004023,0.060729,0.060729,-0.002453,0.002679,-0.000723,0.000325,0.002593,-0.000261,0.001129,-0.008508,247,1.0,124.8132,107.6433,QUALIFIED,,,,1.100656,8.535872,True,False,CPR_ONLY,normal_low,0.384518,0.112119,,,0.162611,2,partial_m3_data
8842,170.0,0.10625,0.4545,1.29,1362.6941176470589,2673.923529411765,21372.588235294126,11408.147058823532,24.2269,1355,2664,1372,2686,4.9015,1.9367,10.2292,4.0666,0.8287,-1943.9042,1.0,0.1158,0.2793,170.0,0.252009,0.251001,0.032555,1.0,1.0,,,,0.0,0.0,0.014472,0.022205,0.023771,0.021631,0.023509,0.017492,0.018917,0.014807,170,1.0,33.5851,91.8903,QUALIFIED,,-0.534342,0.090026,0.255945,0.217265,True,False,CPR_ONLY,normal_low,0.009787,0.026072,0.0,0.012757,0.012495,4,full_m3_data
8871,640.0,0.4,0.5387,1.63,1364.5765625,2814.728125,24892.703125,11361.0859375,27.363,1352,2792,1379,2836,6.7739,3.0653,16.3876,5.6367,2.0437,-1708.5616,1.0,0.0727,0.2213,640.0,0.304527,0.298139,0.073312,1.0,1.0,,,,0.0,0.0,0.016117,0.017372,0.027139,0.026864,0.030408,0.029942,0.030707,0.026539,640,1.0,25.3927,84.5067,QUALIFIED,,-0.077868,0.010133,0.015325,0.135735,True,False,CPR_ONLY,normal_low,0.006114,0.001561,0.0,0.001436,0.002817,4,full_m3_data
8904,452.0,0.2825,0.5113,1.31,1366.9712389380531,1760.2522123893805,-1469.194690265489,11301.219026548672,11.3958,1350,1747,1384,1773,10.9174,3.9263,20.5926,9.8058,2.9707,-1323.8019,1.0,0.0095,0.0822,452.0,,,,0.0,0.0,0.072236,0.070059,0.01879,1.0,1.0,0.006289,0.003553,0.003814,0.001914,0.003766,0.001339,-0.00073,-0.001748,452,1.0,85.0522,75.7671,QUALIFIED,,0.435045,0.498165,0.64445,,False,True,S1_ONLY,no_data,,0.065647,0.030503,0.070594,0.036631,3,full_m3_data
8906,311.0,0.194375,0.4984,1.08,1365.440514469453,2337.572347266881,12963.808681672024,11339.48713826367,17.2234,1355,2325,1379,2351,9.8762,3.1471,25.159,9.2442,2.1306,-1447.6077,1.0,0.0102,0.0853,311.0,0.38802,0.36762,0.113511,1.0,1.0,0.05024,0.048709,0.012819,1.0,1.0,0.012925,0.013715,0.015437,0.017491,0.020032,0.017071,0.018862,0.018364,311,1.0,86.6499,88.4185,QUALIFIED,,-0.061122,-0.133057,0.147813,0.026402,True,True,BOTH,normal_low,0.001189,0.015057,0.0,0.0,0.00418,4,full_m3_data
8908,552.0,0.345,0.4881,1.34,1374.0833333333333,2540.231884057971,18030.297101449272,11123.416666666672,21.1856,1360,2521,1389,2560,6.861,3.0962,19.0732,5.9411,1.7108,-1855.9241,1.0,0.0646,0.2079,552.0,0.345415,0.351304,0.079459,1.0,1.0,,,,0.0,0.0,0.01388,0.013434,0.010831,0.009555,0.010283,0.01247,0.013271,-0.004199,552,1.0,33.5851,91.8903,QUALIFIED,,0.032133,0.11781,-0.212681,1.316404,True,False,CPR_ONLY,normal_low,0.0593,0.0,0.002253,0.016695,0.024545,4,full_m3_data
8929,1292.0,0.8075,0.5127,1.43,1383.0719814241486,2024.812693498452,5144.817337461303,10898.700464396286,12.0518,1354,2006,1414,2048,18.0259,3.6547,29.6323,16.0566,2.8952,-61.816,1.0,0.0015,0.0306,1292.0,,,,0.0,0.0,0.049795,0.048901,0.010126,0.809598,0.809598,0.016196,0.019405,0.021337,0.022892,0.033275,0.026692,0.031941,0.022998,1292,1.0,86.6499,88.4185,QUALIFIED,,-0.198135,-0.072878,0.197836,0.279985,False,True,S1_ONLY,no_data,0.012613,0.020153,0.0,0.0,0.009453,4,full_m3_data
8933,508.0,0.3175,0.5492,1.48,1377.4724409448818,2661.100393700787,21052.00984251968,11038.688976377956,23.7708,1365,2644,1390,2681,3.642,1.6304,9.1767,3.103,1.1619,-1943.3302,1.0,0.1739,0.3237,508.0,0.214576,0.212892,0.034545,1.0,1.0,,,,0.0,0.0,0.006139,0.008389,0.009253,0.006695,0.006937,0.008878,0.007476,0.000355,508,1.0,33.5851,91.8903,QUALIFIED,,-0.366509,0.276451,-0.279804,0.952515,True,False,CPR_ONLY,normal_low,0.042908,0.0,0.0,0.039175,0.022853,4,full_m3_data
8941,913.0,0.570625,0.4949,1.1,1376.3986856516976,1498.016429353779,-8025.089266155534,11065.532858707556,13.6685,1354,1480,1399,1521,6.7892,3.3579,22.2061,5.7102,2.3943,-1877.2225,1.0,0.1688,0.3302,913.0,,,,0.0,0.0,0.07695,0.071385,0.020154,1.0,1.0,0.005457,0.002538,0.004331,0.001631,0.001502,0.00039,-0.001951,-0.004581,913,1.0,0.5626,56.8385,QUALIFIED,,0.534909,0.623413,0.740346,,False,True,S1_ONLY,no_data,,0.075416,0.037505,0.088343,0.044024,3,full_m3_data
8945,255.0,0.159375,0.5903,1.33,1374.1921568627452,3377.5803921568627,38964.009803921566,11120.69607843137,40.5203,1364,3369,1388,3387,4.143,2.2208,14.1213,3.3453,0.941,-924.3057,1.0,0.0946,0.2434,255.0,0.204054,0.197968,0.041911,1.0,1.0,,,,0.0,0.0,-0.001519,-0.001673,0.004437,-0.002504,-0.000408,-0.002772,-0.001854,-0.004544,255,1.0,31.5436,77.8519,QUALIFIED,,,1.564345,,,True,False,CPR_ONLY,normal_low,,,,0.22168,0.044336,1,partial_m3_data
8961,2351.0,1.469375,0.3769,1.05,1350.6780093577202,2613.5397703105064,19862.994257762657,11708.549766056996,23.0573,1313,2567,1390,2648,5.9976,2.2289,15.3493,4.8134,1.262,-1974.2357,1.0,0.0457,0.1867,2351.0,0.222346,0.217988,0.04122,1.0,1.0,,,,0.0,0.0,0.001484,0.005158,0.002485,0.002293,0.001287,-0.001852,-0.001388,-0.006047,2351,1.0,33.5851,91.8903,QUALIFIED,,-2.475741,0.077264,2.439005,,True,False,CPR_ONLY,normal_low,,0.24845,0.0,0.010949,0.064302,3,full_m3_data
8971,627.0,0.391875,0.5135,1.12,1377.451355661882,2575.4481658692184,18910.70414673046,11039.21610845295,21.8972,1362,2557,1399,2590,5.0888,2.4548,14.7481,4.1398,1.3963,-1926.1392,1.0,0.0755,0.2247,627.0,0.221172,0.214588,0.053261,1.0,1.0,,,,0.0,0.0,0.00859,0.006374,0.010194,0.005953,0.005902,0.007489,0.001607,0.005149,627,1.0,33.5851,91.8903,QUALIFIED,,0.257974,0.416029,-0.268892,-2.204107,True,False,CPR_ONLY,normal_low,0.0,0.0,0.018088,0.058955,0.015409,4,full_m3_data
8972,841.0,0.525625,0.599,1.08,1384.296076099881,2605.5980975029725,19664.45243757432,10868.098097502974,22.4681,1366,2586,1402,2625,3.8845,2.2528,14.2982,3.1288,1.2621,-1918.4658,1.0,0.0739,0.2254,841.0,0.214018,0.210758,0.037354,1.0,1.0,,,,0.0,0.0,0.001322,0.003294,0.001496,0.002464,-0.001195,-0.000888,-0.006063,-0.009339,841,1.0,33.5851,91.8903,QUALIFIED,,-1.491679,-0.647059,,,True,False,CPR_ONLY,normal_low,,,0.0,0.0,0.0,2,partial_m3_data
8991,490.0,0.30625,0.4446,1.31,1373.7102040816326,1410.126530612245,-10222.336734693876,11132.744897959186,15.1133,1353,1399,1391,1428,4.4558,2.4147,13.5398,3.7174,1.7489,-2032.2881,1.0,0.9058,0.2626,490.0,,,,0.0,0.0,0.065632,0.064345,0.010232,1.0,1.0,0.005644,-0.00021,0.002346,-0.000362,0.001196,-0.010545,-0.006973,-0.008406,490,1.0,0.5626,56.8385,QUALIFIED,,1.037208,1.154305,9.81689,,False,True,S1_ONLY,no_data,,1.0,0.072723,0.163574,0.297259,3,full_m3_data
8995,290.0,0.18125,0.3699,1.0,1378.6620689655172,2909.6103448275862,27264.75862068965,11008.948275862072,29.4037,1367,2897,1395,2925,6.7101,2.6264,13.7743,5.7783,1.4927,-2041.7881,1.0,1.0,0.0,290.0,0.179951,0.176508,0.022106,1.0,1.0,,,,0.0,0.0,0.006209,0.007563,0.003858,0.002065,0.004643,0.002793,0.001711,-0.001051,290,1.0,25.3927,84.5067,QUALIFIED,,-0.218071,0.464749,0.398449,1.614261,True,False,CPR_ONLY,normal_low,0.072718,0.040588,0.0,0.065859,0.04877,4,full_m3_data
9004,299.0,0.186875,0.598,1.25,1378.3979933110368,1003.113712374582,-20397.65719063545,11015.55016722408,23.1814,1366,993,1391,1013,15.6988,3.4892,25.6177,14.2817,2.4146,-1452.008,1.0,0.0009,0.0162,299.0,,,,0.0,0.0,0.044234,0.043859,0.005145,1.0,1.0,-0.001655,0.000911,0.004929,0.010588,0.005347,-0.010262,0.001287,0.001698,299,1.0,50.752,65.3557,QUALIFIED,,,-1.148103,2.919207,-0.319347,False,True,S1_ONLY,no_data,0.0,0.297366,,0.0,0.074342,3,full_m3_data
9014,140.0,0.0875,0.6364,2.2,1377.9642857142858,2738.078571428572,22976.46428571429,11026.392857142857,25.4855,1373,2728,1383,2750,5.6238,2.2117,11.9477,5.5296,1.9435,-2003.8817,1.0,1.0,0.0,140.0,0.257674,0.234728,0.075744,1.0,1.0,,,,0.0,0.0,0.005412,0.006816,0.008438,0.005762,0.007695,0.0083,0.00199,0.00296,140,1.0,33.5851,91.8903,QUALIFIED,,-0.259424,0.317137,-0.078622,-0.487437,True,False,CPR_ONLY,normal_low,0.0,0.0,0.0,0.044941,0.008988,4,full_m3_data
9018,500.0,0.3125,0.3918,1.52,1376.792,897.924,-23027.4,11055.700000000004,25.5432,1362,873,1391,917,7.3753,4.3462,26.9709,6.8923,2.4401,-960.6938,1.0,0.0496,0.1919,500.0,,,,0.0,0.0,0.048539,0.046441,0.013318,1.0,1.0,0.000533,-0.000284,0.001242,0.001601,0.006908,-0.006407,-0.003082,-0.002234,500,1.0,50.752,65.3557,QUALIFIED,,,-0.28905,1.927475,,False,True,S1_ONLY,no_data,,0.196343,,0.0,0.049086,2,partial_m3_data
9035,559.0,0.349375,0.4444,1.09,1380.1556350626115,2685.661896243292,21666.04740608229,10971.609123434704,24.2859,1364,2669,1398,2706,4.3718,2.2546,16.6604,3.6598,1.5976,-1912.9665,1.0,0.1171,0.2656,559.0,0.210692,0.205521,0.038458,1.0,1.0,,,,0.0,0.0,0.0069,0.010875,0.011164,0.008387,0.010642,0.010978,0.005178,0.002034,559,1.0,33.5851,91.8903,QUALIFIED,,-0.576087,0.248746,-0.031573,0.607184,True,False,CPR_ONLY,normal_low,0.027352,0.0,0.0,0.035249,0.016623,4,full_m3_data
9036,1438.0,0.89875,0.4779,1.16,1358.4248956884562,2692.589012517385,21839.22531293462,11514.877607788592,24.6892,1338,2658,1389,2717,4.7705,2.2916,15.6442,3.9056,1.5458,-1932.3881,1.0,0.1245,0.277,1438.0,0.242654,0.233746,0.047142,1.0,1.0,,,,0.0,0.0,0.00048,0.004013,0.002371,0.00079,-0.000508,-0.00429,-0.003319,-0.005486,1438,1.0,33.5851,91.8903,QUALIFIED,,,0.666807,,,True,False,CPR_ONLY,normal_low,,,,0.094492,0.018898,1,partial_m3_data
9053,201.0,0.125625,0.6442,1.85,1377.7412935323382,3531.592039800995,42814.30099502487,11031.967661691546,44.2131,1366,3526,1390,3539,11.309,2.5506,21.1148,9.8239,1.2768,-677.4864,1.0,0.0092,0.0919,201.0,0.158997,0.15606,0.024621,1.0,1.0,,,,0.0,0.0,-0.001761,-0.001289,0.000648,-0.00037,0.002852,-0.000832,-0.003659,-0.005143,201,1.0,31.5436,77.8519,QUALIFIED,,,,1.291725,,True,False,CPR_ONLY,normal_low,,0.131582,,,0.032896,1,partial_m3_data
9064,222.0,0.13875,0.4494,1.37,1390.1756756756756,3043.954954954955,30623.37387387388,10721.108108108108,32.4462,1382,3033,1401,3059,7.7851,2.9429,15.3907,6.3696,1.285,-1915.0414,1.0,1.0,0.0,222.0,0.198098,0.193965,0.023018,1.0,1.0,,,,0.0,0.0,-0.001157,-0.001532,0.003244,-0.001988,-0.000101,-0.003151,-0.002126,-0.003029,222,1.0,25.3927,84.5067,QUALIFIED,,,1.612824,,,True,False,CPR_ONLY,normal_low,,,,0.22855,0.04571,1,partial_m3_data
9067,1876.0,1.1725,0.4576,1.64,1374.389658848614,116.59221748400851,-42560.694562899786,11115.758528784643,43.9877,1353,77,1403,159,15.3706,3.6432,29.8401,13.79,3.0313,-269.7342,1.0,0.0009,0.0218,1876.0,0.212618,0.18457,0.092866,1.0,1.0,0.04584,0.048203,0.002728,0.003731,0.003731,0.002912,0.005144,0.002389,0.001756,0.004377,-0.001343,-0.000682,-0.000592,1876,1.0,124.8132,107.6433,QUALIFIED,,-0.766484,0.264964,1.306831,,True,False,CPR_ONLY,normal_low,,0.133121,0.0,0.037547,0.04079,3,full_m3_data
9108,232.0,0.145,0.4249,1.24,1385.1508620689656,1545.594827586207,-6835.629310344826,10846.728448275862,12.8203,1375,1536,1396,1562,7.8357,3.8985,20.7674,6.5844,2.1837,-1815.4228,1.0,0.1381,0.3127,232.0,,,,0.0,0.0,0.065923,0.066329,0.009914,1.0,1.0,0.017211,0.004159,0.011399,0.006746,0.004883,0.003605,0.001491,0.00321,232,1.0,0.5626,56.8385,QUALIFIED,,0.758352,0.408194,0.261724,-1.152918,False,True,S1_ONLY,no_data,0.0,0.026661,0.053172,0.057844,0.028868,4,full_m3_data
9112,1152.0,0.72,0.4606,1.49,1383.7942708333333,2798.169270833333,24478.731770833343,10880.643229166672,26.7882,1363,2770,1404,2831,7.9923,3.5596,20.4918,6.7027,2.8707,-1729.0568,1.0,0.1619,0.3138,1152.0,0.274971,0.27102,0.062149,1.0,1.0,,,,0.0,0.0,0.012525,0.01214,0.019336,0.018261,0.024602,0.022405,0.020108,0.020146,1152,1.0,33.5851,91.8903,QUALIFIED,,0.030739,0.055596,0.089302,-0.00189,True,False,CPR_ONLY,normal_low,0.0,0.009097,0.002155,0.007878,0.004281,4,full_m3_data
9130,378.0,0.23625,0.5833,1.12,1393.399470899471,1959.272486772487,3506.3121693121648,10640.513227513227,11.203,1381,1949,1408,1973,7.2246,2.9942,15.7176,6.1527,1.6264,-128.2422,1.0,0.0495,0.1835,378.0,,,,0.0,0.0,0.049852,0.046649,0.010988,1.0,1.0,0.011765,0.008251,0.006919,0.008112,0.013908,0.004741,0.009298,0.000461,378,1.0,85.0522,75.7671,QUALIFIED,,0.298683,-0.172424,0.659117,0.950419,False,True,S1_ONLY,no_data,0.042814,0.067141,0.020942,0.0,0.035959,4,full_m3_data
9134,2099.0,1.311875,0.3887,1.5,1379.519771319676,3363.662220104812,38616.05550262029,10987.505717008098,40.1491,1328,3338,1418,3398,8.8855,3.5879,29.9557,7.6333,2.4115,-958.8304,1.0,0.1491,0.297,2099.0,0.181673,0.176363,0.047159,1.0,1.0,,,,0.0,0.0,0.000279,0.000933,0.004061,0.001542,0.005083,0.000221,-0.001513,-0.000979,2009,0.9571,31.5436,77.8519,QUALIFIED,,,0.620291,0.956522,,True,False,CPR_ONLY,normal_low,,0.097436,,0.0879,0.041939,2,partial_m3_data
9135,138.0,0.08625,0.3632,1.05,1391.4202898550725,3560.31884057971,43532.47101449275,10689.992753623184,44.8262,1383,3550,1402,3570,8.9838,2.1376,14.3596,8.751,1.4748,-537.6916,1.0,0.0557,0.1843,138.0,0.187855,0.176542,0.049456,1.0,1.0,,,,0.0,0.0,-0.00255,0.000438,0.000225,0.002041,0.001135,-0.009275,-0.004447,0.000785,138,1.0,31.5436,77.8519,QUALIFIED,,,,9.171806,,True,False,CPR_ONLY,normal_low,,0.934288,,,0.233572,1,partial_m3_data
9145,432.0,0.27,0.5,1.5,1384.486111111111,1692.7523148148148,-3156.692129629628,10863.347222222226,11.3121,1371,1673,1395,1709,13.0876,3.7067,25.8595,11.0783,2.7273,-1616.0087,1.0,0.0528,0.21,432.0,,,,0.0,0.0,0.094822,0.090929,0.021423,1.0,1.0,0.0073,0.00155,0.00288,0.001133,0.00435,0.003473,0.001167,-0.000972,432,1.0,85.0522,75.7671,QUALIFIED,,0.787671,0.606597,0.201609,1.832905,False,True,S1_ONLY,no_data,0.082567,0.020537,0.055227,0.08596,0.06227,4,full_m3_data
9148,2435.0,1.521875,0.4712,1.12,1390.664065708419,2510.570431211499,17288.760780287477,10708.898357289523,20.3369,1359,2468,1427,2544,9.2583,3.944,29.5243,7.7441,2.5072,-1769.5993,1.0,0.03,0.1527,2435.0,0.420642,0.404798,0.101697,1.0,1.0,0.040381,0.038048,0.01461,0.621355,0.621355,0.002327,0.004234,0.003309,0.001034,-0.000394,-0.00036,-0.004068,-0.01485,2435,1.0,33.5851,91.8903,QUALIFIED,,-0.81951,0.687519,,,True,True,BOTH,normal_low,,,0.0,0.097427,0.019485,2,partial_m3_data
9150,196.0,0.1225,0.4912,1.11,1390.1836734693877,2822.622448979592,25090.0612244898,10720.90816326531,27.2849,1381,2812,1400,2833,4.2908,2.1859,11.4929,3.9587,1.0979,-1724.3012,1.0,0.1388,0.2953,196.0,0.239473,0.231219,0.047071,1.0,1.0,,,,0.0,0.0,0.00037,0.000734,0.000844,-0.000521,0.000319,-0.001317,-0.004838,-0.002929,196,1.0,25.3927,84.5067,QUALIFIED,,,,,,True,False,CPR_ONLY,normal_low,,,,,0.0,0,no_m3_data
9153,253.0,0.158125,0.5441,2.07,1387.9762845849802,83.04347826086956,-43399.41304347826,10776.092885375496,44.7167,1381,67,1396,98,18.4952,2.9048,28.6722,17.0487,1.4579,-450.2368,1.0,0.0,0.0,253.0,0.307509,0.290507,0.119584,1.0,1.0,,,,0.0,0.0,0.009036,0.009756,0.003932,0.003549,0.004002,-0.004633,-0.003244,0.011911,253,1.0,124.8132,107.6433,QUALIFIED,,-0.079681,0.097406,2.157671,,True,False,CPR_ONLY,normal_low,,0.219792,0.0,0.013803,0.057709,3,full_m3_data
9162,255.0,0.159375,0.483,1.09,1386.6941176470589,2896.8745098039217,26946.36274509804,10808.147058823532,29.0334,1377,2884,1399,2908,6.1243,2.9801,17.3592,5.3533,1.428,-2040.1933,1.0,0.9715,0.1294,255.0,0.201666,0.195662,0.0335,1.0,1.0,,,,0.0,0.0,0.00647,0.002271,-8.7e-05,-0.001067,0.001326,-0.006262,-0.01628,-0.016299,255,1.0,25.3927,84.5067,QUALIFIED,,0.648995,,5.722474,,True,False,CPR_ONLY,normal_low,,0.582921,0.045504,,0.154831,2,partial_m3_data
9174,194.0,0.12125,0.7132,1.06,1391.2061855670104,2629.701030927835,20267.02577319587,10695.345360824744,22.9162,1384,2623,1401,2639,3.8163,1.677,8.5024,3.4585,0.7343,-1931.9986,1.0,0.0507,0.1714,194.0,0.248465,0.25231,0.045385,1.0,1.0,,,,0.0,0.0,-0.000721,0.000198,0.001613,-5.9e-05,-0.000794,-0.004206,-0.005818,-0.005218,194,1.0,33.5851,91.8903,QUALIFIED,,,1.036578,,,True,False,CPR_ONLY,normal_low,,,,0.146891,0.029378,1,partial_m3_data
9221,2751.0,1.719375,0.3541,1.42,1417.269720101781,2558.533987640858,18487.849691021445,10043.756997455472,21.0401,1379,2503,1453,2608,8.7458,3.5283,26.9163,7.3667,2.6652,-1828.2598,1.0,0.0282,0.1443,2751.0,0.28683,0.27254,0.081264,1.0,1.0,0.027146,0.025605,0.006627,0.810978,0.810978,0.001384,0.000147,0.001189,-0.00206,-9.8e-05,-0.002949,-0.007473,-0.008298,2728,0.9916,33.5851,91.8903,QUALIFIED,,0.893786,2.732548,,,True,True,BOTH,normal_low,,,0.062667,0.387223,0.089978,2,partial_m3_data
9224,578.0,0.36125,0.5947,1.33,1389.1868512110727,2926.195501730104,27679.3875432526,10745.828719723184,29.6924,1372,2914,1408,2941,6.3775,3.8844,22.4438,4.7821,2.0313,-2068.2064,1.0,1.0,0.0,578.0,0.222004,0.224022,0.044046,1.0,1.0,,,,0.0,0.0,0.00688,0.007732,0.007172,0.005727,0.006911,0.006801,0.005459,0.005762,578,1.0,25.3927,84.5067,QUALIFIED,,-0.123837,0.201478,0.015917,-0.055505,True,False,CPR_ONLY,normal_low,0.0,0.001621,0.0,0.028551,0.006115,4,full_m3_data
9227,1866.0,1.16625,0.4272,1.39,1406.8472668810289,126.2218649517685,-42319.95337620579,10304.31832797428,43.5558,1381,90,1437,168,14.6314,3.9319,27.3757,12.9091,2.9066,-421.8247,1.0,0.0,0.0,1866.0,0.292435,0.277305,0.103164,1.0,1.0,0.00752,0.007345,0.000897,0.079314,0.079314,0.007785,0.0076,0.00217,0.00511,0.008209,-0.004056,0.001198,0.007803,1866,1.0,124.8132,107.6433,QUALIFIED,,0.023764,-1.354839,1.494092,-5.513356,True,False,CPR_ONLY,normal_low,0.0,0.152196,0.001666,0.0,0.038382,4,full_m3_data
9247,300.0,0.1875,0.5929,1.05,1393.8566666666666,2550.333333333333,18282.833333333336,10629.083333333336,21.1482,1384,2539,1406,2562,7.6424,3.2726,17.1351,6.8499,2.0435,-1863.5165,1.0,0.0123,0.0793,300.0,0.257553,0.248151,0.05519,1.0,1.0,0.029448,0.030161,0.00505,0.38,0.38,0.001147,-0.001759,0.002199,-0.005124,-0.002383,-0.002097,-0.005744,-0.009158,300,1.0,33.5851,91.8903,QUALIFIED,,2.533566,3.33015,,,True,True,BOTH,normal_low,,,0.17764,0.471908,0.12991,2,partial_m3_data
9250,443.0,0.276875,0.6204,1.62,1404.566591422122,175.84650112866817,-41079.33747178329,10361.335214446954,42.3653,1394,162,1415,196,8.7874,3.491,24.6647,7.8578,2.7457,-274.7752,1.0,0.01,0.0662,443.0,0.231849,0.215036,0.094841,1.0,1.0,,,,0.0,0.0,0.009488,0.00967,0.003081,0.004683,0.005922,-0.004812,0.001093,0.005481,443,1.0,124.8132,107.6433,QUALIFIED,,-0.019182,-0.519961,1.812563,-4.014639,True,False,CPR_ONLY,normal_low,0.0,0.184637,0.0,0.0,0.046159,4,full_m3_data
9279,1761.0,1.100625,0.5244,1.59,1413.7984099943214,1941.2805224304373,3056.513060760932,10130.539750141965,10.5813,1391,1907,1437,1980,10.755,3.0417,24.7364,9.4475,1.8828,-140.8955,1.0,0.0023,0.0334,1761.0,,,,0.0,0.0,0.051171,0.049042,0.01191,0.993754,0.993754,0.006698,0.010752,0.010668,0.009078,0.012767,0.007793,0.010347,0.004733,1761,1.0,85.0522,75.7671,QUALIFIED,,-0.605255,0.149044,0.389598,0.542573,False,True,S1_ONLY,no_data,0.024441,0.039686,0.0,0.021121,0.0227,4,full_m3_data
9280,511.0,0.319375,0.4731,1.48,1409.8454011741685,2639.6164383561645,20514.91095890412,10229.364970645796,22.924,1397,2621,1424,2661,5.368,2.2981,15.6998,4.3949,1.1136,-1910.0421,1.0,0.0405,0.1549,511.0,0.239504,0.23566,0.060949,1.0,1.0,0.024257,0.023318,0.004033,0.154599,0.154599,0.002297,0.002615,0.001938,-0.003334,-0.000712,-0.000747,-0.004959,-0.003348,511,1.0,33.5851,91.8903,QUALIFIED,,-0.138441,2.72033,,,True,True,BOTH,normal_low,,,0.0,0.385492,0.077098,2,partial_m3_data
9300,872.0,0.545,0.425,1.42,1405.0665137614678,2957.0183486238534,28449.95871559633,10348.8371559633,30.274,1386,2929,1424,2983,9.3871,4.056,24.1473,8.3276,3.2256,-2077.9367,1.0,1.0,0.0,872.0,0.201974,0.184058,0.062757,1.0,1.0,,,,0.0,0.0,0.000675,0.001661,0.003957,-0.001549,0.002324,-0.001624,-0.003462,-0.002143,872,1.0,25.3927,84.5067,QUALIFIED,,,1.391458,1.698795,,True,False,CPR_ONLY,normal_low,,0.173048,,0.19718,0.082698,2,partial_m3_data
9306,258.0,0.16125,0.4128,1.0,1403.2906976744189,2992.0736434108526,29326.34108527132,10393.232558139534,31.1139,1391,2979,1416,3004,7.1693,2.7513,15.8539,6.5261,2.3836,-1957.3732,1.0,0.8909,0.2737,258.0,0.230462,0.22582,0.030767,1.0,1.0,,,,0.0,0.0,0.001101,-0.002561,0.004429,-0.000706,0.003603,0.000759,-0.004432,-0.001802,258,1.0,25.3927,84.5067,QUALIFIED,,3.326067,1.159404,0.789342,,True,False,CPR_ONLY,normal_low,,0.080407,0.233206,0.164297,0.099602,3,full_m3_data
9326,342.0,0.21375,0.5361,1.32,1402.09649122807,3274.716374269006,36392.40935672514,10423.087719298244,37.856,1391,3260,1413,3289,6.718,3.438,20.2441,5.311,1.5534,-1305.9282,1.0,0.0485,0.1813,342.0,0.176557,0.171198,0.028462,1.0,1.0,,,,0.0,0.0,-0.003257,0.001715,0.000663,-0.000189,0.001147,-0.006271,-0.006925,-0.006446,342,1.0,31.5436,77.8519,QUALIFIED,,,,6.467306,,True,False,CPR_ONLY,normal_low,,0.658794,,,0.164698,1,partial_m3_data
9350,273.0,0.170625,0.5417,1.14,1412.6117216117216,522.8058608058608,-32405.35347985348,10160.206959706964,33.9602,1401,513,1422,537,19.7438,3.3938,28.4434,17.992,2.5637,1668.6714,1.0,0.0044,0.0581,273.0,,,,0.0,0.0,0.054142,0.052569,0.008861,1.0,1.0,0.114513,0.137636,0.184031,0.195427,0.23198,0.243847,0.228983,0.251919,273,1.0,162.995,83.983,QUALIFIED,,-0.201925,-0.061924,-0.051155,-0.100165,False,True,S1_ONLY,no_data,0.0,0.0,0.0,0.0,0.0,4,full_m3_data
9358,144.0,0.09,0.5294,1.06,1403.125,568.2013888888889,-31270.465277777777,10397.375,32.9531,1396,559,1412,576,7.8123,3.3542,16.0811,6.557,2.5831,1717.5142,1.0,0.0192,0.0961,144.0,,,,0.0,0.0,0.071989,0.067572,0.013802,1.0,1.0,0.012664,0.007778,0.006887,0.01113,0.018928,0.013189,0.015252,0.004631,144,1.0,162.995,83.983,QUALIFIED,,0.385818,-0.616088,0.303202,0.696368,False,True,S1_ONLY,no_data,0.03137,0.030886,0.027051,0.0,0.024111,4,full_m3_data
9375,498.0,0.31125,0.539,1.91,1407.9718875502008,2612.122489959839,19827.56224899598,10276.202811244975,22.3325,1398,2591,1420,2633,6.5161,2.8149,15.6508,5.2185,1.4677,-1893.673,1.0,0.0315,0.142,498.0,0.241213,0.239333,0.051162,1.0,1.0,0.032464,0.029978,0.009337,0.323293,0.323293,0.003054,0.001463,0.001472,-0.001245,0.000328,0.000908,-0.002625,-0.004291,498,1.0,33.5851,91.8903,QUALIFIED,,0.520956,1.845788,,,True,True,BOTH,normal_low,,,0.036527,0.261563,0.059618,2,partial_m3_data
9378,543.0,0.339375,0.473,1.46,1406.2136279926335,3067.70349907919,31217.087476979752,10320.15930018416,32.8791,1392,3046,1420,3087,6.0345,3.0637,18.4323,5.1027,2.3007,-1968.9814,1.0,1.0,0.0,543.0,0.228331,0.221368,0.054885,1.0,1.0,,,,0.0,0.0,-0.001904,0.000713,0.002115,-0.000562,0.002223,-0.004689,-0.00349,-0.003576,543,1.0,25.3927,84.5067,QUALIFIED,,,1.265721,3.109312,,True,False,CPR_ONLY,normal_low,,0.316731,,0.179363,0.115055,2,partial_m3_data
9433,349.0,0.218125,0.5419,1.22,1419.0945558739254,179.59885386819485,-40985.52865329513,9998.136103151868,42.1868,1410,166,1433,194,7.6518,4.557,27.613,6.7562,3.0208,-303.4104,1.0,0.0223,0.1388,349.0,0.286473,0.275777,0.079156,1.0,1.0,,,,0.0,0.0,0.009189,0.005508,0.002107,0.002903,0.008071,0.000146,0.002937,0.001077,349,1.0,124.8132,107.6433,QUALIFIED,,0.400588,-0.377788,0.981911,0.633299,True,False,CPR_ONLY,normal_low,0.028528,0.100023,0.028087,0.0,0.040608,4,full_m3_data
9441,1524.0,0.9525,0.3615,1.1,1435.6174540682414,3026.3904199475064,30184.26049868765,9585.063648293966,31.6699,1401,2996,1469,3058,15.1962,2.729,24.5257,13.4055,2.1712,-1749.5362,1.0,0.097,0.2669,1524.0,0.264802,0.253837,0.050124,1.0,1.0,,,,0.0,0.0,0.001761,0.000687,0.000549,0.000416,0.00112,-0.004536,-0.004689,-0.00474,1524,1.0,25.3927,84.5067,QUALIFIED,,0.609881,,5.05,,True,False,CPR_ONLY,normal_low,,0.51442,0.042762,,0.137157,2,partial_m3_data
9453,340.0,0.2125,0.5475,1.17,1414.7764705882353,2926.8764705882354,27696.41176470589,10106.08823529412,29.4829,1402,2915,1429,2938,8.0196,3.5585,21.0174,6.3988,2.2264,-2101.2171,1.0,1.0,0.0,340.0,0.264496,0.263461,0.047113,1.0,1.0,,,,0.0,0.0,-0.00059,0.002865,0.003395,-0.001299,0.002636,-0.00232,-0.00602,-0.003756,340,1.0,25.3927,84.5067,QUALIFIED,,,1.382622,1.880121,,True,False,CPR_ONLY,normal_low,,0.191519,,0.195928,0.087065,2,partial_m3_data
9467,197.0,0.123125,0.5457,1.0,1417.6446700507615,3260.9137055837564,36047.3426395939,10034.383248730965,37.4183,1408,3252,1427,3271,6.1052,2.6764,12.5951,5.343,1.6032,-1309.9344,1.0,0.0928,0.2501,197.0,0.182241,0.16963,0.054232,1.0,1.0,,,,0.0,0.0,-0.001953,0.00186,0.000362,0.000219,0.002564,-0.010596,-0.005579,-0.005399,197,1.0,31.5436,77.8519,QUALIFIED,,,,5.132605,,True,False,CPR_ONLY,normal_low,,0.522834,,,0.130708,1,partial_m3_data
9481,3022.0,1.88875,0.4254,1.73,1413.5456651224354,2833.150562541364,25353.26406353408,10136.858371939115,27.3049,1356,2800,1467,2864,10.9341,3.4174,21.67,9.3969,2.6673,-1828.0048,1.0,0.1123,0.283,3022.0,0.223792,0.218071,0.082256,1.0,1.0,,,,0.0,0.0,0.001294,0.000729,0.001849,-0.000542,0.001728,-0.00247,-0.004301,-0.005536,3017,0.9983,25.3927,84.5067,QUALIFIED,,0.436631,1.293131,2.429398,,True,False,CPR_ONLY,normal_low,,0.247471,0.030614,0.183247,0.10464,3,full_m3_data
9492,571.0,0.356875,0.5967,1.14,1428.9912434325745,2852.520140105079,25837.503502626976,9750.718914185636,27.6165,1413,2839,1446,2868,11.8525,2.0288,18.4591,10.4061,1.3171,-1917.5562,1.0,0.1533,0.3194,571.0,0.199974,0.193197,0.054231,1.0,1.0,,,,0.0,0.0,-0.003194,0.000365,0.000697,-0.000588,0.003137,-0.003661,-0.007692,-0.009387,456,0.7986,25.3927,84.5067,QUALIFIED,,,,2.167039,,True,False,CPR_ONLY,normal_low,,0.220746,,,0.055186,1,partial_m3_data
9495,219.0,0.136875,0.6441,1.18,1428.917808219178,120.3972602739726,-42465.56849315069,9752.554794520547,43.5705,1420,113,1440,130,12.357,3.2859,20.3091,11.0663,2.1093,-542.1374,1.0,0.0,0.0,219.0,0.28147,0.259889,0.091372,1.0,1.0,0.007596,0.007342,0.001281,0.552511,0.552511,0.004862,0.005477,0.00517,0.004871,0.010064,0.002752,0.002252,0.001507,219,1.0,124.8132,107.6433,QUALIFIED,,-0.126491,0.057834,0.72655,0.330817,True,True,BOTH,normal_low,0.014902,0.07401,0.0,0.008196,0.025357,4,full_m3_data
9509,1180.0,0.7375,0.5082,1.26,1415.678813559322,1385.4618644067796,-10838.953389830507,10083.529661016952,14.8034,1396,1360,1439,1414,12.5229,2.886,21.8155,11.0073,1.9551,-1901.6593,1.0,0.0227,0.1119,1180.0,,,,0.0,0.0,0.06396,0.062744,0.011134,1.0,1.0,0.001732,-0.000193,0.001853,0.000494,0.00075,-0.004203,-0.002347,-0.008132,1180,1.0,0.5626,56.8385,QUALIFIED,,1.111432,0.733405,,,False,True,S1_ONLY,no_data,,,0.077928,0.103929,0.036371,2,partial_m3_data
9545,293.0,0.183125,0.6705,1.21,1427.887372013652,2621.9180887372013,20072.45221843003,9778.315699658706,22.3278,1417,2613,1440,2632,5.8101,3.4319,25.2624,4.9553,1.7822,-1854.8004,1.0,0.018,0.1085,293.0,0.27004,0.265778,0.049458,1.0,1.0,0.02258,0.022035,0.003555,1.0,1.0,0.012935,0.008179,0.00955,0.006202,0.00911,0.007667,0.007557,0.007144,293,1.0,33.5851,91.8903,QUALIFIED,,0.367685,0.350576,0.158397,0.054651,True,True,BOTH,normal_low,0.002462,0.016135,0.02578,0.049679,0.019987,4,full_m3_data
9600,2496.0,1.56,0.5662,1.31,1440.5484775641023,2993.6270032051284,29365.175080128203,9461.788060897436,30.8522,1405,2968,1481,3026,17.0183,3.1965,29.5616,15.1095,2.0979,-1800.6049,1.0,0.0419,0.1868,2496.0,0.229502,0.22695,0.047132,1.0,1.0,,,,0.0,0.0,0.001992,-0.000319,-0.000799,0.000615,0.001241,-0.00406,-0.005511,-0.004496,2364,0.9471,25.3927,84.5067,QUALIFIED,,1.160141,,4.271555,,True,False,CPR_ONLY,normal_low,,0.435123,0.081343,,0.125049,2,partial_m3_data
9611,963.0,0.601875,0.5338,1.07,1435.2357217030114,2724.8068535825546,22644.671339563865,9594.606957424716,24.5937,1413,2704,1457,2745,6.1415,3.1939,18.2605,4.9868,2.0712,-1749.9157,1.0,0.109,0.2777,963.0,0.276531,0.269624,0.057134,1.0,1.0,,,,0.0,0.0,0.013204,0.015466,0.021324,0.017585,0.027698,0.023749,0.022044,0.020023,962,0.999,33.5851,91.8903,QUALIFIED,,-0.171312,0.175342,0.142573,0.09168,True,False,CPR_ONLY,normal_low,0.00413,0.014523,0.0,0.024847,0.010046,4,full_m3_data
9639,2957.0,1.848125,0.3083,1.24,1457.4991545485288,3301.73216097396,37067.80402434901,9038.021136286778,38.1541,1409,3265,1518,3353,11.9225,3.9665,29.8983,10.384,2.8701,-1091.667,1.0,0.0617,0.214,2957.0,0.206031,0.197743,0.046389,1.0,1.0,,,,0.0,0.0,0.024029,0.030482,0.03978,0.044904,0.052485,0.045705,0.04922,0.046426,2957,1.0,31.5436,77.8519,QUALIFIED,,-0.268551,-0.128808,0.12918,0.056766,True,False,CPR_ONLY,normal_low,0.002557,0.013159,0.0,0.0,0.004185,4,full_m3_data
9661,888.0,0.555,0.4723,1.18,1434.6632882882882,1256.3727477477478,-14066.181306306304,9608.917792792796,17.0342,1415,1242,1462,1282,12.3673,4.824,26.5602,11.0584,3.7526,-2011.6294,1.0,0.106,0.2842,888.0,,,,0.0,0.0,0.04905,0.047104,0.010105,1.0,1.0,0.004501,0.00151,0.000953,-0.001107,-8.9e-05,-0.004526,-0.007687,-0.007416,888,1.0,0.5626,56.8385,QUALIFIED,,0.664519,,,,False,True,S1_ONLY,no_data,,,0.046593,,0.009319,1,partial_m3_data
9682,2208.0,1.38,0.4686,1.23,1424.4266304347825,2785.1965579710145,24154.41394927536,9864.83423913044,26.0915,1392,2744,1454,2820,7.5533,3.6519,20.6801,6.3967,2.7624,-1760.4323,1.0,0.0492,0.1776,2208.0,0.26059,0.254631,0.061185,1.0,1.0,,,,0.0,0.0,0.013751,0.013074,0.018906,0.018964,0.023534,0.019484,0.018278,0.020443,2155,0.976,33.5851,91.8903,QUALIFIED,,0.049233,-0.003068,0.172091,-0.118448,True,False,CPR_ONLY,normal_low,0.0,0.01753,0.003452,0.0,0.005073,4,full_m3_data
9703,1525.0,0.953125,0.4926,1.67,1457.2754098360656,1497.809180327869,-8030.270491803276,9043.614754098358,12.0936,1434,1467,1477,1539,11.1274,4.8715,25.4899,9.8789,4.3506,-1891.3686,1.0,0.9449,0.2073,1525.0,,,,0.0,0.0,0.078401,0.071947,0.025816,1.0,1.0,0.003004,0.002789,0.000709,-0.000793,0.00255,0.000357,-0.001875,-0.006278,1525,1.0,0.5626,56.8385,QUALIFIED,,0.071571,,0.86,,False,True,S1_ONLY,no_data,,0.087604,0.005018,,0.022905,2,partial_m3_data
9708,898.0,0.56125,0.4867,1.1,1437.141425389755,3259.783964365256,36019.099109131406,9546.96436525612,37.2632,1418,3234,1459,3279,8.04,3.8317,19.88,7.0333,3.0277,-1277.4507,1.0,0.0678,0.2274,898.0,0.160484,0.155397,0.026602,1.0,1.0,,,,0.0,0.0,0.009835,0.012583,0.014312,0.01619,0.025411,0.018867,0.019521,0.01851,898,1.0,31.5436,77.8519,QUALIFIED,,-0.27941,-0.131219,0.257526,0.05179,True,False,CPR_ONLY,normal_low,0.002333,0.026233,0.0,0.0,0.007375,4,full_m3_data
9710,1238.0,0.77375,0.458,1.04,1432.0565428109855,3505.571890145396,42163.7972536349,9674.086429725365,43.2598,1406,3478,1459,3529,12.025,3.1447,25.3241,10.4806,2.2116,-827.7553,1.0,0.0144,0.0902,1238.0,0.141573,0.135633,0.029262,1.0,1.0,,,,0.0,0.0,-0.004872,-0.00089,-0.000708,-0.00049,0.003771,-0.003894,-0.004081,-0.003725,1238,1.0,31.5436,77.8519,QUALIFIED,,,,2.032617,,True,False,CPR_ONLY,normal_low,,0.207053,,,0.051763,1,partial_m3_data
9714,432.0,0.27,0.5729,1.12,1432.5601851851852,1154.5625,-16611.4375,9661.495370370372,19.2161,1422,1142,1448,1171,11.0267,2.4931,19.1538,9.8766,1.632,-1623.8173,1.0,0.0001,0.0019,432.0,,,,0.0,0.0,0.034766,0.034276,0.006133,1.0,1.0,0.006173,0.002893,0.005161,0.003016,0.002506,0.000122,0.001944,0.002941,432,1.0,50.752,65.3557,QUALIFIED,,0.531346,0.415617,0.951317,-0.51286,False,True,S1_ONLY,no_data,0.0,0.096906,0.037255,0.058896,0.043457,4,full_m3_data
9718,278.0,0.17375,0.5419,1.42,1437.0971223021584,2579.589928057554,19014.24820143885,9548.07194244604,21.2771,1424,2571,1451,2590,6.8415,3.0696,15.8832,5.5579,1.5706,-1840.4032,1.0,0.0429,0.1568,278.0,0.243421,0.23485,0.055128,1.0,1.0,0.026342,0.02566,0.002969,1.0,1.0,0.000241,0.000973,0.001188,0.000325,0.002379,0.002564,-0.003886,-0.001705,278,1.0,33.5851,91.8903,QUALIFIED,,,0.726431,-0.077764,,True,True,BOTH,normal_low,,0.0,,0.102941,0.020588,2,partial_m3_data
9719,607.0,0.379375,0.542,1.09,1432.8171334431631,2919.164744645799,27503.618616144973,9655.07166392092,29.1494,1415,2902,1450,2934,5.8229,2.8799,15.0916,4.5298,1.6429,-2081.843,1.0,0.9939,0.0706,607.0,0.244918,0.240144,0.055036,1.0,1.0,,,,0.0,0.0,0.004937,0.001995,0.000816,0.002288,0.000941,-0.002162,-0.002989,-0.011147,607,1.0,25.3927,84.5067,QUALIFIED,,0.595908,,,,True,False,CPR_ONLY,normal_low,,,0.041782,,0.008356,1,partial_m3_data
9720,229.0,0.143125,0.5783,1.22,1432.755458515284,2945.3100436681225,28157.25109170306,9656.613537117904,29.7674,1423,2937,1445,2955,8.243,3.9477,19.2514,6.9285,2.6026,-2107.041,1.0,1.0,0.0,229.0,0.24346,0.258017,0.079015,1.0,1.0,,,,0.0,0.0,0.00377,0.003094,0.002524,0.002585,0.003993,-0.001523,-0.002329,0.006058,229,1.0,25.3927,84.5067,QUALIFIED,,0.17931,-0.024168,1.381417,,True,False,CPR_ONLY,normal_low,,0.140718,0.012572,0.0,0.037694,3,full_m3_data
9725,2135.0,1.334375,0.5626,1.25,1420.2192037470727,1466.9498829039812,-8801.75292740047,9970.019906323185,13.2986,1396,1431,1451,1500,10.0932,3.9438,28.3047,8.7152,2.9803,-1917.1477,1.0,0.041,0.1693,2135.0,,,,0.0,0.0,0.051478,0.046065,0.015696,1.0,1.0,0.001454,0.00155,0.002145,0.000807,0.00219,-0.00026,-0.000814,-0.006102,2135,1.0,0.5626,56.8385,QUALIFIED,,-0.066025,0.623776,1.118721,,False,True,S1_ONLY,no_data,,0.113959,0.0,0.088394,0.046169,3,full_m3_data
9736,589.0,0.368125,0.5536,1.36,1437.6010186757217,3109.8404074702885,32270.51018675721,9535.474533106955,33.6502,1418,3097,1456,3125,18.8813,3.5553,29.5074,16.6966,3.0106,-1768.4881,1.0,0.0038,0.0353,589.0,0.259429,0.254883,0.061386,1.0,1.0,,,,0.0,0.0,0.000971,0.001172,0.000333,0.001499,0.006715,-0.003352,-0.000984,-0.000932,589,1.0,25.3927,84.5067,QUALIFIED,,,,1.499181,,True,False,CPR_ONLY,normal_low,,0.152714,,,0.038178,1,partial_m3_data
9737,232.0,0.145,0.6105,1.05,1442.9612068965516,3327.469827586207,37711.24568965517,9401.46982758621,38.8658,1433,3317,1452,3337,7.5332,2.8251,15.5079,6.0609,1.8287,-1009.2157,1.0,0.0652,0.2159,232.0,0.234672,0.231388,0.039726,1.0,1.0,,,,0.0,0.0,0.027912,0.027992,0.044353,0.044398,0.051036,0.050206,0.052891,0.056807,173,0.7457,31.5436,77.8519,QUALIFIED,,-0.002866,-0.001015,0.016263,-0.074039,True,False,CPR_ONLY,normal_low,0.0,0.001657,0.0,0.0,0.000414,4,full_m3_data
9772,165.0,0.103125,0.5428,1.19,1444.0121212121212,1723.830303030303,-2379.742424242424,9375.196969696968,9.6719,1436,1715,1452,1734,19.7861,2.6318,27.9743,18.1494,1.2209,-1292.615,1.0,0.0,0.0,165.0,,,,0.0,0.0,0.107911,0.082121,0.064273,1.0,1.0,0.000733,0.000295,0.000688,0.000627,-0.00031,0.00125,-0.003466,-0.00561,165,1.0,85.0522,75.7671,QUALIFIED,,,,,,False,True,S1_ONLY,no_data,,,,,0.0,0,no_m3_data
9782,220.0,0.1375,0.6286,1.79,1452.9136363636364,1219.0363636363636,-14999.590909090912,9152.659090909088,17.5708,1441,1213,1466,1227,14.8352,3.6089,25.6102,12.9905,1.8181,-1738.166,1.0,0.0404,0.1771,220.0,,,,0.0,0.0,0.050624,0.049602,0.011904,1.0,1.0,0.001192,0.00315,7.9e-05,-0.000982,0.000599,-0.001738,-0.001044,-0.004509,220,1.0,0.5626,56.8385,QUALIFIED,,-1.642617,,,,False,True,S1_ONLY,no_data,,,0.0,,0.0,1,partial_m3_data
9807,313.0,0.195625,0.5589,1.4,1455.0223642172523,464.7667731629393,-33856.33067092652,9099.940894568696,35.0573,1441,456,1469,476,11.6427,3.3633,21.6632,10.993,2.6374,785.1586,1.0,0.0,0.0,313.0,0.29672,0.286734,0.068772,1.0,1.0,0.055947,0.054927,0.00791,1.0,1.0,0.034865,0.029535,0.033252,0.028602,0.034301,0.036801,0.032539,0.027255,313,1.0,162.995,83.983,QUALIFIED,,0.152875,0.139841,-0.072884,0.16239,True,True,BOTH,normal_low,0.007315,0.0,0.010719,0.019817,0.008667,4,full_m3_data
9809,461.0,0.288125,0.4657,1.1,1443.889370932755,1618.4425162689804,-5014.43709327549,9378.26572668113,10.634,1429,1603,1459,1636,8.3574,3.5259,18.3198,7.0092,2.0372,-1643.7509,1.0,0.0351,0.146,461.0,,,,0.0,0.0,0.077199,0.075909,0.015648,1.0,1.0,0.008741,0.005714,0.005965,0.005145,0.005141,0.005093,0.004546,0.000921,461,1.0,85.0522,75.7671,QUALIFIED,,0.346299,0.137469,0.009337,0.797404,False,True,S1_ONLY,no_data,0.035921,0.000951,0.024281,0.01948,0.021562,4,full_m3_data
9837,719.0,0.449375,0.535,1.71,1453.9749652294854,2932.305980528512,27832.149513212804,9126.125869262862,29.2905,1440,2907,1468,2955,8.0318,3.9116,18.6077,6.5223,3.0821,-2070.8391,1.0,0.9647,0.1569,719.0,0.229932,0.22582,0.04351,1.0,1.0,,,,0.0,0.0,0.005071,0.002797,-0.001757,0.000613,-0.003858,-0.003278,-0.009839,-0.010358,719,1.0,25.3927,84.5067,QUALIFIED,,0.448432,,,,True,False,CPR_ONLY,normal_low,,,0.031442,,0.006288,1,partial_m3_data
9885,426.0,0.26625,0.6574,1.12,1459.6009389671362,3315.779342723005,37418.98356807513,8985.476525821592,38.4831,1449,3302,1473,3329,4.535,2.297,12.4882,4.0475,1.8606,-996.9766,1.0,0.0084,0.0668,426.0,0.216603,0.209552,0.034131,1.0,1.0,,,,0.0,0.0,0.023343,0.043169,0.062836,0.063227,0.070107,0.064698,0.06045,0.054724,415,0.9742,31.5436,77.8519,QUALIFIED,,-0.849334,-0.006223,0.077153,0.094723,True,False,CPR_ONLY,normal_low,0.004267,0.007859,0.0,0.0,0.003458,4,full_m3_data
9897,217.0,0.135625,0.6165,1.38,1455.3133640552996,3336.165898617512,37928.6474654378,9092.66589861751,39.0037,1447,3325,1463,3347,3.9301,2.16,11.2662,3.7347,1.5049,-999.9406,1.0,0.0,0.0,217.0,0.210987,0.206658,0.029395,1.0,1.0,,,,0.0,0.0,0.042654,0.047833,0.074135,0.081478,0.097291,0.103582,0.087283,0.09439,160,0.7373,31.5436,77.8519,QUALIFIED,,-0.121419,-0.099049,-0.064662,-0.081425,True,False,CPR_ONLY,normal_low,0.0,0.0,0.0,0.0,0.0,4,full_m3_data
9920,1146.0,0.71625,0.5301,1.02,1464.7469458987784,2767.7356020942407,23717.89005235601,8856.826352530537,25.3179,1446,2742,1492,2789,7.6773,3.1955,27.461,6.7152,2.496,-1741.1597,1.0,0.1155,0.2919,1146.0,0.231477,0.225846,0.051913,1.0,1.0,,,,0.0,0.0,0.000929,0.002087,-0.001209,0.002135,0.001414,-0.003669,-0.00376,-0.000822,1086,0.9476,33.5851,91.8903,QUALIFIED,,,,3.594767,,True,False,CPR_ONLY,normal_low,,0.366182,,,0.091546,1,partial_m3_data
9941,1840.0,1.15,0.4451,1.47,1438.0782608695652,1408.0152173913043,-10275.119565217392,9523.543478260872,14.0091,1415,1374,1468,1452,12.9761,4.5211,23.7779,11.5022,3.7058,-1812.0701,1.0,0.0232,0.1342,1840.0,,,,0.0,0.0,0.048256,0.046694,0.009949,1.0,1.0,0.001995,0.001775,0.002578,0.001301,0.003254,-0.001778,-0.001269,-0.00256,1840,1.0,0.5626,56.8385,QUALIFIED,,0.110276,0.495345,1.546404,,False,True,S1_ONLY,no_data,,0.157525,0.007732,0.070194,0.054966,3,full_m3_data
9992,629.0,0.393125,0.2974,1.04,1472.5119236883943,1457.8505564387915,-9029.236089030208,8662.701907790142,12.5121,1453,1433,1498,1480,17.9053,4.5871,28.9875,15.7221,3.6868,-1930.0216,1.0,1.0,0.0,629.0,,,,0.0,0.0,0.085727,0.074571,0.032911,1.0,1.0,-0.000624,0.001749,0.000809,0.001092,-3.4e-05,-0.000531,-0.00152,-0.004281,629,1.0,0.5626,56.8385,QUALIFIED,,,,,,False,True,S1_ONLY,no_data,,,,,0.0,0,no_m3_data
9997,988.0,0.6175,0.4475,1.04,1452.5850202429149,2570.246963562753,18780.674089068823,9160.874493927127,20.8961,1428,2552,1476,2598,8.4115,2.778,23.9615,7.0499,1.4894,-1789.9049,1.0,0.0054,0.0579,988.0,0.269493,0.25937,0.059044,1.0,1.0,0.026646,0.026326,0.003577,1.0,1.0,0.002121,0.001259,0.001358,0.001477,0.002191,-0.000316,-0.001819,-0.0026,988,1.0,33.5851,91.8903,QUALIFIED,,0.406412,-0.087629,1.144226,,True,True,BOTH,normal_low,,0.116557,0.028495,0.0,0.034838,3,full_m3_data
9999,412.0,0.2575,0.5605,1.67,1465.3349514563106,2653.395631067961,20859.39077669903,8842.126213592237,22.6563,1455,2636,1476,2671,6.9841,4.0222,19.8009,6.1601,3.1748,-1767.2698,1.0,0.0344,0.1488,412.0,0.238723,0.239126,0.035409,1.0,1.0,0.021838,0.02135,0.002736,0.143204,0.143204,-0.001692,0.002795,-0.000266,0.001655,-0.000151,-0.008414,-0.0012,-0.003026,412,1.0,33.5851,91.8903,QUALIFIED,,,,,,True,True,BOTH,normal_low,,,,,0.0,0,no_m3_data
10003,934.0,0.58375,0.4228,1.0,1473.5706638115632,3417.389721627409,39959.24304068522,8636.233404710918,40.8822,1452,3394,1499,3441,7.3425,1.9642,15.2432,6.3586,1.1812,-1174.9786,1.0,0.9237,0.2461,934.0,0.142593,0.138984,0.021811,1.0,1.0,,,,0.0,0.0,-0.004001,0.001863,0.005153,0.005836,0.007063,0.001718,0.000408,0.002635,934,1.0,31.5436,77.8519,QUALIFIED,,,-0.132544,0.756761,,True,False,CPR_ONLY,normal_low,,0.077088,,0.0,0.019272,2,partial_m3_data
10057,1283.0,0.801875,0.4502,1.97,1451.6547155105222,2634.895557287607,20396.88893219018,9184.13211223694,22.3695,1418,2617,1493,2655,8.8717,3.9336,25.133,7.4265,2.6716,-1800.1649,1.0,0.0413,0.1664,1283.0,0.244193,0.236039,0.055462,1.0,1.0,0.021926,0.02107,0.004837,0.82463,0.82463,0.000229,0.001457,0.000559,0.001144,0.002066,-0.004079,-0.000588,-0.005642,1283,1.0,33.5851,91.8903,QUALIFIED,,,,2.974347,,True,True,BOTH,normal_low,,0.302983,,,0.075746,1,partial_m3_data
10065,205.0,0.128125,0.5632,1.86,1472.1512195121952,595.2926829268292,-30593.18292682927,8671.719512195123,31.7978,1461,588,1487,602,9.491,4.0569,19.9721,8.5363,2.8038,1843.2804,1.0,0.0991,0.2314,205.0,,,,0.0,0.0,0.073429,0.073461,0.008533,1.0,1.0,0.039109,0.045789,0.063181,0.065329,0.079444,0.082873,0.085233,0.076182,205,1.0,162.995,83.983,QUALIFIED,,-0.170805,-0.033998,-0.043162,0.106191,False,True,S1_ONLY,no_data,0.004784,0.0,0.0,0.0,0.001674,4,full_m3_data
10074,275.0,0.171875,0.6293,1.21,1476.5236363636363,472.57454545454544,-33661.13636363637,8562.409090909088,34.7325,1467,462,1486,485,8.8649,4.26,24.1901,8.2258,3.521,747.6185,1.0,0.0342,0.1652,275.0,0.250521,0.246126,0.04582,1.0,1.0,0.043929,0.043063,0.005379,1.0,1.0,0.067688,0.07231,0.091288,0.087813,0.112428,0.119111,0.118689,0.107894,275,1.0,162.995,83.983,QUALIFIED,,-0.068284,0.038066,-0.059442,0.090952,True,True,BOTH,normal_low,0.004097,0.0,0.0,0.005394,0.002513,4,full_m3_data
10090,396.0,0.2475,0.72,1.14,1475.0934343434344,2859.8838383838383,26021.59595959596,8598.164141414141,27.4056,1463,2849,1488,2871,6.1538,2.6827,21.4669,5.4151,1.7818,-1980.4052,1.0,0.0185,0.1105,396.0,0.218478,0.205416,0.056631,1.0,1.0,,,,0.0,0.0,3.9e-05,0.002075,-0.000575,0.00151,-0.001367,-0.001702,-0.003347,-3e-06,396,1.0,25.3927,84.5067,QUALIFIED,,,,,,True,False,CPR_ONLY,normal_low,,,,,0.0,0,no_m3_data
10091,158.0,0.09875,0.5197,1.19,1474.018987341772,2992.025316455696,29325.1329113924,8625.0253164557,30.5676,1466,2984,1485,3000,10.7046,2.6961,17.7289,9.8024,1.99,-1727.1468,1.0,0.0129,0.0741,158.0,0.296027,0.298338,0.058096,1.0,1.0,,,,0.0,0.0,0.006357,0.006182,0.004917,0.003664,0.005187,0.002406,0.003798,0.007071,158,1.0,25.3927,84.5067,QUALIFIED,,0.027529,0.25483,0.536148,-0.861769,True,False,CPR_ONLY,normal_low,0.0,0.054615,0.00193,0.036111,0.021262,4,full_m3_data
10101,354.0,0.22125,0.5673,1.08,1475.5197740112994,2824.338983050848,25132.9745762712,8587.505649717517,26.5599,1465,2811,1489,2837,8.9451,2.5146,16.473,7.7295,1.432,-1919.5236,1.0,0.0047,0.0499,354.0,0.274812,0.256754,0.069486,1.0,1.0,,,,0.0,0.0,-0.000679,0.002128,0.001099,0.001022,0.001965,0.001311,-0.002353,0.001059,354,1.0,25.3927,84.5067,QUALIFIED,,,0.070064,0.332824,,True,False,CPR_ONLY,normal_low,,0.033903,,0.009929,0.010462,2,partial_m3_data
10103,336.0,0.21,0.5,1.52,1470.9791666666667,121.19940476190476,-42445.51488095238,8701.020833333328,43.3276,1460,105,1481,137,16.6208,2.576,24.7789,14.7566,1.9301,-644.7669,1.0,0.0,0.0,336.0,0.31676,0.3038,0.073261,1.0,1.0,0.020305,0.018056,0.006798,1.0,1.0,0.008648,0.002867,0.004191,0.002846,0.001801,0.003682,-0.000775,-0.003427,336,1.0,124.8132,107.6433,QUALIFIED,,0.668478,0.320926,-1.04442,,True,True,BOTH,normal_low,,0.0,0.04687,0.045478,0.01847,3,full_m3_data
10112,247.0,0.154375,0.5614,1.1,1479.8825910931173,2841.3967611336034,25559.41902834008,8478.435222672066,26.9293,1470,2830,1490,2852,7.5016,3.5776,18.859,5.7735,1.9555,-1946.39,1.0,0.1291,0.3089,247.0,0.238326,0.221601,0.062849,1.0,1.0,,,,0.0,0.0,0.004491,0.005053,0.004031,0.002599,0.00257,0.001014,0.000501,0.004151,247,1.0,25.3927,84.5067,QUALIFIED,,-0.125139,0.355247,0.605447,,True,False,CPR_ONLY,normal_low,,0.061674,0.0,0.050341,0.025487,3,full_m3_data
10151,255.0,0.159375,0.5795,1.1,1485.678431372549,1998.03137254902,4475.2843137254895,8333.539215686273,9.459,1475,1988,1497,2008,19.3035,2.603,28.587,17.6795,1.3716,528.0595,1.0,0.0,0.0,255.0,,,,0.0,0.0,0.056992,0.056686,0.009222,1.0,1.0,0.094809,0.117221,0.171004,0.183262,0.223698,0.211872,0.217149,0.220049,255,1.0,85.0522,75.7671,QUALIFIED,,-0.236391,-0.071683,0.052866,-0.013355,False,True,S1_ONLY,no_data,0.0,0.005385,0.0,0.0,0.001346,4,full_m3_data
10155,223.0,0.139375,0.5068,1.1,1476.3991031390135,152.08071748878925,-41673.48206278027,8565.522421524664,42.5441,1467,139,1487,161,11.6073,2.336,17.9865,10.3647,1.3866,-455.5406,1.0,0.0,0.0,223.0,0.48159,0.442699,0.159601,1.0,1.0,0.018068,0.016052,0.006055,1.0,1.0,0.009751,0.005296,0.004052,0.004496,0.002567,0.006733,0.000741,-0.006681,223,1.0,124.8132,107.6433,QUALIFIED,,0.456876,-0.109576,-1.622906,,True,True,BOTH,normal_low,,0.0,0.032034,0.0,0.006407,3,full_m3_data
10169,150.0,0.09375,0.6787,1.31,1482.7333333333331,2636.733333333333,20442.83333333333,8407.166666666664,22.1043,1474,2630,1491,2643,5.6973,2.3703,12.0974,4.5953,1.2765,-1729.0155,1.0,0.0064,0.0506,150.0,0.204955,0.198827,0.037597,1.0,1.0,0.020373,0.019942,0.001797,0.6,0.6,0.010181,0.005922,0.006284,0.006885,0.006975,0.008118,0.010365,0.000535,150,1.0,33.5851,91.8903,QUALIFIED,,0.418328,-0.09564,-0.163871,0.948384,True,True,BOTH,normal_low,0.042722,0.0,0.029331,0.0,0.020819,4,full_m3_data
10189,175.0,0.109375,0.625,1.43,1483.56,135.77714285714285,-42081.07142857143,8386.5,42.908,1473,129,1493,143,12.6852,2.2976,18.6954,11.6869,1.4087,-546.299,1.0,0.0,0.0,175.0,0.571685,0.56183,0.144793,1.0,1.0,0.018099,0.017141,0.003587,1.0,1.0,0.008396,0.004702,0.004538,0.005229,0.001021,0.002445,0.000717,-0.006306,175,1.0,124.8132,107.6433,QUALIFIED,,0.439971,-0.15227,-1.394711,,True,True,BOTH,typical,,0.0,0.030848,0.0,0.00617,3,full_m3_data
10234,2474.0,1.54625,0.5687,1.29,1477.147534357316,1056.1398544866613,-19072.003637833463,8546.8116410671,20.8988,1448,1021,1506,1096,10.5115,3.916,27.9511,9.2587,3.0758,-1060.7242,1.0,0.0151,0.1038,2474.0,,,,0.0,0.0,0.038314,0.037699,0.005273,1.0,1.0,0.0049,0.003633,0.001822,0.002538,0.003018,0.001156,0.000183,-0.003407,2474,1.0,50.752,65.3557,QUALIFIED,,0.258571,-0.392975,0.616965,,False,True,S1_ONLY,no_data,,0.062847,0.01813,0.0,0.019338,3,full_m3_data
10240,401.0,0.250625,0.3808,1.44,1496.857855361596,3413.0324189526186,39850.310473815465,8054.053615960103,40.6564,1479,3397,1518,3424,5.1521,3.1963,16.8558,4.1508,2.0628,-1220.25,1.0,0.945,0.2062,401.0,0.170995,0.168599,0.028938,1.0,1.0,,,,0.0,0.0,0.001229,0.000958,0.003084,0.003545,0.00479,-0.000665,0.000833,-0.002552,401,1.0,31.5436,77.8519,QUALIFIED,,0.220504,-0.149481,1.138831,,True,False,CPR_ONLY,normal_low,,0.116007,0.015461,0.0,0.032094,3,full_m3_data
10250,639.0,0.399375,0.5229,1.81,1483.1189358372458,164.46165884194053,-41363.95852895149,8397.526604068858,42.2072,1470,141,1496,188,11.4072,4.1259,29.111,10.1064,2.5407,-430.458,1.0,0.0056,0.0606,639.0,0.387183,0.354344,0.172386,1.0,1.0,0.0228,0.020012,0.011164,1.0,1.0,0.009293,0.007723,0.005636,0.006134,0.004083,0.007305,0.003568,-0.005038,639,1.0,124.8132,107.6433,QUALIFIED,,0.168944,-0.088361,-0.789126,2.411996,True,True,BOTH,normal_low,0.108654,0.0,0.011845,0.0,0.040398,4,full_m3_data
10264,474.0,0.29625,0.5255,1.86,1481.6413502109704,3249.5,35762.0,8434.466244725743,36.7435,1465,3239,1506,3261,9.5701,4.5857,29.4476,8.3696,3.4032,-1271.8029,1.0,0.0479,0.187,474.0,0.317571,0.253459,0.134888,1.0,1.0,,,,0.0,0.0,8.8e-05,0.002982,0.000824,0.000246,0.00323,0.002217,-0.004529,-0.007442,474,1.0,31.5436,77.8519,QUALIFIED,,,,0.313622,,True,False,CPR_ONLY,normal_low,,0.031947,,,0.007987,1,partial_m3_data
10385,165.0,0.103125,0.7051,1.38,1499.290909090909,3098.5151515151515,31987.378787878784,7993.227272727272,32.9713,1494,3090,1507,3108,6.8611,3.3259,16.5719,5.6396,2.0282,-1552.9879,1.0,0.0206,0.1012,165.0,0.261765,0.264568,0.044804,1.0,1.0,,,,0.0,0.0,0.00256,-0.003916,-0.000152,-0.001041,0.001326,-0.004667,-0.00812,-0.002807,165,1.0,25.3927,84.5067,QUALIFIED,,2.529687,,4.519608,,True,False,CPR_ONLY,normal_low,,0.460391,0.177368,,0.150571,2,partial_m3_data
10386,209.0,0.130625,0.5238,1.11,1498.5263157894738,3157.5837320574165,33464.09330143541,8012.342105263153,34.4103,1488,3146,1507,3167,3.4006,1.9142,10.2021,3.1526,1.2927,-1570.1344,1.0,0.9231,0.2365,209.0,0.21339,0.204913,0.033759,1.0,1.0,,,,0.0,0.0,0.002333,2.8e-05,-0.000353,-0.001303,-0.002003,0.001117,-0.002622,-0.002865,209,1.0,25.3927,84.5067,QUALIFIED,,0.987998,,,,True,False,CPR_ONLY,normal_low,,,0.069273,,0.013855,1,partial_m3_data
10387,138.0,0.08625,0.5897,1.38,1502.840579710145,3390.043478260869,39275.58695652174,7904.485507246376,40.0635,1494,3385,1512,3398,3.3476,2.2245,12.8689,2.407,0.9527,-1228.8858,1.0,0.8603,0.2757,138.0,0.155624,0.155885,0.022602,1.0,1.0,,,,0.0,0.0,0.030257,0.039621,0.04657,0.052666,0.062589,0.061605,0.054595,0.055765,138,1.0,31.5436,77.8519,QUALIFIED,,-0.309482,-0.1309,0.015722,-0.021431,True,False,CPR_ONLY,normal_low,0.0,0.001602,0.0,0.0,0.0004,4,full_m3_data
10415,1606.0,1.00375,0.5134,1.48,1505.9259028642591,1084.5006226650062,-18362.984433374844,7827.352428393526,19.961,1484,1051,1530,1119,10.8831,3.8935,23.9455,9.4276,2.6694,-1094.1399,1.0,0.0812,0.2454,1606.0,,,,0.0,0.0,0.046349,0.042786,0.012205,1.0,1.0,0.006049,0.002129,0.000453,5.3e-05,0.000772,0.001136,-0.004592,-0.00442,1606,1.0,50.752,65.3557,QUALIFIED,,0.648041,,,,False,True,S1_ONLY,no_data,,,0.045437,,0.009087,1,partial_m3_data
10444,361.0,0.225625,0.5785,1.08,1515.5678670360112,1052.404432132964,-19165.389196675897,7586.303324099717,20.6116,1504,1040,1528,1066,8.3723,2.571,16.3916,7.1682,1.574,-971.2177,1.0,0.0811,0.234,361.0,,,,0.0,0.0,0.050693,0.049215,0.008213,1.0,1.0,0.002777,0.003366,0.001505,-0.001341,-0.001671,-0.000744,-0.006481,-0.006742,361,1.0,50.752,65.3557,QUALIFIED,,-0.212099,1.89103,,,False,True,S1_ONLY,no_data,,,0.0,0.267974,0.053595,2,partial_m3_data
10501,853.0,0.533125,0.4048,1.14,1522.535756154748,2830.239155920281,25280.478898007044,7412.106096131298,26.345,1498,2805,1547,2848,11.8692,2.5341,20.2577,10.2136,1.6451,-1850.676,1.0,0.0,0.0,853.0,0.257538,0.228267,0.093743,1.0,1.0,,,,0.0,0.0,-0.006832,-0.001959,-0.003867,-0.000441,-0.004914,-0.004876,-0.013576,-0.011438,853,1.0,25.3927,84.5067,QUALIFIED,,,,,,True,False,CPR_ONLY,normal_low,,,,,0.0,0,no_m3_data
10503,731.0,0.456875,0.4806,1.0,1510.9274965800273,3138.871409028728,32996.285225718195,7702.312585499319,33.8837,1489,3120,1528,3159,9.6792,3.3307,23.5651,8.1373,2.2767,-1601.2923,1.0,0.9031,0.2711,731.0,0.193826,0.178901,0.05502,1.0,1.0,,,,0.0,0.0,-0.002601,0.000365,-0.002314,-0.001264,-0.00245,-0.003017,-0.013947,-0.008007,731,1.0,25.3927,84.5067,QUALIFIED,,,,,,True,False,CPR_ONLY,normal_low,,,,,0.0,0,no_m3_data
10515,626.0,0.39125,0.3249,1.15,1506.444089456869,2844.215654952077,25629.89137380192,7814.397763578272,26.795,1483,2826,1530,2867,8.4837,2.5074,16.1064,7.4538,1.5228,-1927.5536,1.0,0.0142,0.1028,626.0,0.208784,0.201413,0.046923,1.0,1.0,,,,0.0,0.0,0.002815,0.00284,0.004265,0.002264,-0.000546,0.002916,-0.000359,-0.000752,537,0.8578,25.3927,84.5067,QUALIFIED,,-0.008881,0.469168,,,True,False,CPR_ONLY,normal_low,,,0.0,0.066485,0.013297,2,partial_m3_data
10657,547.0,0.341875,0.521,1.17,1540.2431444241315,1500.1115173674589,-7972.712065813524,6969.42138939671,10.5888,1527,1480,1557,1515,8.2448,2.7895,17.1488,7.2703,2.1659,-2347.0094,1.0,1.0,0.0,547.0,,,,0.0,0.0,0.062345,0.060321,0.011258,1.0,1.0,-0.001926,0.002462,-0.000669,0.002769,0.003676,-0.004605,0.000476,9.7e-05,547,1.0,0.5626,56.8385,QUALIFIED,,,,2.25272,,False,True,S1_ONLY,no_data,,0.229474,,,0.057368,1,partial_m3_data
10704,181.0,0.113125,0.4918,1.44,1542.8232044198894,2830.486187845304,25286.654696132595,6904.919889502766,26.2128,1532,2822,1555,2838,12.9275,2.2484,22.2692,11.1758,0.9941,-1808.0851,1.0,0.0,0.0,181.0,0.251894,0.233638,0.05222,1.0,1.0,,,,0.0,0.0,-0.00263,0.000615,0.001898,0.000407,0.002059,0.012431,-0.003471,-0.011735,181,1.0,25.3927,84.5067,QUALIFIED,,,0.785564,-5.037397,,True,False,CPR_ONLY,normal_low,,0.0,,0.111321,0.022264,2,partial_m3_data
10718,431.0,0.269375,0.5671,1.9,1548.696055684455,46.39211136890951,-44315.69721577726,6758.098607888634,44.8275,1529,36,1567,56,11.0331,3.4083,26.639,10.0366,2.2855,-1504.0226,1.0,0.8908,0.2913,431.0,0.351336,0.310391,0.135239,1.0,1.0,0.030957,0.029168,0.008345,1.0,1.0,0.010463,0.008975,0.004648,0.004902,0.001995,0.002052,-8.6e-05,-0.003552,431,1.0,124.8132,107.6433,QUALIFIED,,0.142215,-0.054647,-0.028571,,True,True,BOTH,normal_low,,0.0,0.009971,0.0,0.001994,3,full_m3_data
10753,894.0,0.55875,0.4888,1.9,1526.447427293065,2588.736017897092,19242.900447427288,7314.314317673379,20.5864,1511,2556,1542,2615,12.2825,3.5918,26.5102,10.5987,2.388,-1553.4951,1.0,0.0005,0.0147,894.0,,,,0.0,0.0,0.025728,0.026368,0.00431,1.0,1.0,-0.00024,-0.001264,-0.001837,-0.000144,-0.003305,-0.002225,-0.008237,-0.008788,750,0.8389,33.5851,91.8903,QUALIFIED,,,,,,False,True,S1_ONLY,no_data,,,,,0.0,0,no_m3_data
10761,260.0,0.1625,0.471,1.04,1540.3538461538462,433.8807692307692,-34628.480769230766,6966.653846153844,35.3217,1530,423,1553,447,9.2935,2.9846,20.0511,8.8438,2.8456,57.792,1.0,0.0,0.0,260.0,0.222473,0.223286,0.028491,1.0,1.0,0.037529,0.046029,0.020807,1.0,1.0,0.045619,0.049701,0.06093,0.065599,0.075555,0.078117,0.077714,0.072332,260,1.0,162.995,83.983,QUALIFIED,,-0.08948,-0.076629,-0.033909,0.069254,True,True,BOTH,normal_low,0.00312,0.0,0.0,0.0,0.001092,4,full_m3_data
10771,423.0,0.264375,0.4976,1.36,1531.501182033097,3568.567375886525,43738.68439716313,7187.970449172579,44.3258,1519,3548,1544,3582,9.4867,3.9952,26.9059,7.733,2.4849,-1191.5164,1.0,0.0485,0.1816,423.0,0.147675,0.146961,0.019591,1.0,1.0,,,,0.0,0.0,0.001881,-0.000346,-5e-06,0.000167,0.000334,-0.00963,-0.016491,-0.023601,423,1.0,31.5436,77.8519,QUALIFIED,,1.183945,,,,True,False,CPR_ONLY,normal_low,,,0.083012,,0.016602,1,partial_m3_data
10790,192.0,0.12,0.6857,1.43,1542.2604166666667,3559.1666666666665,43503.66666666666,6918.9895833333285,44.0509,1536,3550,1550,3570,6.1374,2.086,11.7554,5.0747,1.1375,-1196.6952,1.0,0.0571,0.188,192.0,0.157247,0.152993,0.023267,1.0,1.0,,,,0.0,0.0,-0.000761,0.001552,-1.6e-05,0.000396,0.001179,-0.008984,0.000298,-0.009925,192,1.0,31.5436,77.8519,QUALIFIED,,,,8.620017,,True,False,CPR_ONLY,normal_low,,0.87808,,,0.21952,1,partial_m3_data
10803,1816.0,1.135,0.4511,1.08,1562.2874449339206,3148.5644273127755,33238.61068281939,6418.313876651984,33.853,1534,3117,1595,3183,7.0063,3.0075,19.7093,5.9213,2.2938,-1752.7974,1.0,0.9992,0.0253,1816.0,0.159382,0.152882,0.033896,1.0,1.0,,,,0.0,0.0,0.003318,-0.002837,-0.000266,0.000735,0.000506,-0.002927,-0.004426,-0.006726,1748,0.9626,25.3927,84.5067,QUALIFIED,,1.855033,,,,True,False,CPR_ONLY,normal_low,,,0.130065,,0.026013,1,partial_m3_data
10806,733.0,0.458125,0.7151,1.64,1551.3901773533423,806.9795361527968,-25301.01159618008,6690.745566166443,26.1701,1540,787,1565,828,15.537,3.6352,25.4005,13.8518,2.7306,-192.821,1.0,0.9838,0.1149,733.0,,,,0.0,0.0,0.059184,0.054905,0.018787,0.963165,0.963165,-0.002391,-0.000454,0.003216,0.001119,0.002842,-0.000886,-0.00481,-0.001334,733,1.0,50.752,65.3557,QUALIFIED,,,0.652052,1.311752,,False,True,S1_ONLY,no_data,,0.133622,,0.092401,0.051886,2,partial_m3_data
10854,130.0,0.08125,0.7386,1.45,1542.1076923076923,3283.6153846153848,36614.884615384624,6922.807692307695,37.264,1534,3279,1550,3290,19.3886,3.166,26.0912,17.7068,1.4311,-1351.324,1.0,0.1868,0.2958,130.0,0.117712,0.113939,0.016527,1.0,1.0,,,,0.0,0.0,0.001194,-0.00346,0.000464,-0.001909,-0.000758,-0.001664,0.001337,0.001247,130,1.0,31.5436,77.8519,QUALIFIED,,3.897822,,,0.067315,True,False,CPR_ONLY,normal_low,0.003032,,0.273294,,0.05572,2,partial_m3_data
10934,1229.0,0.768125,0.4197,1.27,1552.53295362083,3108.812855980472,32244.8213995118,6662.176159479255,32.9263,1521,3084,1582,3132,6.8355,3.666,22.2944,5.9235,3.1116,-1725.9762,1.0,0.9978,0.0405,1229.0,0.183267,0.174381,0.042336,1.0,1.0,,,,0.0,0.0,-0.000183,-0.002723,0.000368,-0.000995,0.000783,-0.000936,-0.000448,-0.000794,1177,0.9577,25.3927,84.5067,QUALIFIED,,,,,,True,False,CPR_ONLY,normal_low,,,,,0.0,0,no_m3_data
10986,261.0,0.163125,0.5404,1.1,1554.831417624521,2871.1609195402298,26303.52298850575,6604.714559386972,27.1204,1544,2861,1567,2882,3.4896,1.4157,7.7314,3.2192,0.967,-1921.021,1.0,0.0067,0.0534,261.0,0.190622,0.17702,0.045898,1.0,1.0,,,,0.0,0.0,0.03437,0.030092,0.039353,0.040355,0.04773,0.049199,0.050448,0.048861,242,0.9272,25.3927,84.5067,QUALIFIED,,0.124469,-0.025462,-0.030777,0.031458,True,False,CPR_ONLY,normal_low,0.001417,0.0,0.008727,0.0,0.002241,4,full_m3_data
10987,201.0,0.125625,0.6281,1.25,1563.8358208955224,3166.402985074627,33684.57462686568,6379.604477611938,34.2838,1556,3158,1572,3178,5.8636,2.4608,18.1396,4.6902,1.3026,-1771.1849,1.0,1.0,0.0,201.0,0.161722,0.163341,0.022442,1.0,1.0,,,,0.0,0.0,0.001113,-0.014761,0.000748,-0.000591,0.002237,-0.001564,0.004388,0.000245,201,1.0,25.3927,84.5067,QUALIFIED,,14.262354,,1.699151,0.944166,True,False,CPR_ONLY,normal_low,0.042532,0.173084,1.0,,0.258157,3,full_m3_data
11002,601.0,0.375625,0.4971,1.26,1558.9866888519134,857.3960066555741,-24040.59983361065,6500.832778702163,24.9034,1540,842,1579,873,5.7827,3.4832,22.58,5.2891,2.597,-363.487,1.0,0.8918,0.2818,601.0,,,,0.0,0.0,0.035703,0.033798,0.011235,0.718802,0.718802,-0.0003,0.000179,0.002253,0.000361,0.002023,-0.003198,-0.005573,-0.00634,601,1.0,50.752,65.3557,QUALIFIED,,,0.839769,2.580821,,False,True,S1_ONLY,no_data,,0.262896,,0.119002,0.089524,2,partial_m3_data
11008,328.0,0.205,0.4556,1.8,1567.185975609756,3403.2103658536585,39604.75914634146,6295.850609756097,40.1025,1559,3386,1579,3422,4.4934,3.0297,19.4813,3.774,1.655,-1205.0802,1.0,0.2151,0.3247,328.0,0.195876,0.186032,0.04672,1.0,1.0,,,,0.0,0.0,0.000877,0.001067,-1.4e-05,0.000136,-9.1e-05,-0.005091,-0.000942,-0.011158,328,1.0,31.5436,77.8519,QUALIFIED,,,,,,True,False,CPR_ONLY,normal_low,,,,,0.0,0,no_m3_data
11029,713.0,0.445625,0.5402,1.21,1570.3338008415146,3062.673211781206,31091.330294530155,6217.154978962135,31.7072,1553,3045,1586,3085,5.2064,2.1278,19.2421,4.3789,1.3067,-1748.7027,1.0,0.8455,0.3146,713.0,0.168214,0.165559,0.027261,1.0,1.0,,,,0.0,0.0,0.00025,-0.000701,0.001078,-0.000442,0.00036,-0.005232,-0.003163,-0.005228,713,1.0,25.3927,84.5067,QUALIFIED,,,1.410019,,,True,False,CPR_ONLY,normal_low,,,,0.199811,0.039962,1,partial_m3_data
11054,155.0,0.096875,0.5962,1.54,1570.1548387096775,3337.6387096774192,37965.467741935485,6221.629032258061,38.4723,1565,3329,1578,3349,4.4896,2.5268,11.8026,3.8707,2.096,-1185.4524,1.0,0.0108,0.0728,155.0,0.206813,0.193712,0.06181,1.0,1.0,,,,0.0,0.0,0.001386,-0.000215,0.00092,0.000274,-0.000311,-0.003361,-0.00254,-0.01008,155,1.0,31.5436,77.8519,QUALIFIED,,1.155123,,,,True,False,CPR_ONLY,normal_low,,,0.080991,,0.016198,1,partial_m3_data
11060,518.0,0.32375,0.406,1.52,1572.5675675675675,3176.5598455598456,33938.49613899614,6161.310810810814,34.4936,1557,3152,1586,3196,6.942,4.6609,26.5196,5.5157,3.1352,-1761.7208,1.0,1.0,0.0,518.0,0.18067,0.167555,0.043725,1.0,1.0,,,,0.0,0.0,-0.001013,-0.003355,8.9e-05,-0.000169,0.000744,-0.005718,-0.002099,-0.032341,495,0.9556,25.3927,84.5067,QUALIFIED,,,,,,True,False,CPR_ONLY,normal_low,,,,,0.0,0,no_m3_data
11074,1014.0,0.63375,0.4813,1.14,1557.015779092702,2958.516765285996,28487.41913214989,6550.105522682447,29.2311,1534,2939,1583,2982,8.0321,4.1977,21.7305,7.095,3.1834,-1825.0908,1.0,0.0462,0.1719,1014.0,0.206637,0.19959,0.049924,1.0,1.0,,,,0.0,0.0,0.011504,0.011373,0.018863,0.01894,0.021444,0.01988,0.017662,0.020276,1014,1.0,25.3927,84.5067,QUALIFIED,,0.011387,-0.004082,0.072934,-0.148001,True,False,CPR_ONLY,normal_low,0.0,0.007429,0.000798,0.0,0.002017,4,full_m3_data
11084,162.0,0.10125,0.4737,1.06,1570.3395061728395,3421.0246913580245,40050.11728395062,6217.01234567901,40.5302,1562,3412,1580,3431,3.899,2.0202,11.4205,3.8156,1.3653,-1194.4232,1.0,0.2654,0.3455,162.0,0.187327,0.175556,0.031713,1.0,1.0,,,,0.0,0.0,-7.4e-05,-0.002753,-0.004512,0.000622,-0.000816,-0.002707,-0.00328,-0.004613,162,1.0,31.5436,77.8519,QUALIFIED,,,,,,True,False,CPR_ONLY,normal_low,,,,,0.0,0,no_m3_data
11101,400.0,0.25,0.4926,1.04,1581.4175,3094.27,31881.25,5940.0625,32.4303,1568,3081,1597,3109,5.5862,2.7614,15.566,4.7228,1.9338,-1754.7946,1.0,0.9645,0.1676,400.0,0.181922,0.181319,0.027927,1.0,1.0,,,,0.0,0.0,-0.000772,-0.0029,-0.000288,-0.000785,9.6e-05,-0.006328,-0.008754,-0.013805,400,1.0,25.3927,84.5067,QUALIFIED,,,,,,True,False,CPR_ONLY,normal_low,,,,,0.0,0,no_m3_data
11110,1381.0,0.863125,0.5384,1.27,1583.1506154960173,2879.7733526430125,26518.833816075305,5896.734612599568,27.1669,1560,2856,1605,2913,5.5559,2.8697,24.5609,4.4709,1.8654,-1919.4093,1.0,0.1564,0.3262,1381.0,0.191528,0.190082,0.042099,0.233888,0.233888,,,,0.0,0.0,0.001459,-0.00149,0.001245,-0.001368,0.000112,0.001366,-0.001734,0.001347,1381,1.0,25.3927,84.5067,QUALIFIED,,2.021247,2.098795,,,True,False,CPR_ONLY,normal_low,,,0.141719,0.297416,0.087827,2,partial_m3_data
11112,1298.0,0.81125,0.4894,1.74,1583.1417565485365,3465.5,41162.0,5896.956086286591,41.5827,1563,3431,1602,3499,11.4595,3.4905,25.5563,9.9562,2.4365,-1082.4555,1.0,0.0642,0.226,1298.0,0.204671,0.194459,0.050622,1.0,1.0,,,,0.0,0.0,-0.000291,-0.000245,-4.8e-05,0.000525,0.000598,-0.00263,-0.006456,-0.010253,1298,1.0,31.5436,77.8519,QUALIFIED,,,,,,True,False,CPR_ONLY,normal_low,,,,,0.0,0,no_m3_data
11147,430.0,0.26875,0.5485,1.0,1577.5813953488373,616.6534883720931,-30059.162790697672,6035.965116279069,30.6586,1566,602,1594,630,12.8968,4.6273,28.2352,11.2514,3.3449,1608.0947,1.0,0.1371,0.2908,430.0,,,,0.0,0.0,0.182329,0.176395,0.075678,1.0,1.0,0.045427,0.057216,0.080299,0.086449,0.105518,0.096516,0.103919,0.097956,430,1.0,162.995,83.983,QUALIFIED,,-0.259515,-0.076589,0.085312,0.057381,False,True,S1_ONLY,no_data,0.002585,0.00869,0.0,0.0,0.003077,4,full_m3_data
11159,129.0,0.080625,0.5039,1.0,1576.84496124031,3406.6976744186045,39691.94186046512,6054.375968992244,40.1515,1569,3400,1585,3416,6.343,1.8828,11.3385,4.7516,0.8514,-1191.7278,1.0,0.0772,0.2205,129.0,0.257482,0.242292,0.076757,1.0,1.0,,,,0.0,0.0,0.002055,0.001114,0.000105,0.00029,0.002263,0.000428,-0.004224,-0.00799,129,1.0,31.5436,77.8519,QUALIFIED,,0.457908,,0.810871,,True,False,CPR_ONLY,normal_low,,0.0826,0.032106,,0.027071,2,partial_m3_data
11257,534.0,0.33375,0.5773,1.48,1596.698501872659,3047.3295880149813,30707.73970037453,5558.037453183526,31.2071,1584,3028,1609,3065,5.7307,3.1658,15.2129,4.5441,2.0651,-1792.0422,1.0,0.8245,0.3467,534.0,0.168208,0.1694,0.040532,1.0,1.0,,,,0.0,0.0,0.002096,0.000439,-0.000155,0.00097,0.001741,-0.000989,-0.002515,-0.010366,534,1.0,25.3927,84.5067,QUALIFIED,,0.790553,,1.568064,,True,False,CPR_ONLY,normal_low,,0.159731,0.055429,,0.051019,2,partial_m3_data
11258,559.0,0.349375,0.3503,1.11,1584.2307692307693,3073.631484794276,31365.28711985689,5869.730769230766,31.9102,1565,3052,1603,3094,5.7146,2.6602,18.553,4.6367,1.7949,-1773.9498,1.0,0.9926,0.0721,559.0,0.17248,0.162358,0.038985,1.0,1.0,,,,0.0,0.0,-0.00043,-0.000527,-0.000519,-7.6e-05,0.00141,-0.00463,0.00149,-0.007845,559,1.0,25.3927,84.5067,QUALIFIED,,,,4.283688,6.265101,True,False,CPR_ONLY,normal_low,0.282226,0.436359,,,0.207869,2,partial_m3_data
11270,467.0,0.291875,0.5838,1.28,1583.0556745182014,3245.882226980728,35671.5556745182,5899.108137044968,36.1565,1570,3230,1595,3262,9.5961,4.9006,22.9437,8.193,3.9814,-1734.8774,1.0,1.0,0.0,467.0,0.168125,0.164981,0.043308,1.0,1.0,,,,0.0,0.0,0.000702,0.001471,0.000689,0.001408,0.000231,-0.005042,-0.00933,-0.018177,467,1.0,31.5436,77.8519,QUALIFIED,,,,,,True,False,CPR_ONLY,normal_low,,,,,0.0,0,no_m3_data
11301,660.0,0.4125,0.5729,1.12,1587.889393939394,3386.0924242424244,39176.81060606061,5778.265151515152,39.6011,1572,3366,1604,3402,5.3969,3.0728,16.2816,4.4833,2.0696,-1172.6301,1.0,0.0393,0.1644,660.0,0.221285,0.194047,0.089386,1.0,1.0,,,,0.0,0.0,0.002747,0.004178,0.005064,0.004636,0.004222,0.004143,0.002499,-0.001819,660,1.0,31.5436,77.8519,QUALIFIED,,-0.520932,0.084518,0.018712,1.727891,True,False,CPR_ONLY,normal_low,0.077837,0.001906,0.0,0.011977,0.030115,4,full_m3_data
11306,344.0,0.215,0.6067,1.29,1600.875,1000.2906976744188,-20468.23255813953,5453.625,21.1817,1588,990,1615,1011,9.1797,4.6988,24.1711,8.1463,3.9881,-699.6463,1.0,0.0244,0.1448,344.0,,,,0.0,0.0,0.025086,0.029185,0.011965,1.0,1.0,0.012208,0.003299,-0.000793,0.000583,-0.001923,-0.003125,0.002259,0.000805,217,0.6308,131.1381,81.2218,QUALIFIED,,0.729767,,,0.643648,False,True,S1_ONLY,no_data,0.028995,,0.051167,,0.020382,2,partial_m3_data
11321,340.0,0.2125,0.4062,1.15,1595.2323529411765,3180.247058823529,34030.67647058822,5594.691176470587,34.4879,1579,3166,1610,3193,6.2408,2.5007,15.3465,5.4161,1.4257,-1759.0301,1.0,0.9569,0.1693,340.0,0.196795,0.197091,0.031687,1.0,1.0,,,,0.0,0.0,-0.002258,-4.8e-05,0.001931,0.000613,-0.001631,-0.00548,-0.011908,-0.017823,340,1.0,25.3927,84.5067,QUALIFIED,,,0.682548,,,True,False,CPR_ONLY,normal_low,,,,0.096722,0.019344,1,partial_m3_data
11333,279.0,0.174375,0.6039,1.05,1599.831541218638,3525.3118279569894,42657.29569892473,5479.71146953405,43.0082,1591,3515,1612,3537,6.5432,2.8746,13.239,5.502,1.9276,-1006.4725,1.0,0.0278,0.1436,279.0,0.245442,0.239165,0.055335,1.0,1.0,,,,0.0,0.0,0.00011,0.00178,-1.3e-05,-0.00125,0.003167,-0.011069,-0.006026,-0.010611,279,1.0,63.3495,86.7715,QUALIFIED,,,,4.495106,,True,False,CPR_ONLY,normal_low,,0.457895,,,0.114474,1,partial_m3_data
11352,416.0,0.26,0.4848,1.27,1598.7451923076924,1016.96875,-20051.28125,5506.870192307688,20.7931,1584,1004,1617,1030,11.7485,3.8083,27.4785,10.9069,3.3868,-743.0334,1.0,0.0303,0.1343,416.0,,,,0.0,0.0,0.009207,0.001763,0.012002,1.0,1.0,0.009436,0.006435,0.001113,0.001437,-0.000501,-0.002513,0.003659,0.002163,416,1.0,50.752,65.3557,QUALIFIED,,0.318037,-0.291105,,0.408855,False,True,S1_ONLY,no_data,0.018418,,0.022299,0.0,0.010906,3,full_m3_data
11381,1408.0,0.88,0.458,1.09,1587.0646306818182,2927.5546875,27713.3671875,5798.884232954544,28.3139,1556,2900,1614,2953,6.6691,3.4558,28.4051,5.4876,2.5322,-1889.7191,1.0,0.1611,0.329,1408.0,0.200094,0.199208,0.048742,0.489347,0.489347,,,,0.0,0.0,0.002283,-0.000401,0.000463,-0.001189,0.000526,-0.002245,-0.000797,-0.001288,1408,1.0,25.3927,84.5067,QUALIFIED,,1.175646,,,,True,False,CPR_ONLY,normal_low,,,0.08243,,0.016486,1,partial_m3_data
11438,1766.0,1.10375,0.3605,1.03,1602.7825594563983,2970.4750849377124,28786.377123442813,5405.936013590035,29.29,1560,2939,1629,3010,5.9356,3.0612,20.1075,4.7938,2.0575,-1817.9129,1.0,0.1207,0.2782,1766.0,0.17586,0.168142,0.045587,0.281427,0.281427,,,,0.0,0.0,0.002258,0.002424,0.003805,0.003215,0.002568,-0.002101,-0.00625,-0.012469,1766,1.0,66.0189,90.6798,QUALIFIED,,-0.073516,0.155059,1.818146,,True,False,CPR_ONLY,normal_low,,0.185206,0.0,0.021973,0.050696,3,full_m3_data
11460,775.0,0.484375,0.4688,1.97,1607.4967741935484,3382.1458064516128,39078.14516129032,5288.080645161288,39.4347,1596,3356,1625,3413,7.9402,3.1716,21.2113,6.1771,1.2695,-1139.236,1.0,0.0706,0.2375,775.0,0.196082,0.187739,0.045379,1.0,1.0,,,,0.0,0.0,0.088409,0.099527,0.140446,0.146978,0.180345,0.181626,0.189021,0.18724,751,0.969,63.3495,86.7715,QUALIFIED,,-0.125756,-0.046509,-0.007103,0.009422,True,False,CPR_ONLY,normal_low,0.000424,0.0,0.0,0.0,0.000148,4,full_m3_data
11559,2862.0,1.78875,0.3545,1.7,1650.2054507337523,2862.1383647798743,26077.959119496853,4220.363731656187,26.4177,1602,2828,1719,2897,6.2162,3.3608,17.7723,5.2193,2.6371,-1836.5901,1.0,0.0304,0.144,2862.0,,,,0.0,0.0,0.055905,0.053481,0.012392,0.20615,0.20615,0.003339,0.001602,0.001479,0.001282,-0.000794,-0.003421,-0.005253,-0.007252,2753,0.9619,66.0189,90.6798,QUALIFIED,,0.520216,0.133198,,,False,True,S1_ONLY,no_data,,,0.036475,0.018875,0.01107,2,partial_m3_data
11634,542.0,0.33875,0.4517,1.33,1639.629151291513,1643.8874538745388,-4378.313653136531,4484.771217712179,6.2669,1625,1624,1655,1664,14.555,3.9723,28.5952,12.8744,2.3719,-693.1665,1.0,0.0582,0.2054,542.0,,,,0.0,0.0,0.046239,0.044802,0.007827,1.0,1.0,0.012042,0.012497,0.007558,0.007343,0.009634,0.011124,0.010597,0.004535,542,1.0,87.7915,75.1252,QUALIFIED,,-0.037784,0.028447,-0.154661,0.572049,False,True,S1_ONLY,no_data,0.025769,0.0,0.0,0.004031,0.009825,4,full_m3_data
11661,522.0,0.32625,0.522,1.6,1626.9540229885058,3407.860153256705,39721.00383141762,4801.649425287353,40.0106,1607,3397,1647,3422,5.8558,2.6636,14.272,4.9349,1.5622,-1160.2841,1.0,0.0536,0.1876,522.0,0.183548,0.173291,0.050893,1.0,1.0,,,,0.0,0.0,0.003377,0.005293,0.004689,0.005317,0.006361,0.003737,-0.000493,-0.016059,522,1.0,63.3495,86.7715,QUALIFIED,,-0.567367,-0.13393,0.412514,,True,False,CPR_ONLY,normal_low,,0.042021,0.0,0.0,0.010505,3,full_m3_data
11778,251.0,0.156875,0.4075,1.27,1649.0836653386457,106.72908366533864,-42807.27290836653,4248.408366533862,43.017,1637,94,1659,122,13.5082,2.6209,20.895,12.1491,1.4551,-1842.1589,1.0,0.1066,0.2562,251.0,0.231879,0.227518,0.037053,1.0,1.0,0.03124,0.030012,0.005631,1.0,1.0,0.005423,0.009416,0.002906,0.003799,0.006115,-0.002141,-0.000751,0.001165,251,1.0,35.5577,101.3636,QUALIFIED,,-0.736308,-0.307295,1.350123,,True,True,BOTH,normal_low,,0.137531,0.0,0.0,0.034383,3,full_m3_data
11833,194.0,0.12125,0.6783,1.69,1650.3505154639174,3465.8917525773195,41171.79381443298,4216.737113402065,41.3876,1645,3456,1658,3478,6.483,2.5858,13.6382,5.9054,2.005,-1244.8534,1.0,1.0,0.0,194.0,0.197714,0.185203,0.061375,1.0,1.0,,,,0.0,0.0,0.001879,0.000471,-0.00545,0.001301,0.002661,-0.001858,-0.002254,-0.026999,194,1.0,63.3495,86.7715,QUALIFIED,,0.749335,,1.698234,,True,False,CPR_ONLY,normal_low,,0.172991,0.052539,,0.053756,2,partial_m3_data
11869,829.0,0.518125,0.4958,1.16,1662.3184559710494,2842.861278648975,25596.03196622437,3917.538600723769,25.8945,1641,2825,1685,2863,8.7002,4.0586,21.0359,7.574,3.2928,-1811.7391,1.0,0.02,0.1166,829.0,,,,0.0,0.0,0.042014,0.040426,0.006174,0.310012,0.310012,-0.000926,0.000631,0.001105,0.000158,-0.001103,-0.002015,-0.002616,-0.014043,829,1.0,66.0189,90.6798,QUALIFIED,,,0.857014,,,False,True,S1_ONLY,no_data,,,,0.121446,0.024289,1,partial_m3_data
11881,301.0,0.188125,0.692,1.93,1668.5747508305649,3514.794019933555,42394.35049833887,3761.131229235878,42.5613,1654,3508,1683,3523,7.9066,3.7368,20.0113,7.4652,3.2351,-983.4847,1.0,0.0016,0.0277,301.0,0.227209,0.221936,0.045925,1.0,1.0,0.032672,0.032289,0.001584,0.066445,0.066445,0.001985,0.002026,-0.007213,-0.000303,0.000907,-0.001337,-0.007713,0.002504,301,1.0,63.3495,86.7715,QUALIFIED,,-0.020655,,,,True,False,CPR_ONLY,normal_low,,,0.0,,0.0,1,partial_m3_data
11898,432.0,0.27,0.4943,1.65,1658.0902777777778,3068.662037037037,31241.050925925927,4023.2430555555534,31.4995,1640,3056,1678,3079,5.8802,1.8121,10.9214,5.0811,1.0939,-1734.9904,1.0,0.0162,0.0963,432.0,0.170892,0.163062,0.045713,1.0,1.0,,,,0.0,0.0,0.001451,0.002639,0.002765,0.001968,0.003602,0.002508,-0.002941,-0.004498,432,1.0,66.0189,90.6798,QUALIFIED,,-0.818746,0.288246,0.30372,,True,False,CPR_ONLY,normal_low,,0.030939,0.0,0.040847,0.015904,3,full_m3_data
11927,304.0,0.19,0.5067,1.04,1665.9901315789473,70.09539473684211,-43723.11513157895,3825.74671052632,43.8896,1655,59,1679,84,5.8519,2.7159,14.4665,4.9607,1.8786,-2014.8416,1.0,1.0,0.0,304.0,0.244625,0.21631,0.083113,1.0,1.0,0.03384,0.033692,0.00826,1.0,1.0,0.004366,0.004382,0.002256,-0.000964,0.005481,0.005995,-0.000513,-7.6e-05,304,1.0,35.5577,101.3636,QUALIFIED,,-0.003665,1.427305,-0.093779,,True,True,BOTH,normal_low,,0.0,0.0,0.20226,0.040452,3,full_m3_data
11939,1669.0,1.043125,0.3793,1.45,1682.4853205512284,3294.1204313960457,36877.51078490114,3413.366986219291,37.0356,1645,3271,1725,3326,15.0599,4.8893,29.2025,13.152,3.8448,-1254.6567,1.0,0.0622,0.1906,1669.0,0.258816,0.206419,0.154698,0.324745,0.324745,,,,0.0,0.0,0.000538,0.000942,-3.2e-05,0.000879,0.000834,-0.000814,-0.001994,0.001127,1669,1.0,63.3495,86.7715,QUALIFIED,,,,,,True,False,CPR_ONLY,normal_low,,,,,0.0,0,no_m3_data
11943,164.0,0.1025,0.5077,1.12,1667.3536585365853,608.1585365853658,-30271.53658536585,3791.658536585368,30.5075,1659,601,1678,618,11.4431,3.8348,19.9226,11.1336,3.3469,1888.4527,1.0,0.0844,0.237,164.0,,,,0.0,0.0,0.070667,0.061834,0.0238,1.0,1.0,0.105219,0.139896,0.194111,0.210619,0.252746,0.251211,0.263822,0.25983,164,1.0,197.9616,97.7418,QUALIFIED,,-0.32957,-0.085044,0.006073,0.015131,False,True,S1_ONLY,no_data,0.000682,0.000619,0.0,0.0,0.000393,4,full_m3_data
11955,206.0,0.12875,0.4661,1.53,1667.6650485436894,1639.131067961165,-4497.22330097088,3783.873786407763,5.8766,1656,1630,1682,1647,9.2101,3.7117,23.5551,8.5943,2.7515,-579.067,1.0,0.121,0.295,206.0,,,,0.0,0.0,0.043232,0.040806,0.00876,1.0,1.0,0.009419,0.007322,0.00478,0.00711,0.009394,0.005706,0.007213,0.008664,206,1.0,87.7915,75.1252,QUALIFIED,,0.222635,-0.487448,0.392591,-0.201165,False,True,S1_ONLY,no_data,0.0,0.039991,0.01561,0.0,0.01312,4,full_m3_data
11964,446.0,0.27875,0.4149,1.72,1676.1905829596412,2013.8609865470853,4871.0246636771335,3570.7354260089705,6.0397,1666,1994,1691,2037,12.8691,4.8481,27.2753,11.516,3.5961,2848.0214,1.0,0.007,0.0695,446.0,,,,0.0,0.0,0.050266,0.046501,0.013272,1.0,1.0,0.021119,0.026553,0.035775,0.037394,0.047209,0.043456,0.037328,0.036601,446,1.0,115.8281,80.8172,QUALIFIED,,-0.257304,-0.045255,0.079498,0.019476,False,True,S1_ONLY,no_data,0.000877,0.008098,0.0,0.0,0.002331,4,full_m3_data
11972,382.0,0.23875,0.6809,1.94,1670.2120418848167,3178.743455497382,33993.08638743455,3720.198952879582,34.1965,1663,3162,1680,3195,4.2692,2.4351,13.4184,3.5761,1.8641,-1735.4065,1.0,0.8897,0.2805,382.0,0.188632,0.18392,0.048167,1.0,1.0,,,,0.0,0.0,0.006108,0.007807,0.006562,0.003151,0.005579,0.004544,0.006571,0.004157,382,1.0,66.0189,90.6798,QUALIFIED,,-0.27816,0.519811,0.185517,0.367372,True,False,CPR_ONLY,normal_low,0.016549,0.018898,0.0,0.073661,0.025249,4,full_m3_data
11994,695.0,0.434375,0.4461,1.08,1673.5741007194245,2888.945323741007,26748.13309352517,3636.147482014392,26.9946,1655,2873,1696,2911,7.1098,3.173,15.7939,5.7721,2.3376,-1825.7103,1.0,0.1016,0.2712,695.0,,,,0.0,0.0,0.048071,0.046152,0.006321,0.254676,0.254676,0.001744,0.003405,0.002583,0.003035,0.005156,0.004595,0.001114,0.002386,604,0.8691,66.0189,90.6798,QUALIFIED,,-0.952408,-0.17499,0.108805,-1.141831,False,True,S1_ONLY,no_data,0.0,0.011083,0.0,0.0,0.002771,4,full_m3_data
11996,258.0,0.16125,0.5099,1.05,1670.9186046511627,3383.562015503876,39113.5503875969,3702.5348837209312,39.2889,1659,3372,1681,3395,3.8956,2.1114,10.3852,3.3005,1.393,-1171.8718,1.0,0.1926,0.3342,258.0,0.187083,0.185264,0.024665,1.0,1.0,,,,0.0,0.0,0.004435,0.002532,0.00244,0.004478,0.004555,-0.00275,-0.003676,-0.00276,258,1.0,63.3495,86.7715,QUALIFIED,,0.429087,-0.835246,1.603732,,True,False,CPR_ONLY,normal_low,,0.163365,0.030085,0.0,0.046858,3,full_m3_data
12006,759.0,0.474375,0.5581,1.18,1691.0461133069828,1213.8985507246375,-15128.036231884056,3199.347167325432,15.462,1675,1195,1715,1229,17.8468,3.9399,29.4709,16.0604,3.1999,-2856.3181,1.0,1.0,0.0,759.0,,,,0.0,0.0,0.007457,0.007358,0.00122,1.0,1.0,0.005295,0.000416,0.0002,0.00026,0.001665,-0.001209,-0.001382,-0.003646,672,0.8854,121.4156,78.1985,QUALIFIED,,0.921435,,1.726126,,False,True,S1_ONLY,no_data,,0.175832,0.064606,,0.056879,2,partial_m3_data
12012,887.0,0.554375,0.3051,1.12,1689.0450958286358,2932.2570462232243,27830.9261555806,3249.372604284108,28.0204,1662,2904,1713,2961,6.7076,3.9629,20.065,5.7001,3.0109,-1786.1453,1.0,0.061,0.1993,887.0,,,,0.0,0.0,0.05583,0.054755,0.011567,0.412627,0.412627,0.0047,0.005825,0.005026,0.002534,0.004215,0.000273,-0.001269,-0.003739,887,1.0,66.0189,90.6798,QUALIFIED,,-0.239362,0.495822,0.935231,,False,True,S1_ONLY,no_data,,0.095268,0.0,0.070262,0.037869,3,full_m3_data
12013,306.0,0.19125,0.4588,1.26,1675.5522875816994,3051.7418300653594,30818.04575163398,3586.6928104575127,31.0265,1666,3037,1689,3066,8.6688,3.3562,15.5,7.3595,2.2213,-1715.6491,1.0,0.0742,0.2469,306.0,0.257404,0.206643,0.151284,1.0,1.0,,,,0.0,0.0,0.002022,0.005365,0.00225,0.003332,0.004024,0.002882,-8.2e-05,-0.00122,306,1.0,66.0189,90.6798,QUALIFIED,,-1.653314,-0.480889,0.283797,,True,False,CPR_ONLY,normal_low,,0.028909,0.0,0.0,0.007227,3,full_m3_data
12056,292.0,0.1825,0.4771,1.89,1678.2602739726028,155.4041095890411,-41590.39726027397,3518.993150684932,41.7385,1670,140,1688,174,6.6084,2.0579,11.8738,6.0807,1.4785,-1798.5108,1.0,0.853,0.3115,292.0,0.286275,0.261061,0.1277,1.0,1.0,0.03291,0.033056,0.005793,1.0,1.0,0.010688,0.008571,0.006316,0.005163,0.002331,0.005217,0.002204,0.005558,292,1.0,35.5577,101.3636,QUALIFIED,,0.198073,0.182552,-1.238095,-1.521779,True,True,BOTH,normal_low,0.0,0.0,0.013888,0.025869,0.007951,4,full_m3_data
12057,133.0,0.083125,0.5833,1.58,1677.127819548872,181.8421052631579,-40929.44736842105,3547.3045112781983,41.0823,1672,172,1684,191,5.8323,2.9965,15.0461,4.2315,0.7157,-1810.911,1.0,0.9483,0.1956,133.0,0.205429,0.201737,0.047393,1.0,1.0,0.038095,0.03651,0.005622,1.0,1.0,0.005134,0.00747,0.005956,0.00746,0.003664,0.005836,0.003077,0.00564,133,1.0,35.5577,101.3636,QUALIFIED,,-0.455006,-0.252518,-0.592795,-0.832954,True,True,BOTH,normal_low,0.0,0.0,0.0,0.0,0.0,4,full_m3_data
12091,800.0,0.5,0.4678,1.18,1690.4775,3372.84875,38845.71875,3213.5625,38.9789,1673,3347,1711,3392,12.4153,2.3207,20.9645,10.6812,1.4623,-1109.7061,1.0,0.0001,0.0028,800.0,0.252587,0.209561,0.12045,1.0,1.0,,,,0.0,0.0,0.004686,0.001101,-0.000184,-0.000645,0.000973,0.001355,-0.003232,0.006836,800,1.0,63.3495,86.7715,QUALIFIED,,0.765045,,,,True,False,CPR_ONLY,normal_low,,,0.053641,,0.010728,1,partial_m3_data
12094,211.0,0.131875,0.5396,1.35,1688.563981042654,2289.5402843601896,11763.007109004742,3261.4004739336524,12.2071,1680,2278,1697,2301,6.386,3.2797,19.5225,6.0976,2.5002,1816.9299,1.0,0.1598,0.307,211.0,,,,0.0,0.0,0.166984,0.162995,0.018609,1.0,1.0,0.000667,-0.003716,0.000448,0.000474,0.015602,-0.011353,-0.003079,0.002974,211,1.0,115.8281,80.8172,QUALIFIED,,,,1.727663,,False,True,S1_ONLY,no_data,,0.175989,,,0.043997,1,partial_m3_data
12130,404.0,0.2525,0.3741,1.2,1697.997524752475,2947.883663366337,28221.59158415842,3025.561881188114,28.3838,1685,2930,1715,2966,6.544,3.4715,19.1728,5.3699,2.4433,-1760.2858,1.0,0.1015,0.271,404.0,,,,0.0,0.0,0.047406,0.050079,0.008746,0.460396,0.460396,0.001473,0.0008,0.001433,0.001167,7.4e-05,-0.003679,-0.003487,-0.005173,404,1.0,66.0189,90.6798,QUALIFIED,,0.456891,0.185625,,,False,True,S1_ONLY,no_data,,,0.032035,0.026305,0.011668,2,partial_m3_data
12139,2070.0,1.29375,0.5947,1.0,1714.2193236714977,3417.7816425120773,39969.04106280193,2620.016908212565,40.0553,1685,3389,1744,3448,10.122,4.7658,23.536,8.9401,3.9739,-1088.8347,1.0,0.0312,0.1455,2070.0,0.202492,0.171876,0.103167,1.0,1.0,,,,0.0,0.0,0.002185,0.00142,0.001159,-0.005833,0.000841,-0.001359,-0.006881,0.009838,2070,1.0,63.3495,86.7715,QUALIFIED,,0.350114,6.032787,,,True,False,CPR_ONLY,normal_low,,,0.024548,0.854893,0.175888,2,partial_m3_data
12157,1408.0,0.88,0.2922,1.3,1697.825284090909,2967.1796875,28703.9921875,3029.867897727272,28.8639,1669,2923,1730,3002,8.4141,3.9573,26.5389,7.0358,3.2127,-1746.654,1.0,0.0102,0.0722,1408.0,,,,0.0,0.0,0.053171,0.047691,0.019104,0.409091,0.409091,0.002863,0.002408,0.00157,7.7e-05,0.001324,2.7e-05,-0.002619,-5.1e-05,1316,0.9347,66.0189,90.6798,QUALIFIED,,0.158924,0.950955,0.979607,,False,True,S1_ONLY,no_data,,0.099788,0.011143,0.134758,0.054127,3,full_m3_data
12164,263.0,0.164375,0.4782,1.14,1688.3992395437265,3394.874524714829,39396.36311787073,3265.5190114068464,39.5319,1675,3385,1700,3407,5.7543,2.0469,11.334,4.8088,1.3476,-1170.593,1.0,0.1696,0.3418,263.0,0.208335,0.197109,0.058521,1.0,1.0,,,,0.0,0.0,0.003993,0.001871,-0.001695,-0.0004,-0.000423,-0.000371,-0.004011,0.008763,263,1.0,63.3495,86.7715,QUALIFIED,,0.53143,,,,True,False,CPR_ONLY,normal_low,,,0.037261,,0.007452,1,partial_m3_data
12167,487.0,0.304375,0.487,1.6,1697.1149897330597,1185.082135523614,-15848.44661190965,3047.625256673513,16.1382,1685,1167,1710,1207,5.8538,3.4173,20.5165,5.8187,3.204,-2953.7718,1.0,1.0,0.0,487.0,,,,0.0,0.0,0.015405,0.009492,0.013273,1.0,1.0,0.006367,0.001292,0.000632,0.001421,0.003311,-0.000359,0.000263,-0.002873,487,1.0,131.1381,81.2218,QUALIFIED,,0.797079,,1.108426,,False,True,S1_ONLY,no_data,,0.11291,0.055887,,0.039405,2,partial_m3_data
12191,248.0,0.155,0.5741,1.33,1687.741935483871,3435.6451612903224,40415.62903225806,3281.951612903227,40.5491,1676,3427,1700,3445,4.4052,2.1675,14.0346,4.1658,1.7481,-1081.5318,1.0,0.0102,0.0741,248.0,0.163285,0.160613,0.02605,1.0,1.0,,,,0.0,0.0,0.001859,0.002176,-0.00474,0.001,-0.001152,-0.001902,-0.00606,0.009974,248,1.0,63.3495,86.7715,QUALIFIED,,-0.170522,,,,True,False,CPR_ONLY,normal_low,,,0.0,,0.0,1,partial_m3_data
12252,387.0,0.241875,0.4607,1.46,1699.7260981912143,1638.842377260982,-4504.440568475453,2982.347545219636,5.4016,1681,1627,1716,1651,4.0686,2.5121,15.2865,3.75,2.1217,-609.6948,1.0,0.1841,0.3364,387.0,,,,0.0,0.0,0.041843,0.039371,0.010648,1.0,1.0,0.009294,0.005684,0.004555,0.005052,0.005459,0.003845,-0.003619,-0.036576,387,1.0,87.7915,75.1252,QUALIFIED,,0.388423,-0.109111,0.295659,,False,True,S1_ONLY,no_data,,0.030117,0.027234,0.0,0.012976,3,full_m3_data
12264,3661.0,2.288125,0.4431,1.26,1711.5072384594373,3021.072657743786,30051.316443594653,2687.8190385140697,30.1717,1667,2974,1748,3076,10.7662,3.8305,27.3346,9.2488,2.9211,-1683.9,1.0,0.0171,0.1105,3661.0,0.172654,0.16868,0.063527,0.370117,0.370117,0.044604,0.04232,0.01087,0.448784,0.448784,0.003918,0.002275,0.000615,7.8e-05,0.0023,0.001442,-0.002923,-0.000956,3661,1.0,66.0189,90.6798,QUALIFIED,,0.419347,,0.373043,,True,True,BOTH,normal_low,,0.038,0.029402,,0.01538,2,partial_m3_data
12265,402.0,0.25125,0.4351,1.18,1709.726368159204,3365.60447761194,38664.611940298506,2732.340796019904,38.7615,1693,3352,1726,3380,5.2147,2.8608,13.0721,4.8107,2.3123,-1034.3977,1.0,0.0665,0.2189,402.0,0.186663,0.17764,0.047666,1.0,1.0,,,,0.0,0.0,0.001844,0.000329,0.002352,-0.004271,0.003737,0.002692,-0.007568,0.021299,402,1.0,63.3495,86.7715,QUALIFIED,,0.821584,2.815901,0.279636,,True,False,CPR_ONLY,normal_low,,0.028485,0.057605,0.399035,0.098449,3,full_m3_data
12269,175.0,0.109375,0.4861,1.11,1706.1714285714286,1648.8285714285714,-4254.785714285717,2821.2142857142826,5.1044,1696,1640,1716,1658,8.0304,3.7084,19.6118,7.0076,2.5319,-626.9291,1.0,0.152,0.3236,175.0,,,,0.0,0.0,0.059682,0.055112,0.014579,1.0,1.0,0.008471,0.002374,0.003323,0.003467,0.009024,0.009638,0.001604,-0.034003,175,1.0,87.7915,75.1252,QUALIFIED,,0.71975,-0.043334,-0.068041,22.198878,False,True,S1_ONLY,no_data,1.0,0.0,0.050465,0.0,0.360093,4,full_m3_data
12271,2725.0,1.703125,0.3897,1.76,1684.440366972477,2780.438532110092,24035.46330275229,3364.490825688073,24.2702,1652,2730,1715,2841,16.6068,3.4154,29.7526,14.8948,2.7396,-1546.1783,1.0,0.0,0.0,2725.0,,,,0.0,0.0,0.048974,0.047253,0.010709,1.0,1.0,0.000881,0.002119,0.001582,0.000562,0.001861,0.001878,-0.002671,-0.004878,2725,1.0,109.6418,85.181,QUALIFIED,,,0.644753,-0.009135,,False,True,S1_ONLY,no_data,,0.0,,0.091367,0.018273,2,partial_m3_data
12317,586.0,0.36625,0.5232,1.09,1702.5716723549488,2283.901023890785,11622.025597269623,2911.2081911262794,11.9815,1685,2270,1720,2302,9.0,4.6287,27.4318,8.2481,4.4475,1846.8916,1.0,0.0824,0.2271,586.0,,,,0.0,0.0,0.424973,0.330106,0.285733,1.0,1.0,-0.000675,-0.002944,0.000508,0.000915,0.001237,-0.002129,-0.012786,-0.010211,471,0.8038,115.8281,80.8172,QUALIFIED,,,,2.721099,,False,True,S1_ONLY,no_data,,0.277185,,,0.069296,1,partial_m3_data
12321,726.0,0.45375,0.5459,1.09,1712.785123966942,2849.6129476584024,25764.823691460057,2655.871900826445,25.9018,1694,2832,1732,2867,16.5521,2.6575,25.9196,14.8012,1.3878,-1619.8696,1.0,0.0,0.0,726.0,,,,0.0,0.0,0.042782,0.042205,0.005339,1.0,1.0,0.004999,0.000679,0.000713,-0.00046,0.001756,-0.002243,-0.00373,-0.005214,726,1.0,66.0189,90.6798,QUALIFIED,,0.864173,,2.277335,,False,True,S1_ONLY,no_data,,0.231981,0.060591,,0.070113,2,partial_m3_data
12422,256.0,0.16,0.5818,1.1,1726.99609375,3128.64453125,32740.61328125,2300.59765625,32.8218,1716,3119,1738,3139,6.1549,2.3691,13.4461,5.4898,1.6721,-1591.5623,1.0,0.0694,0.2287,256.0,0.121233,0.115102,0.029046,1.0,1.0,,,,0.0,0.0,0.000153,0.002404,-0.00153,0.000273,-0.003016,-0.002156,-0.008976,-0.003767,256,1.0,66.0189,90.6798,QUALIFIED,,,,,,True,False,CPR_ONLY,normal_low,,,,,0.0,0,no_m3_data
12423,253.0,0.158125,0.575,1.1,1726.798418972332,3144.9723320158105,33148.80830039526,2305.5395256916963,33.2294,1718,3135,1738,3157,9.364,2.3393,15.86,8.4887,1.7305,-1579.836,1.0,0.0112,0.0855,253.0,0.142674,0.13047,0.055068,1.0,1.0,,,,0.0,0.0,0.001182,-0.000302,-0.000896,-0.000822,-0.002112,-0.000163,-0.006356,-0.002837,253,1.0,66.0189,90.6798,QUALIFIED,,1.255499,,,,True,False,CPR_ONLY,normal_low,,,0.088029,,0.017606,1,partial_m3_data
12448,609.0,0.380625,0.3845,1.22,1742.4072249589492,134.2545155993432,-42119.13711001642,1915.319376026273,42.1621,1727,114,1763,158,11.1904,3.7392,25.8013,9.3876,2.2815,-2133.4487,1.0,1.0,0.0,609.0,0.277589,0.253307,0.091562,1.0,1.0,0.029791,0.028743,0.006019,1.0,1.0,0.006376,0.008393,0.004363,0.003974,0.007643,0.010694,0.006514,-0.001121,609,1.0,35.5577,101.3636,QUALIFIED,,-0.316343,0.089159,-0.399189,1.172091,True,True,BOTH,normal_low,0.0528,0.0,0.0,0.012635,0.021007,4,full_m3_data
12480,301.0,0.188125,0.5658,1.47,1739.4916943521594,1201.860465116279,-15428.988372093025,1988.2076411960152,15.556,1727,1192,1755,1211,5.7757,2.9702,15.2984,5.0258,1.863,-2746.392,1.0,1.0,0.0,301.0,,,,0.0,0.0,0.054813,0.017958,0.071879,1.0,1.0,0.007855,0.000972,1.1e-05,-0.000567,-0.000244,-0.005781,-0.008285,-0.008648,301,1.0,121.4156,78.1985,QUALIFIED,,0.876257,,,,False,True,S1_ONLY,no_data,,,0.061438,,0.012288,1,partial_m3_data
12488,267.0,0.166875,0.4668,1.18,1728.2846441947563,1315.569288389513,-12586.267790262173,2268.38389513109,12.7885,1718,1302,1740,1328,16.036,3.7174,28.4577,14.2589,2.731,-2687.9076,1.0,1.0,0.0,267.0,,,,0.0,0.0,0.014283,0.013444,0.006198,1.0,1.0,0.000598,-0.006284,-0.004048,-0.002468,0.000763,-0.011929,-0.024655,-0.028227,245,0.9176,121.4156,78.1985,QUALIFIED,,,,,,False,True,S1_ONLY,no_data,,,,,0.0,0,no_m3_data
12499,132.0,0.0825,0.6286,1.07,1731.2424242424242,482.20454545454544,-33420.38636363637,2194.439393939392,33.4918,1725,476,1740,490,12.0667,2.8941,19.754,11.5797,2.2055,224.0385,1.0,0.0,0.0,132.0,0.290734,0.297546,0.047345,1.0,1.0,0.058345,0.058005,0.007485,1.0,1.0,0.149194,0.185114,0.263625,0.285484,0.356892,0.363545,0.356384,0.358664,132,1.0,197.9616,97.7418,QUALIFIED,,-0.24076,-0.082917,-0.018641,-0.006398,True,True,BOTH,normal_low,0.0,0.0,0.0,0.0,0.0,4,full_m3_data
12520,140.0,0.0875,0.5469,1.0,1739.057142857143,623.4642857142857,-29888.89285714286,1999.0714285714275,29.9551,1732,616,1748,632,7.413,3.2058,16.1678,7.4759,2.0843,2340.9151,1.0,0.1334,0.2773,140.0,,,,0.0,0.0,0.057215,0.054891,0.009066,1.0,1.0,0.012273,0.018778,0.0241,0.026309,0.032567,0.032146,0.034577,0.025616,140,1.0,197.9616,97.7418,QUALIFIED,,-0.530025,-0.09166,0.012927,0.259161,False,True,S1_ONLY,no_data,0.011675,0.001317,0.0,0.0,0.004415,4,full_m3_data
12537,184.0,0.115,0.4792,1.5,1738.0815217391305,2353.521739130435,13362.543478260872,2023.4619565217365,13.5153,1732,2341,1748,2365,7.8465,4.5887,25.3474,7.4766,4.6669,1995.4524,1.0,0.1385,0.2801,184.0,,,,0.0,0.0,0.652791,0.675089,0.521214,1.0,1.0,0.000113,0.001709,0.001614,-0.00047,-0.00053,-0.003167,-0.003497,-0.006388,184,1.0,115.8281,80.8172,QUALIFIED,,,1.291202,,,False,True,S1_ONLY,no_data,,,,0.182973,0.036595,1,partial_m3_data
12550,239.0,0.149375,0.4527,1.09,1745.6150627615064,3074.1506276150626,31378.26569037656,1835.12343096234,31.4324,1734,3062,1758,3084,5.6362,3.1475,15.206,4.9504,2.5274,-1471.353,1.0,0.0562,0.1913,239.0,0.162537,0.16111,0.032014,1.0,1.0,0.056788,0.060061,0.012691,1.0,1.0,0.001051,0.000332,0.002008,-0.012162,-0.000436,0.000328,-0.001802,-0.00064,239,1.0,66.0189,90.6798,QUALIFIED,,0.68411,7.056773,,,True,True,BOTH,normal_low,,,0.047966,1.0,0.209593,2,partial_m3_data
12553,371.0,0.231875,0.4294,1.19,1739.043126684636,59.8733153638814,-43978.667115902965,1999.4218328841016,44.0236,1727,45,1754,77,4.222,2.3534,13.4116,3.8971,1.4529,-2082.8545,1.0,1.0,0.0,371.0,0.240779,0.216664,0.078175,1.0,1.0,0.050112,0.046644,0.014832,1.0,1.0,0.009476,0.010192,0.00395,0.003859,0.00586,0.006748,0.006526,-0.000934,371,1.0,35.5577,101.3636,QUALIFIED,,-0.075559,0.023038,-0.151536,1.14312,True,True,BOTH,normal_low,0.051494,0.0,0.0,0.003265,0.018676,4,full_m3_data
12612,244.0,0.1525,0.5837,1.16,1751.3032786885246,2733.3565573770493,22858.41393442624,1692.9180327868817,22.9215,1741,2726,1763,2745,9.3118,4.5367,21.1906,9.0901,3.8946,-1132.2302,1.0,0.1557,0.3335,244.0,,,,0.0,0.0,0.040141,0.039115,0.006757,1.0,1.0,0.000558,0.000106,-3.5e-05,0.000232,0.001745,-0.001115,-0.007392,-0.007314,244,1.0,109.6418,85.181,QUALIFIED,,,,1.638968,,False,True,S1_ONLY,no_data,,0.166954,,,0.041738,1,partial_m3_data
12620,275.0,0.171875,0.5789,1.32,1752.658181818182,3559.494545454545,43511.86363636363,1659.045454545456,43.544,1744,3546,1763,3571,6.3209,2.7965,14.3495,5.842,2.2062,-1309.8835,1.0,0.1212,0.2722,275.0,0.244787,0.243333,0.037198,1.0,1.0,0.040914,0.036907,0.010576,1.0,1.0,0.001282,0.000748,0.000783,0.00059,-0.00607,-0.002358,-0.005938,-0.007915,275,1.0,63.3495,86.7715,QUALIFIED,,0.416537,,,,True,True,BOTH,normal_low,,,0.029205,,0.005841,1,partial_m3_data
12643,154.0,0.09625,0.6039,1.13,1751.1363636363635,1253.6948051948052,-14133.12987012987,1697.0909090909045,14.2341,1745,1245,1760,1262,5.3947,2.5792,11.3982,4.9184,1.4034,-2736.8579,1.0,1.0,0.0,154.0,,,,0.0,0.0,0.018708,0.018809,0.003127,1.0,1.0,0.006127,0.00407,0.000684,0.003091,0.005376,-0.001864,-0.006308,-0.008409,154,1.0,121.4156,78.1985,QUALIFIED,,0.335727,,1.346726,,False,True,S1_ONLY,no_data,,0.137185,0.023539,,0.039004,2,partial_m3_data
12669,1052.0,0.6575,0.5479,1.2,1751.1254752851712,3095.703422053232,31917.08555133079,1697.363117870722,31.9627,1730,3075,1770,3123,7.5143,3.2344,22.7703,6.6206,2.4351,-1445.0544,1.0,0.0185,0.1116,1052.0,0.153818,0.14478,0.040295,1.0,1.0,0.053047,0.050234,0.013838,0.958175,0.958175,0.00095,0.00041,-8.7e-05,-0.003913,-0.001694,0.000297,-0.002796,-0.003573,1052,1.0,66.0189,90.6798,QUALIFIED,,,,,,True,True,BOTH,normal_low,,,,,0.0,0,no_m3_data
12671,293.0,0.183125,0.3742,1.07,1767.2047781569966,107.29692832764503,-42793.07679180888,1295.3805460750882,42.8122,1755,97,1784,124,8.7725,4.775,20.5512,7.6069,3.0427,-2139.5338,1.0,1.0,0.0,293.0,0.295036,0.285123,0.052067,1.0,1.0,0.046442,0.044606,0.012643,1.0,1.0,0.008107,0.00795,0.005785,0.004916,0.010353,0.005448,0.009828,0.003747,293,1.0,35.5577,101.3636,QUALIFIED,,0.019366,0.150216,0.473776,0.618742,True,True,BOTH,normal_low,0.027873,0.048261,0.001358,0.021287,0.02635,4,full_m3_data
12681,840.0,0.525,0.516,1.19,1753.1107142857145,2794.953571428572,24398.33928571429,1647.732142857145,24.4544,1737,2772,1774,2816,11.5363,4.7066,25.609,10.0318,3.7051,-1240.7575,1.0,0.0078,0.0696,840.0,,,,0.0,0.0,0.083146,0.070339,0.039688,1.0,1.0,0.000955,0.000157,-0.001243,-0.002579,-0.000608,-0.001488,-0.008456,-0.010635,840,1.0,109.6418,85.181,QUALIFIED,,,,,,False,True,S1_ONLY,no_data,,,,,0.0,0,no_m3_data
12711,2519.0,1.574375,0.5632,1.13,1765.327113934101,1220.0873362445416,-14973.316593886462,1342.3221516474805,15.0328,1729,1190,1800,1253,10.7959,4.2165,27.7002,9.3859,3.5608,-2730.407,1.0,1.0,0.0,2519.0,,,,0.0,0.0,0.028105,0.022673,0.038945,1.0,1.0,0.007904,0.002513,-0.000138,0.000374,0.003759,-0.002341,-0.007983,-0.006719,2519,1.0,121.4156,78.1985,QUALIFIED,,0.68206,,1.622772,,False,True,S1_ONLY,no_data,,0.165304,0.047822,,0.05089,2,partial_m3_data
12713,501.0,0.313125,0.6523,1.33,1772.0818363273454,41.87025948103793,-44428.743512974055,1173.454091816362,44.4437,1758,30,1790,54,6.4101,3.3221,24.4736,5.2846,2.0374,-2006.7357,1.0,1.0,0.0,501.0,0.407721,0.360635,0.144803,1.0,1.0,0.053454,0.053815,0.00639,1.0,1.0,0.007278,0.010731,0.003855,0.004044,0.004704,0.003607,0.002063,-0.007692,501,1.0,35.5577,101.3636,QUALIFIED,,-0.474444,-0.049027,0.233206,4.728551,True,True,BOTH,normal_low,0.213009,0.023756,0.0,0.0,0.080492,4,full_m3_data
12727,326.0,0.20375,0.621,1.19,1778.0398773006134,296.6104294478528,-38060.23926380368,1024.503067484664,38.0735,1767,287,1792,308,14.7154,2.3422,21.9049,13.2256,0.9767,-1826.5223,1.0,0.0221,0.1193,326.0,0.24023,0.23302,0.041063,1.0,1.0,0.036955,0.036966,0.004575,1.0,1.0,0.011906,0.008737,0.008288,0.00957,0.009324,0.005187,0.005204,0.001056,326,1.0,35.5577,101.3636,QUALIFIED,,0.266168,-0.154681,0.443694,0.797079,True,True,BOTH,normal_low,0.035906,0.045197,0.018662,0.0,0.027599,4,full_m3_data
12757,897.0,0.560625,0.5909,1.39,1781.5596432552954,66.6499442586399,-43809.251393534,936.508918617612,43.8187,1759,51,1805,84,9.1633,3.4791,20.9811,7.7031,2.3172,-2060.1027,1.0,1.0,0.0,897.0,0.225232,0.212196,0.05856,1.0,1.0,0.049295,0.044688,0.012768,1.0,1.0,0.012212,0.011894,0.00569,0.007504,0.007145,0.004263,-0.000163,-0.011436,897,1.0,35.5577,101.3636,QUALIFIED,,0.02604,-0.318805,0.403359,,True,True,BOTH,normal_low,,0.041088,0.001826,0.0,0.010637,3,full_m3_data
12758,1802.0,1.12625,0.3788,1.06,1751.475027746948,200.338512763596,-40467.0371809101,1688.6243063263028,40.5017,1716,161,1783,232,11.3163,2.7018,25.6638,9.8169,1.7661,-2144.1768,1.0,1.0,0.0,1802.0,0.240711,0.227961,0.07474,1.0,1.0,0.029602,0.028634,0.006194,1.0,1.0,0.0058,0.007686,0.005307,0.005111,0.008495,0.006247,0.007173,0.000391,1802,1.0,35.5577,101.3636,QUALIFIED,,-0.325172,0.036932,0.264626,0.94549,True,True,BOTH,normal_low,0.042592,0.026956,0.0,0.005234,0.022693,4,full_m3_data
12790,204.0,0.1275,0.7083,1.12,1774.2107843137255,3524.4901960784314,42636.75490196078,1120.23039215686,42.652,1767,3516,1783,3534,5.8011,2.4975,13.2336,5.5485,2.2941,-1105.4363,1.0,0.1063,0.2555,204.0,0.188671,0.186238,0.063886,1.0,1.0,0.038452,0.037599,0.004606,1.0,1.0,0.000123,0.001892,-0.001142,0.001761,-0.001356,-0.005219,-0.012958,-0.012594,204,1.0,63.3495,86.7715,QUALIFIED,,,,,,True,True,BOTH,normal_low,,,,,0.0,0,no_m3_data
12802,1423.0,0.889375,0.4834,1.39,1767.9093464511595,148.78496134926212,-41755.875966268446,1277.7663387210123,41.7749,1746,119,1792,183,7.4186,3.3815,22.5918,6.2794,2.2021,-2225.0273,1.0,1.0,0.0,1423.0,0.220589,0.217918,0.041039,1.0,1.0,0.032943,0.031547,0.007,1.0,1.0,0.009363,0.006814,0.003133,0.004461,0.007066,0.0057,0.005447,0.001374,1423,1.0,35.5577,101.3636,QUALIFIED,,0.272242,-0.423875,0.19332,0.747751,True,True,BOTH,normal_low,0.033684,0.019693,0.019088,0.0,0.02053,4,full_m3_data
12835,1830.0,1.14375,0.4877,1.2,1800.192896174863,150.975956284153,-41701.10109289618,470.6775956284182,41.7033,1776,127,1832,194,6.0046,2.9691,23.8074,5.1868,2.1782,-2288.1048,1.0,1.0,0.0,1830.0,0.222182,0.216372,0.04714,1.0,1.0,0.03815,0.035626,0.009517,1.0,1.0,0.008834,0.008155,0.004183,0.00515,0.002511,-0.000708,-0.003334,-0.007268,1830,1.0,35.5577,101.3636,QUALIFIED,,0.076862,-0.231174,1.281959,,True,True,BOTH,normal_low,,0.130587,0.005389,0.0,0.033725,3,full_m3_data
12843,1573.0,0.983125,0.5378,1.44,1779.675778766688,2979.6516211061667,29015.79052765417,983.6055308327996,29.0329,1755,2948,1800,3013,13.6835,3.1575,27.1295,11.8476,1.8843,-1442.9829,1.0,0.0054,0.0613,1573.0,0.125877,0.117758,0.041098,1.0,1.0,0.039981,0.038933,0.005752,1.0,1.0,0.001103,-0.001657,-0.000775,-0.0015,-9.2e-05,-0.001441,-0.003309,-0.001986,1573,1.0,66.0189,90.6798,QUALIFIED,,2.502267,,,,True,True,BOTH,normal_low,,,0.175446,,0.035089,1,partial_m3_data
12900,620.0,0.3875,0.4799,1.12,1792.590322580645,3458.274193548388,40981.35483870968,660.7419354838712,40.9872,1776,3441,1810,3479,13.5346,3.682,25.7437,11.6427,2.6054,-880.4535,1.0,0.0001,0.0016,620.0,0.236227,0.229782,0.044628,1.0,1.0,0.034301,0.034471,0.006161,1.0,1.0,-0.010355,-0.000165,-0.000287,-0.002121,1.1e-05,0.002018,-0.004279,-0.016861,620,1.0,63.3495,86.7715,QUALIFIED,,,,,,True,True,BOTH,normal_low,,,,,0.0,0,no_m3_data
12924,128.0,0.08,0.6154,1.23,1793.203125,3050.2421875,30780.5546875,645.421875,30.7878,1785,3044,1801,3057,5.1659,2.8532,15.6345,4.9148,2.374,-1313.6253,1.0,0.1219,0.2917,128.0,0.225811,0.228098,0.032977,1.0,1.0,0.060629,0.060363,0.010471,1.0,1.0,0.000223,0.002061,0.000373,-5.5e-05,0.00033,0.004339,-0.001943,-0.004228,128,1.0,66.0189,90.6798,QUALIFIED,,,,,,True,True,BOTH,normal_low,,,,,0.0,0,no_m3_data
12925,293.0,0.183125,0.5426,1.35,1804.4641638225253,3117.6621160409554,32466.05290102388,363.8959044368603,32.4686,1793,3108,1820,3128,11.9419,3.4372,23.7343,10.1637,1.9196,-1159.8542,1.0,0.0037,0.0395,293.0,0.207698,0.194397,0.062728,1.0,1.0,0.043496,0.043765,0.006024,1.0,1.0,-0.001287,-0.000738,-0.000707,-0.000535,-0.000645,-0.005227,-0.013206,-0.010238,293,1.0,66.0189,90.6798,QUALIFIED,,,,,,True,True,BOTH,normal_low,,,,,0.0,0,no_m3_data
12935,232.0,0.145,0.4957,1.44,1801.271551724138,2814.2155172413795,24879.887931034493,443.7112068965507,24.8843,1793,2800,1811,2826,10.8625,4.3102,21.0868,8.8917,2.937,-1147.5016,1.0,0.1022,0.2748,232.0,,,,0.0,0.0,0.072364,0.071335,0.017878,1.0,1.0,0.000538,-0.001948,-0.000601,-0.000931,0.000228,0.002356,-0.007136,-0.007013,232,1.0,66.0189,90.6798,QUALIFIED,,,,,,False,True,S1_ONLY,no_data,,,,,0.0,0,no_m3_data
12942,481.0,0.300625,0.5924,1.04,1799.775467775468,2920.972972972973,27548.82432432432,481.113305613304,27.5535,1787,2910,1815,2939,6.6354,3.0611,15.9681,5.9009,2.4922,-1353.6493,1.0,0.023,0.13,481.0,0.193353,0.190734,0.074775,1.0,1.0,0.059926,0.057619,0.013158,1.0,1.0,0.001618,-0.001624,-0.001597,-0.00156,-0.000753,-0.001544,-0.005654,-0.007077,481,1.0,66.0189,90.6798,QUALIFIED,,2.003708,,,,True,True,BOTH,normal_low,,,0.140489,,0.028098,1,partial_m3_data
12947,771.0,0.481875,0.3505,1.14,1783.3527885862516,3576.4111543450067,43934.77885862517,891.6802853437111,43.9443,1759,3554,1809,3598,6.3042,2.8212,18.4011,5.7182,2.2715,-1287.7354,1.0,0.0601,0.2202,771.0,0.174282,0.175041,0.043598,1.0,1.0,0.050565,0.039773,0.029937,1.0,1.0,-0.010667,-0.000339,-0.00081,-5.3e-05,-1e-05,-0.001129,-0.00776,0.001291,771,1.0,63.3495,86.7715,QUALIFIED,,,,,,True,True,BOTH,normal_low,,,,,0.0,0,no_m3_data
12985,879.0,0.549375,0.586,1.67,1795.202502844141,2863.8361774744026,26120.40443686006,595.4374288964755,26.1277,1780,2838,1810,2888,8.647,3.8862,22.2757,7.3231,2.649,-1218.1056,1.0,0.0146,0.0906,879.0,0.192217,0.179713,0.060511,0.60182,0.60182,0.069589,0.063729,0.020592,1.0,1.0,0.001495,-0.001593,-0.002339,7.4e-05,-0.001707,-0.001916,-0.007216,-0.012055,712,0.81,66.0189,90.6798,QUALIFIED,,2.065552,,,,True,True,BOTH,normal_low,,,0.144825,,0.028965,1,partial_m3_data
13008,723.0,0.451875,0.5666,1.52,1799.4121715076071,2949.0318118948826,28250.295297372068,490.1957123098255,28.255,1784,2927,1813,2971,11.1047,3.2275,20.8244,9.5409,2.5144,-1343.1374,1.0,0.0044,0.054,723.0,0.173704,0.161061,0.063735,1.0,1.0,0.053922,0.052672,0.007512,1.0,1.0,-0.000402,-0.000929,-0.001553,-0.001462,-0.000816,0.001666,-0.006335,-0.006448,723,1.0,66.0189,90.6798,QUALIFIED,,,,,,True,True,BOTH,normal_low,,,,,0.0,0,no_m3_data
13024,548.0,0.3425,0.5696,1.42,1810.8412408759125,120.32299270072993,-42467.42518248176,204.468978102188,42.4674,1792,107,1829,133,5.1616,3.0408,18.5756,4.6018,1.9301,-2259.654,1.0,1.0,0.0,548.0,0.269879,0.245991,0.075279,1.0,1.0,0.050336,0.045573,0.017134,1.0,1.0,0.008091,0.008941,0.003645,0.004587,0.001403,-0.003787,-0.003922,-0.010397,548,1.0,35.5577,101.3636,QUALIFIED,,-0.105055,-0.258436,3.699216,,True,True,BOTH,normal_low,,0.376822,0.0,0.0,0.094206,3,full_m3_data
13043,2989.0,1.868125,0.5184,1.5,1813.654734024757,3137.742388758782,32968.059718969555,134.1316493810591,32.9688,1774,3111,1867,3173,10.7993,3.4586,27.4602,9.4097,2.6813,-1103.2738,1.0,0.0053,0.0599,2989.0,0.154717,0.146049,0.042114,1.0,1.0,0.046843,0.045706,0.008376,1.0,1.0,-0.005143,0.000756,-0.000452,-0.001258,-0.00205,-0.001889,-0.006638,-0.00799,2989,1.0,66.0189,90.6798,QUALIFIED,,,,,,True,True,BOTH,normal_low,,,,,0.0,0,no_m3_data
13055,3013.0,1.883125,0.4714,1.38,1812.7500829737803,236.8987719880517,-39553.0307002987,156.74792565549433,39.5528,1776,191,1844,285,9.9513,4.1378,21.6436,8.714,3.5066,-2234.3693,1.0,1.0,0.0,3013.0,0.192193,0.185244,0.04512,1.0,1.0,0.029278,0.028284,0.006556,1.0,1.0,0.006755,0.010312,0.005988,0.006574,0.007516,0.003917,0.005242,0.00414,3013,1.0,35.5577,101.3636,QUALIFIED,,-0.526573,-0.097862,0.478845,0.210225,True,True,BOTH,normal_low,0.00947,0.048778,0.0,0.0,0.015509,4,full_m3_data
13098,141.0,0.088125,0.5508,1.0,1816.2695035461,3010.198581560284,29779.46453900709,68.76241134751763,29.78,1808,3003,1824,3019,8.4229,4.1614,18.6066,7.4262,2.5742,-1261.4911,1.0,0.0045,0.0338,141.0,0.153865,0.154545,0.035597,1.0,1.0,0.052086,0.050982,0.01067,1.0,1.0,0.000675,-0.000587,-0.000857,0.000582,-0.001606,-0.004279,-0.006944,-0.012472,141,1.0,66.0189,90.6798,QUALIFIED,,,,,,True,True,BOTH,normal_low,,,,,0.0,0,no_m3_data
13099,1619.0,1.011875,0.4166,1.16,1822.7288449660284,3454.7646695491044,40893.61673872761,-92.72112415071024,40.8942,1788,3427,1855,3485,8.8522,3.256,22.7982,7.7413,2.4519,-849.8143,1.0,0.0022,0.0354,1619.0,0.211835,0.210633,0.050747,1.0,1.0,0.048996,0.03928,0.024984,1.0,1.0,-0.02117,-0.001284,-0.003008,-0.00105,-0.00456,-0.006321,-0.012288,-0.007081,1619,1.0,63.3495,86.7715,QUALIFIED,,,,,,True,True,BOTH,normal_low,,,,,0.0,0,no_m3_data
13115,299.0,0.186875,0.4823,1.55,1823.217391304348,184.90635451505017,-40852.84113712375,-104.93478260869595,40.8525,1813,171,1833,202,5.3971,2.2268,11.5732,4.3346,1.3715,-2359.3522,1.0,1.0,0.0,299.0,0.216549,0.210036,0.036402,1.0,1.0,0.030663,0.030365,0.005111,1.0,1.0,0.005335,0.008792,0.002974,0.004575,0.005769,0.001177,0.003133,-0.000566,299,1.0,35.5577,101.3636,QUALIFIED,,-0.647985,-0.538332,0.795979,1.180658,True,True,BOTH,normal_low,0.053185,0.081083,0.0,0.0,0.038886,4,full_m3_data
13141,1073.0,0.670625,0.5322,1.14,1815.7819198508853,98.92451071761415,-43002.38723205964,80.95200372787076,43.002,1790,75,1838,117,12.2051,2.8438,21.8806,10.5223,1.5531,-2184.5878,1.0,1.0,0.0,1073.0,0.167902,0.15343,0.064906,1.0,1.0,0.046308,0.043605,0.010564,1.0,1.0,0.006936,0.009694,0.003307,0.004493,0.002502,-0.000287,-0.001198,-0.006145,1073,1.0,35.5577,101.3636,QUALIFIED,,-0.397636,-0.358633,1.114708,,True,True,BOTH,normal_low,,0.11355,0.0,0.0,0.028388,3,full_m3_data
13146,498.0,0.31125,0.4079,1.12,1833.2630522088352,3473.0562248995984,41350.905622489954,-356.07630522087857,41.3529,1820,3455,1853,3492,7.1031,3.0253,16.5149,5.937,2.0519,-895.4576,1.0,0.0801,0.2479,498.0,0.227547,0.217175,0.060366,1.0,1.0,0.038563,0.035101,0.011634,1.0,1.0,-0.007347,-0.000503,-0.000486,0.00057,-0.007045,-0.005459,-0.009975,-0.010253,498,1.0,63.3495,86.7715,QUALIFIED,,,,,,True,True,BOTH,normal_low,,,,,0.0,0,no_m3_data
13159,1448.0,0.905,0.519,2.9,1822.495856353591,2904.2976519337017,27131.941298342543,-86.896408839777,27.1326,1809,2862,1840,2952,13.7984,3.7081,27.998,12.044,2.8711,-1212.0497,1.0,0.0652,0.2398,1448.0,0.211736,0.182292,0.104358,1.0,1.0,0.057108,0.054086,0.01909,1.0,1.0,-0.003155,-0.001374,0.000323,-0.001915,-0.000766,0.002472,-0.00381,-0.013576,1448,1.0,66.0189,90.6798,QUALIFIED,,,,,,True,True,BOTH,normal_low,,,,,0.0,0,no_m3_data
13163,221.0,0.138125,0.3683,1.04,1834.8054298642533,925.8280542986424,-22329.798642533937,-394.6357466063346,22.3328,1825,913,1849,938,14.8563,3.9182,29.8081,13.5117,2.6336,561.941,1.0,0.0145,0.0966,221.0,,,,0.0,0.0,0.100462,0.087098,0.055243,1.0,1.0,0.01092,0.002034,0.002962,-0.000525,0.001996,-0.001516,-0.007424,-0.009876,221,1.0,131.1381,81.2218,QUALIFIED,,0.813736,1.177245,1.759519,,False,True,S1_ONLY,no_data,,0.179234,0.057055,0.166825,0.089585,3,full_m3_data
13174,4021.0,2.513125,0.5142,1.69,1830.723700571997,3185.169360855509,34153.73402138772,-292.5925142999258,34.1555,1799,3130,1867,3245,10.1243,3.4232,25.5659,8.7533,2.5228,-1054.2533,1.0,0.008,0.0829,4021.0,0.181662,0.175033,0.042744,0.924148,0.924148,0.044124,0.041437,0.010606,1.0,1.0,-0.011917,-0.000118,-0.001263,-0.000836,-0.001527,-0.001422,-0.005512,-0.000798,4021,1.0,66.0189,90.6798,QUALIFIED,,,,,,True,True,BOTH,normal_low,,,,,0.0,0,no_m3_data
13179,255.0,0.159375,0.6439,1.22,1827.929411764706,2447.737254901961,15717.931372549014,-222.73529411765048,15.72,1820,2437,1838,2459,10.2657,4.6801,26.79,9.5976,4.5507,1770.9076,1.0,0.1496,0.2951,255.0,,,,0.0,0.0,0.205055,0.043255,0.341524,1.0,1.0,0.000712,0.001866,-3e-05,0.003052,0.000236,-0.001456,-0.003901,-0.006611,255,1.0,109.6418,85.181,QUALIFIED,,,,,,False,True,S1_ONLY,no_data,,,,,0.0,0,no_m3_data
13180,225.0,0.140625,0.4808,1.44,1831.7911111111111,3216.222222222222,34930.05555555555,-319.277777777781,34.932,1824,3203,1842,3229,3.5045,1.6003,9.5372,3.193,1.239,-1100.6263,1.0,0.0377,0.1599,225.0,0.165237,0.160446,0.025606,1.0,1.0,0.047241,0.044963,0.007485,1.0,1.0,-0.019843,-0.001051,-0.003428,0.000387,-0.003695,-0.00083,-0.007621,0.001409,225,1.0,63.3495,86.7715,QUALIFIED,,,,,,True,True,BOTH,normal_low,,,,,0.0,0,no_m3_data
13201,156.0,0.0975,0.5474,1.27,1832.1153846153843,125.34615384615384,-42341.84615384616,-327.3846153846098,42.3426,1826,116,1841,135,5.9284,2.5422,15.8201,5.3514,1.5811,-2271.8805,1.0,1.0,0.0,156.0,0.220411,0.217102,0.024359,1.0,1.0,0.094911,0.078834,0.047845,1.0,1.0,0.00576,0.007441,0.00187,0.004977,0.005959,0.006539,0.001501,0.002843,156,1.0,35.5577,101.3636,QUALIFIED,,-0.29184,-1.661497,-0.097332,-0.894071,True,True,BOTH,normal_low,0.0,0.0,0.0,0.0,0.0,4,full_m3_data
13202,531.0,0.331875,0.5619,1.3,1842.7570621468928,192.71751412429376,-40657.562146892655,-593.4265536723178,40.6614,1827,181,1862,208,2.5736,1.4254,7.907,2.0908,1.0524,-2371.9957,1.0,1.0,0.0,531.0,0.25411,0.250698,0.043545,1.0,1.0,0.03719,0.036407,0.007037,1.0,1.0,0.003906,0.008224,0.005125,0.007154,0.009965,0.009966,0.006858,0.00435,531,1.0,35.5577,101.3636,QUALIFIED,,-1.105479,-0.395902,-0.0001,0.365704,True,True,BOTH,normal_low,0.016474,0.0,0.0,0.0,0.005766,4,full_m3_data
13214,271.0,0.169375,0.5162,1.19,1838.2177121771217,175.74538745387454,-41081.865313653136,-479.942804428043,41.0842,1827,167,1852,188,4.6975,1.6164,9.7977,3.8083,1.0609,-2358.2325,1.0,1.0,0.0,271.0,0.246114,0.240361,0.033105,1.0,1.0,0.039777,0.03939,0.006252,1.0,1.0,0.001541,0.008376,0.002118,0.005377,0.010192,0.010531,0.002473,0.002881,271,1.0,35.5577,101.3636,QUALIFIED,,-4.435432,-1.538716,-0.033261,-0.164982,True,True,BOTH,normal_low,0.0,0.0,0.0,0.0,0.0,4,full_m3_data
13245,161.0,0.100625,0.5649,1.27,1843.5093167701864,147.59627329192546,-41785.59316770187,-612.2329192546604,41.7896,1835,141,1854,156,5.3792,3.5517,20.4152,4.9186,3.235,-2306.3381,1.0,1.0,0.0,161.0,0.275043,0.275319,0.029629,1.0,1.0,0.045623,0.045063,0.003593,1.0,1.0,0.004144,0.010652,0.003165,0.005442,0.00972,0.008809,0.005776,0.005361,161,1.0,35.5577,101.3636,QUALIFIED,,-1.570463,-0.719431,0.093724,0.071849,True,True,BOTH,normal_low,0.003237,0.009547,0.0,0.0,0.00352,4,full_m3_data
13273,267.0,0.166875,0.489,1.24,1849.565543071161,3422.0,40074.5,-763.6385767790271,40.0823,1837,3411,1863,3432,8.8695,4.3867,22.9324,7.3767,2.9251,-755.8463,1.0,0.08,0.2312,267.0,0.10203,0.10115,0.025343,1.0,1.0,0.095073,0.085706,0.032664,1.0,1.0,-0.001109,0.001864,-0.000634,-0.000468,-0.00039,-0.001481,-0.006582,-0.005589,267,1.0,63.3495,86.7715,QUALIFIED,,,,,,True,True,BOTH,normal_low,,,,,0.0,0,no_m3_data
13290,264.0,0.165,0.4731,1.72,1856.125,2994.996212121212,29399.405303030304,-927.625,29.4146,1847,2982,1865,3013,11.0748,3.3651,21.0763,9.955,2.5426,-1139.9692,1.0,0.0018,0.0193,264.0,0.141417,0.132779,0.044084,1.0,1.0,0.040135,0.039612,0.005416,1.0,1.0,-0.015374,-0.006123,-0.008009,-0.008069,-0.004324,-0.009907,-0.015851,-0.012345,264,1.0,66.0189,90.6798,QUALIFIED,,,,,,True,True,BOTH,normal_low,,,,,0.0,0,no_m3_data
13332,344.0,0.215,0.5119,1.52,1858.718023255814,3472.7936046511627,41344.34011627907,-992.450581395351,41.3568,1849,3459,1870,3491,7.118,4.2768,18.8124,5.8625,3.1127,-893.5964,1.0,0.0843,0.2486,344.0,0.213209,0.213126,0.033583,1.0,1.0,0.046013,0.042428,0.011286,1.0,1.0,-0.00157,0.000904,-0.001175,0.001331,-5.7e-05,-0.007478,-0.007873,-0.012776,344,1.0,63.3495,86.7715,QUALIFIED,,,,,,True,True,BOTH,normal_low,,,,,0.0,0,no_m3_data
13341,704.0,0.44,0.4293,1.02,1858.809659090909,3619.666193181818,45016.154829545456,-994.741477272728,45.0277,1835,3599,1876,3639,11.5205,3.6312,23.3231,10.1785,3.0075,-1478.5228,1.0,0.0202,0.1262,655.0,0.20877,0.203345,0.049785,1.0,1.0,0.0406,0.039211,0.01113,1.0,1.0,-0.000418,-0.000487,0.000289,-0.000284,-0.001269,-0.003591,-0.004469,-0.010139,704,1.0,63.3495,86.7715,QUALIFIED,,,,,,True,True,BOTH,normal_low,,,,,0.0,0,no_m3_data
13358,238.0,0.14875,0.5289,1.39,1858.504201680672,3440.361344537815,40533.53361344538,-987.105042016803,40.5461,1848,3430,1873,3448,9.0611,3.2311,22.4418,7.8863,1.496,-796.9067,1.0,0.0072,0.0677,238.0,0.109144,0.107278,0.01773,1.0,1.0,0.088035,0.090406,0.024514,1.0,1.0,-0.00124,0.000551,-0.000722,0.001036,-0.000125,-0.00544,-0.008136,-0.014949,238,1.0,63.3495,86.7715,QUALIFIED,,,,,,True,True,BOTH,normal_low,,,,,0.0,0,no_m3_data
13361,703.0,0.439375,0.5007,1.08,1865.054054054054,174.8321479374111,-41104.69630156472,-1150.8513513513462,41.1203,1846,154,1882,193,6.5205,3.4808,19.5985,5.5382,2.6398,-2372.1543,1.0,1.0,0.0,703.0,0.273021,0.263569,0.049384,1.0,1.0,0.03878,0.037953,0.006353,1.0,1.0,0.009211,0.010019,0.008929,0.007203,0.01051,0.012428,0.008183,0.006637,703,1.0,35.5577,101.3636,QUALIFIED,,-0.087721,0.193303,-0.182493,0.188928,True,True,BOTH,normal_low,0.008511,0.0,0.0,0.027393,0.008457,4,full_m3_data
13365,307.0,0.191875,0.5562,1.04,1867.3192182410423,3454.6644951140065,40891.11237785016,-1207.48045602606,40.9095,1854,3445,1878,3468,12.572,3.0435,19.0515,11.0246,1.9996,-826.9342,1.0,0.0,0.0,307.0,0.171472,0.172501,0.054373,1.0,1.0,0.05879,0.058963,0.013744,1.0,1.0,-0.000372,-0.00117,-0.001289,0.000334,0.000821,-0.006019,-0.001112,-0.00583,307,1.0,63.3495,86.7715,QUALIFIED,,,,,,True,True,BOTH,normal_low,,,,,0.0,0,no_m3_data
13462,213.0,0.133125,0.5788,1.44,1884.7323943661968,169.49295774647888,-41238.17605633803,-1642.8098591549278,41.2704,1876,159,1892,182,9.5404,4.5771,22.3734,7.398,3.4961,-2381.4935,1.0,1.0,0.0,213.0,0.34798,0.309509,0.120275,1.0,1.0,0.042508,0.041003,0.006642,1.0,1.0,0.007786,0.005098,-0.000231,0.003209,0.004433,0.004733,-0.003301,0.010553,213,1.0,35.5577,101.3636,QUALIFIED,,0.345235,,-0.067674,,True,True,BOTH,normal_low,,0.0,0.024206,,0.004841,2,partial_m3_data
13470,1681.0,1.050625,0.4803,1.4,1883.2831647828675,3150.0523497917907,33275.80874479476,-1606.579119571681,33.3151,1860,3116,1910,3186,7.1077,3.4173,20.6961,6.0357,2.4526,-910.7107,1.0,0.1196,0.2918,1681.0,0.181059,0.178183,0.034716,1.0,1.0,0.042278,0.041432,0.009807,1.0,1.0,-0.001757,-0.000315,0.000836,0.001917,-0.001419,-0.001968,-0.002379,0.017442,1681,1.0,66.0189,90.6798,QUALIFIED,,,,,,True,True,BOTH,normal_low,,,,,0.0,0,no_m3_data
13500,735.0,0.459375,0.4344,1.31,1884.3292517006803,3114.2,32379.5,-1632.7312925170045,32.4212,1865,3088,1901,3135,11.8785,3.6372,21.2015,10.4228,2.6915,-855.6895,1.0,0.0017,0.0284,735.0,0.308423,0.27888,0.117208,1.0,1.0,0.046259,0.04395,0.010005,1.0,1.0,-0.001229,0.001164,-0.001682,-0.00062,-0.001628,-0.001522,-0.002768,0.043271,735,1.0,66.0189,90.6798,QUALIFIED,,,,,,True,True,BOTH,normal_low,,,,,0.0,0,no_m3_data
13517,372.0,0.2325,0.5299,2.17,1889.970430107527,623.5806451612904,-29885.983870967742,-1773.7607526881693,29.9381,1870,614,1909,632,7.1528,3.4075,19.4868,6.5134,2.8292,3051.8301,1.0,0.0572,0.1888,372.0,,,,0.0,0.0,0.04572,0.041932,0.017854,1.0,1.0,0.139536,0.163649,0.237663,0.257685,0.309315,0.307583,0.31094,0.308727,372,1.0,197.9616,97.7418,QUALIFIED,,-0.172808,-0.084245,0.005599,0.007117,False,True,S1_ONLY,no_data,0.000321,0.00057,0.0,0.0,0.000255,4,full_m3_data
13583,524.0,0.3275,0.5881,1.22,1909.0687022900763,200.97519083969465,-40451.12022900763,-2251.2175572519045,40.5132,1894,188,1927,215,5.6692,3.2555,20.8731,4.2062,1.8407,-2408.8869,1.0,1.0,0.0,524.0,0.303926,0.304541,0.042226,1.0,1.0,0.034059,0.033741,0.005778,1.0,1.0,0.004399,0.006864,0.005568,0.00605,0.008538,0.008652,0.004365,0.0097,524,1.0,35.5577,101.3636,QUALIFIED,,-0.560355,-0.086566,-0.013352,-1.222222,True,True,BOTH,normal_low,0.0,0.0,0.0,0.0,0.0,4,full_m3_data
13593,631.0,0.394375,0.5311,1.09,1904.1996830427893,288.98256735340726,-38250.93581616482,-2129.492076069735,38.3097,1889,272,1922,308,19.3087,2.6663,27.4637,17.491,1.9164,-2097.2714,1.0,1.0,0.0,631.0,0.237153,0.236209,0.036366,1.0,1.0,0.034649,0.034653,0.00514,1.0,1.0,0.00376,0.005021,0.002156,0.002572,0.004887,0.004881,0.00176,0.004218,631,1.0,35.5577,101.3636,QUALIFIED,,-0.335372,-0.19295,0.001228,-1.396591,True,True,BOTH,normal_low,0.0,0.000125,0.0,0.0,3.1e-05,4,full_m3_data
13602,161.0,0.100625,0.3259,1.37,1900.83850931677,3041.0372670807456,30550.43167701864,-2045.462732919252,30.6194,1893,3028,1912,3054,8.5137,2.1844,13.4093,7.6888,1.6012,-678.6042,1.0,0.0224,0.128,161.0,0.311005,0.298874,0.062385,1.0,1.0,0.032322,0.031882,0.00358,1.0,1.0,0.000953,-0.002669,-3.4e-05,-0.000643,-0.002137,-0.007253,-0.00166,-0.00477,161,1.0,66.0189,90.6798,QUALIFIED,,,,,,True,True,BOTH,normal_low,,,,,0.0,0,no_m3_data
13603,262.0,0.16375,0.5955,1.1,1890.469465648855,3075.13358778626,31402.83969465649,-1786.2366412213742,31.4541,1881,3064,1903,3084,9.6839,3.9219,20.07,8.9841,3.134,-764.2212,1.0,0.0,0.0,262.0,0.338485,0.310697,0.108001,1.0,1.0,0.052167,0.052059,0.011073,1.0,1.0,-0.000197,0.00114,0.001816,0.002227,-0.000263,-0.001094,0.001527,0.027221,262,1.0,66.0189,90.6798,QUALIFIED,,,-0.226322,,-16.826457,True,True,BOTH,normal_low,0.0,,,0.0,0.0,2,partial_m3_data
13608,400.0,0.25,0.5797,1.3,1895.0275,3095.9825,31924.0625,-1900.1875,31.9811,1883,3083,1906,3113,8.0402,3.2165,17.5201,7.4413,2.9259,-776.2595,1.0,0.0471,0.1986,400.0,0.356505,0.342834,0.083792,1.0,1.0,0.044571,0.043816,0.008572,1.0,1.0,0.00061,0.003963,0.001795,0.003896,0.000335,-0.00297,-0.002947,-0.002314,400,1.0,66.0189,90.6798,QUALIFIED,,,-1.170474,,,True,True,BOTH,normal_low,,,,0.0,0.0,1,partial_m3_data
13631,285.0,0.178125,0.5938,1.88,1888.122807017544,3422.764912280701,40093.62280701754,-1727.5701754385957,40.1313,1873,3415,1903,3431,10.1576,2.506,18.0792,8.8875,1.3118,-743.0592,1.0,0.0166,0.0794,285.0,0.078911,0.071166,0.03741,1.0,1.0,0.0699,0.061893,0.030191,1.0,1.0,-0.000244,-0.001656,-0.00107,-0.000605,0.001487,0.003827,-0.002933,0.000408,285,1.0,63.3495,86.7715,QUALIFIED,,,,-1.573638,,True,True,BOTH,normal_low,,0.0,,,0.0,1,partial_m3_data
13632,266.0,0.16625,0.6115,1.93,1896.8947368421047,3447.9511278195487,40723.27819548872,-1946.8684210526333,40.7703,1890,3434,1905,3463,5.4953,2.3386,11.882,4.9753,1.9196,-669.349,1.0,0.008,0.0628,266.0,0.13491,0.137968,0.049724,1.0,1.0,0.063323,0.056872,0.021421,1.0,1.0,0.001763,0.000719,-0.001467,-0.003045,-0.000901,0.000466,-0.00732,-0.000847,266,1.0,63.3495,86.7715,QUALIFIED,,0.592172,,,,True,True,BOTH,normal_low,,,0.04152,,0.008304,1,partial_m3_data
13637,444.0,0.2775,0.6435,1.3,1900.1981981981985,233.0427927927928,-39649.43018018018,-2029.454954954956,39.7009,1889,218,1912,248,6.2045,2.9639,14.8516,5.2633,2.4014,-2410.1738,1.0,1.0,0.0,444.0,0.277866,0.270899,0.064646,1.0,1.0,0.028206,0.026469,0.004951,1.0,1.0,0.005551,0.006299,0.006005,0.007131,0.007571,0.012628,0.004364,0.018342,444,1.0,35.5577,101.3636,QUALIFIED,,-0.13475,-0.18751,-0.667943,-3.203025,True,True,BOTH,normal_low,0.0,0.0,0.0,0.0,0.0,4,full_m3_data
13683,1441.0,0.900625,0.4942,1.0,1890.092297015961,861.3442054129077,-23941.894864677302,-1776.8074253990271,24.0073,1864,833,1918,887,13.3935,3.9448,25.2495,11.8839,2.9916,907.2988,1.0,0.0924,0.2692,1441.0,,,,0.0,0.0,0.056075,0.054275,0.014364,1.0,1.0,0.004741,-0.000777,0.001651,-0.002312,0.003002,0.000491,-0.004317,-0.000555,1441,1.0,131.1381,81.2218,QUALIFIED,,1.163889,2.400363,0.836442,,False,True,S1_ONLY,no_data,,0.085204,0.081606,0.34015,0.105652,3,full_m3_data
13699,326.0,0.20375,0.4888,1.26,1911.1411042944785,83.11963190184049,-43397.509202453984,-2303.0276073619607,43.4581,1900,71,1923,100,9.649,4.8482,22.4739,8.6579,4.208,-2479.1256,1.0,1.0,0.0,326.0,0.323228,0.32334,0.068667,1.0,1.0,0.020698,0.020543,0.002595,0.033742,0.033742,0.00595,0.005275,0.001695,0.003493,0.005032,0.001616,-0.002003,0.01364,326,1.0,35.5577,101.3636,QUALIFIED,,0.113445,-1.060767,0.678855,,True,False,CPR_ONLY,normal_low,,0.069152,0.007954,0.0,0.018879,3,full_m3_data
13707,1423.0,0.889375,0.3286,1.16,1926.1426563598031,213.9360505973296,-40127.09873506676,-2678.066408995081,40.2159,1895,178,1956,249,5.0477,2.4845,24.8019,4.0051,1.556,-2410.6748,1.0,1.0,0.0,1423.0,0.280992,0.283194,0.059065,1.0,1.0,0.029428,0.028009,0.006747,0.709065,0.709065,0.005491,0.007485,0.007564,0.006793,0.00909,0.006531,0.002501,0.007782,1423,1.0,35.5577,101.3636,QUALIFIED,,-0.36314,0.10193,0.281518,-2.111555,True,True,BOTH,normal_low,0.0,0.028677,0.0,0.014444,0.010058,4,full_m3_data
13732,229.0,0.143125,0.5193,1.0,1919.174672489083,3487.0174672489084,41699.93668122271,-2503.866812227076,41.7756,1908,3475,1929,3496,7.8114,2.446,14.0731,6.3531,1.4464,-720.6161,1.0,0.0225,0.1115,229.0,0.148909,0.146237,0.027765,1.0,1.0,0.067863,0.068599,0.010453,1.0,1.0,-0.000519,-0.000663,0.000177,0.000736,-0.001821,-0.001293,-0.001779,-0.010376,229,1.0,63.3495,86.7715,QUALIFIED,,,,,,True,True,BOTH,normal_low,,,,,0.0,0,no_m3_data
13798,570.0,0.35625,0.5746,1.03,1932.861403508772,3436.0491228070177,40425.72807017545,-2846.0350877192977,40.5263,1917,3420,1948,3452,6.6472,3.3259,18.1158,5.9295,2.3894,-750.9063,1.0,0.0493,0.1865,570.0,0.106655,0.108529,0.031956,1.0,1.0,0.052838,0.051007,0.012127,1.0,1.0,0.000814,-0.003186,0.001261,-0.000183,-0.000525,-0.002325,-0.005983,-0.005739,570,1.0,63.3495,86.7715,QUALIFIED,,,1.145123,,,True,True,BOTH,normal_low,,,,0.162273,0.032455,1,partial_m3_data
13807,2158.0,1.34875,0.287,1.18,1933.817423540315,2808.7289156626507,24742.72289156627,-2869.9355885078767,24.9092,1893,2767,1973,2861,15.8897,3.5113,28.4964,14.2822,2.5012,-108.3216,1.0,0.0027,0.041,2158.0,0.285167,0.273628,0.07087,1.0,1.0,0.04835,0.046329,0.012147,1.0,1.0,7.6e-05,0.000558,0.001336,0.001479,-0.00114,-0.001385,-0.002167,-0.002009,2158,1.0,66.0189,90.6798,QUALIFIED,,,-0.107036,,,True,True,BOTH,normal_low,,,,0.0,0.0,1,partial_m3_data
13833,134.0,0.08375,0.3988,1.31,1929.962686567164,2792.328358208956,24332.70895522388,-2773.567164179105,24.4908,1922,2782,1938,2803,13.9016,3.1459,22.9264,12.8774,1.3148,-52.1546,1.0,0.0072,0.0645,134.0,0.336125,0.33283,0.063211,1.0,1.0,0.042824,0.042131,0.004273,1.0,1.0,0.000844,-0.003994,0.00354,-0.000493,-0.000205,-0.00379,-0.007164,-0.000151,134,1.0,109.6418,85.181,QUALIFIED,,,1.139266,,,True,True,BOTH,normal_low,,,,0.161443,0.032289,1,partial_m3_data
13866,191.0,0.119375,0.6609,1.0,1935.9476439790576,236.1884816753927,-39570.78795811519,-2923.1910994764403,39.6782,1928,228,1945,245,4.8829,2.7356,17.7905,3.3398,1.6175,-2404.756,1.0,1.0,0.0,191.0,0.343587,0.343808,0.071198,1.0,1.0,0.023327,0.022296,0.003296,0.958115,0.958115,0.005446,0.006489,0.005522,0.006094,0.007832,0.008033,0.005355,0.003847,191,1.0,35.5577,101.3636,QUALIFIED,,-0.191517,-0.103586,-0.025664,0.281606,True,True,BOTH,normal_low,0.012686,0.0,0.0,0.0,0.00444,4,full_m3_data
13883,215.0,0.134375,0.4977,1.33,1947.8,640.8604651162791,-29453.988372093023,-3219.5,29.629,1936,632,1960,650,10.6435,3.5313,22.3403,9.9536,2.2182,2998.0813,1.0,0.048,0.1662,215.0,,,,0.0,0.0,0.044981,0.044723,0.007926,1.0,1.0,0.041589,0.048634,0.06985,0.078545,0.090923,0.08647,0.080534,0.074624,215,1.0,197.9616,97.7418,QUALIFIED,,-0.169396,-0.124481,0.048976,0.073385,False,True,S1_ONLY,no_data,0.003306,0.004989,0.0,0.0,0.002404,4,full_m3_data
13898,2557.0,1.598125,0.369,1.41,1955.9100508408287,2864.9108330074305,26147.270825185755,-3422.25127102073,26.3708,1917,2818,1987,2917,17.3161,2.988,26.8822,15.4468,1.9469,-346.9237,1.0,0.0,0.0,2557.0,0.283963,0.274015,0.073551,1.0,1.0,0.045764,0.043473,0.010797,1.0,1.0,0.000326,0.001214,-0.000473,0.000726,0.000968,-0.000591,-0.003207,-0.00368,2557,1.0,66.0189,90.6798,QUALIFIED,,,,,,True,True,BOTH,normal_low,,,,,0.0,0,no_m3_data
13918,603.0,0.376875,0.4467,1.5,1949.3665008291875,221.3582089552239,-39941.5447761194,-3258.662520729682,40.0738,1935,200,1965,245,4.68,2.7274,15.7491,3.8887,2.1027,-2411.4232,1.0,1.0,0.0,603.0,0.288841,0.286976,0.03098,1.0,1.0,0.026884,0.027039,0.004052,0.082919,0.082919,0.006522,0.005938,0.007486,0.006557,0.009667,0.005745,0.006305,0.006035,603,1.0,35.5577,101.3636,QUALIFIED,,0.089543,0.124098,0.40571,0.042823,True,False,CPR_ONLY,normal_low,0.001929,0.041328,0.006278,0.017586,0.01578,4,full_m3_data
13950,146.0,0.09125,0.5407,1.2,1952.9520547945208,185.44520547945208,-40839.3698630137,-3348.3013698630166,40.9759,1944,179,1962,194,3.264,1.6246,9.5923,2.8079,1.1544,-2399.2419,1.0,1.0,0.0,146.0,0.244178,0.237465,0.057742,1.0,1.0,,,,0.0,0.0,0.00714,0.00464,0.007998,0.008197,0.009563,0.00928,0.00466,0.015312,146,1.0,35.5577,101.3636,QUALIFIED,,0.35014,-0.024881,0.029593,-2.285837,True,False,CPR_ONLY,normal_low,0.0,0.003014,0.02455,0.0,0.005664,4,full_m3_data
13963,128.0,0.08,0.5079,1.75,1958.78125,2527.1875,17704.1875,-3494.03125,18.0463,1948,2522,1969,2534,11.2999,3.7965,23.8574,12.0934,2.9816,2165.5734,1.0,0.0,0.0,128.0,,,,0.0,0.0,0.152728,0.142937,0.043821,1.0,1.0,0.00023,0.001937,0.002072,0.000596,-0.001043,-0.002662,-0.001868,-0.018554,115,0.8984,109.6418,85.181,QUALIFIED,,,0.712355,,,False,True,S1_ONLY,no_data,,,,0.100946,0.020189,1,partial_m3_data
13973,200.0,0.125,0.5556,1.11,1951.42,116.665,-42558.875,-3310.0,42.6869,1942,106,1960,126,8.2718,4.724,20.5226,7.9462,3.4556,-2327.8006,1.0,1.0,0.0,200.0,0.336316,0.331403,0.051639,1.0,1.0,,,,0.0,0.0,0.003525,0.004611,0.006254,0.005956,0.00899,0.010576,0.006539,0.007891,200,1.0,35.5577,101.3636,QUALIFIED,,-0.308085,0.04765,-0.176418,-0.206759,True,False,CPR_ONLY,normal_low,0.0,0.0,0.0,0.006752,0.00135,4,full_m3_data
14030,221.0,0.138125,0.4784,1.05,1961.3212669683253,172.94117647058823,-41151.970588235294,-3557.5316742081413,41.305,1950,162,1972,183,3.9887,2.3371,12.5454,2.9605,1.2814,-2392.8532,1.0,1.0,0.0,221.0,0.243697,0.236761,0.039103,1.0,1.0,,,,0.0,0.0,0.004768,0.004177,0.005723,0.007621,0.007212,0.008509,-0.00158,0.004527,221,1.0,35.5577,101.3636,QUALIFIED,,0.123951,-0.331644,-0.179839,,True,False,CPR_ONLY,normal_low,,0.0,0.008691,0.0,0.001738,3,full_m3_data
14034,511.0,0.319375,0.4227,1.26,1954.2367906066536,2912.886497064579,27346.66242661448,-3380.4197651663417,27.5554,1940,2893,1971,2932,8.5208,2.685,18.8163,7.5912,2.2045,-615.6538,1.0,0.0034,0.0403,511.0,0.222426,0.213011,0.063549,1.0,1.0,0.04455,0.044412,0.007523,1.0,1.0,0.000622,0.001121,-0.002263,0.000606,0.000131,-0.00013,0.002551,-0.001681,511,1.0,66.0189,90.6798,QUALIFIED,,,,,1.658957,True,True,BOTH,normal_low,0.074732,,,,0.026156,1,partial_m3_data
14046,764.0,0.4775,0.4993,1.7,1962.6897905759165,88.29712041884817,-43268.0719895288,-3591.7447643979103,43.4164,1950,66,1980,117,7.8689,3.6751,21.3984,6.6842,2.9851,-2369.1703,1.0,1.0,0.0,764.0,0.356092,0.312944,0.146366,1.0,1.0,,,,0.0,0.0,0.002762,0.001783,0.003112,0.006092,0.005475,0.003241,-0.002653,-5.6e-05,764,1.0,35.5577,101.3636,QUALIFIED,,0.354453,-0.957584,0.408037,,True,False,CPR_ONLY,normal_low,,0.041565,0.024852,0.0,0.015362,3,full_m3_data
14052,156.0,0.0975,0.5132,1.19,1964.2179487179487,3444.583333333333,40639.08333333334,-3629.948717948719,40.8014,1957,3434,1973,3453,5.7572,3.2664,19.4247,5.2386,1.9874,-730.5305,1.0,0.0464,0.1764,156.0,0.20665,0.214247,0.064303,1.0,1.0,0.076683,0.075554,0.016001,1.0,1.0,0.000316,0.008268,-0.000511,-0.001856,0.00091,-0.00101,-0.005162,-0.006416,156,1.0,63.3495,86.7715,QUALIFIED,,,,,,True,True,BOTH,normal_low,,,,,0.0,0,no_m3_data
14119,1043.0,0.651875,0.6694,1.08,1971.2617449664428,201.87344199424737,-40428.66395014382,-3806.043624161073,40.607,1954,183,1992,224,14.3838,4.0803,26.8505,12.3168,3.2286,-2452.8624,1.0,1.0,0.0,1043.0,0.302966,0.290261,0.073328,1.0,1.0,,,,0.0,0.0,0.004575,0.005194,0.004763,0.0047,0.007828,0.002847,-0.001175,-0.004859,1043,1.0,35.5577,101.3636,QUALIFIED,,-0.135301,0.013227,0.636306,,True,False,CPR_ONLY,normal_low,,0.064817,0.0,0.001874,0.016579,3,full_m3_data
14135,204.0,0.1275,0.5113,1.11,1982.740196078432,2108.901960784314,7247.049019607846,-4093.004901960783,8.3237,1973,2098,1992,2119,6.3816,4.8216,22.9474,6.0285,4.5889,-5603.54,1.0,1.0,0.0,204.0,,,,0.0,0.0,0.126068,0.117908,0.075357,1.0,1.0,0.000726,0.002259,0.002084,0.001763,-0.002737,0.003083,0.005124,-0.004716,204,1.0,115.8281,80.8172,QUALIFIED,,,0.154031,,1.920375,False,True,S1_ONLY,no_data,0.086508,,,0.021827,0.034643,2,partial_m3_data
14136,136.0,0.085,0.5667,1.67,1977.8161764705883,2712.845588235294,22345.63970588235,-3969.9044117647054,22.6961,1968,2707,1988,2719,6.0978,2.9116,13.1519,6.2361,2.2349,573.2897,1.0,0.0829,0.2193,136.0,0.406111,0.41799,0.108337,1.0,1.0,0.049291,0.05023,0.00572,1.0,1.0,0.000956,0.002839,-0.00071,-6.8e-05,0.000275,-0.002683,-0.001889,-0.012199,136,1.0,109.6418,85.181,QUALIFIED,,,,,,True,True,BOTH,normal_low,,,,,0.0,0,no_m3_data
14140,1096.0,0.685,0.451,1.2,1970.3102189781025,236.1432481751825,-39571.91879562044,-3782.255474452555,39.7518,1939,209,1993,254,6.7096,3.6476,21.8714,5.7052,3.0586,-2397.8166,1.0,1.0,0.0,1096.0,0.304984,0.299311,0.053675,1.0,1.0,0.023519,0.022042,0.003673,0.042883,0.042883,0.004484,0.002681,0.005565,0.004903,0.005743,0.006896,0.002159,0.004363,1096,1.0,35.5577,101.3636,QUALIFIED,,0.402096,0.118958,-0.200766,-1.020843,True,False,CPR_ONLY,normal_low,0.0,0.0,0.028193,0.016857,0.00901,4,full_m3_data
14155,611.0,0.381875,0.4041,1.17,1977.2700490998363,2213.2242225859245,9855.10556464811,-3956.251227495908,10.6202,1960,2194,1996,2236,18.4167,3.5259,28.4406,16.7333,3.6436,-5477.8132,1.0,1.0,0.0,611.0,,,,0.0,0.0,0.343495,0.127867,0.414734,1.0,1.0,-0.000985,0.002512,0.0016,0.001199,-0.001977,0.002249,-0.001582,-0.007858,611,1.0,115.8281,80.8172,QUALIFIED,,,0.250625,,,False,True,S1_ONLY,no_data,,,,0.035516,0.007103,1,partial_m3_data
14169,1198.0,0.74875,0.5541,1.02,1969.085141903172,148.3881469115192,-41765.79632721202,-3751.6285475792974,41.9335,1944,129,1991,175,7.0116,4.0613,27.5435,6.0103,3.627,-2396.8074,1.0,1.0,0.0,1198.0,0.301354,0.279747,0.080184,1.0,1.0,,,,0.0,0.0,0.00512,0.002855,0.005128,0.005714,0.007708,0.004071,-0.005442,-0.004247,1198,1.0,35.5577,101.3636,QUALIFIED,,0.442383,-0.114275,0.471847,,True,False,CPR_ONLY,normal_low,,0.048065,0.031018,0.0,0.01822,3,full_m3_data
14234,961.0,0.600625,0.5448,1.36,1976.5567117585847,626.3756503642039,-29816.108740894902,-3938.417793964618,30.0747,1951,608,2000,644,10.3888,4.3876,26.8636,8.8334,2.8039,3024.3521,1.0,0.0389,0.1599,961.0,,,,0.0,0.0,0.042882,0.041983,0.008282,1.0,1.0,0.033197,0.047427,0.064559,0.066702,0.079567,0.075538,0.078642,0.074415,961,1.0,197.9616,97.7418,QUALIFIED,,-0.428653,-0.033194,0.050637,0.05375,False,True,S1_ONLY,no_data,0.002421,0.005158,0.0,0.0,0.002137,4,full_m3_data
14243,234.0,0.14625,0.4845,1.1,1998.4102564102564,2108.974358974359,7248.858974358969,-4484.756410256407,8.5247,1986,2101,2009,2122,7.0398,3.0836,15.6291,6.6752,2.4716,-5614.4537,1.0,1.0,0.0,234.0,,,,0.0,0.0,0.383782,0.340407,0.305394,1.0,1.0,-0.001263,0.000314,0.001717,0.000226,-0.003618,-0.004397,0.000629,-0.011488,234,1.0,115.8281,80.8172,QUALIFIED,,,0.868375,,,False,True,S1_ONLY,no_data,,,,0.123056,0.024611,1,partial_m3_data
14249,373.0,0.233125,0.5792,1.22,2003.8203753351208,2212.5469168900804,9838.172922252008,-4620.009383378012,10.8696,1992,2199,2015,2227,8.2935,4.2554,26.0823,7.3337,3.18,-5577.9084,1.0,1.0,0.0,373.0,,,,0.0,0.0,0.867871,1.099099,0.542517,1.0,1.0,0.003091,0.000827,0.000772,0.000406,-0.001018,0.003247,0.006984,0.002916,373,1.0,-15.0742,77.5565,QUALIFIED,,0.732449,,,0.582474,False,True,S1_ONLY,no_data,0.026239,,0.051355,,0.019455,2,partial_m3_data
14289,353.0,0.220625,0.4326,1.42,1993.827195467422,2201.5354107648727,9562.88526912182,-4370.179886685553,10.5148,1976,2191,2010,2215,11.5352,3.6479,27.2213,10.4859,2.404,-5539.726,1.0,1.0,0.0,353.0,,,,0.0,0.0,0.161369,0.121288,0.144495,1.0,1.0,-0.00087,0.000774,0.001379,-0.000172,-0.002178,0.002556,0.001882,-0.00653,353,1.0,115.8281,80.8172,QUALIFIED,,,1.124728,,4.469713,False,True,S1_ONLY,no_data,0.201349,,,0.159383,0.102349,2,partial_m3_data
14298,265.0,0.165625,0.6023,1.1,1995.935849056604,154.65660377358492,-41609.08490566038,-4422.8962264150905,41.843,1986,146,2008,166,6.1113,3.4163,20.9782,5.5605,2.7077,-2456.4563,1.0,1.0,0.0,265.0,0.286971,0.263001,0.099635,1.0,1.0,,,,0.0,0.0,0.003985,0.002817,0.005183,0.003129,0.006404,0.002847,0.004634,0.000784,265,1.0,35.5577,101.3636,QUALIFIED,,0.293099,0.396296,0.555434,0.830816,True,False,CPR_ONLY,normal_low,0.037426,0.056579,0.020551,0.056158,0.042586,4,full_m3_data
14329,466.0,0.29125,0.5011,1.03,2004.401287553648,168.4420600858369,-41264.44849785408,-4634.5321888412,41.5235,1989,151,2019,182,8.8461,4.5767,18.0463,7.2711,3.4649,-2425.7087,1.0,1.0,0.0,466.0,0.264714,0.253028,0.053604,1.0,1.0,,,,0.0,0.0,0.001261,0.002136,0.005256,0.004407,0.007992,0.005079,0.002608,0.001977,466,1.0,57.7818,98.3332,QUALIFIED,,-0.693894,0.16153,0.364489,0.241948,True,False,CPR_ONLY,normal_low,0.010899,0.037129,0.0,0.02289,0.017675,4,full_m3_data
14364,325.0,0.203125,0.5435,1.13,2004.5661538461536,1446.8123076923075,-9305.192307692305,-4638.653846153844,10.3971,1993,1434,2016,1460,12.5189,4.633,22.7584,10.9236,3.3859,1391.4087,1.0,0.0905,0.2533,325.0,,,,0.0,0.0,0.07457,0.065153,0.028211,1.0,1.0,0.005028,0.002239,0.002827,0.007889,0.007265,0.007422,0.003392,0.00449,325,1.0,268.3,83.5558,QUALIFIED,,0.554694,-1.790591,-0.02161,-0.323703,False,True,S1_ONLY,no_data,0.0,0.0,0.038892,0.0,0.007778,4,full_m3_data
14368,253.0,0.158125,0.5238,1.1,2006.07114624506,3256.577075098814,35938.92687747035,-4676.27865612648,36.2424,1996,3247,2019,3268,8.6065,3.5796,18.4887,7.553,2.5861,-913.0427,1.0,0.1148,0.3039,253.0,0.173538,0.172936,0.023832,1.0,1.0,0.086004,0.086908,0.011904,1.0,1.0,-0.002537,-0.001481,-0.001113,-0.00079,-0.002639,-0.004609,-0.010763,-0.001324,253,1.0,71.5812,82.9217,QUALIFIED,,,,,,True,True,BOTH,normal_low,,,,,0.0,0,no_m3_data
14387,952.0,0.595,0.5965,1.11,2015.281512605042,2795.11974789916,24402.49369747899,-4906.537815126052,24.8915,1997,2774,2035,2816,9.9378,2.8241,25.3062,8.3775,1.7669,149.3744,1.0,0.0186,0.1056,952.0,0.490653,0.485716,0.151985,1.0,1.0,0.069111,0.064191,0.021624,1.0,1.0,-2.3e-05,0.003259,4.5e-05,-0.002212,-1.7e-05,-0.004648,-0.007407,-0.01484,946,0.9937,159.2376,82.1903,QUALIFIED,,,,,,True,True,BOTH,normal_low,,,,,0.0,0,no_m3_data
14396,270.0,0.16875,0.6818,3.27,2027.8777777777773,2047.525925925926,5712.648148148153,-5221.444444444445,7.7401,2010,2043,2046,2054,14.4566,2.8385,23.669,12.8443,1.7377,-5412.4938,1.0,1.0,0.0,270.0,,,,0.0,0.0,0.434386,0.351341,0.384811,1.0,1.0,0.004049,0.00371,0.002187,0.000814,-0.00148,0.000506,-0.001877,0.010241,270,1.0,-15.0742,77.5565,QUALIFIED,,0.083724,0.627801,,,False,True,S1_ONLY,no_data,,,0.00587,0.088964,0.018967,2,partial_m3_data
14404,166.0,0.10375,0.6917,1.07,2018.7710843373493,248.6024096385542,-39260.43975903615,-4993.777108433729,39.5763,2011,242,2027,257,5.5118,2.662,16.1947,4.7655,1.6928,-2383.1776,1.0,1.0,0.0,166.0,0.317143,0.319579,0.052926,1.0,1.0,,,,0.0,0.0,-0.004953,0.00632,0.00495,0.007078,0.007546,-0.000608,-0.006052,-0.010799,166,1.0,57.7818,98.3332,QUALIFIED,,,-0.429899,1.080572,,True,False,CPR_ONLY,normal_low,,0.110073,,0.0,0.027518,2,partial_m3_data
14425,239.0,0.149375,0.4552,1.19,2013.55230125523,2115.4016736401672,7409.541841004182,-4863.307531380749,8.8637,2005,2102,2026,2127,5.9848,3.815,19.5017,4.7334,2.0772,-5624.2564,1.0,1.0,0.0,239.0,,,,0.0,0.0,0.619803,0.533938,0.267934,1.0,1.0,0.00292,-0.000474,0.000128,0.000834,-0.000552,0.001757,-0.004017,-0.004008,239,1.0,-15.0742,77.5565,QUALIFIED,,1.162329,,,,False,True,S1_ONLY,no_data,,,0.081496,,0.016299,1,partial_m3_data
14436,1079.0,0.674375,0.5037,1.21,2033.5653382761816,159.22613531047267,-41494.84661723818,-5363.633456904543,41.8396,2011,135,2053,186,7.7626,3.9376,23.361,6.4033,2.741,-2414.5572,1.0,1.0,0.0,1079.0,0.25911,0.254886,0.050121,1.0,1.0,,,,0.0,0.0,-0.003992,0.001475,0.002497,0.0038,0.002746,0.001852,-0.007704,-0.007061,1079,1.0,57.7818,98.3332,QUALIFIED,,,-0.521826,0.325564,,True,False,CPR_ONLY,normal_low,,0.033164,,0.0,0.008291,2,partial_m3_data
14454,344.0,0.215,0.6255,1.14,2011.8924418604647,3211.2093023255816,34804.73255813954,-4821.811046511626,35.1377,2000,3201,2025,3223,7.4625,3.1991,20.069,6.744,2.4309,-734.8964,1.0,0.0442,0.1679,344.0,0.03926,0.038218,0.008133,0.229651,0.229651,0.069313,0.073251,0.021614,1.0,1.0,-0.006621,-0.002956,-0.003993,-0.009872,-0.007656,-0.006105,-0.014788,-0.005637,344,1.0,71.5812,82.9217,QUALIFIED,,,,,,True,True,BOTH,normal_low,,,,,0.0,0,no_m3_data
14485,487.0,0.304375,0.4909,1.03,2018.9733059548253,184.12114989733053,-40872.471252566735,-4998.832648870637,41.1766,2006,168,2037,200,4.0232,2.7009,25.1536,3.3421,1.3525,-2410.8846,1.0,1.0,0.0,487.0,0.273308,0.27104,0.027786,1.0,1.0,,,,0.0,0.0,-0.029483,0.004803,0.002793,0.006109,0.007013,0.003269,-0.002331,0.004189,487,1.0,57.7818,98.3332,QUALIFIED,,,-1.187254,0.533866,,True,False,CPR_ONLY,normal_low,,0.054382,,0.0,0.013596,2,partial_m3_data
14498,337.0,0.210625,0.5177,1.48,2021.2106824925816,64.13649851632047,-43872.08753709199,-5054.767062314539,44.1619,2006,55,2037,76,10.4022,4.1143,25.8484,8.9036,3.1987,-2454.4656,1.0,1.0,0.0,337.0,0.388322,0.352145,0.10811,1.0,1.0,0.009638,0.00937,0.00135,1.0,1.0,-0.012729,0.004185,0.002411,0.002643,0.005664,0.002709,0.002209,0.006019,337,1.0,57.7818,98.3332,QUALIFIED,,,-0.096226,0.521716,-1.724762,True,True,BOTH,normal_low,0.0,0.053145,,0.0,0.013286,3,full_m3_data
14524,226.0,0.14125,0.5664,1.11,2028.438053097345,3411.150442477876,39803.26106194689,-5235.451327433628,40.1467,2019,3402,2038,3423,5.2553,2.0361,12.302,5.0123,1.8191,-865.3428,1.0,0.0736,0.2059,226.0,0.086646,0.0857,0.029027,1.0,1.0,0.035839,0.036567,0.004338,1.0,1.0,-0.000938,-0.000398,0.000319,-0.001319,-0.001161,-0.004902,-0.006425,-0.001884,226,1.0,71.5812,82.9217,QUALIFIED,,,,,,True,True,BOTH,normal_low,,,,,0.0,0,no_m3_data
14533,246.0,0.15375,0.4659,1.09,2030.6869918699188,144.0081300813008,-41875.29674796748,-5291.674796747968,42.2079,2019,134,2043,156,7.6104,3.7167,20.6313,6.4748,2.4857,-2424.987,1.0,1.0,0.0,246.0,0.24568,0.240973,0.044396,1.0,1.0,,,,0.0,0.0,-0.029313,-0.000723,0.00168,0.002496,-0.000447,-0.000715,-0.006552,-0.002898,246,1.0,57.7818,98.3332,QUALIFIED,,,-0.485714,,,True,False,CPR_ONLY,normal_low,,,,0.0,0.0,1,partial_m3_data
14553,398.0,0.24875,0.567,2.17,2027.462311557789,2102.407035175879,7084.675879396978,-5211.057788944723,8.7955,2007,2092,2046,2110,9.0073,2.7557,20.458,7.7814,1.7483,-5599.9722,1.0,1.0,0.0,398.0,,,,0.0,0.0,0.411363,0.234291,0.44624,1.0,1.0,0.002744,0.004548,0.001389,-0.000137,-0.00321,-0.005237,-0.007186,0.016839,398,1.0,-15.0742,77.5565,QUALIFIED,,-0.657434,1.098632,,,False,True,S1_ONLY,no_data,,,0.0,0.155685,0.031137,2,partial_m3_data
14567,160.0,0.1,0.5229,1.06,2032.6125,3548.20625,43229.65625,-5339.8125,43.5588,2025,3540,2042,3558,8.0834,2.9792,17.8495,7.255,2.2883,-754.739,1.0,0.1508,0.3321,160.0,0.177509,0.162279,0.047953,1.0,1.0,0.071255,0.069503,0.012622,1.0,1.0,0.010884,-0.000973,0.003846,0.000662,-0.001999,-0.003124,-0.008678,-0.007797,160,1.0,71.5812,82.9217,QUALIFIED,,1.089397,0.827873,,,True,True,BOTH,normal_low,,,0.076383,0.117316,0.03874,2,partial_m3_data
14628,607.0,0.379375,0.4152,1.26,2034.711696869852,206.70840197693576,-40307.7899505766,-5392.292421746293,40.6664,2017,189,2060,223,7.4311,3.8681,21.6709,5.9999,2.7071,-2371.1692,1.0,1.0,0.0,607.0,0.312194,0.30647,0.046784,1.0,1.0,,,,0.0,0.0,-0.014833,0.000303,0.001256,0.003901,0.001586,7.5e-05,-0.002223,0.000304,607,1.0,57.7818,98.3332,QUALIFIED,,,-2.105892,0.952711,,True,False,CPR_ONLY,normal_low,,0.097048,,0.0,0.024262,2,partial_m3_data
14665,161.0,0.100625,0.4735,1.18,2054.0683229813662,745.9503105590062,-26826.74223602485,-5876.208074534159,27.4624,2046,738,2066,755,11.2855,4.0707,20.2465,8.813,2.5353,2073.9766,1.0,0.1635,0.3252,161.0,,,,0.0,0.0,0.035242,0.034154,0.005264,1.0,1.0,0.005238,0.001759,0.003459,0.001939,0.000239,-0.001486,0.00083,-0.004689,161,1.0,117.2382,89.0249,QUALIFIED,,0.664185,0.439433,,,False,True,S1_ONLY,no_data,,,0.046569,0.062271,0.021768,2,partial_m3_data
14668,623.0,0.389375,0.5933,1.68,2056.040128410915,2843.6195826645267,25614.989566613163,-5925.503210272873,26.292,2044,2825,2069,2867,6.9497,3.891,23.5287,5.8886,2.5198,116.0543,1.0,0.0722,0.2244,623.0,0.461502,0.435786,0.128463,1.0,1.0,0.043136,0.040457,0.011587,1.0,1.0,0.00196,0.00189,-0.001298,-0.001387,-0.000131,-0.002556,-0.004799,-0.00623,623,1.0,127.1508,86.7202,QUALIFIED,,0.035714,,,,True,True,BOTH,normal_low,,,0.002504,,0.000501,1,partial_m3_data
14679,397.0,0.248125,0.4574,1.11,2053.753148614609,2103.5415617128465,7113.039042821161,-5868.3287153652345,9.222,2037,2090,2068,2118,9.194,4.6717,25.6162,7.3507,2.9856,-5572.8607,1.0,1.0,0.0,397.0,,,,0.0,0.0,0.026495,0.026178,0.006457,1.0,1.0,0.000515,0.008296,0.001408,-0.000202,0.00093,-0.003086,-0.005031,0.007084,397,1.0,-15.0742,77.5565,QUALIFIED,,,1.143466,,,False,True,S1_ONLY,no_data,,,,0.162038,0.032408,1,partial_m3_data
14692,157.0,0.098125,0.4984,1.4,2046.4267515923568,3388.687898089172,39241.6974522293,-5685.168789808915,39.6519,2038,3379,2053,3400,6.4673,3.4527,16.5677,6.6749,2.9329,-801.6545,1.0,0.0,0.0,157.0,0.087403,0.049707,0.063226,1.0,1.0,0.051198,0.051649,0.013726,1.0,1.0,0.000996,-0.002082,0.002909,-0.000675,0.003029,0.003338,-0.00278,-0.000789,157,1.0,71.5812,82.9217,QUALIFIED,,,1.232039,-0.102014,,True,True,BOTH,normal_low,,0.0,,0.17459,0.034918,2,partial_m3_data
14707,396.0,0.2475,0.4615,1.77,2062.4141414141413,2134.732323232324,7892.808080808085,-6084.8535353535335,9.9667,2044,2123,2083,2145,8.4601,4.0826,27.5612,6.4473,2.1726,-5567.5261,1.0,1.0,0.0,396.0,,,,0.0,0.0,0.022891,0.021896,0.005558,1.0,1.0,0.000207,0.004011,0.001443,-0.001545,0.001292,-0.000264,-0.005213,0.021828,396,1.0,-15.0742,77.5565,QUALIFIED,,,2.070686,1.204334,,False,True,S1_ONLY,no_data,,0.12268,,0.293432,0.089356,2,partial_m3_data
14711,456.0,0.285,0.5527,1.32,2046.3618421052631,192.32236842105263,-40667.44078947369,-5683.54605263158,41.0623,2034,176,2059,209,6.7636,3.243,22.0803,5.8547,2.3543,-2373.144,1.0,1.0,0.0,456.0,0.278987,0.274921,0.043486,1.0,1.0,,,,0.0,0.0,0.002075,0.002667,0.005902,0.005854,0.004527,0.006226,0.001653,0.005199,456,1.0,57.7818,98.3332,QUALIFIED,,-0.285301,0.008133,-0.375304,-2.145191,True,False,CPR_ONLY,normal_low,0.0,0.0,0.0,0.001153,0.000231,4,full_m3_data
14720,188.0,0.1175,0.6104,1.57,2050.898936170213,2867.553191489362,26213.329787234048,-5796.973404255325,26.8473,2044,2858,2058,2880,7.3329,2.3577,14.1654,6.7171,1.1733,73.6249,1.0,0.0317,0.1352,188.0,0.400854,0.378242,0.13563,1.0,1.0,0.036194,0.033641,0.006962,1.0,1.0,0.00833,-0.000132,-0.000833,-0.001024,0.000663,-0.000258,-0.003769,-0.003024,188,1.0,127.1508,86.7202,QUALIFIED,,1.015846,,,,True,True,BOTH,normal_low,,,0.071226,,0.014245,1,partial_m3_data
14732,261.0,0.163125,0.5294,1.71,2055.655172413793,146.904214559387,-41802.89463601533,-5915.879310344826,42.219,2048,135,2065,164,4.4514,2.6342,12.9004,3.6333,1.63,-2378.292,1.0,1.0,0.0,261.0,0.279049,0.278593,0.053105,1.0,1.0,,,,0.0,0.0,0.003771,0.004478,0.005608,0.005087,0.005187,0.009284,0.004093,0.003309,261,1.0,57.7818,98.3332,QUALIFIED,,-0.187483,0.092903,-0.789859,0.191547,True,False,CPR_ONLY,normal_low,0.008629,0.0,0.0,0.013165,0.005653,4,full_m3_data
14734,537.0,0.335625,0.4972,1.2,2059.8677839851025,770.8826815642458,-26203.432960893857,-6021.194599627561,26.886,2048,753,2078,789,5.1118,3.4125,20.8926,4.1381,1.9383,2053.2427,1.0,0.1206,0.2692,537.0,,,,0.0,0.0,0.035945,0.032653,0.010828,1.0,1.0,0.004691,0.00221,0.002476,0.001949,0.002263,0.001891,0.000415,-0.005303,537,1.0,117.2382,89.0249,QUALIFIED,,0.528885,0.212843,0.164384,,False,True,S1_ONLY,no_data,,0.016745,0.037083,0.030162,0.017635,3,full_m3_data
14742,511.0,0.319375,0.5495,1.03,2050.493150684932,97.93737769080236,-43027.06555772994,-5786.82876712329,43.414,2036,84,2067,114,6.2743,4.0269,21.8717,5.0296,2.6355,-2395.3785,1.0,1.0,0.0,511.0,0.277755,0.278919,0.073225,1.0,1.0,,,,0.0,0.0,0.002798,0.00131,0.00257,0.003052,0.003502,0.004155,-0.001808,-0.002486,511,1.0,57.7818,98.3332,QUALIFIED,,0.531808,-0.187549,-0.186465,,True,False,CPR_ONLY,normal_low,,0.0,0.037288,0.0,0.007458,3,full_m3_data
14750,289.0,0.180625,0.5505,1.19,2054.584775086505,173.840830449827,-41129.47923875433,-5889.119377162628,41.5485,2045,161,2066,186,7.0378,3.1665,19.9775,6.3663,2.181,-2355.2502,1.0,1.0,0.0,289.0,0.259753,0.257912,0.040881,1.0,1.0,,,,0.0,0.0,0.003952,0.003027,0.007221,0.00631,0.004882,0.008967,-0.000201,0.004944,289,1.0,57.7818,98.3332,QUALIFIED,,0.234059,0.12616,-0.836747,,True,False,CPR_ONLY,normal_low,,0.0,0.016411,0.017878,0.006858,3,full_m3_data
14756,342.0,0.21375,0.5758,1.23,2060.6403508771928,810.1228070175439,-25222.429824561405,-6040.508771929817,25.9353,2046,799,2073,821,8.6884,4.1453,19.9993,8.0411,3.0456,2159.188,1.0,0.0575,0.1967,342.0,,,,0.0,0.0,0.051716,0.049127,0.012998,1.0,1.0,0.00692,0.003341,0.0058,0.003487,0.005174,0.005693,0.005758,0.001958,342,1.0,202.389,88.4478,QUALIFIED,,0.517197,0.398793,-0.100309,0.659951,False,True,S1_ONLY,no_data,0.029729,0.0,0.036263,0.056512,0.02896,4,full_m3_data
14769,527.0,0.329375,0.5862,1.07,2070.981024667932,755.1480075901328,-26596.79981024668,-6299.025616698295,27.3322,2057,742,2088,771,6.8775,3.1925,20.2023,5.7624,2.1696,2037.1832,1.0,0.106,0.2493,527.0,,,,0.0,0.0,0.030078,0.029968,0.003897,1.0,1.0,0.005605,0.00255,0.004144,0.003276,0.005097,0.005507,0.002587,2.3e-05,527,1.0,117.2382,89.0249,QUALIFIED,,0.545049,0.209459,-0.080439,0.991109,False,True,S1_ONLY,no_data,0.044647,0.0,0.038216,0.029682,0.029206,4,full_m3_data
14783,464.0,0.29,0.4706,1.17,2062.8491379310344,3236.9827586206898,35449.06896551725,-6095.728448275862,35.9699,2045,3220,2079,3249,10.6881,3.3001,19.8964,9.049,1.8233,-642.3994,1.0,0.0228,0.1314,464.0,0.205097,0.205165,0.040946,1.0,1.0,0.043941,0.042697,0.006207,1.0,1.0,-0.000566,-0.003726,-0.002912,0.001042,-2e-06,-0.001265,-0.007981,-0.006859,464,1.0,71.5812,82.9217,QUALIFIED,,,,,,True,True,BOTH,normal_low,,,,,0.0,0,no_m3_data
14803,226.0,0.14125,0.642,1.38,2064.6592920353983,118.53097345132744,-42512.22566371682,-6140.982300884956,42.9531,2058,107,2074,129,5.9007,4.1104,25.5458,4.3325,1.4963,-2401.7,1.0,1.0,0.0,226.0,0.178027,0.174242,0.044062,1.0,1.0,,,,0.0,0.0,0.002882,0.007332,0.003666,0.003676,0.006669,0.009678,0.003816,-0.004137,226,1.0,57.7818,98.3332,QUALIFIED,,-1.544067,-0.002728,-0.451192,2.084119,True,False,CPR_ONLY,normal_low,0.093884,0.0,0.0,0.0,0.032859,4,full_m3_data
14805,770.0,0.48125,0.5238,1.2,2066.8623376623377,2116.7337662337663,7442.8441558441555,-6196.058441558445,9.6851,2045,2099,2087,2134,6.2175,2.6801,15.0921,4.9682,1.5731,-5562.8583,1.0,1.0,0.0,770.0,,,,0.0,0.0,0.021582,0.021174,0.004239,1.0,1.0,0.001222,0.00349,0.001083,-0.001439,0.001939,0.000483,-0.005009,0.0078,770,1.0,-15.0742,77.5565,QUALIFIED,,-1.855974,2.328717,0.750903,,False,True,S1_ONLY,no_data,,0.076491,0.0,0.329997,0.085122,3,full_m3_data
14810,238.0,0.14875,0.5862,2.07,2062.344537815126,3272.831932773109,36345.29831932773,-6083.113445378149,36.8514,2047,3266,2076,3280,9.337,3.4478,21.4168,8.0223,1.6884,-752.5034,1.0,0.0062,0.0467,238.0,0.201136,0.19948,0.034947,1.0,1.0,0.053371,0.052076,0.008909,1.0,1.0,-0.001871,-0.000784,-0.001372,-0.00044,-0.008553,-0.003109,-0.016559,-0.021823,238,1.0,71.5812,82.9217,QUALIFIED,,,,,,True,True,BOTH,normal_low,,,,,0.0,0,no_m3_data
14820,1074.0,0.67125,0.4215,1.06,2054.346368715084,2757.717877094972,23467.4469273743,-5883.159217877095,24.1943,2028,2734,2077,2786,8.5736,4.485,28.118,7.6599,3.8746,182.3111,1.0,0.1417,0.3139,1074.0,0.42729,0.39196,0.154875,1.0,1.0,0.076069,0.072666,0.047841,1.0,1.0,0.000213,-0.000458,-0.001783,-0.002344,-0.001947,-0.004102,-0.005526,-0.006412,1074,1.0,159.2376,82.1903,QUALIFIED,,,,,,True,True,BOTH,normal_low,,,,,0.0,0,no_m3_data
14829,537.0,0.335625,0.5265,1.13,2065.973929236499,2937.268156424581,27956.203910614524,-6173.848230912474,28.6304,2052,2921,2082,2955,4.7863,3.1829,17.1363,4.0871,2.2436,126.7105,1.0,0.117,0.2676,537.0,0.255652,0.255915,0.052354,1.0,1.0,0.045331,0.042924,0.010808,1.0,1.0,-0.000866,-7e-05,-0.0018,-9.1e-05,-0.000293,-0.000222,-0.007779,-0.001318,537,1.0,127.1508,86.7202,QUALIFIED,,,,,,True,True,BOTH,normal_low,,,,,0.0,0,no_m3_data
14837,212.0,0.1325,0.6543,1.0,2073.3207547169814,2148.490566037736,8236.764150943396,-6357.518867924533,10.4056,2065,2140,2083,2158,5.3149,3.0316,15.8532,4.9103,1.7659,-5551.9272,1.0,1.0,0.0,212.0,,,,0.0,0.0,0.018551,0.017689,0.003333,1.0,1.0,0.000862,0.003627,0.004004,-0.002037,0.001008,0.003388,-0.000787,0.01168,212,1.0,-15.0742,77.5565,QUALIFIED,,,1.508741,-2.361111,,False,True,S1_ONLY,no_data,,0.0,,0.2138,0.04276,2,partial_m3_data
14846,139.0,0.086875,0.5494,2.09,2067.719424460432,1708.978417266187,-2751.0395683453244,-6217.485611510791,6.7992,2056,1704,2079,1715,6.7272,4.6491,22.5579,8.7656,4.8497,3466.6006,1.0,0.0181,0.0792,139.0,,,,0.0,0.0,0.127757,0.129689,0.021715,1.0,1.0,0.048744,0.056658,0.083055,0.087502,0.107184,0.106177,0.106066,0.089795,139,1.0,64.0351,75.5516,QUALIFIED,,-0.162358,-0.053543,0.009395,0.153404,False,True,S1_ONLY,no_data,0.00691,0.000957,0.0,0.0,0.002658,4,full_m3_data
14848,353.0,0.220625,0.5176,1.41,2069.898016997168,3445.844192634561,40670.60481586402,-6271.950424929186,41.1519,2060,3433,2082,3464,6.5007,4.007,19.2677,5.6875,3.2281,-816.3207,1.0,0.0124,0.0865,353.0,0.163984,0.16397,0.024446,1.0,1.0,0.076488,0.069255,0.024948,1.0,1.0,-0.000563,0.000275,-0.001312,7.5e-05,0.000465,0.00219,-0.00381,-0.00188,353,1.0,71.5812,82.9217,QUALIFIED,,,,,,True,True,BOTH,normal_low,,,,,0.0,0,no_m3_data
14873,420.0,0.2625,0.4575,1.26,2088.3928571428573,3219.55,35013.25,-6734.321428571435,35.6556,2072,3207,2106,3234,7.8857,3.68,17.984,6.8688,2.6977,-557.5985,1.0,0.0551,0.203,420.0,0.183982,0.178267,0.048604,1.0,1.0,0.044202,0.041797,0.007789,1.0,1.0,0.000328,0.001029,-0.001233,0.000989,-0.000467,0.004285,-0.00432,-0.002,420,1.0,71.5812,82.9217,QUALIFIED,,,,,,True,True,BOTH,normal_low,,,,,0.0,0,no_m3_data
14886,420.0,0.2625,0.5707,1.39,2072.7214285714285,168.33809523809524,-41267.04761904762,-6342.53571428571,41.7512,2057,158,2089,181,5.9161,3.5824,20.4278,4.6514,2.5812,-2358.0822,1.0,1.0,0.0,420.0,0.275717,0.256148,0.092068,1.0,1.0,,,,0.0,0.0,0.004509,0.006253,0.007449,0.00694,0.010329,0.009818,0.011011,0.007171,420,1.0,57.7818,98.3332,QUALIFIED,,-0.386782,0.068331,0.049472,0.348742,True,False,CPR_ONLY,normal_low,0.01571,0.005039,0.0,0.009683,0.008695,4,full_m3_data
14891,1446.0,0.90375,0.4888,1.14,2064.6479944674966,2884.840248962656,26645.506224066383,-6140.699861687412,27.3445,2038,2859,2096,2910,9.6401,4.0332,24.4277,8.0692,2.965,112.3412,1.0,0.045,0.1793,1446.0,0.349932,0.326508,0.130129,1.0,1.0,0.044531,0.041506,0.01173,1.0,1.0,0.005743,-0.000112,-0.002499,-0.00012,-0.000164,-1.2e-05,-0.00574,-0.000659,1446,1.0,127.1508,86.7202,QUALIFIED,,1.019502,,,,True,True,BOTH,normal_low,,,0.071482,,0.014296,1,partial_m3_data
14895,496.0,0.31,0.5611,1.31,2077.947580645161,815.4395161290323,-25089.5120967742,-6473.189516129038,25.9108,2065,796,2091,830,8.2545,3.2952,26.6459,7.2943,1.8715,2202.676,1.0,0.0443,0.1631,496.0,,,,0.0,0.0,0.047352,0.045843,0.012027,1.0,1.0,0.005586,0.003833,0.002471,0.00272,0.003064,0.000822,0.001667,0.003175,496,1.0,202.389,88.4478,QUALIFIED,,0.31382,-0.100769,0.731723,-0.904619,False,True,S1_ONLY,no_data,0.0,0.074537,0.022003,0.0,0.023035,4,full_m3_data
14906,448.0,0.28,0.5271,1.36,2090.7366071428573,2224.910714285714,10147.267857142857,-6792.915178571435,12.2118,2075,2215,2109,2240,11.417,4.2321,22.6487,10.1268,3.1864,-5583.6955,1.0,1.0,0.0,448.0,,,,0.0,0.0,0.019049,0.018873,0.004165,1.0,1.0,0.000317,0.002503,-0.000557,-0.00102,0.000139,-0.004105,-0.003207,-0.003771,448,1.0,-15.0742,77.5565,QUALIFIED,,,,,,False,True,S1_ONLY,no_data,,,,,0.0,0,no_m3_data
14910,149.0,0.093125,0.6261,1.21,2074.704697986577,112.55704697986576,-42661.57382550336,-6392.117449664431,43.1374,2068,104,2082,121,5.1432,4.1972,17.6679,4.4946,3.0654,-2388.5732,1.0,1.0,0.0,149.0,0.171095,0.174027,0.039812,1.0,1.0,,,,0.0,0.0,0.008001,0.006524,0.006026,0.005069,0.008865,0.011427,0.010237,0.007234,149,1.0,57.7818,98.3332,QUALIFIED,,0.184602,0.158812,-0.289002,0.293348,True,False,CPR_ONLY,normal_low,0.013215,0.0,0.012943,0.022505,0.011715,4,full_m3_data
14933,495.0,0.309375,0.3822,1.06,2090.3656565656565,2141.3252525252524,8057.631313131307,-6783.641414141413,10.5337,2073,2124,2108,2161,10.8114,4.9259,24.6342,9.0342,3.569,-5533.1167,1.0,1.0,0.0,495.0,,,,0.0,0.0,0.018258,0.018031,0.003783,1.0,1.0,-0.00041,0.002157,0.00083,-0.001715,0.000174,0.000372,-0.004113,-0.007713,495,1.0,-15.0742,77.5565,QUALIFIED,,,,,,False,True,S1_ONLY,no_data,,,,,0.0,0,no_m3_data
14946,1262.0,0.78875,0.4683,1.12,2075.3541996830427,82.22503961965134,-43419.87400950872,-6408.354992076071,43.8898,2050,55,2099,110,5.1011,3.6192,24.9718,3.5999,1.5948,-2404.1794,1.0,1.0,0.0,1262.0,0.252089,0.246656,0.043961,1.0,1.0,0.007857,0.007707,0.001147,0.561807,0.561807,0.002883,0.005231,0.004971,0.004065,0.006956,0.007368,0.006326,-0.002239,1262,1.0,57.7818,98.3332,QUALIFIED,,-0.814429,0.182257,-0.059229,1.353936,True,True,BOTH,normal_low,0.060991,0.0,0.0,0.025827,0.026512,4,full_m3_data
14960,784.0,0.49,0.4683,2.3,2092.7563775510203,101.52678571428572,-42937.330357142855,-6843.409438775503,43.4789,2079,68,2106,130,5.477,3.1712,22.4189,4.432,1.8599,-2408.5727,1.0,1.0,0.0,784.0,0.244993,0.243172,0.044864,1.0,1.0,0.007935,0.007852,0.001032,0.173469,0.173469,0.006015,0.003824,0.005006,0.005009,0.005244,0.006934,0.002788,-1.4e-05,784,1.0,57.7818,98.3332,QUALIFIED,,0.364256,-0.000599,-0.322273,1.005022,True,True,BOTH,normal_low,0.045274,0.0,0.02554,0.0,0.020954,4,full_m3_data
14980,794.0,0.49625,0.4542,1.21,2087.288413098237,3432.97355163728,40348.838790932,-6706.710327455912,40.903,2064,3413,2110,3451,5.8889,3.0509,15.9239,4.845,2.0682,-810.4366,1.0,0.0327,0.1444,794.0,0.215918,0.209572,0.051022,1.0,1.0,0.082591,0.079413,0.017126,1.0,1.0,-0.004233,0.01055,-0.000253,0.000197,0.000153,-0.001175,-0.003267,-0.000679,794,1.0,71.5812,82.9217,QUALIFIED,,,,,,True,True,BOTH,normal_low,,,,,0.0,0,no_m3_data
14992,173.0,0.108125,0.5149,1.31,2086.1387283236995,3491.456647398844,41810.91618497109,-6677.96820809249,42.3414,2077,3484,2098,3500,14.8419,3.3483,29.146,13.6152,2.2281,-804.5385,1.0,0.0,0.0,173.0,0.304975,0.304189,0.062329,1.0,1.0,0.053167,0.05308,0.005304,1.0,1.0,-0.003653,0.01341,-0.000162,0.000525,0.000334,-0.003072,-0.003376,0.005242,173,1.0,71.5812,82.9217,QUALIFIED,,,,,,True,True,BOTH,normal_low,,,,,0.0,0,no_m3_data
15008,181.0,0.113125,0.6582,2.27,2094.0828729281766,2212.78453038674,9844.113259668506,-6876.571823204416,12.0088,2083,2208,2108,2219,5.0785,2.9668,17.1086,4.9503,2.3463,-5621.3065,1.0,1.0,0.0,181.0,,,,0.0,0.0,0.016353,0.016524,0.003006,1.0,1.0,0.000426,0.001758,0.000342,-0.002006,0.001672,-0.000337,-0.003103,-0.00162,181,1.0,-15.0742,77.5565,QUALIFIED,,,,1.201555,,False,True,S1_ONLY,no_data,,0.122397,,,0.030599,1,partial_m3_data
15010,135.0,0.084375,0.3913,1.53,2090.82962962963,196.0296296296296,-40574.759259259255,-6795.2407407407445,41.1394,2080,190,2103,205,3.9923,2.1487,10.4295,4.2509,1.6587,-2506.7564,1.0,1.0,0.0,135.0,0.305157,0.30201,0.053771,1.0,1.0,,,,0.0,0.0,0.00376,0.004169,0.00465,0.003049,0.003861,0.008967,0.000569,0.002893,135,1.0,57.7818,98.3332,QUALIFIED,,-0.108777,0.344301,-1.322455,,True,False,CPR_ONLY,normal_low,,0.0,0.0,0.04879,0.009758,3,full_m3_data
15015,1001.0,0.625625,0.3944,1.15,2097.5004995005,3249.216783216784,35754.91958041958,-6962.012487512489,36.427,2075,3224,2122,3278,6.9807,2.8793,19.3633,6.1734,2.1725,-591.7701,1.0,0.0101,0.0793,1001.0,0.200401,0.19556,0.038738,1.0,1.0,0.041401,0.039856,0.008447,1.0,1.0,-0.003125,0.003226,-0.001044,-0.000342,-0.000452,0.002342,-0.002378,0.000891,1001,1.0,71.5812,82.9217,QUALIFIED,,,,,,True,True,BOTH,normal_low,,,,,0.0,0,no_m3_data
15056,1182.0,0.73875,0.4672,1.2,2092.42385786802,2919.6818950930624,27516.547377326555,-6835.096446700503,28.3534,2066,2893,2121,2939,7.7726,4.5468,22.9244,6.4844,3.3866,154.4269,1.0,0.0734,0.231,1182.0,0.317148,0.310659,0.088735,1.0,1.0,0.055956,0.053492,0.018138,1.0,1.0,-0.000324,-4.1e-05,-0.001883,-0.001409,0.001711,7e-05,-0.002239,-0.001127,1182,1.0,127.1508,86.7202,QUALIFIED,,,,0.959088,,True,True,BOTH,normal_low,,0.097698,,,0.024424,1,partial_m3_data
15082,1003.0,0.626875,0.4286,1.16,2102.908275174477,138.0628115653041,-42023.9297108674,-7097.206879361918,42.6186,2080,113,2125,165,7.0748,4.292,27.4513,5.6748,2.6553,-2398.5527,1.0,1.0,0.0,1003.0,0.260012,0.230366,0.100017,1.0,1.0,,,,0.0,0.0,0.006272,0.003961,0.003776,0.00349,0.00576,0.006943,0.003362,0.003097,1003,1.0,57.7818,98.3332,QUALIFIED,,0.368463,0.075742,-0.205382,0.078822,True,False,CPR_ONLY,normal_low,0.003551,0.0,0.025835,0.010733,0.008556,4,full_m3_data
15104,141.0,0.088125,0.754,1.55,2100.645390070922,3123.921985815603,32622.54964539007,-7040.634751773054,33.3743,2096,3116,2107,3133,9.1056,3.5455,18.2114,7.9037,2.3496,-219.2077,1.0,0.0488,0.1926,141.0,0.292437,0.287566,0.052721,1.0,1.0,0.032775,0.032501,0.003499,1.0,1.0,-0.000859,0.006674,-0.000641,-0.000326,0.002923,0.002996,-0.001194,0.000572,141,1.0,127.1508,86.7202,QUALIFIED,,,,-0.024974,,True,True,BOTH,normal_low,,0.0,,,0.0,1,partial_m3_data
15107,150.0,0.09375,0.5639,1.36,2106.1266666666666,33.20666666666666,-44645.333333333336,-7177.666666666664,45.2182,2098,27,2117,41,4.9445,3.5051,18.7721,5.3857,3.2377,-2418.4699,1.0,1.0,0.0,150.0,0.446849,0.391997,0.139224,1.0,1.0,0.009245,0.008623,0.001823,1.0,1.0,0.002612,0.003166,0.003439,0.00208,-0.002605,0.004324,-0.003521,-0.010442,150,1.0,57.7818,98.3332,QUALIFIED,,-0.212098,0.395173,,,True,True,BOTH,normal_low,,,0.0,0.055999,0.0112,2,partial_m3_data
15118,878.0,0.54875,0.5519,1.16,2089.2050113895216,3197.142369020501,34453.05922551252,-6754.625284738038,35.1095,2074,3173,2111,3216,12.1658,4.9905,27.0373,10.4044,3.5172,-472.6656,1.0,0.0065,0.0644,878.0,0.215717,0.211009,0.035941,0.682232,0.682232,0.051867,0.0449,0.019883,1.0,1.0,0.001211,0.001785,-0.000614,-0.000493,0.000293,-0.000122,-0.004804,-0.003496,878,1.0,127.1508,86.7202,QUALIFIED,,-0.473988,,,,True,True,BOTH,normal_low,,,0.0,,0.0,1,partial_m3_data
15119,187.0,0.116875,0.5312,1.38,2096.7540106951874,3479.486631016043,41511.66577540107,-6943.350267379683,42.0889,2087,3471,2109,3487,5.999,3.4256,17.4617,5.9172,3.0119,-764.157,1.0,0.0073,0.0723,187.0,0.247959,0.227445,0.05661,1.0,1.0,0.050738,0.051933,0.007522,1.0,1.0,-0.002554,0.005716,0.000345,0.000998,-0.000764,0.00521,-0.005287,-0.007451,187,1.0,71.5812,82.9217,QUALIFIED,,,,,,True,True,BOTH,normal_low,,,,,0.0,0,no_m3_data
15141,349.0,0.218125,0.5402,1.79,2104.893982808023,71.44699140401146,-43689.32521489971,-7146.849570200575,44.2696,2095,54,2114,88,8.125,4.2277,18.7779,6.6379,2.8484,-2442.6723,1.0,1.0,0.0,349.0,0.289601,0.263178,0.091598,1.0,1.0,0.009572,0.008972,0.002727,1.0,1.0,0.004996,0.004012,0.004836,0.003185,0.005978,0.007999,0.002003,0.002663,349,1.0,57.7818,98.3332,QUALIFIED,,0.196958,0.341398,-0.338073,-0.329506,True,True,BOTH,normal_low,0.0,0.0,0.01381,0.048379,0.012438,4,full_m3_data
15206,142.0,0.08875,0.6228,1.58,2115.274647887324,2101.3380281690143,7057.950704225354,-7406.3661971831025,10.2315,2106,2096,2125,2108,5.324,3.3462,17.6353,5.8433,3.3554,-5522.5631,1.0,1.0,0.0,142.0,,,,0.0,0.0,0.013535,0.014146,0.001657,1.0,1.0,0.003989,0.001162,0.003236,0.000585,-0.000624,-0.002841,-0.01019,-0.004269,142,1.0,-15.0742,77.5565,QUALIFIED,,0.708699,0.819221,,,False,True,S1_ONLY,no_data,,,0.04969,0.11609,0.033156,2,partial_m3_data
15212,251.0,0.156875,0.502,1.25,2122.569721115538,3256.5019920318723,35937.04980079681,-7588.743027888449,36.7302,2113,3245,2133,3270,8.9086,4.1603,20.2214,7.2848,2.6012,-569.8775,1.0,0.0155,0.0934,251.0,0.280715,0.269941,0.048252,1.0,1.0,0.040683,0.040132,0.005753,1.0,1.0,-0.002721,-0.000446,-7.8e-05,-0.000635,-0.00078,0.001219,-0.002959,1e-06,251,1.0,71.5812,82.9217,QUALIFIED,,,,,,True,True,BOTH,normal_low,,,,,0.0,0,no_m3_data
15213,516.0,0.3225,0.4743,1.06,2128.8992248062013,3444.263565891473,40631.08914728682,-7746.980620155031,41.3636,2111,3427,2145,3459,9.0495,4.2289,23.1316,7.083,2.6812,-838.8198,1.0,0.1147,0.2933,516.0,0.190668,0.191957,0.027637,1.0,1.0,0.064446,0.058986,0.015467,1.0,1.0,0.001931,-0.001517,-0.002357,0.000725,0.00066,-0.002766,-0.002746,0.002618,516,1.0,71.5812,82.9217,QUALIFIED,,1.785603,,,,True,True,BOTH,normal_low,,,0.125197,,0.025039,1,partial_m3_data
15216,1098.0,0.68625,0.5116,1.57,2117.167577413479,98.91621129326047,-43002.594717668486,-7453.689435336979,43.6434,2102,72,2139,130,5.3343,2.968,18.3968,4.1442,1.9015,-2438.3738,1.0,1.0,0.0,1098.0,0.235729,0.215974,0.081309,1.0,1.0,0.00778,0.007828,0.000878,0.424408,0.424408,0.003614,0.003037,0.001596,0.001559,0.006461,-0.002252,0.001017,0.006471,1098,1.0,57.7818,98.3332,QUALIFIED,,0.159657,0.023183,1.348553,-5.362832,True,True,BOTH,normal_low,0.0,0.137371,0.011194,0.003285,0.037239,4,full_m3_data
15261,1497.0,0.935625,0.428,1.25,2121.199732798931,3187.298597194389,34206.96492985972,-7554.493319973277,35.0318,2090,3163,2156,3216,7.2938,3.8121,20.7214,5.9607,2.7098,-437.4527,1.0,0.0963,0.2683,1497.0,0.249625,0.226926,0.084856,0.669339,0.669339,0.065297,0.064178,0.017795,1.0,1.0,-0.001806,0.001275,-0.000564,0.000339,0.000405,-0.002571,-0.000378,0.000989,1497,1.0,127.1508,86.7202,QUALIFIED,,,,,,True,True,BOTH,normal_low,,,,,0.0,0,no_m3_data
15278,881.0,0.550625,0.5619,1.53,2131.1634506242904,3116.396140749149,32434.403518728723,-7803.586265607257,33.3606,2106,3099,2155,3131,12.7419,2.4691,22.8535,10.9385,1.3388,-257.9264,1.0,0.0025,0.0378,881.0,0.25549,0.253103,0.04664,1.0,1.0,0.052917,0.050426,0.01446,1.0,1.0,-0.001811,0.003076,0.000645,-0.001369,-0.000331,-0.001681,-0.000634,-0.003602,881,1.0,127.1508,86.7202,QUALIFIED,,,,,,True,True,BOTH,normal_low,,,,,0.0,0,no_m3_data
15285,2171.0,1.356875,0.4907,1.41,2111.994011976048,2834.3680331644405,25383.70082911101,-7324.3502994012015,26.4199,2088,2791,2144,2870,10.3315,4.2953,26.3569,8.6385,2.8226,257.7058,1.0,0.0676,0.2286,2171.0,0.419017,0.406373,0.1086,1.0,1.0,0.034299,0.030879,0.011824,1.0,1.0,-0.002961,0.001868,-0.001968,-0.000782,0.001294,-0.003997,-0.005896,-0.001923,2171,1.0,127.1508,86.7202,QUALIFIED,,,,4.088872,,True,True,BOTH,normal_low,,0.416514,,,0.104128,1,partial_m3_data
15324,618.0,0.38625,0.5965,1.32,2125.948220064725,2083.888349514564,6621.708737864079,-7673.205501618118,10.136,2109,2071,2146,2099,14.3923,2.9784,25.0434,12.6001,1.7801,-5448.4898,1.0,1.0,0.0,618.0,,,,0.0,0.0,0.013259,0.012892,0.002002,1.0,1.0,0.003572,0.001429,0.001104,0.000549,-0.001754,-0.004019,-0.010592,-0.015333,618,1.0,-15.0742,77.5565,QUALIFIED,,0.599944,0.502717,,,False,True,S1_ONLY,no_data,,,0.042065,0.071239,0.022661,2,partial_m3_data
15326,292.0,0.1825,0.5771,1.05,2133.578767123288,100.48972602739724,-42963.25684931507,-7863.969178082196,43.6766,2123,90,2145,113,3.6294,2.0477,10.9774,2.8375,1.138,-2428.6281,1.0,1.0,0.0,292.0,0.191246,0.18486,0.033324,1.0,1.0,0.00737,0.007367,0.000652,0.342466,0.342466,0.000568,0.003156,0.002718,0.004075,0.006266,-0.00117,0.001785,0.009576,292,1.0,57.7818,98.3332,QUALIFIED,,,-0.499264,1.186722,-4.364706,True,True,BOTH,normal_low,0.0,0.120886,,0.0,0.030222,3,full_m3_data
15357,478.0,0.29875,0.5207,1.26,2139.9016736401672,3210.675732217573,34791.39330543933,-8022.041841004182,35.7049,2122,3198,2156,3225,6.5621,3.3552,20.7361,5.2207,1.7504,-426.9688,1.0,0.1185,0.2797,478.0,0.378751,0.383956,0.102199,1.0,1.0,0.059537,0.056776,0.01607,1.0,1.0,0.000516,-0.003158,-0.001637,0.000936,0.000313,-0.003789,0.001603,-0.001759,478,1.0,71.5812,82.9217,QUALIFIED,,,,,2.097318,True,True,BOTH,normal_low,0.094479,,,,0.033068,1,partial_m3_data
15378,2540.0,1.5875,0.432,1.88,2114.5145669291337,2946.420472440945,28185.01181102362,-7387.364173228343,29.1377,2062,2919,2167,2975,9.4706,3.9663,29.5962,8.0322,3.0703,126.1481,1.0,0.0322,0.1459,2540.0,0.30659,0.300224,0.060164,1.0,1.0,0.048228,0.040554,0.027423,1.0,1.0,-0.00089,0.001554,-0.000909,-0.000744,0.000177,0.000273,-0.003698,-0.002971,2540,1.0,127.1508,86.7202,QUALIFIED,,,,,,True,True,BOTH,normal_low,,,,,0.0,0,no_m3_data
15393,747.0,0.466875,0.6098,1.0,2133.0174029451136,3092.447121820616,31835.6780455154,-7849.935073627843,32.7898,2117,3074,2152,3109,9.3257,2.9959,21.8806,7.83,1.5429,-183.3953,1.0,0.0187,0.1057,747.0,0.23987,0.237995,0.036899,1.0,1.0,0.05547,0.054371,0.01041,1.0,1.0,-0.001165,0.000967,0.001613,-0.001554,-0.001703,-0.003142,-0.003769,-0.007085,747,1.0,127.1508,86.7202,QUALIFIED,,,1.963422,,,True,True,BOTH,normal_low,,,,0.278232,0.055646,1,partial_m3_data
15474,252.0,0.1575,0.4565,1.04,2142.8809523809523,2985.428571428572,29160.21428571429,-8096.523809523809,30.264,2132,2975,2156,2998,8.0011,3.5607,18.49,6.2003,1.7404,86.4222,1.0,0.1149,0.2829,252.0,0.273597,0.267877,0.039207,0.384921,0.384921,0.02731,0.026917,0.004331,1.0,1.0,0.001182,-0.001325,0.001613,-0.00182,-0.001426,-0.003443,-0.003824,-0.005609,252,1.0,127.1508,86.7202,QUALIFIED,,2.120981,2.128332,,,True,True,BOTH,normal_low,,,0.148712,0.301601,0.090063,2,partial_m3_data
15491,219.0,0.136875,0.5951,1.44,2143.977168949772,2834.593607305936,25389.340182648404,-8123.929223744286,26.658,2137,2823,2153,2846,5.0851,4.0678,20.6333,4.1618,1.9287,318.2725,1.0,0.1416,0.3052,219.0,0.350203,0.341339,0.088294,1.0,1.0,0.00848,0.00292,0.008474,0.593607,0.593607,-0.002066,0.001381,0.002322,-0.001476,-0.002679,-0.004506,-0.009245,-0.005986,219,1.0,127.1508,86.7202,QUALIFIED,,,1.635659,,,True,True,BOTH,normal_low,,,,0.231786,0.046357,1,partial_m3_data
15494,699.0,0.436875,0.5431,1.18,2145.5650929899857,3285.5965665236054,36664.41416309013,-8163.627324749643,37.5629,2124,3272,2163,3305,11.1365,4.9292,25.8447,9.6676,3.9145,-583.5161,1.0,0.0056,0.0509,699.0,0.236216,0.235489,0.038101,1.0,1.0,0.053498,0.053054,0.011358,1.0,1.0,0.001241,-0.000161,-0.001273,0.000973,0.00183,0.000153,0.000925,-0.000976,699,1.0,71.5812,82.9217,QUALIFIED,,1.129734,,0.916393,,True,True,BOTH,normal_low,,0.093349,0.079211,,0.039179,2,partial_m3_data
15527,264.0,0.165,0.5029,1.19,2148.310606060606,2818.0454545454545,24975.636363636368,-8232.265151515152,26.298,2138,2806,2159,2831,5.659,4.1252,21.2407,4.3728,2.0689,335.9362,1.0,0.0668,0.2077,264.0,0.398781,0.385161,0.086725,1.0,1.0,0.002953,0.002878,0.000569,0.901515,0.901515,-0.002336,-0.000199,0.001743,-0.002143,-0.001948,-0.003991,-0.004846,-0.007786,264,1.0,127.1508,86.7202,QUALIFIED,,,2.229489,,,True,True,BOTH,normal_low,,,,0.315936,0.063187,1,partial_m3_data
15536,163.0,0.101875,0.5362,1.19,2157.6625766871166,3120.19018404908,32529.25460122699,-8466.064417177913,33.6135,2151,3111,2167,3130,11.5884,3.862,24.8099,9.7813,1.9468,-310.9634,1.0,0.0775,0.2444,163.0,0.242815,0.227906,0.056144,1.0,1.0,0.055781,0.056223,0.008465,1.0,1.0,0.001852,-0.003224,-0.0021,-0.000769,0.002612,-0.005911,-1e-05,0.000104,163,1.0,127.1508,86.7202,QUALIFIED,,2.740821,,3.263017,,True,True,BOTH,normal_low,,0.332388,0.192172,,0.121531,2,partial_m3_data
15544,313.0,0.195625,0.5589,1.4,2152.268370607029,2994.396166134185,29384.40415335464,-8331.20926517572,30.5432,2139,2985,2167,3005,6.0203,2.7226,14.9123,5.1939,1.3823,72.2043,1.0,0.0778,0.2154,313.0,,,,0.0,0.0,0.025498,0.024919,0.004931,1.0,1.0,0.000535,-0.001908,-0.000308,-0.002024,0.000582,-0.003031,-0.000694,-0.001299,313,1.0,127.1508,86.7202,QUALIFIED,,,,,,False,True,S1_ONLY,no_data,,,,,0.0,0,no_m3_data
15548,2182.0,1.36375,0.3551,1.5,2144.43583868011,104.14711274060495,-42871.82218148487,-8135.395967002747,43.6365,2111,58,2175,154,6.0345,4.6428,27.5557,4.8249,3.1278,-2415.7124,1.0,1.0,0.0,2182.0,0.275029,0.229093,0.128611,1.0,1.0,0.008534,0.008339,0.00162,0.46242,0.46242,0.002749,-0.000219,0.001933,0.004646,0.001774,0.000149,0.000931,0.002163,2182,1.0,57.7818,98.3332,QUALIFIED,,1.079665,-1.403518,0.916009,,True,True,BOTH,normal_low,,0.093309,0.0757,0.0,0.038467,3,full_m3_data
15562,4916.0,3.0725,0.4234,1.43,2161.720911310008,3232.800244100895,35344.50610252237,-8567.522782750202,36.3687,2094,3187,2223,3277,8.2588,3.8765,24.2316,6.8491,2.6929,-476.4401,1.0,0.0374,0.1604,4916.0,0.487973,0.439787,0.263493,1.0,1.0,0.100572,0.070623,0.158531,1.0,1.0,0.000854,0.001767,0.000934,0.001959,0.003819,0.000603,0.000285,0.000963,4916,1.0,71.5812,82.9217,QUALIFIED,,,,0.842105,,True,True,BOTH,normal_low,,0.085781,,,0.021445,1,partial_m3_data
15570,184.0,0.115,0.46,1.56,2153.358695652174,2893.8804347826085,26871.510869565216,-8358.467391304352,28.1421,2144,2882,2160,2907,15.4435,2.4913,21.8293,13.3926,2.1473,202.9546,1.0,0.0,0.0,184.0,0.296904,0.290533,0.0544,1.0,1.0,0.020659,0.020383,0.003348,1.0,1.0,-0.000742,-0.001052,0.000369,-0.001085,0.000545,-0.00325,-0.001849,-0.00728,184,1.0,127.1508,86.7202,QUALIFIED,,,,,,True,True,BOTH,normal_low,,,,,0.0,0,no_m3_data
15595,701.0,0.438125,0.5755,1.45,2170.453637660485,3011.323823109843,29807.59557774608,-8785.840941512128,31.0761,2156,2994,2185,3036,11.454,3.925,25.2872,9.9724,2.5257,60.422,1.0,0.012,0.081,701.0,,,,0.0,0.0,0.028202,0.023486,0.011825,1.0,1.0,-0.001675,-0.001101,-0.001169,-0.000819,0.00028,-0.001526,-0.004452,-0.003298,701,1.0,127.1508,86.7202,QUALIFIED,,,,,,False,True,S1_ONLY,no_data,,,,,0.0,0,no_m3_data
15599,1054.0,0.65875,0.3764,1.12,2159.6157495256166,127.03415559772296,-42299.64611005693,-8514.893738140418,43.1478,2132,95,2182,151,8.779,4.4012,23.1419,7.4608,3.3687,-2381.8817,1.0,1.0,0.0,1054.0,0.252966,0.20787,0.116573,1.0,1.0,0.007448,0.007259,0.000596,0.063567,0.063567,0.004878,0.001066,0.001555,0.005103,-7.4e-05,0.000215,0.001984,0.002195,1054,1.0,57.7818,98.3332,QUALIFIED,,0.781468,-2.281672,,-0.106351,True,False,CPR_ONLY,normal_low,0.0,,0.054792,0.0,0.010958,3,full_m3_data
15625,291.0,0.181875,0.5087,1.18,2157.86941580756,2845.309278350516,25657.231958762888,-8471.235395189004,27.0202,2142,2836,2168,2858,4.1312,2.8115,15.968,3.7512,2.139,318.6749,1.0,0.0627,0.1885,291.0,0.463427,0.464803,0.092679,1.0,1.0,0.006233,0.005517,0.004724,0.924399,0.924399,-0.000366,-0.000986,0.000548,-0.002741,-0.000578,-0.003593,-0.005072,-0.00237,291,1.0,127.1508,86.7202,QUALIFIED,,,,,,True,True,BOTH,normal_low,,,,,0.0,0,no_m3_data
15641,321.0,0.200625,0.4756,1.08,2162.7694704049845,3213.5919003115264,34864.29750778816,-8593.736760124615,35.9084,2149,3202,2176,3227,6.8616,3.6647,14.7724,5.8863,2.5164,-445.9639,1.0,0.0259,0.1177,321.0,0.663331,0.651825,0.149976,1.0,1.0,0.08497,0.077512,0.021316,1.0,1.0,-0.001816,0.000281,-0.001924,0.001131,0.006413,0.000132,0.002786,-0.001246,321,1.0,71.5812,82.9217,QUALIFIED,,,,0.979417,1.447236,True,True,BOTH,typical,0.065194,0.099769,,,0.04776,2,partial_m3_data
15647,182.0,0.11375,0.455,1.0,2166.2912087912086,3040.346153846154,30533.153846153844,-8681.780219780216,31.7441,2156,3030,2176,3050,10.2994,4.2966,20.58,8.5608,3.048,-60.1857,1.0,0.0826,0.2281,182.0,0.245062,0.248295,0.043072,0.598901,0.598901,0.045485,0.045942,0.011178,1.0,1.0,0.000207,-0.000415,-0.000882,-0.000491,0.000468,-0.002987,-0.00376,-0.004844,182,1.0,127.1508,86.7202,QUALIFIED,,,,,,True,True,BOTH,normal_low,,,,,0.0,0,no_m3_data
15648,322.0,0.20125,0.5963,1.35,2167.1335403726707,3295.785714285714,36919.142857142855,-8702.838509316767,37.9316,2154,3286,2181,3306,12.0374,3.4748,22.0682,10.6263,1.8855,-666.0226,1.0,0.0071,0.0699,322.0,0.209394,0.210544,0.036738,1.0,1.0,0.060511,0.056578,0.015804,1.0,1.0,0.001568,0.002386,0.003479,0.003808,0.009163,0.007602,0.003768,0.006551,322,1.0,71.5812,82.9217,QUALIFIED,,-0.521684,-0.094567,0.170359,-0.738588,True,True,BOTH,normal_low,0.0,0.017354,0.0,0.0,0.004338,4,full_m3_data
15654,260.0,0.1625,0.4187,1.17,2166.038461538461,938.503846153846,-22012.903846153848,-8675.461538461539,23.6605,2156,925,2179,952,6.902,4.4151,20.1604,7.1942,4.1895,2900.8346,1.0,0.0257,0.133,260.0,0.324651,0.325645,0.054535,0.430769,0.430769,0.025474,0.025705,0.002612,1.0,1.0,0.134559,0.154291,0.219778,0.2353,0.288657,0.286187,0.306291,0.29034,260,1.0,202.389,88.4478,QUALIFIED,,-0.146642,-0.070626,0.008557,0.052078,True,True,BOTH,normal_low,0.002346,0.000872,0.0,0.0,0.001039,4,full_m3_data
15678,335.0,0.209375,0.6204,1.35,2171.4,90.82388059701492,-43204.90298507463,-8809.5,44.0935,2163,78,2183,105,5.4788,3.9876,18.054,4.243,2.0684,-2404.9839,1.0,1.0,0.0,335.0,0.23153,0.210184,0.066841,1.0,1.0,0.008581,0.008636,0.000902,0.99403,0.99403,0.001612,-0.009168,0.001892,0.004294,-0.002096,-0.003055,-0.002175,-0.00626,335,1.0,57.7818,98.3332,QUALIFIED,,6.687345,-1.269556,,,True,True,BOTH,normal_low,,,0.468881,0.0,0.093776,2,partial_m3_data
15693,132.0,0.0825,0.6346,1.23,2168.901515151515,3282.590909090909,36589.27272727272,-8747.037878787873,37.6209,2163,3275,2176,3291,11.0074,3.6199,22.8307,9.8764,1.4905,-626.0436,1.0,0.0245,0.1118,132.0,0.204281,0.203947,0.031233,1.0,1.0,0.070007,0.067856,0.012226,1.0,1.0,0.000375,-0.000278,0.003502,0.003386,0.012478,0.009187,0.002745,0.006633,132,1.0,71.5812,82.9217,QUALIFIED,,,0.033124,0.263744,-1.416393,True,True,BOTH,normal_low,0.0,0.026866,,0.004694,0.007655,3,full_m3_data
15701,184.0,0.115,0.575,1.25,2169.304347826087,2817.375,24958.875,-8757.108695652176,26.4512,2162,2809,2178,2829,7.0334,2.7649,14.6361,6.349,1.4626,366.7863,1.0,0.0096,0.0747,184.0,0.298722,0.283216,0.067263,1.0,1.0,0.007898,0.007765,0.001561,1.0,1.0,0.000437,-0.000803,-0.001579,-0.001334,0.000542,-0.002115,-0.00152,0.000139,184,1.0,127.1508,86.7202,QUALIFIED,,,,,,True,True,BOTH,normal_low,,,,,0.0,0,no_m3_data
15703,413.0,0.258125,0.5074,1.68,2157.7239709443097,1133.9903147699758,-17125.742130750605,-8467.599273607746,19.1045,2140,1126,2177,1148,9.0242,3.1273,17.3749,8.727,2.8677,2584.7543,1.0,1.0,0.0,413.0,0.201079,0.193183,0.048916,0.825666,0.825666,0.049369,0.048804,0.008222,1.0,1.0,0.010207,0.005636,0.005622,0.000568,0.001969,0.002058,0.000705,0.021909,413,1.0,202.389,88.4478,QUALIFIED,,0.44783,0.898968,-0.045201,,True,True,BOTH,normal_low,,0.0,0.031399,0.127391,0.031758,3,full_m3_data
15714,324.0,0.2025,0.3894,1.23,2168.2098765432097,3392.240740740741,39330.518518518526,-8729.746913580246,40.2883,2155,3375,2181,3407,6.3108,3.1267,15.5736,5.5886,2.7126,-723.9888,1.0,0.0428,0.1688,324.0,0.223988,0.21811,0.050381,1.0,1.0,0.038715,0.0352,0.013473,1.0,1.0,0.003778,0.006473,0.006708,0.004809,0.01222,0.005097,0.008631,0.008103,324,1.0,71.5812,82.9217,QUALIFIED,,-0.71334,0.283095,0.582897,0.061175,True,True,BOTH,normal_low,0.002756,0.059377,0.0,0.040117,0.023832,4,full_m3_data
15739,182.0,0.11375,0.6319,1.12,2176.78021978022,75.68131868131869,-43583.46703296703,-8944.005494505494,44.4913,2167,68,2185,84,3.8157,2.4506,13.1832,3.5352,1.943,-2395.1749,1.0,1.0,0.0,182.0,0.184639,0.184079,0.02144,1.0,1.0,0.00958,0.009558,0.001479,1.0,1.0,0.003128,-0.002828,0.003727,0.004351,0.002591,0.002616,-0.000894,0.006289,182,1.0,57.7818,98.3332,QUALIFIED,,1.904092,-0.167427,-0.009649,,True,True,BOTH,normal_low,,0.0,0.133505,0.0,0.026701,3,full_m3_data
15755,4575.0,2.859375,0.463,1.51,2169.9156284153005,2869.987322404372,26274.18306010929,-8772.390710382511,27.7006,2123,2811,2204,2933,12.8936,4.234,29.5123,11.1841,3.3487,353.9112,1.0,0.0112,0.0869,4575.0,0.384739,0.36442,0.116729,1.0,1.0,0.02006,0.015751,0.014569,0.999781,0.999781,-0.000322,-0.000375,-0.00012,-0.000528,-0.007055,-0.005139,-0.0082,-0.010391,4575,1.0,127.1508,86.7202,QUALIFIED,,,,,,True,True,BOTH,normal_low,,,,,0.0,0,no_m3_data
15756,134.0,0.08375,0.5982,1.14,2179.60447761194,3330.4253731343283,37785.13432835821,-9014.611940298506,38.8462,2173,3324,2189,3338,4.817,2.1807,11.2673,4.1946,1.8518,-686.8469,1.0,0.0343,0.1355,134.0,0.226257,0.215534,0.043063,1.0,1.0,0.075913,0.069747,0.019026,1.0,1.0,0.001452,0.001423,0.00029,0.000442,0.000172,-0.014408,-0.00055,-0.004977,134,1.0,71.5812,82.9217,QUALIFIED,,0.019972,,,,True,True,BOTH,normal_low,,,0.0014,,0.00028,1,partial_m3_data
15777,144.0,0.09,0.5275,1.62,2185.597222222222,1160.388888888889,-16465.777777777777,-9164.430555555557,18.8441,2175,1154,2196,1167,8.548,4.0693,23.223,8.2349,2.9803,2754.1628,1.0,0.0739,0.2086,144.0,0.367226,0.364195,0.067508,1.0,1.0,0.026259,0.026445,0.002676,1.0,1.0,0.013281,0.00698,0.002434,0.005057,0.009671,0.007534,0.00357,-0.003057,144,1.0,202.389,88.4478,QUALIFIED,,0.474437,-1.07765,0.22097,1.856303,True,True,BOTH,normal_low,0.083621,0.022509,0.033265,0.0,0.041548,4,full_m3_data
15855,1098.0,0.68625,0.3836,1.02,2194.657559198543,2987.2905282331512,29206.763205828785,-9390.938979963576,30.68,2171,2959,2225,3012,15.9543,3.1014,28.3736,14.4074,1.8131,272.0704,1.0,0.0013,0.0229,1098.0,0.269784,0.273532,0.030898,0.008197,0.008197,0.042898,0.043445,0.028158,1.0,1.0,0.000252,0.002536,0.002218,0.003259,-0.007333,-0.004415,-0.013319,-0.01688,1098,1.0,127.1508,86.7202,QUALIFIED,,,-0.469342,,,False,True,S1_ONLY,normal_low,,,,0.0,0.0,1,partial_m3_data
15869,180.0,0.1125,0.5357,1.31,2194.972222222222,3368.8555555555554,38745.88888888889,-9398.805555555557,39.8702,2185,3361,2206,3377,6.3068,2.4423,11.6374,5.2373,1.4889,-698.684,1.0,0.1073,0.2641,180.0,0.206131,0.203687,0.031969,1.0,1.0,0.066932,0.064741,0.010486,1.0,1.0,-0.003093,0.003729,0.001656,-0.000104,0.001114,-0.00689,-0.000462,-0.000175,180,1.0,71.5812,82.9217,QUALIFIED,,,1.062802,7.184919,,True,True,BOTH,normal_low,,0.731894,,0.150607,0.213095,2,partial_m3_data
15882,694.0,0.43375,0.4715,1.44,2205.821325648415,3420.64265129683,40040.566282420754,-9670.033141210375,41.1923,2181,3406,2227,3438,6.8409,3.8162,22.6875,5.6646,2.2648,-832.6903,1.0,0.0767,0.2351,694.0,0.210599,0.207152,0.026495,1.0,1.0,0.053701,0.051337,0.014023,1.0,1.0,-0.00278,0.00169,0.000748,-0.000429,-0.002115,-0.007684,-0.001931,-0.00325,694,1.0,71.5812,82.9217,QUALIFIED,,,,,,True,True,BOTH,normal_low,,,,,0.0,0,no_m3_data
15922,137.0,0.085625,0.5756,1.21,2205.1386861313867,3281.21897810219,36554.97445255474,-9652.96715328467,37.8086,2197,3274,2214,3288,9.1404,4.7999,22.3956,6.9702,2.0889,-539.5299,1.0,0.1343,0.2849,137.0,0.280029,0.276628,0.047404,1.0,1.0,0.053012,0.051849,0.008811,1.0,1.0,0.000314,0.002613,0.003052,-0.000668,-0.000234,-0.01383,-0.002901,-0.006702,137,1.0,71.5812,82.9217,QUALIFIED,,,1.218873,,,True,True,BOTH,normal_low,,,,0.172724,0.034545,1,partial_m3_data
16012,363.0,0.226875,0.5817,1.08,2205.853994490358,2835.374655647383,25408.86639118458,-9670.849862258954,27.1877,2195,2825,2219,2851,11.2268,3.64,27.7637,9.7125,2.4528,544.4548,1.0,0.0525,0.1917,363.0,0.455323,0.442528,0.137922,1.0,1.0,0.024214,0.018768,0.012052,1.0,1.0,0.002423,0.000948,0.000379,0.001596,-0.001736,0.002907,-0.007379,-0.012657,363,1.0,127.1508,86.7202,QUALIFIED,,0.608749,,,,True,True,BOTH,normal_low,,,0.042682,,0.008536,1,partial_m3_data
16026,1819.0,1.136875,0.4763,1.18,2215.0516767454646,3479.7899945024737,41519.24986256185,-9900.79191863662,42.684,2186,3444,2243,3511,5.2206,2.6543,15.4966,4.2639,1.7322,-884.5809,1.0,0.146,0.3059,1819.0,0.17899,0.176197,0.032129,1.0,1.0,0.052707,0.047964,0.01985,1.0,1.0,-0.000378,0.00167,-0.001898,-0.000908,-0.002859,-0.006146,-0.004348,-0.008397,1819,1.0,71.5812,82.9217,QUALIFIED,,,,,,True,True,BOTH,normal_low,,,,,0.0,0,no_m3_data
16062,247.0,0.154375,0.5909,1.16,2224.6072874493925,3382.9433198380566,39098.08299595141,-10139.682186234815,40.3921,2217,3373,2236,3395,8.0355,4.0911,20.819,6.23,1.977,-763.1833,1.0,0.0755,0.225,247.0,0.193273,0.187486,0.044087,1.0,1.0,0.025905,0.023414,0.007993,1.0,1.0,0.000368,0.000524,-0.000949,-0.001564,-0.002557,-0.003125,0.001593,-0.004176,247,1.0,71.5812,82.9217,QUALIFIED,,,,,3.621469,True,True,BOTH,normal_low,0.163137,,,,0.057098,1,partial_m3_data
16067,309.0,0.193125,0.5659,1.24,2228.6148867313914,3232.4336569579286,35335.34142394822,-10239.872168284784,36.7898,2215,3222,2241,3243,6.3256,3.1035,17.4508,5.384,2.1766,-410.0891,1.0,0.044,0.159,309.0,0.504061,0.499269,0.137617,1.0,1.0,0.065063,0.057345,0.033674,1.0,1.0,0.000673,-0.00046,-0.002355,-0.000887,-0.004002,-0.006422,-0.006358,-0.002074,309,1.0,71.5812,82.9217,QUALIFIED,,,,,,True,True,BOTH,typical,,,,,0.0,0,no_m3_data
16076,423.0,0.264375,0.6026,1.04,2215.9125295508275,3214.501182033097,34887.02955082743,-9922.313238770686,36.2712,2203,3202,2229,3229,9.5231,3.9825,21.2715,7.8721,3.0355,-403.2398,1.0,0.0688,0.2089,423.0,0.469444,0.461128,0.097984,1.0,1.0,0.02902,0.024342,0.015057,1.0,1.0,-0.001609,0.002943,0.000664,-3.6e-05,-0.004228,-0.01173,-0.009058,-0.01477,423,1.0,71.5812,82.9217,QUALIFIED,,,,,,True,True,BOTH,normal_low,,,,,0.0,0,no_m3_data
16089,351.0,0.219375,0.5773,1.68,2227.8547008547007,3254.5982905982905,35889.457264957266,-10220.867521367516,37.3171,2220,3239,2239,3271,6.9744,2.7733,15.0981,5.7451,1.6974,-455.1764,1.0,0.0512,0.175,351.0,0.302871,0.295563,0.047258,1.0,1.0,0.076085,0.074712,0.016144,1.0,1.0,0.000165,-0.000905,-0.000182,-0.001017,-0.003637,-0.004159,-0.004209,-0.0005,351,1.0,71.5812,82.9217,QUALIFIED,,,,,,True,True,BOTH,normal_low,,,,,0.0,0,no_m3_data
16107,462.0,0.28875,0.531,1.03,2226.926406926407,3353.292207792208,38356.80519480519,-10197.66017316017,39.6899,2211,3337,2241,3366,9.1006,3.433,21.595,7.89,2.3661,-666.1452,1.0,0.011,0.0848,462.0,0.23201,0.226374,0.0358,1.0,1.0,0.036833,0.034314,0.009753,1.0,1.0,0.000404,-0.000787,-0.000741,-0.000979,-0.002144,-0.007344,-0.001257,-0.003604,462,1.0,71.5812,82.9217,QUALIFIED,,,,,,True,True,BOTH,normal_low,,,,,0.0,0,no_m3_data
16135,508.0,0.3175,0.5427,1.38,2220.3523622047246,3399.9271653543306,39522.67913385827,-10033.309055118116,40.7769,2201,3388,2237,3414,7.812,3.0434,17.4313,6.546,1.8595,-799.2986,1.0,0.0202,0.1102,508.0,0.198815,0.197325,0.022828,1.0,1.0,0.057389,0.046356,0.032408,1.0,1.0,-0.000248,0.000844,-0.000542,-0.000847,-0.001904,-0.00577,0.000251,-0.003793,508,1.0,71.5812,82.9217,QUALIFIED,,,,,,True,True,BOTH,normal_low,,,,,0.0,0,no_m3_data
16139,461.0,0.288125,0.5122,1.44,2224.5422993492407,3322.3275488069416,37582.68872017354,-10138.05748373102,38.9267,2214,3305,2239,3341,10.1117,4.681,27.1076,8.3329,3.494,-611.9633,1.0,0.0549,0.2016,461.0,0.203157,0.20379,0.036985,1.0,1.0,0.044184,0.042011,0.008506,1.0,1.0,0.001489,-0.001378,-0.000271,-0.001491,-0.003321,-0.007538,7.7e-05,-0.003229,461,1.0,71.5812,82.9217,QUALIFIED,,1.925453,,,,True,True,BOTH,normal_low,,,0.135002,,0.027,1,partial_m3_data
16145,471.0,0.294375,0.4906,1.07,2249.575371549894,3492.271762208068,41831.29405520171,-10763.884288747351,43.1946,2233,3480,2265,3510,6.1796,2.6008,15.1799,5.0399,1.5176,-912.3602,1.0,0.0742,0.2447,471.0,0.20002,0.202131,0.036589,1.0,1.0,0.035828,0.035067,0.00814,1.0,1.0,-0.002694,0.001821,-0.00286,2.6e-05,-0.0045,-0.006042,-0.019029,-0.025958,471,1.0,71.5812,82.9217,QUALIFIED,,,,,,True,True,BOTH,normal_low,,,,,0.0,0,no_m3_data
16166,3321.0,2.075625,0.5302,1.21,2237.990364348088,2887.8708220415538,26721.270551038848,-10474.2591087022,28.7015,2197,2856,2284,2928,10.7712,4.7688,29.8661,9.1695,3.4883,641.5955,1.0,0.0756,0.2436,3321.0,0.371646,0.355408,0.115935,0.335742,0.335742,0.05566,0.053529,0.010908,1.0,1.0,-0.001374,0.001412,-0.001897,-1.1e-05,-0.000324,-0.004007,-0.006417,-0.004988,3321,1.0,127.1508,86.7202,QUALIFIED,,,,,,True,True,BOTH,normal_low,,,,,0.0,0,no_m3_data
16170,376.0,0.235,0.5893,1.32,2240.3909574468084,3309.6329787234044,37265.32446808511,-10534.273936170212,38.7263,2226,3299,2255,3321,9.283,4.0492,22.8706,7.2931,2.2788,-580.7337,1.0,0.0305,0.1475,376.0,0.22113,0.219635,0.023769,1.0,1.0,0.044279,0.04365,0.008412,1.0,1.0,0.000491,-0.000328,0.000545,-0.001302,-0.000916,0.001013,-0.00509,-0.003135,376,1.0,71.5812,82.9217,QUALIFIED,,,,,,True,True,BOTH,normal_low,,,,,0.0,0,no_m3_data
16190,1098.0,0.68625,0.414,1.02,2247.734972677596,2749.0136612021856,23249.841530054648,-10717.874316939888,25.602,2222,2724,2274,2775,16.3607,4.0092,29.0305,14.502,2.4142,775.2985,1.0,0.0047,0.0561,1098.0,0.373983,0.371686,0.093636,1.0,1.0,0.051935,0.04987,0.01808,1.0,1.0,-0.001435,0.000595,0.000629,0.000251,0.000334,-0.004125,-0.005419,-0.006062,1098,1.0,159.2376,82.1903,QUALIFIED,,,,,,True,True,BOTH,normal_low,,,,,0.0,0,no_m3_data
16199,683.0,0.426875,0.4858,1.03,2241.090775988287,3466.3660322108344,41183.65080527087,-10551.769399707176,42.5145,2222,3449,2260,3486,6.8137,2.9062,19.0253,5.6209,1.7028,-857.7589,1.0,0.0071,0.066,683.0,0.179352,0.175384,0.035002,1.0,1.0,0.036546,0.033734,0.010673,1.0,1.0,-0.000626,-0.000803,-0.001185,-0.000584,-0.00159,-2e-06,-0.010846,-0.014834,683,1.0,71.5812,82.9217,QUALIFIED,,,,,,True,True,BOTH,normal_low,,,,,0.0,0,no_m3_data
16201,485.0,0.303125,0.5944,1.42,2248.785567010309,2664.8,21144.5,-10744.13917525774,23.7183,2233,2654,2267,2678,16.1126,4.4746,28.6016,13.9711,3.142,1176.8392,1.0,0.04,0.1788,485.0,0.434528,0.42251,0.10888,1.0,1.0,0.047287,0.046333,0.011931,1.0,1.0,-0.003413,0.00088,0.004648,-6.7e-05,-0.000816,-0.007448,-0.008626,-0.001723,485,1.0,159.2376,82.1903,QUALIFIED,,,1.014415,,,True,True,BOTH,normal_low,,,,0.143751,0.02875,1,partial_m3_data
16206,1436.0,0.8975,0.521,1.02,2240.208913649025,3439.1128133704738,40502.32033426185,-10529.722841225625,41.8493,2215,3411,2267,3464,7.5138,4.7584,29.7742,6.3588,3.1943,-839.986,1.0,0.0668,0.2293,1436.0,0.178065,0.172258,0.031035,1.0,1.0,0.039805,0.034981,0.0135,1.0,1.0,-0.000632,-3.1e-05,-0.001144,-0.000324,-0.002561,-0.000104,-0.011428,-0.014328,1436,1.0,71.5812,82.9217,QUALIFIED,,,,,,True,True,BOTH,normal_low,,,,,0.0,0,no_m3_data
16224,502.0,0.31375,0.7151,1.04,2244.832669322709,3389.4820717131474,39261.551792828686,-10645.316733067724,40.6798,2233,3377,2259,3404,7.0215,3.169,17.4794,5.6353,2.0516,-768.8563,1.0,0.0267,0.1346,502.0,0.200077,0.195383,0.029548,1.0,1.0,0.037956,0.038813,0.007065,1.0,1.0,0.000577,-0.001103,4e-06,-8e-06,-0.001298,0.003168,-0.008097,-0.001527,502,1.0,71.5812,82.9217,QUALIFIED,,,,,,True,True,BOTH,normal_low,,,,,0.0,0,no_m3_data
16241,229.0,0.143125,0.4712,1.5,2247.772925764192,1482.9606986899564,-8401.482532751092,-10718.823144104805,13.6191,2241,1471,2259,1498,14.4373,4.4324,24.4933,13.9087,3.7981,3396.5223,1.0,0.0,0.0,229.0,0.362978,0.365265,0.07032,1.0,1.0,0.029989,0.027344,0.008549,1.0,1.0,0.049164,0.058216,0.086838,0.098101,0.113335,0.104587,0.118405,0.11665,229,1.0,268.3,83.5558,QUALIFIED,,-0.184118,-0.129701,0.077187,0.014822,True,True,BOTH,normal_low,0.000668,0.007863,0.0,0.0,0.0022,4,full_m3_data
16256,450.0,0.28125,0.5143,1.4,2245.5533333333333,3326.875555555556,37696.38888888889,-10663.333333333328,39.1762,2228,3316,2263,3341,5.4482,2.9166,15.59,4.3439,1.4587,-621.1268,1.0,0.0681,0.2172,450.0,0.216535,0.214311,0.028378,1.0,1.0,0.040936,0.038953,0.007399,1.0,1.0,0.000848,0.001878,0.001527,-0.000911,-5.9e-05,0.003926,-0.004814,-0.002899,450,1.0,71.5812,82.9217,QUALIFIED,,,1.596595,,,True,True,BOTH,normal_low,,,,0.22625,0.04525,1,partial_m3_data
16316,303.0,0.189375,0.505,1.5,2261.957095709571,2907.168316831683,27203.70792079208,-11073.42739273928,29.3718,2253,2894,2273,2924,5.3231,2.7426,16.6057,4.831,1.907,751.2172,1.0,0.1218,0.2858,303.0,,,,0.0,0.0,0.054431,0.053594,0.006125,1.0,1.0,-0.001028,-0.001497,-0.000172,-0.00082,0.000802,0.000718,-0.005293,-0.009384,303,1.0,127.1508,86.7202,QUALIFIED,,,,,,False,True,S1_ONLY,no_data,,,,,0.0,0,no_m3_data
16350,485.0,0.303125,0.5879,1.32,2275.6288659793813,3395.8041237113403,39419.60309278351,-11415.221649484534,41.0398,2263,3380,2288,3413,8.7115,4.4292,27.029,7.1396,2.6797,-794.896,1.0,0.0234,0.1215,485.0,0.222607,0.215248,0.047664,1.0,1.0,0.032696,0.031843,0.005937,1.0,1.0,-0.000281,-0.000196,-0.003181,0.001615,-0.005028,-0.003446,-0.013827,0.010451,485,1.0,71.5812,82.9217,QUALIFIED,,,,,,True,True,BOTH,normal_low,,,,,0.0,0,no_m3_data
16385,135.0,0.084375,0.6888,1.0,2273.6,3367.703703703704,38717.0925925926,-11364.5,40.3511,2267,3361,2281,3375,5.1458,2.4023,13.4149,4.2969,1.1433,-712.3052,1.0,0.0098,0.0764,135.0,0.202339,0.198991,0.028808,1.0,1.0,0.03476,0.033158,0.007953,1.0,1.0,0.000353,-0.000243,-0.003321,0.000336,-0.007361,-0.008854,-0.023427,-0.016595,135,1.0,71.5812,82.9217,QUALIFIED,,,,,,True,True,BOTH,normal_low,,,,,0.0,0,no_m3_data
16394,221.0,0.138125,0.4368,1.05,2267.389140271493,3462.334841628959,41082.87104072399,-11209.228506787324,42.5852,2256,3453,2279,3475,9.2051,4.5773,21.3156,6.8332,3.0778,-879.1073,1.0,0.0244,0.1203,221.0,0.241973,0.220798,0.093487,1.0,1.0,0.052473,0.044426,0.022742,1.0,1.0,-0.000881,-0.000632,-0.000338,0.001619,-0.006573,-0.009337,-0.020673,-0.040775,221,1.0,71.5812,82.9217,QUALIFIED,,,,,,True,True,BOTH,normal_low,,,,,0.0,0,no_m3_data
16403,576.0,0.36,0.6019,1.14,2275.4947916666665,3513.050347222222,42350.75868055555,-11411.869791666664,43.862,2260,3498,2293,3527,6.1006,3.4858,22.7816,4.8229,2.2397,-929.9383,1.0,0.1944,0.3487,576.0,0.201408,0.196973,0.040727,0.611111,0.611111,0.040577,0.037343,0.012653,1.0,1.0,0.001693,-0.000519,0.000985,0.00096,-0.003464,-0.007469,-0.009873,-0.009124,576,1.0,71.5812,82.9217,QUALIFIED,,1.306556,,,,True,True,BOTH,normal_low,,,0.091609,,0.018322,1,partial_m3_data
16444,131.0,0.081875,0.5198,1.75,2281.4885496183206,3242.0763358778627,35576.40839694657,-11561.713740458012,37.4086,2275,3233,2287,3254,6.2378,3.3408,19.9256,5.8484,2.4502,-212.1197,1.0,0.0113,0.0718,131.0,0.225348,0.225862,0.027136,1.0,1.0,0.02601,0.025092,0.004009,1.0,1.0,0.000261,-6e-06,-0.006349,0.0025,-0.00778,-0.011966,-0.019557,-0.015524,131,1.0,71.5812,82.9217,QUALIFIED,,,,,,True,True,BOTH,normal_low,,,,,0.0,0,no_m3_data
16466,703.0,0.439375,0.4923,1.24,2284.176386913229,2940.307254623044,28032.181365576107,-11628.909672830729,30.3492,2266,2920,2300,2962,8.5592,2.8918,20.2887,7.4662,1.4991,789.9003,1.0,0.0094,0.068,703.0,,,,0.0,0.0,0.052755,0.052378,0.013814,1.0,1.0,0.000516,-0.00039,-0.000248,0.000702,-0.002652,-0.000679,-0.011191,-0.011559,703,1.0,127.1508,86.7202,QUALIFIED,,,,,,False,True,S1_ONLY,no_data,,,,,0.0,0,no_m3_data
16524,151.0,0.094375,0.4935,1.06,2293.5562913907283,3356.887417218543,38446.68543046358,-11863.407284768213,40.236,2286,3348,2303,3366,4.6596,2.9409,14.3648,4.7506,2.4521,-689.3902,1.0,0.1963,0.3348,151.0,0.270019,0.27454,0.039143,1.0,1.0,0.01901,0.018855,0.001774,1.0,1.0,0.00143,-0.001259,-4.6e-05,0.000587,-0.001747,0.000444,-0.001978,-0.005113,151,1.0,71.5812,82.9217,QUALIFIED,,1.88042,,,,True,True,BOTH,normal_low,,,0.131845,,0.026369,1,partial_m3_data
16531,840.0,0.525,0.4396,1.26,2313.204761904762,2681.0214285714287,21550.035714285725,-12354.619047619051,24.841,2290,2662,2339,2701,14.297,4.2803,29.7243,12.0079,2.0601,1257.6798,1.0,0.015,0.0972,840.0,0.36043,0.33516,0.094359,0.685714,0.685714,0.060818,0.057617,0.017768,1.0,1.0,-0.000735,-0.000227,-0.00295,0.001323,-0.00237,-0.008619,-0.006607,-0.024082,840,1.0,159.2376,82.1903,QUALIFIED,,,,,,True,True,BOTH,normal_low,,,,,0.0,0,no_m3_data
16603,142.0,0.08875,0.6228,1.58,2305.478873239437,3212.049295774648,34825.73239436619,-12161.471830985916,36.8888,2300,3203,2312,3222,12.5108,3.3591,19.6867,11.0788,2.6036,-382.8456,1.0,0.9792,0.1126,142.0,0.343482,0.335989,0.049498,1.0,1.0,0.085553,0.083951,0.006435,1.0,1.0,0.000541,-7e-05,-0.000403,0.000592,-0.001481,-0.002607,-0.003956,-0.000157,142,1.0,71.5812,82.9217,QUALIFIED,,,,,,True,True,BOTH,normal_low,,,,,0.0,0,no_m3_data
16614,353.0,0.220625,0.394,1.14,2304.7592067988667,3369.2521246458923,38755.803116147305,-12143.48016997167,40.6144,2290,3356,2318,3388,9.8257,4.9955,29.8144,8.096,3.0781,-676.4743,1.0,0.0442,0.1818,353.0,0.242451,0.232653,0.045174,1.0,1.0,0.017437,0.016869,0.004282,1.0,1.0,-0.000131,4.3e-05,-0.000351,-0.001048,-0.00113,-0.000844,-0.005608,0.001341,353,1.0,71.5812,82.9217,QUALIFIED,,,,,,True,True,BOTH,normal_low,,,,,0.0,0,no_m3_data
16640,201.0,0.125625,0.4653,1.69,2302.427860696517,2691.800995024876,21819.524875621893,-12085.19651741293,24.9435,2294,2681,2310,2708,10.6013,4.3168,28.5562,10.1707,1.8774,1169.164,1.0,0.0279,0.1116,201.0,0.343402,0.333775,0.059763,1.0,1.0,0.05088,0.048665,0.006812,1.0,1.0,-0.000271,0.000672,-0.001074,-5.9e-05,-0.001391,-0.003081,-0.009306,-0.010238,201,1.0,159.2376,82.1903,QUALIFIED,,,,,,True,True,BOTH,normal_low,,,,,0.0,0,no_m3_data
16723,749.0,0.468125,0.4498,1.22,2316.1789052069425,361.40587449933247,-36440.353137516686,-12428.972630173565,38.5014,2301,340,2338,385,6.2177,3.1264,22.8124,5.1318,1.9436,171.8657,1.0,0.1886,0.3389,749.0,0.304976,0.263604,0.129827,1.0,1.0,0.070296,0.063908,0.027654,1.0,1.0,0.008111,0.007097,0.007167,0.006291,0.00896,0.005617,0.006047,0.003584,749,1.0,57.7818,98.3332,QUALIFIED,,0.125015,0.122227,0.373103,0.407309,True,True,BOTH,normal_low,0.018348,0.038006,0.008765,0.017321,0.02114,4,full_m3_data
16797,163.0,0.101875,0.6128,1.36,2330.147239263804,352.4846625766871,-36663.38343558282,-12778.180981595098,38.826,2321,347,2340,361,11.6876,3.4193,24.0204,9.6349,1.4391,183.1838,1.0,0.0282,0.1235,163.0,0.261932,0.240132,0.079808,1.0,1.0,0.056303,0.055959,0.008141,1.0,1.0,0.003818,-2.3e-05,-0.002492,-0.001344,0.002917,-0.00514,-0.00065,-0.004235,163,1.0,57.7818,98.3332,QUALIFIED,,1.006024,,2.762084,,True,True,BOTH,normal_low,,0.28136,0.070537,,0.084447,2,partial_m3_data
16879,163.0,0.101875,0.2717,1.04,2338.920245398773,1814.0674846625768,-123.81288343558845,-12997.506134969328,12.9986,2326,1801,2350,1826,9.617,4.061,25.6029,11.1904,4.0029,2778.042,1.0,0.0083,0.0655,163.0,0.794934,0.794647,0.126711,1.0,1.0,0.08423,0.07644,0.021061,1.0,1.0,0.000645,0.003718,0.00095,0.000343,0.000349,0.004576,-0.00165,-0.001783,74,0.454,64.0351,75.5516,QUALIFIED,,,,,,True,True,BOTH,typical,,,,,0.0,0,no_m3_data
17161,980.0,0.6125,0.5338,1.59,2369.6551020408165,525.4336734693877,-32339.658163265307,-13765.877551020414,35.1473,2351,500,2385,554,12.0398,3.4249,26.5447,10.684,2.8389,-686.1702,1.0,0.0055,0.0563,980.0,0.313281,0.267039,0.138253,1.0,1.0,0.068063,0.062839,0.023215,1.0,1.0,0.023465,0.016162,0.010643,0.012285,0.013768,0.013859,0.01245,0.00896,980,1.0,117.2382,89.0249,QUALIFIED,,0.311229,-0.15428,-0.00661,0.280321,True,True,BOTH,normal_low,0.012628,0.0,0.021822,0.0,0.008784,4,full_m3_data
17207,368.0,0.23,0.6043,1.38,2376.25,559.4864130434783,-31488.339673913044,-13930.75,34.432,2366,546,2387,575,15.4691,4.371,28.5151,14.3435,3.5771,-759.1627,1.0,0.0,0.0,368.0,0.382111,0.359467,0.090165,1.0,1.0,0.064271,0.060856,0.016749,1.0,1.0,0.021825,0.018097,0.009896,0.01003,0.0109,0.006715,0.010229,0.002466,368,1.0,117.2382,89.0249,QUALIFIED,,0.170813,-0.013541,0.383945,0.758921,True,True,BOTH,normal_low,0.034187,0.039111,0.011976,0.0,0.024138,4,full_m3_data
17307,135.0,0.084375,0.323,1.16,2397.651851851852,1299.977777777778,-12976.055555555557,-14465.7962962963,19.4329,2388,1292,2410,1311,10.6542,4.1956,22.388,10.8651,2.893,3256.509,1.0,0.9994,0.0069,135.0,0.459231,0.464514,0.106838,1.0,1.0,,,,0.0,0.0,0.074134,0.076391,0.11886,0.119615,0.144081,0.127777,0.146924,0.142259,135,1.0,268.3,83.5558,QUALIFIED,,-0.030445,-0.006352,0.113159,0.031751,True,False,CPR_ONLY,normal_low,0.00143,0.011527,0.0,0.0,0.003382,4,full_m3_data
17327,318.0,0.19875,0.4768,1.26,2404.12893081761,2558.5408805031448,18488.02201257862,-14627.723270440256,23.5756,2393,2544,2416,2573,3.9855,2.119,10.63,3.1504,1.1796,2155.8162,1.0,0.0761,0.2081,318.0,0.3308,0.312802,0.087066,1.0,1.0,0.068036,0.062499,0.017241,1.0,1.0,-0.003009,-0.003729,0.000185,-0.002245,0.003251,-5.8e-05,-0.001812,0.000256,318,1.0,206.9462,82.5201,QUALIFIED,,,,1.017841,,True,True,BOTH,normal_low,,0.103683,,,0.025921,1,partial_m3_data
17360,587.0,0.366875,0.5395,1.06,2391.420783645656,2541.701873935264,18067.0468483816,-14310.019591141398,23.0484,2375,2529,2407,2563,6.1561,3.879,22.9986,4.9746,2.4516,2153.2771,1.0,0.0745,0.2207,587.0,0.259592,0.246576,0.07877,1.0,1.0,0.05849,0.057303,0.011358,1.0,1.0,-0.004293,-0.006693,-0.004934,-0.00421,0.002671,-0.01726,-0.01265,-0.022431,587,1.0,159.2376,82.1903,QUALIFIED,,,,7.461999,,True,True,BOTH,normal_low,,0.760118,,,0.19003,1,partial_m3_data
17418,285.0,0.178125,0.4766,1.13,2410.79649122807,2578.4666666666667,18986.166666666664,-14794.412280701748,24.0704,2399,2567,2422,2593,5.7957,3.0317,17.7078,4.6772,1.5372,2168.2998,1.0,0.0929,0.2344,285.0,0.349157,0.338796,0.086467,1.0,1.0,0.109392,0.103657,0.023989,1.0,1.0,-0.002048,-0.000835,0.00256,-0.000909,0.002872,0.000918,-0.003421,-0.000747,285,1.0,206.9462,82.5201,QUALIFIED,,,1.355078,0.680362,,True,True,BOTH,normal_low,,0.069305,,0.192025,0.055731,2,partial_m3_data
17426,256.0,0.16,0.5182,1.37,2409.8671875,2675.03515625,21400.37890625,-14771.1796875,26.0038,2400,2664,2419,2690,14.3127,3.9572,22.6242,12.9969,2.2095,1882.2283,1.0,0.0053,0.0517,256.0,,,,0.0,0.0,0.121039,0.107133,0.03762,1.0,1.0,-0.000379,-0.000358,0.001413,-0.000505,0.001868,-0.003641,0.000242,-0.001019,256,1.0,206.9462,82.5201,QUALIFIED,,,1.357396,2.949143,,False,True,S1_ONLY,no_data,,0.300415,,0.192354,0.113575,2,partial_m3_data
17562,1368.0,0.855,0.413,1.44,2447.6345029239765,2605.271929824561,19656.29824561404,-15715.36257309941,25.167,2417,2585,2486,2633,6.6651,3.7944,24.1832,5.3425,2.4077,2137.155,1.0,0.1763,0.3258,1368.0,0.278464,0.263858,0.083239,1.0,1.0,0.073189,0.070885,0.015586,1.0,1.0,-0.001244,-0.001304,0.000792,0.001831,-0.004473,-0.003741,-0.006673,-0.008749,1368,1.0,206.9462,82.5201,QUALIFIED,,,,,,True,True,BOTH,normal_low,,,,,0.0,0,no_m3_data
17586,1758.0,1.09875,0.5436,1.35,2438.1786120591582,2567.146188850967,18703.15472127418,-15478.965301478958,24.2784,2414,2534,2463,2600,6.8164,3.8632,24.4201,5.1771,1.9772,2118.6467,1.0,0.1384,0.2908,1758.0,0.241201,0.234422,0.056205,1.0,1.0,0.079798,0.07354,0.026764,1.0,1.0,-0.000795,-0.001814,0.001232,0.001567,-0.004756,-0.00486,-0.008336,-0.006074,1758,1.0,206.9462,82.5201,QUALIFIED,,,-0.271916,,,True,True,BOTH,normal_low,,,,0.0,0.0,1,partial_m3_data
17662,191.0,0.119375,0.5053,1.93,2441.879581151833,2544.7015706806283,18142.03926701571,-15571.489528795812,23.909,2435,2533,2449,2560,9.0041,4.0306,20.1453,6.5021,1.7758,2105.4553,1.0,0.1326,0.2862,191.0,0.25103,0.244626,0.045697,1.0,1.0,0.060115,0.05901,0.006432,1.0,1.0,-0.001401,-0.001947,0.000519,0.003153,-0.005662,-0.00401,-0.008367,-0.006776,191,1.0,206.9462,82.5201,QUALIFIED,,,,,,True,True,BOTH,normal_low,,,,,0.0,0,no_m3_data
17730,336.0,0.21,0.375,1.14,2452.5119047619046,1461.184523809524,-8945.886904761901,-15837.297619047618,18.1894,2439,1446,2467,1478,10.9736,4.8905,27.7459,9.7638,3.5051,3030.3485,1.0,0.0977,0.2539,336.0,0.386003,0.384265,0.087039,1.0,1.0,,,,0.0,0.0,0.003915,0.002022,0.00166,0.001981,-0.004429,-0.015866,-0.007266,-0.009713,336,1.0,170.0244,80.4071,QUALIFIED,,0.483525,-0.193373,,,True,False,CPR_ONLY,normal_low,,,0.033902,0.0,0.00678,2,partial_m3_data
17765,272.0,0.17,0.4772,1.58,2455.5257352941176,1961.8970588235293,3571.926470588238,-15912.643382352937,16.3092,2446,1948,2465,1978,12.1119,4.7958,24.8912,11.3784,4.3208,2389.0952,1.0,0.0091,0.0735,272.0,0.746216,0.746604,0.117499,1.0,1.0,0.015202,0.013952,0.00501,1.0,1.0,0.002788,0.000726,0.001879,-0.001078,-0.002022,0.003558,-0.008672,-0.011911,272,1.0,147.9055,80.9548,QUALIFIED,,0.739598,1.573709,,,True,True,BOTH,typical,,,0.051857,0.223007,0.054973,2,partial_m3_data
17796,498.0,0.31125,0.6426,1.24,2449.5,2775.487951807229,23911.698795180724,-15762.0,28.64,2438,2760,2463,2791,7.0343,3.0345,16.5616,6.235,1.8346,2203.7085,1.0,0.0179,0.0987,498.0,,,,0.0,0.0,0.114229,0.111803,0.014797,1.0,1.0,-0.001114,0.000507,0.000257,-0.000637,-0.000706,-0.000865,-0.002202,-0.004227,498,1.0,206.9462,82.5201,QUALIFIED,,,,,,False,True,S1_ONLY,no_data,,,,,0.0,0,no_m3_data
17851,696.0,0.435,0.4353,1.05,2450.602011494253,1486.1681034482758,-8321.297413793101,-15789.550287356324,17.8483,2428,1464,2469,1503,11.3514,4.1287,27.9642,9.8896,3.0673,3012.6664,1.0,0.0209,0.1146,696.0,0.418918,0.413669,0.072803,1.0,1.0,,,,0.0,0.0,0.002788,0.000927,0.001265,0.001433,-0.000748,-0.01268,-0.005373,-0.0091,696,1.0,170.0244,80.4071,QUALIFIED,,0.667504,-0.132806,,,True,False,CPR_ONLY,normal_low,,,0.046802,0.0,0.00936,2,partial_m3_data
17872,457.0,0.285625,0.5376,1.36,2462.4573304157548,2466.673960612692,16191.34901531729,-16085.933260393867,22.8243,2451,2449,2476,2483,11.9727,4.2104,29.2996,10.8084,2.3386,2050.0551,1.0,0.0185,0.1098,457.0,0.200215,0.193732,0.054122,1.0,1.0,0.016176,0.014794,0.003792,1.0,1.0,0.000895,0.00077,0.001194,0.000739,-0.003147,-0.001789,-0.00425,-0.007931,457,1.0,206.9462,82.5201,QUALIFIED,,,0.381072,,,True,True,BOTH,normal_low,,,,0.054001,0.0108,1,partial_m3_data
17885,141.0,0.088125,0.47,1.33,2472.8156028368794,3101.652482269504,32065.812056737588,-16344.890070921989,35.9919,2466,3092,2481,3112,9.3743,4.8569,25.409,8.4751,3.0906,1962.0352,1.0,0.0996,0.262,141.0,0.26363,0.254621,0.050017,0.765957,0.765957,0.125713,0.12242,0.017596,1.0,1.0,-0.001503,0.000805,-0.000665,0.000624,9e-05,0.001353,-0.003804,0.001707,141,1.0,224.1259,75.5495,QUALIFIED,,,,,,True,True,BOTH,normal_low,,,,,0.0,0,no_m3_data
17943,171.0,0.106875,0.5089,1.31,2477.8187134502923,3085.561403508772,31663.535087719298,-16469.96783625731,35.6916,2471,3077,2487,3098,5.053,2.9013,17.2294,4.7468,2.1929,1995.8423,1.0,0.0288,0.1361,171.0,0.215123,0.200304,0.039942,0.128655,0.128655,0.140366,0.138117,0.01766,1.0,1.0,0.001196,-0.000968,-0.000468,-0.000518,-2.7e-05,0.000524,-0.00359,-0.00208,171,1.0,224.1259,75.5495,QUALIFIED,,1.809365,,,,True,True,BOTH,normal_low,,,0.126863,,0.025373,1,partial_m3_data
17949,955.0,0.596875,0.5402,1.53,2482.271204188481,2631.331937172775,20307.798429319373,-16581.280104712037,26.218,2467,2602,2501,2654,8.1722,3.5781,24.4578,6.9261,2.2206,2129.0495,1.0,0.1032,0.2628,955.0,0.287142,0.276085,0.06538,0.987435,0.987435,0.059228,0.058013,0.011246,1.0,1.0,-0.001801,0.001526,-0.001813,-0.001385,-0.000213,0.002821,-0.000166,-0.008305,955,1.0,206.9462,82.5201,QUALIFIED,,,,,,True,True,BOTH,normal_low,,,,,0.0,0,no_m3_data
17966,445.0,0.278125,0.4879,1.58,2467.7820224719103,3317.260674157304,37456.01685393258,-16219.050561797754,40.8175,2448,3303,2486,3327,16.7943,4.129,28.0179,14.9612,2.8704,-27.6671,1.0,0.0004,0.006,445.0,0.265675,0.260457,0.037051,1.0,1.0,0.055509,0.054136,0.008243,1.0,1.0,0.000131,-0.000227,-0.001076,7e-06,0.001122,0.004667,-0.006685,0.003197,445,1.0,56.2741,70.7399,QUALIFIED,,,,-3.159537,,True,True,BOTH,normal_low,,0.0,,,0.0,1,partial_m3_data
18071,147.0,0.091875,0.6282,1.38,2499.285714285714,1516.3877551020407,-7565.806122448979,-17006.642857142855,18.6139,2492,1510,2510,1523,10.9341,4.3738,24.5272,10.8862,3.6453,2635.2961,1.0,0.0101,0.078,147.0,0.424105,0.413409,0.061021,1.0,1.0,0.05301,0.05004,0.010931,0.55102,0.55102,-0.001178,-0.000892,0.001674,-0.001026,-0.004561,0.002353,-0.010833,-0.010224,147,1.0,170.0244,80.4071,QUALIFIED,,,1.612903,,,True,True,BOTH,normal_low,,,,0.228561,0.045712,1,partial_m3_data
18124,175.0,0.109375,0.5556,1.4,2494.942857142857,2452.0,15824.5,-16898.071428571428,23.1515,2488,2443,2503,2464,17.6452,4.2943,27.0894,15.9921,2.8239,1817.0357,1.0,0.0,0.0,175.0,0.1795,0.177997,0.031981,1.0,1.0,0.013167,0.012582,0.001848,1.0,1.0,-0.003602,0.00029,-4e-06,0.003081,1.9e-05,0.002442,0.000529,-0.016454,175,1.0,206.9462,82.5201,QUALIFIED,,,,,,True,True,BOTH,normal_low,,,,,0.0,0,no_m3_data
18135,389.0,0.243125,0.4862,1.28,2503.293059125964,1390.7249357326475,-10707.376606683809,-17106.8264781491,20.1816,2491,1372,2516,1404,11.3333,4.5872,27.0059,9.5602,2.7961,2911.9116,1.0,0.0362,0.158,389.0,0.404161,0.398415,0.081013,1.0,1.0,0.095743,0.10791,0.021229,0.061697,0.061697,0.007208,-0.000807,-0.000478,-0.00104,-0.013651,-0.003717,-0.01541,-0.017125,389,1.0,170.0244,80.4071,QUALIFIED,,1.111959,,,,True,False,CPR_ONLY,normal_low,,,0.077965,,0.015593,1,partial_m3_data
18141,131.0,0.081875,0.5038,1.54,2495.3969465648856,2717.1984732824426,22454.46183206106,-16909.423664122143,28.11,2487,2712,2507,2725,5.7676,2.3005,12.1604,4.9435,1.5848,2267.0702,1.0,0.0437,0.1692,131.0,,,,0.0,0.0,0.07976,0.070169,0.020626,1.0,1.0,-0.001289,0.000639,0.001647,-0.000749,-0.001752,-3.8e-05,-0.00241,-0.00278,131,1.0,206.9462,82.5201,QUALIFIED,,,1.454766,,,False,True,S1_ONLY,no_data,,,,0.206152,0.04123,1,partial_m3_data
18153,4109.0,2.568125,0.4211,1.45,2496.3409588707714,2781.310294475541,24057.257361888536,-16933.023971769282,29.4197,2437,2744,2556,2826,9.3847,4.6595,29.661,7.9117,3.5226,2278.0206,1.0,0.0693,0.2247,4109.0,,,,0.0,0.0,0.080136,0.073052,0.023119,1.0,1.0,-0.001323,0.000961,0.000717,0.001293,0.000585,0.001213,-0.00329,-0.00269,4109,1.0,206.9462,82.5201,QUALIFIED,,,,,,False,True,S1_ONLY,no_data,,,,,0.0,0,no_m3_data
18154,518.0,0.32375,0.5059,1.0,2502.310810810811,2930.131274131274,27777.78185328185,-17082.270270270274,32.6106,2486,2914,2518,2946,10.1453,2.9875,18.3927,8.8787,2.1311,2557.8374,1.0,0.0717,0.2142,518.0,,,,0.0,0.0,0.068798,0.067294,0.009001,1.0,1.0,-0.001115,0.000369,-0.000812,-0.000315,0.000474,0.000593,-0.008267,0.006739,518,1.0,224.1259,75.5495,QUALIFIED,,,,,,False,True,S1_ONLY,no_data,,,,,0.0,0,no_m3_data
18209,148.0,0.0925,0.5804,1.13,2504.324324324324,2994.783783783784,29394.0945945946,-17132.608108108107,34.0233,2498,2988,2515,3003,10.8083,2.5232,17.552,10.5232,1.5269,2645.0032,1.0,0.0,0.0,148.0,,,,0.0,0.0,0.060155,0.05833,0.007045,1.0,1.0,-0.005232,0.000413,-0.003356,0.006084,-0.000161,-0.001847,-0.014861,0.003068,148,1.0,224.1259,75.5495,QUALIFIED,,,,,,False,True,S1_ONLY,no_data,,,,,0.0,0,no_m3_data
18220,324.0,0.2025,0.4615,1.04,2507.543209876543,2668.123456790124,21227.58641975309,-17213.08024691358,27.3302,2495,2653,2521,2680,7.3714,3.9743,18.4959,7.107,3.3044,1939.6878,1.0,1.0,0.0,324.0,0.241069,0.237662,0.055502,0.472222,0.472222,0.082014,0.077923,0.020517,1.0,1.0,-0.000927,-0.003753,-0.000275,-0.00034,-0.001553,0.000757,-0.005218,-0.003634,324,1.0,206.9462,82.5201,QUALIFIED,,,,,,True,True,BOTH,normal_low,,,,,0.0,0,no_m3_data
18263,203.0,0.126875,0.6506,1.85,2512.714285714286,2821.906403940887,25072.16009852217,-17342.357142857145,30.4863,2507,2810,2520,2834,3.8884,1.9491,9.9573,3.7032,1.5538,2381.4217,1.0,0.0171,0.0928,203.0,,,,0.0,0.0,0.074656,0.070922,0.020166,1.0,1.0,-0.000856,-0.000528,-0.00116,0.000536,0.000949,0.004052,-0.007612,0.003173,203,1.0,224.1259,75.5495,QUALIFIED,,,,,,False,True,S1_ONLY,no_data,,,,,0.0,0,no_m3_data
18277,301.0,0.188125,0.6515,1.05,2512.056478405316,1119.0066445182724,-17500.33388704319,-17325.911960132893,24.6262,2501,1107,2523,1128,9.0813,4.1677,24.1972,8.1294,2.9718,396.3027,1.0,0.0,0.0,301.0,0.306768,0.307048,0.051648,1.0,1.0,0.029447,0.02975,0.002548,0.986711,0.986711,0.001979,0.00496,0.005949,0.001291,0.00087,0.008358,-0.003354,-0.003662,301,1.0,16.8397,79.5214,QUALIFIED,,-1.506316,0.782989,,,True,True,BOTH,normal_low,,,0.0,0.110956,0.022191,2,partial_m3_data
18317,794.0,0.49625,0.5401,1.2,2517.7090680100755,2804.7191435768264,24642.47858942065,-17467.226700251886,30.2059,2498,2788,2533,2830,8.7593,4.9745,23.7758,7.7864,4.4899,2346.4441,1.0,0.0156,0.0939,794.0,,,,0.0,0.0,0.066554,0.065408,0.011335,1.0,1.0,-0.000455,-0.000387,-0.001256,0.001169,1.6e-05,0.003432,-0.010645,-0.00105,794,1.0,224.1259,75.5495,QUALIFIED,,,,,,False,True,S1_ONLY,no_data,,,,,0.0,0,no_m3_data
18366,416.0,0.26,0.4333,1.67,2518.747596153846,2502.754807692308,17093.370192307688,-17493.189903846156,24.4587,2506,2485,2530,2525,11.1362,4.7308,22.2235,9.5428,3.1717,1768.1266,1.0,0.0388,0.1485,416.0,0.21513,0.206565,0.049898,1.0,1.0,0.045468,0.04503,0.004607,1.0,1.0,0.001011,-0.001267,-0.00106,0.000438,-0.000773,0.003974,-0.004987,-0.003833,416,1.0,206.9462,82.5201,QUALIFIED,,2.253215,,,,True,True,BOTH,normal_low,,,0.157983,,0.031597,1,partial_m3_data
18378,298.0,0.18625,0.5676,1.19,2531.7852348993288,2710.979865771812,22298.9966442953,-17819.13087248322,28.5448,2518,2701,2543,2722,6.6944,3.7351,19.2108,5.675,2.3453,2286.0486,1.0,0.0481,0.1689,298.0,,,,0.0,0.0,0.079238,0.076098,0.013334,1.0,1.0,-0.000645,0.000894,-0.000324,0.00381,-0.000201,-0.00189,-0.010524,-0.001559,298,1.0,206.9462,82.5201,QUALIFIED,,,,,,False,True,S1_ONLY,no_data,,,,,0.0,0,no_m3_data
18404,404.0,0.2525,0.5344,1.04,2524.2821782178216,2743.2549504950493,23105.873762376228,-17631.55445544554,29.0653,2511,2733,2539,2760,6.0676,3.6509,18.1832,4.9055,2.3254,2276.6786,1.0,0.0483,0.1764,404.0,,,,0.0,0.0,0.073083,0.070614,0.014781,1.0,1.0,-0.002617,0.001237,-0.000424,0.003152,4.8e-05,-0.000944,-0.016072,-0.001035,404,1.0,206.9462,82.5201,QUALIFIED,,,,,,False,True,S1_ONLY,no_data,,,,,0.0,0,no_m3_data
18494,212.0,0.1325,0.5761,1.44,2545.938679245283,626.3867924528302,-29815.830188679247,-18172.96698113207,34.9175,2539,615,2555,638,13.812,3.0851,24.2183,12.8827,2.3772,-3197.9949,1.0,0.0,0.0,212.0,0.268856,0.25788,0.057038,1.0,1.0,0.033106,0.033154,0.002717,1.0,1.0,0.012686,0.010004,0.006366,0.002315,0.007912,0.004852,-0.003081,-0.004295,212,1.0,-42.3675,82.1954,QUALIFIED,,0.211414,0.636349,0.386754,,True,True,BOTH,normal_low,,0.039397,0.014823,0.090176,0.030849,3,full_m3_data
18599,141.0,0.088125,0.4947,1.27,2547.886524822695,2560.1702127659573,18528.75531914893,-18221.66312056737,25.9881,2540,2550,2555,2569,4.2195,1.9124,10.1806,3.8496,1.0232,1806.358,1.0,0.9194,0.2262,141.0,0.274127,0.259704,0.049779,1.0,1.0,0.07058,0.06679,0.023257,1.0,1.0,-0.002646,0.000862,0.00054,0.003584,0.005891,0.004372,-0.006035,0.003386,141,1.0,206.9462,82.5201,QUALIFIED,,,,0.257851,,True,True,BOTH,normal_low,,0.026266,,,0.006566,1,partial_m3_data
18647,130.0,0.08125,0.5702,1.58,2548.4615384615386,2478.976923076923,16498.92307692307,-18236.03846153846,24.5927,2539,2473,2558,2485,14.3741,4.3885,22.595,11.801,1.3582,1655.3154,1.0,0.0474,0.18,130.0,0.211054,0.21336,0.023452,1.0,1.0,0.065856,0.063778,0.010437,1.0,1.0,0.00245,-0.00013,-0.000186,-0.000425,0.001558,0.002986,-0.009257,0.010475,130,1.0,206.9462,82.5201,QUALIFIED,,1.053061,,-0.91656,,True,True,BOTH,normal_low,,0.0,0.073835,,0.014767,2,partial_m3_data
18932,137.0,0.085625,0.6524,1.07,2591.671532846716,510.970802919708,-32701.22992700729,-19316.288321167885,37.9799,2586,504,2600,519,12.595,1.7104,17.5559,11.7857,0.9521,-3780.1988,1.0,0.0,0.0,137.0,0.203104,0.203287,0.021211,1.0,1.0,0.050744,0.051984,0.007923,1.0,1.0,0.012913,0.011718,0.009398,0.010485,0.01054,0.00793,0.007767,0.008369,137,1.0,-42.3675,82.1954,QUALIFIED,,0.092542,-0.115663,0.247628,-0.077507,True,True,BOTH,normal_low,0.0,0.025225,0.006489,0.0,0.007604,4,full_m3_data
18961,2030.0,1.26875,0.4703,1.6,2572.527586206897,2239.768472906404,10518.7118226601,-18837.689655172413,21.5762,2550,2196,2602,2279,12.9797,4.5322,29.6841,11.5889,3.3239,1377.5818,1.0,0.0177,0.1097,2030.0,0.231794,0.228064,0.061132,1.0,1.0,0.030023,0.028505,0.008159,1.0,1.0,-0.001262,-0.001825,-0.000473,-0.001601,1.5e-05,0.000903,-0.011223,-0.001918,2030,1.0,150.2524,84.7415,QUALIFIED,,,,,,True,True,BOTH,normal_low,,,,,0.0,0,no_m3_data
18970,184.0,0.115,0.5154,1.24,2584.1739130434785,2415.228260869565,14905.206521739128,-19128.84782608696,24.251,2573,2408,2594,2425,10.819,4.9312,25.6071,9.5933,3.0861,1162.5917,1.0,0.1198,0.2781,184.0,0.221672,0.204528,0.058345,1.0,1.0,0.015738,0.01566,0.001761,1.0,1.0,0.00065,0.000846,0.000219,-0.006183,0.00274,3e-05,-0.002029,-0.000689,184,1.0,206.9462,82.5201,QUALIFIED,,,,0.989051,,True,True,BOTH,normal_low,,0.10075,,,0.025188,1,partial_m3_data
18972,899.0,0.561875,0.4722,1.65,2591.3982202447164,634.5995550611791,-29610.51112347052,-19309.45550611792,35.3501,2572,608,2606,664,17.6084,3.2149,26.5305,15.7595,2.5259,-3466.0056,1.0,0.0027,0.0406,899.0,0.317412,0.306337,0.064199,1.0,1.0,0.054443,0.040918,0.029785,1.0,1.0,0.011817,0.011071,0.002708,0.003557,0.001429,-0.000264,-0.001386,-0.004023,899,1.0,-42.3675,82.1954,QUALIFIED,,0.063129,-0.313516,1.184745,,True,True,BOTH,normal_low,,0.120684,0.004426,0.0,0.031056,3,full_m3_data
18981,245.0,0.153125,0.5469,1.75,2599.2938775510206,2823.7877551020406,25119.19387755102,-19506.84693877552,31.8046,2585,2816,2613,2832,7.5336,4.7839,25.4117,6.6486,4.0568,1949.4049,1.0,1.0,0.0,245.0,0.247782,0.237531,0.043132,1.0,1.0,0.093861,0.089783,0.016218,1.0,1.0,-0.001072,0.00041,-0.001259,0.001437,-0.000764,0.006812,-0.002222,-0.007998,245,1.0,224.1259,75.5495,QUALIFIED,,,,,,True,True,BOTH,normal_low,,,,,0.0,0,no_m3_data
19032,771.0,0.481875,0.4831,1.11,2584.277561608301,2811.741893644617,24818.04734111544,-19131.43904020752,31.3367,2564,2791,2606,2829,7.5882,4.7586,26.1122,6.1325,3.391,1957.4728,1.0,1.0,0.0,771.0,0.272602,0.260725,0.057726,0.840467,0.840467,0.050203,0.044556,0.013607,1.0,1.0,0.00153,-0.000894,0.000483,0.000678,0.00153,0.002933,-0.00066,-0.002618,771,1.0,224.1259,75.5495,QUALIFIED,,1.584314,,-0.916993,,True,True,BOTH,normal_low,,0.0,0.111084,,0.022217,2,partial_m3_data
19118,171.0,0.106875,0.479,1.24,2612.280701754386,2175.7017543859647,8917.043859649115,-19831.51754385965,21.7447,2604,2170,2625,2187,6.9144,2.3357,16.1276,5.7532,1.3349,1170.9495,1.0,0.0905,0.2416,171.0,0.273317,0.257192,0.084223,1.0,1.0,0.054063,0.05131,0.010933,1.0,1.0,0.001373,-0.001177,-0.00024,-0.003735,0.002309,-0.000709,-0.000739,-0.001349,171,1.0,150.2524,84.7415,QUALIFIED,,1.857247,,1.307059,,True,True,BOTH,normal_low,,0.133144,0.13022,,0.05933,2,partial_m3_data
19245,498.0,0.31125,0.6426,1.24,2614.81124497992,2194.3353413654618,9382.88353413654,-19894.78112449799,21.997,2604,2180,2629,2211,8.5068,3.3292,20.1658,7.3571,2.001,1190.2953,1.0,0.0697,0.2031,498.0,0.276003,0.270544,0.070715,1.0,1.0,0.03935,0.037994,0.008013,1.0,1.0,0.000419,-0.000386,-7.2e-05,-0.001901,0.002305,-0.000593,-6e-05,-0.000314,498,1.0,150.2524,84.7415,QUALIFIED,,,,1.257267,,True,True,BOTH,normal_low,,0.128072,,,0.032018,1,partial_m3_data
19270,3078.0,1.92375,0.6028,1.07,2604.221897335932,483.0769980506823,-33398.57504873294,-19630.047433398307,38.74,2568,450,2642,519,12.2635,3.6242,27.884,10.73,2.6873,-3779.3234,1.0,0.0104,0.0835,3078.0,0.20905,0.205702,0.031336,1.0,1.0,0.071152,0.0692,0.021569,1.0,1.0,0.012212,0.011325,0.007492,0.007826,0.009472,0.010744,0.008718,0.003577,3078,1.0,-42.3675,82.1954,QUALIFIED,,0.072633,-0.044581,-0.134291,0.589699,True,True,BOTH,normal_low,0.026564,0.0,0.005093,0.0,0.010316,4,full_m3_data
19299,386.0,0.24125,0.3477,1.23,2626.7435233160622,551.4559585492228,-31689.10103626943,-20193.08808290155,37.5759,2612,535,2642,572,5.8283,3.7322,21.2486,5.6198,3.2917,-3910.3118,1.0,0.0825,0.2243,386.0,0.206041,0.20083,0.031363,1.0,1.0,0.050299,0.049934,0.003146,1.0,1.0,0.015601,0.014408,0.006874,0.008045,0.010001,0.009793,0.007048,0.008628,386,1.0,-42.3675,82.1954,QUALIFIED,,0.076469,-0.170352,0.020798,-0.224177,True,True,BOTH,normal_low,0.0,0.002119,0.005362,0.0,0.001602,4,full_m3_data
19320,379.0,0.236875,0.4366,1.11,2632.6068601583115,2799.221635883905,24505.040897097628,-20339.671503957783,31.8472,2619,2783,2647,2814,6.1111,3.6175,18.9056,5.1508,2.9119,1947.2103,1.0,1.0,0.0,379.0,0.333587,0.328975,0.063456,1.0,1.0,0.124505,0.128257,0.036329,1.0,1.0,-0.001103,0.004454,0.000835,0.001544,-0.001216,-0.00133,-0.000556,-0.001652,379,1.0,206.9462,82.5201,QUALIFIED,,,,,,True,True,BOTH,normal_low,,,,,0.0,0,no_m3_data
19394,335.0,0.209375,0.5438,1.27,2634.964179104478,504.3820895522388,-32865.94776119403,-20398.604477611952,38.6815,2623,490,2645,518,5.9069,3.0369,19.2688,4.8854,2.1573,-3910.4967,1.0,0.0816,0.2326,335.0,0.238516,0.231138,0.054344,1.0,1.0,0.05736,0.053416,0.013055,1.0,1.0,0.014643,0.013563,0.007609,0.008446,0.008944,0.009576,0.008957,0.008592,335,1.0,-42.3675,82.1954,QUALIFIED,,0.073755,-0.110001,-0.070662,0.04075,True,True,BOTH,normal_low,0.001836,0.0,0.005171,0.0,0.001677,4,full_m3_data
19430,225.0,0.140625,0.4891,1.15,2643.9733333333334,2103.893333333333,7121.833333333336,-20623.83333333333,21.8195,2634,2094,2657,2114,10.423,2.569,19.3707,9.8215,1.3541,951.1659,1.0,0.0347,0.1463,225.0,0.278985,0.260912,0.053982,1.0,1.0,0.16788,0.078582,0.179293,1.0,1.0,0.000577,0.000493,0.002044,0.002908,0.002236,0.017169,-0.003945,-0.008128,225,1.0,150.2524,84.7415,QUALIFIED,,,-0.422701,-6.678444,,True,True,BOTH,normal_low,,0.0,,0.0,0.0,2,partial_m3_data
19447,2315.0,1.446875,0.52,1.58,2654.616846652268,549.9196544276458,-31727.508639308857,-20889.921166306696,37.987,2629,505,2682,589,12.5002,4.8277,28.3735,11.0828,3.8449,-4006.909,1.0,0.0117,0.0917,2315.0,0.260719,0.243309,0.082673,1.0,1.0,0.045039,0.046374,0.011699,1.0,1.0,0.013227,0.013296,0.005617,0.008081,0.007674,0.014418,-0.00106,0.011673,2315,1.0,-42.3675,82.1954,QUALIFIED,,-0.005217,-0.438668,-0.878812,,True,True,BOTH,normal_low,,0.0,0.0,0.0,0.0,3,full_m3_data
19608,2262.0,1.41375,0.3818,1.05,2652.5468611847923,2610.8081343943413,19794.703359858533,-20838.17152961981,28.742,2619,2573,2694,2652,10.5259,4.649,27.9125,9.1865,3.6823,1707.7296,1.0,0.0881,0.2522,2262.0,0.193632,0.191285,0.036935,1.0,1.0,0.067256,0.055595,0.027725,1.0,1.0,2.4e-05,0.004362,0.000169,0.001083,-0.000119,-0.00337,-0.005047,-0.005449,2262,1.0,206.9462,82.5201,QUALIFIED,,,,,,True,True,BOTH,normal_low,,,,,0.0,0,no_m3_data
19676,1392.0,0.87,0.5058,2.69,2657.503591954023,1922.2478448275865,2580.6961206896594,-20962.08979885057,21.1209,2640,1882,2672,1968,15.6581,3.4588,27.4879,13.698,2.358,297.4186,1.0,0.0139,0.0993,1392.0,0.314338,0.313247,0.060613,1.0,1.0,0.05338,0.050528,0.013277,1.0,1.0,0.002292,0.001525,0.000288,0.004567,0.002848,0.016207,0.00131,-0.005168,1392,1.0,147.9055,80.9548,QUALIFIED,,0.334642,,-4.69066,4.945038,True,True,BOTH,normal_low,0.222761,0.0,0.023463,,0.082659,3,full_m3_data
19701,195.0,0.121875,0.5735,1.18,2670.128205128205,572.3589743589744,-31166.52564102564,-21277.705128205125,37.737,2662,564,2679,584,9.6775,2.6281,17.2398,9.6647,2.2835,-4161.4115,1.0,0.008,0.0596,195.0,0.201016,0.19232,0.031761,1.0,1.0,0.050828,0.044151,0.016555,1.0,1.0,0.008226,0.015128,0.000808,0.00922,0.005813,0.014765,-0.005295,-0.023554,195,1.0,-42.3675,82.1954,QUALIFIED,,-0.839047,,-1.539997,,True,True,BOTH,normal_low,,0.0,0.0,,0.0,2,partial_m3_data
19774,1525.0,0.953125,0.4919,1.24,2696.3934426229507,1683.991475409836,-3375.7131147541004,-21934.336065573763,22.193,2665,1660,2727,1710,11.9876,3.3074,28.0237,10.2427,1.8827,235.1967,1.0,0.0194,0.1204,1525.0,0.272279,0.257948,0.069962,0.855738,0.855738,0.07136,0.069953,0.015184,1.0,1.0,0.008273,0.009604,0.007514,0.007851,0.006224,0.010456,0.005257,-0.00048,1525,1.0,147.9055,80.9548,QUALIFIED,,-0.160885,-0.04485,-0.679949,1.091307,True,True,BOTH,normal_low,0.04916,0.0,0.0,0.0,0.017206,4,full_m3_data
19776,362.0,0.22625,0.6241,1.45,2675.1077348066297,2199.207182320442,9504.679558011048,-21402.19337016574,23.4184,2665,2185,2685,2214,11.5892,3.2438,23.6722,10.4906,2.1431,917.999,1.0,0.0009,0.0168,362.0,0.295164,0.279384,0.07204,1.0,1.0,0.043189,0.040676,0.008273,1.0,1.0,-0.000894,0.007739,0.004268,0.001576,0.001148,-0.003468,-0.000322,-0.001106,362,1.0,150.2524,84.7415,QUALIFIED,,,0.63074,4.020906,,True,True,BOTH,normal_low,,0.409591,,0.089381,0.120274,2,partial_m3_data
19797,434.0,0.27125,0.5,1.11,2667.294930875576,2222.490783410138,10086.769585253453,-21206.873271889403,23.4842,2652,2208,2680,2239,19.0157,3.5338,28.978,16.7217,2.3468,878.0557,1.0,0.0031,0.0426,434.0,0.241004,0.234222,0.054643,1.0,1.0,0.049206,0.045793,0.014006,1.0,1.0,-0.00105,0.005021,0.000858,0.002147,-4.9e-05,-0.003246,-0.000833,-0.005853,434,1.0,150.2524,84.7415,QUALIFIED,,,,,,True,True,BOTH,normal_low,,,,,0.0,0,no_m3_data
19814,543.0,0.339375,0.5061,1.28,2676.160220994475,1935.626151012892,2915.15377532228,-21428.50552486188,21.6264,2662,1916,2691,1953,6.135,3.3987,23.5318,5.2896,2.7059,237.782,1.0,0.1633,0.3169,543.0,0.329161,0.300938,0.097787,1.0,1.0,0.046252,0.044103,0.011805,1.0,1.0,0.001831,0.003399,0.001108,0.003223,-0.000394,-0.001355,-0.002694,-0.014006,543,1.0,147.9055,80.9548,QUALIFIED,,-0.856363,-1.908845,,,True,True,BOTH,normal_low,,,0.0,0.0,0.0,2,partial_m3_data
19826,215.0,0.134375,0.3223,1.26,2691.5813953488373,2162.060465116279,8576.01162790697,-21814.03488372093,23.4399,2678,2149,2701,2178,8.8311,4.5083,23.2856,7.8628,2.344,874.3433,1.0,0.0763,0.2172,215.0,0.288143,0.288643,0.075692,1.0,1.0,0.042562,0.042695,0.00698,1.0,1.0,0.000661,0.00909,0.010535,0.001138,-0.00089,-0.006509,-0.003843,-0.005279,215,1.0,150.2524,84.7415,QUALIFIED,,,0.891979,,,True,True,BOTH,normal_low,,,,0.1264,0.02528,1,partial_m3_data
19849,241.0,0.150625,0.482,1.25,2672.7261410788383,511.2655601659751,-32693.86099585062,-21342.65352697096,39.0434,2662,501,2687,521,6.9885,3.193,16.8802,6.3007,1.7928,-4052.5437,1.0,0.0388,0.15,241.0,0.234223,0.22738,0.053201,1.0,1.0,0.030951,0.028879,0.006317,1.0,1.0,0.006396,0.013469,0.005869,0.014641,0.008668,0.014649,-0.006369,0.074567,241,1.0,-42.3675,82.1954,QUALIFIED,,-1.105847,-1.494633,-0.690009,,True,True,BOTH,normal_low,,0.0,0.0,0.0,0.0,3,full_m3_data
19861,727.0,0.454375,0.4831,1.23,2676.411279229711,588.092159559835,-30773.196011004125,-21434.781980742773,37.5024,2655,572,2698,607,17.0184,2.7147,29.3897,15.1757,1.7903,-4244.6985,1.0,0.0112,0.084,727.0,0.257728,0.247618,0.056545,1.0,1.0,0.050037,0.048259,0.020224,1.0,1.0,0.009869,0.016103,0.003463,0.010145,0.007034,0.011983,0.002846,-0.008532,727,1.0,-42.3675,82.1954,QUALIFIED,,-0.631675,-1.929541,-0.703583,3.997892,True,True,BOTH,normal_low,0.180094,0.0,0.0,0.0,0.063033,4,full_m3_data
19866,2308.0,1.4425,0.5377,1.28,2692.986135181976,2038.3362218370885,5482.905545927213,-21849.153379549403,22.5272,2655,2012,2729,2070,11.1505,4.2237,23.4303,9.7376,3.0456,671.7626,1.0,0.0924,0.242,2308.0,0.297759,0.288559,0.069353,1.0,1.0,0.090977,0.081408,0.039766,1.0,1.0,0.000733,0.003219,0.004154,0.002325,0.000755,0.002431,-0.003468,-0.006167,2308,1.0,150.2524,84.7415,QUALIFIED,,,0.440299,,,True,True,BOTH,normal_low,,,,0.062394,0.012479,1,partial_m3_data
19946,323.0,0.201875,0.5176,1.08,2690.659442724458,2716.2879256965944,22431.69814241485,-21790.98606811145,31.2741,2680,2706,2704,2732,9.712,4.331,21.7033,8.6774,2.9986,2339.8388,1.0,0.0903,0.2607,323.0,0.26242,0.255098,0.049837,1.0,1.0,0.107971,0.103703,0.023636,1.0,1.0,-0.000885,-0.001397,0.000238,-0.002285,0.001929,-0.002247,-0.005396,-0.003136,323,1.0,206.9462,82.5201,QUALIFIED,,,,2.164852,,True,True,BOTH,normal_low,,0.220523,,,0.055131,1,partial_m3_data
19955,389.0,0.243125,0.6003,1.12,2686.789203084833,2655.611825192802,20914.795629820044,-21694.230077120825,30.1349,2673,2643,2700,2667,18.8574,2.9629,26.8537,16.9905,1.7349,1823.186,1.0,0.033,0.1535,389.0,0.214022,0.208566,0.061968,1.0,1.0,0.1107,0.106898,0.027204,1.0,1.0,-0.000487,-0.000691,-0.000885,-0.000766,0.001349,-0.004814,-0.002927,-0.003753,389,1.0,206.9462,82.5201,QUALIFIED,,,,4.568569,,True,True,BOTH,normal_low,,0.465378,,,0.116344,1,partial_m3_data
19964,449.0,0.280625,0.6652,1.08,2696.6792873051227,1944.231625835189,3130.290645879737,-21941.482182628068,22.1642,2685,1931,2710,1958,5.6865,2.9218,19.3654,4.9795,2.1213,229.6265,1.0,0.1088,0.2551,449.0,0.352996,0.346216,0.065054,1.0,1.0,0.059442,0.057224,0.019335,1.0,1.0,0.002022,0.007333,0.008939,0.001104,-0.00093,-0.004862,0.00132,-0.008527,449,1.0,147.9055,80.9548,QUALIFIED,,-2.626607,0.876496,,7.459848,True,True,BOTH,normal_low,0.336046,,0.0,0.124206,0.142457,3,full_m3_data
19970,1183.0,0.739375,0.5462,1.5,2694.3110735418427,678.295012679628,-28518.1246830093,-21882.276838546062,35.9459,2674,645,2712,702,14.7962,3.9996,25.7431,13.222,3.4687,-4328.1123,1.0,0.007,0.0598,1183.0,0.414336,0.371649,0.157026,1.0,1.0,0.062569,0.063576,0.021528,1.0,1.0,0.00637,0.006244,0.00375,0.001715,0.01307,0.006477,0.003685,0.008488,1183,1.0,-42.3675,82.1954,QUALIFIED,,0.01978,0.542667,0.504438,-1.303392,True,True,BOTH,normal_low,0.0,0.051385,0.001387,0.0769,0.028504,4,full_m3_data
19983,428.0,0.2675,0.5487,1.15,2679.485981308412,1895.983644859813,1924.091121495323,-21511.64953271029,21.5981,2666,1885,2696,1911,5.6917,3.0171,20.0299,4.7905,2.07,181.2083,1.0,0.079,0.2198,428.0,0.280869,0.274062,0.055164,1.0,1.0,0.063336,0.059997,0.017909,1.0,1.0,0.001261,0.002466,0.000306,0.005296,0.001107,-0.001921,-0.00302,-0.011306,428,1.0,147.9055,80.9548,QUALIFIED,,-0.955591,,2.735321,,True,True,BOTH,normal_low,,0.278634,0.0,,0.069658,2,partial_m3_data
20005,2032.0,1.27,0.3298,1.01,2678.841535433071,1875.805118110236,1419.6279527559018,-21495.53838582677,21.5429,2638,1834,2717,1912,9.5509,4.7373,27.3165,8.0157,3.3376,182.4871,1.0,0.0803,0.2353,2032.0,0.315523,0.304185,0.076703,1.0,1.0,0.064232,0.060165,0.023434,1.0,1.0,0.002065,0.003251,0.001905,0.003894,-0.000509,0.004829,-0.002604,-0.006581,2032,1.0,147.9055,80.9548,QUALIFIED,,-0.574334,-1.044094,,,True,True,BOTH,normal_low,,,0.0,0.0,0.0,2,partial_m3_data
20014,357.0,0.223125,0.4904,1.08,2705.2549019607845,535.8851540616247,-32078.37114845938,-22155.87254901961,38.9858,2690,524,2718,550,16.8859,4.2995,27.7274,14.7521,2.2618,-4197.5909,1.0,0.0822,0.2491,357.0,0.30335,0.274379,0.090665,1.0,1.0,0.022336,0.022112,0.001833,1.0,1.0,0.013457,0.011954,0.007211,0.003141,0.018907,0.012176,0.008266,0.013617,357,1.0,-42.3675,82.1954,QUALIFIED,,0.111689,0.564415,0.356006,-0.647351,True,True,BOTH,normal_low,0.0,0.036265,0.007831,0.079982,0.026629,4,full_m3_data
20087,194.0,0.12125,0.5706,3.4,2700.40206185567,1244.5360824742268,-14362.097938144332,-22034.551546391755,26.3021,2685,1240,2719,1250,16.2559,4.5759,27.8449,16.1393,3.9494,863.5691,1.0,0.0072,0.0571,194.0,0.384283,0.379715,0.069388,1.0,1.0,0.085332,0.047407,0.087029,1.0,1.0,0.089838,0.11297,0.161167,0.17374,0.214373,0.221249,0.213828,0.208596,194,1.0,170.0244,80.4071,QUALIFIED,,-0.257486,-0.078012,-0.032075,0.024468,True,True,BOTH,normal_low,0.001102,0.0,0.0,0.0,0.000386,4,full_m3_data
20100,1535.0,0.959375,0.5514,1.21,2706.8345276872965,465.21237785016285,-33845.190553745924,-22195.363192182413,40.4737,2685,437,2733,495,12.1386,4.8626,28.5337,10.6396,3.9895,-4104.4002,1.0,0.0112,0.0889,1535.0,0.237567,0.235449,0.045088,1.0,1.0,0.025733,0.025633,0.003101,1.0,1.0,0.010671,0.011486,0.007777,0.005124,0.016896,0.013289,0.009423,0.014154,1535,1.0,-42.3675,82.1954,QUALIFIED,,-0.076375,0.341134,0.213482,-0.502069,True,True,BOTH,normal_low,0.0,0.021746,0.0,0.048341,0.015105,4,full_m3_data
20143,213.0,0.133125,0.5605,1.05,2714.384976525821,684.7042253521126,-28357.894366197183,-22384.12441314553,36.1277,2705,674,2725,693,7.5554,3.184,19.6372,6.9643,2.0626,-4419.5632,1.0,0.1474,0.2847,213.0,0.504656,0.488188,0.118352,1.0,1.0,0.025513,0.024264,0.00318,1.0,1.0,0.000727,0.002079,0.002992,0.001727,0.004671,0.002041,-0.01046,-0.010881,213,1.0,-42.3675,82.1954,QUALIFIED,,,0.422794,0.563049,,True,True,BOTH,typical,,0.057355,,0.059913,0.026321,2,partial_m3_data
20253,201.0,0.125625,0.5374,1.29,2724.945273631841,364.7462686567165,-36356.843283582086,-22648.13184079602,42.8339,2717,356,2734,378,13.5737,2.8122,22.7206,12.1324,1.4924,-4345.6987,1.0,0.0018,0.0254,201.0,0.264128,0.258822,0.03547,1.0,1.0,0.032825,0.032603,0.002994,1.0,1.0,0.002823,0.003717,0.002732,-0.002219,0.015491,0.008717,0.003854,0.001303,201,1.0,-3.2933,98.4107,QUALIFIED,,-0.316684,1.812225,0.437286,0.66191,True,True,BOTH,normal_low,0.029817,0.044544,0.0,0.256806,0.072933,4,full_m3_data
20254,891.0,0.556875,0.4491,1.94,2718.5050505050503,514.952861952862,-32601.67845117845,-22487.12626262626,39.6047,2701,484,2733,546,13.9039,2.7417,26.0349,12.193,1.5694,-4205.8823,1.0,0.0104,0.0851,891.0,0.254404,0.24535,0.060954,1.0,1.0,0.01986,0.019671,0.002507,1.0,1.0,0.009687,0.010343,0.005132,0.001169,0.017811,0.010477,0.006299,0.007675,891,1.0,-42.3675,82.1954,QUALIFIED,,-0.06772,0.772214,0.411768,-0.218447,True,True,BOTH,normal_low,0.0,0.041945,0.0,0.109429,0.032372,4,full_m3_data
20270,373.0,0.233125,0.471,1.38,2715.0777479892763,755.2412868632708,-26594.46782841823,-22401.44369973192,34.7719,2704,739,2728,772,13.9473,3.7224,24.1194,12.2737,2.6907,-4207.7541,1.0,0.0448,0.1795,373.0,0.257078,0.253625,0.037553,1.0,1.0,0.031584,0.02999,0.006264,1.0,1.0,0.001451,0.000507,0.002916,-0.000315,0.006583,0.007263,-0.002385,-0.001694,373,1.0,-42.3675,82.1954,QUALIFIED,,0.650586,1.108025,-0.103296,,True,True,BOTH,normal_low,,0.0,0.045616,0.157016,0.040526,3,full_m3_data
20302,208.0,0.13,0.5909,1.38,2724.7596153846152,2897.201923076923,26954.54807692308,-22643.490384615376,35.204,2717,2887,2733,2909,6.5457,3.2991,16.7935,6.049,2.3019,2826.2542,1.0,0.0179,0.1011,208.0,0.308524,0.302272,0.049245,1.0,1.0,0.050803,0.04678,0.010237,1.0,1.0,0.001175,0.000293,-7.7e-05,-0.00137,0.000811,-0.002902,-0.003173,-0.007588,208,1.0,224.1259,75.5495,QUALIFIED,,0.750638,,,,True,True,BOTH,normal_low,,,0.052631,,0.010526,1,partial_m3_data
20335,231.0,0.144375,0.4773,1.0,2735.6666666666665,511.8311688311688,-32679.720779220777,-22916.166666666657,39.9137,2726,502,2748,524,11.5285,2.8455,20.7021,10.7411,2.0532,-4276.9474,1.0,0.0192,0.1051,231.0,0.283623,0.252577,0.107081,1.0,1.0,0.019184,0.018861,0.003345,1.0,1.0,0.012318,0.012805,0.007281,0.005435,0.009801,0.017812,0.009308,0.008855,231,1.0,-42.3675,82.1954,QUALIFIED,,-0.039536,0.253537,-0.817366,0.048668,True,True,BOTH,normal_low,0.002192,0.0,0.0,0.035928,0.007953,4,full_m3_data
20353,492.0,0.3075,0.5655,1.03,2738.558943089431,428.4451219512195,-34764.37195121951,-22988.47357723578,41.6776,2725,414,2754,444,14.9981,3.1463,26.206,12.9706,1.4657,-4322.0665,1.0,0.0196,0.127,492.0,0.285717,0.278689,0.045823,1.0,1.0,0.022626,0.021874,0.003616,1.0,1.0,0.009414,0.008244,0.007103,0.006732,0.01305,0.016303,0.009524,0.005116,492,1.0,-42.3675,82.1954,QUALIFIED,,0.124283,0.052231,-0.249272,0.462831,True,True,BOTH,normal_low,0.020849,0.0,0.008714,0.007402,0.01052,4,full_m3_data
20387,2570.0,1.60625,0.5949,1.2,2744.6249027237354,788.9821011673151,-25750.94747081712,-23140.122568093386,34.6204,2718,752,2778,824,13.3434,3.9782,28.5711,11.7239,2.9433,-4237.0122,1.0,0.032,0.1446,2570.0,0.289213,0.278416,0.066814,1.0,1.0,0.037334,0.036771,0.008843,1.0,1.0,0.000831,0.002264,0.001977,0.001639,0.001679,0.010909,-0.002015,-0.005923,2570,1.0,-42.3675,82.1954,QUALIFIED,,,0.170966,-5.49732,,True,True,BOTH,normal_low,,0.0,,0.024227,0.004845,2,partial_m3_data
20451,3426.0,2.14125,0.5883,1.42,2748.893169877408,466.5215995329831,-33812.46001167542,-23246.8292469352,41.0328,2717,419,2781,510,15.4424,4.087,28.413,13.6611,3.0215,-4381.8614,1.0,0.0067,0.0684,3426.0,0.258224,0.241925,0.068984,1.0,1.0,0.0183,0.017528,0.00447,1.0,1.0,0.009944,0.009899,0.006717,0.006441,0.009688,0.017552,0.00712,0.005662,3426,1.0,-42.3675,82.1954,QUALIFIED,,0.004525,0.04109,-0.811726,0.204775,True,True,BOTH,normal_low,0.009225,0.0,0.000317,0.005823,0.004457,4,full_m3_data
20457,414.0,0.25875,0.5,1.57,2739.833333333333,1827.111111111111,202.2777777777737,-23020.333333333343,23.0217,2723,1818,2759,1841,9.0706,2.5988,18.095,7.9227,1.5685,91.2889,1.0,0.8119,0.3491,414.0,0.161313,0.160299,0.029616,1.0,1.0,0.097617,0.094937,0.018307,1.0,1.0,0.000273,0.000767,-0.001424,0.000603,-0.000505,0.001713,-0.006392,-0.004269,236,0.57,147.9055,80.9548,QUALIFIED,,,,,,True,True,BOTH,normal_low,,,,,0.0,0,no_m3_data
20469,258.0,0.16125,0.5733,1.39,2750.31007751938,1743.9612403100775,-1876.468992248061,-23282.25193798449,23.3582,2738,1736,2763,1754,5.1745,2.6019,14.4804,4.8711,1.7827,-42.5594,1.0,0.9507,0.1957,258.0,0.228184,0.22049,0.043283,1.0,1.0,0.15521,0.141578,0.048609,1.0,1.0,0.005839,0.007799,0.001473,0.001718,-0.001818,-0.001586,-0.011344,-0.009768,258,1.0,147.9055,80.9548,QUALIFIED,,-0.335674,-0.166327,,,True,True,BOTH,normal_low,,,0.0,0.0,0.0,2,partial_m3_data
20497,644.0,0.4025,0.4694,1.75,2748.231366459627,2085.7298136645963,6667.745341614907,-23230.28416149068,24.1689,2734,2061,2762,2110,11.4623,4.3683,28.5302,9.8971,3.1612,849.8752,1.0,0.157,0.322,644.0,0.264629,0.254096,0.059646,1.0,1.0,0.084237,0.068667,0.049381,1.0,1.0,0.001406,0.001461,-0.000295,0.001185,0.000294,-0.002912,-0.00226,-0.005538,644,1.0,150.2524,84.7415,QUALIFIED,,-0.039118,,,,True,True,BOTH,normal_low,,,0.0,,0.0,1,partial_m3_data
20678,270.0,0.16875,0.5769,2.77,2772.3,463.1555555555556,-33896.61111111111,-23832.0,41.4359,2767,445,2780,481,11.1592,4.6343,25.7053,9.5741,2.6821,-4527.2123,1.0,0.0412,0.1463,270.0,0.231519,0.227416,0.044153,1.0,1.0,0.015064,0.013193,0.004512,1.0,1.0,0.009614,0.009325,0.007042,0.009153,0.010703,0.017209,0.004226,0.00092,270,1.0,-42.3675,82.1954,QUALIFIED,,0.03006,-0.299773,-0.607867,0.7823,True,True,BOTH,normal_low,0.035241,0.0,0.002108,0.0,0.012756,4,full_m3_data
20716,452.0,0.2825,0.7019,1.22,2772.2433628318586,747.9491150442478,-26776.772123893803,-23830.584070796467,35.8454,2761,735,2784,763,3.6909,2.3582,16.6432,3.0116,1.3839,-4386.338,1.0,0.9318,0.1978,452.0,0.290817,0.270159,0.084163,1.0,1.0,0.035467,0.035613,0.004583,1.0,1.0,0.000445,0.004439,0.000928,0.002303,0.00104,-0.001877,-0.002338,-0.005841,452,1.0,-42.3675,82.1954,QUALIFIED,,,,2.804808,,True,True,BOTH,normal_low,,0.285712,,,0.071428,1,partial_m3_data
20721,340.0,0.2125,0.4387,1.24,2767.538235294118,1941.426470588236,3060.161764705881,-23712.95588235295,23.9102,2751,1929,2782,1954,5.8571,2.3108,18.4277,4.9161,1.1937,136.5339,1.0,1.0,0.0,340.0,0.257044,0.251598,0.047524,1.0,1.0,0.050795,0.047655,0.011614,1.0,1.0,0.001418,0.00065,-0.001093,-0.003066,-0.000643,-0.003449,-0.005671,-0.004941,340,1.0,147.9055,80.9548,QUALIFIED,,0.541608,,,,True,True,BOTH,normal_low,,,0.037975,,0.007595,1,partial_m3_data
20722,130.0,0.08125,0.625,1.23,2773.530769230769,1990.8153846153848,4294.884615384617,-23862.76923076924,24.2468,2766,1984,2782,1997,3.6131,1.9164,10.5862,3.5045,1.4608,257.9037,1.0,0.9852,0.1028,130.0,0.213863,0.207793,0.043075,1.0,1.0,0.058225,0.057848,0.008623,1.0,1.0,0.002152,0.00207,-0.001656,-0.001379,0.005185,0.000322,-0.00108,-0.000628,130,1.0,147.9055,80.9548,QUALIFIED,,0.038104,,0.937898,,True,True,BOTH,normal_low,,0.095539,0.002672,,0.024419,2,partial_m3_data
20802,501.0,0.313125,0.5263,1.21,2784.8902195608784,528.7964071856287,-32255.58982035928,-24146.75548902196,40.2924,2773,512,2801,546,11.7403,3.1582,22.6592,9.8815,1.5466,-4580.187,1.0,0.0189,0.1055,501.0,0.212806,0.202796,0.047018,1.0,1.0,0.038838,0.042241,0.021366,1.0,1.0,0.009988,0.014697,0.004395,0.005474,0.006201,0.009277,0.005448,-0.001413,501,1.0,-42.3675,82.1954,QUALIFIED,,-0.471466,-0.245506,-0.496049,1.259361,True,True,BOTH,normal_low,0.056731,0.0,0.0,0.0,0.019856,4,full_m3_data
20807,1234.0,0.77125,0.389,1.17,2770.21961102107,1882.342787682334,1583.0696920583505,-23779.99027552674,23.8332,2746,1859,2798,1920,7.9617,3.5089,24.8091,6.7924,2.6577,194.232,1.0,0.8861,0.2779,1234.0,0.190999,0.17258,0.061027,1.0,1.0,0.09444,0.090888,0.021396,1.0,1.0,0.002905,0.00117,-0.001266,-0.002405,8.9e-05,-0.003242,-0.005929,-0.003874,1234,1.0,147.9055,80.9548,QUALIFIED,,0.597246,,,,True,True,BOTH,normal_low,,,0.041876,,0.008375,1,partial_m3_data
20818,397.0,0.248125,0.5704,1.21,2793.1309823677584,747.632241813602,-26784.69395465995,-24352.77455919396,36.2005,2781,737,2810,761,5.6002,2.8284,16.4667,4.4813,1.6078,-4381.6944,1.0,0.9605,0.1577,397.0,0.412671,0.409916,0.072985,1.0,1.0,0.025754,0.023443,0.00765,1.0,1.0,0.001215,0.004461,0.001354,0.001197,0.003427,-0.00123,-0.000772,-0.002494,397,1.0,-42.3675,82.1954,QUALIFIED,,-2.671605,0.115953,1.358915,,True,True,BOTH,normal_low,,0.138426,0.0,0.016431,0.037893,3,full_m3_data
20824,354.0,0.22125,0.4758,1.29,2783.2937853107346,2356.338983050848,13432.97457627119,-24106.844632768363,27.5975,2771,2345,2802,2369,6.8166,3.9004,21.5455,5.7279,2.546,-369.6304,1.0,0.1922,0.3411,354.0,,,,0.0,0.0,0.205051,0.222557,0.125578,1.0,1.0,-0.001079,-0.000129,0.00026,-0.000436,0.001723,0.000325,-0.002054,-0.005799,354,1.0,150.2524,84.7415,QUALIFIED,,,,0.811376,,False,True,S1_ONLY,no_data,,0.082651,,,0.020663,1,partial_m3_data
20830,341.0,0.213125,0.5238,1.48,2790.730205278592,732.5395894428152,-27162.01026392962,-24292.755131964805,36.4405,2777,723,2808,744,7.4233,2.9765,16.8494,5.4937,1.3665,-4408.2479,1.0,0.8486,0.2958,341.0,0.353901,0.347284,0.055266,1.0,1.0,0.027367,0.022775,0.017825,1.0,1.0,0.001229,0.005336,0.000942,0.001329,0.002359,-0.001618,-0.000688,-0.001593,341,1.0,-42.3675,82.1954,QUALIFIED,,-3.341741,,1.685884,,True,True,BOTH,normal_low,,0.171733,0.0,,0.042933,2,partial_m3_data
20942,127.0,0.079375,0.567,1.14,2796.8976377952754,1761.7795275590552,-1431.0118110236217,-24446.94094488189,24.4893,2789,1754,2803,1770,6.707,2.7004,22.1997,5.4885,1.593,-3.9991,1.0,0.0214,0.1077,127.0,0.199167,0.197273,0.028677,1.0,1.0,0.05933,0.053453,0.014262,1.0,1.0,0.006824,0.00739,-0.000655,0.000715,0.003204,-0.000465,-0.00658,-0.006596,127,1.0,147.9055,80.9548,QUALIFIED,,-0.082943,,1.145131,,True,True,BOTH,normal_low,,0.116649,0.0,,0.029162,2,partial_m3_data
20949,1370.0,0.85625,0.583,1.06,2804.777372262773,2976.2160583941604,28929.90145985401,-24643.93430656934,38.0042,2780,2954,2830,3001,11.3995,4.0102,23.598,9.9755,3.1192,1999.0708,1.0,0.1393,0.3149,1370.0,0.233064,0.228118,0.05921,1.0,1.0,0.068617,0.064644,0.014476,1.0,1.0,0.000949,-0.000529,-0.000838,-0.002641,-0.00698,-0.0058,-0.009279,-0.012231,1370,1.0,160.1585,85.0259,QUALIFIED,,,,,,True,True,BOTH,normal_low,,,,,0.0,0,no_m3_data
20996,584.0,0.365,0.4595,1.32,2812.477739726028,713.320205479452,-27642.494863013697,-24836.443493150684,37.1612,2793,700,2834,731,5.3551,3.0376,16.8242,4.6743,2.1682,-4445.3287,1.0,0.8825,0.2813,584.0,0.285632,0.280885,0.057472,1.0,1.0,0.057086,0.061403,0.024529,1.0,1.0,0.001191,0.001627,0.00228,0.00146,0.001923,-0.001097,-0.000638,0.001512,584,1.0,-96.3518,96.3954,QUALIFIED,,-0.366079,0.359649,1.570463,,True,True,BOTH,normal_low,,0.159976,0.0,0.050965,0.050187,3,full_m3_data
21007,417.0,0.260625,0.4455,1.38,2798.5515587529976,493.8585131894485,-33129.03717026379,-24488.28896882494,41.1971,2784,475,2810,511,9.2858,3.4621,23.6007,7.5,1.6511,-4596.4881,1.0,0.1492,0.3138,417.0,0.283769,0.280461,0.053094,1.0,1.0,0.043215,0.042083,0.006052,1.0,1.0,0.008588,0.008962,0.003415,0.005398,0.005781,0.008336,-0.00061,0.002156,417,1.0,-42.3675,82.1954,QUALIFIED,,-0.043549,-0.580673,-0.441965,,True,True,BOTH,normal_low,,0.0,0.0,0.0,0.0,3,full_m3_data
21038,1583.0,0.989375,0.516,1.13,2809.814276689829,1646.7605811749845,-4306.48547062539,-24769.856917245736,25.1418,2782,1614,2834,1673,8.25,4.2187,26.9456,6.7224,3.1266,-207.7412,1.0,0.0945,0.2572,1583.0,0.168465,0.165595,0.03282,1.0,1.0,0.068206,0.065653,0.014173,1.0,1.0,0.008199,0.00381,0.001966,0.00126,-0.000126,-0.001426,-0.003309,-0.006519,1583,1.0,73.237,102.5391,QUALIFIED,,0.535309,0.359105,,,True,True,BOTH,normal_low,,,0.037533,0.050888,0.017684,2,partial_m3_data
21095,348.0,0.2175,0.4677,1.29,2812.9971264367814,736.514367816092,-27062.6408045977,-24849.42816091953,36.7407,2804,719,2828,750,5.9337,2.4691,16.5904,5.2599,1.6068,-4395.1957,1.0,0.9028,0.2474,348.0,0.344456,0.335057,0.061404,1.0,1.0,0.083921,0.068573,0.037713,1.0,1.0,0.000618,0.001345,0.000938,0.000593,0.00301,-0.000596,-0.001683,0.003273,348,1.0,-96.3518,96.3954,QUALIFIED,,,,1.198007,,True,True,BOTH,normal_low,,0.122035,,,0.030509,1,partial_m3_data
21112,398.0,0.24875,0.6633,1.04,2819.997487437186,322.0,-37425.5,-25024.43718592965,45.0209,2808,310,2832,335,6.9617,4.24,21.574,5.4059,2.7627,-4630.6221,1.0,0.8506,0.3049,398.0,0.31192,0.297432,0.081506,1.0,1.0,0.038587,0.03806,0.004629,1.0,1.0,0.002046,0.007631,0.002338,0.002067,0.003223,0.007059,-0.001553,0.000645,398,1.0,-69.3437,109.3478,QUALIFIED,,-2.729717,0.115911,-1.190195,,True,True,BOTH,normal_low,,0.0,0.0,0.016425,0.003285,3,full_m3_data
21129,1954.0,1.22125,0.6025,1.47,2801.7876151484134,2041.226202661208,5555.155066530191,-24569.190378710337,25.19,2765,2016,2834,2063,12.2413,3.5089,25.3721,10.7122,2.4091,441.6175,1.0,0.0425,0.1615,1954.0,0.213348,0.208686,0.040545,1.0,1.0,0.073324,0.071932,0.014859,1.0,1.0,0.00023,-0.000189,-0.000235,0.003119,-0.002265,-0.002155,-0.004957,-0.00739,1954,1.0,84.0064,107.1887,QUALIFIED,,,,,,True,True,BOTH,normal_low,,,,,0.0,0,no_m3_data
21159,140.0,0.0875,0.5128,1.62,2818.692857142857,1551.8285714285714,-6679.785714285717,-24991.82142857142,25.8695,2809,1547,2830,1560,8.0202,4.2697,26.0106,7.8739,3.0098,-57.928,1.0,0.036,0.1688,140.0,0.177866,0.172494,0.035628,1.0,1.0,0.054934,0.051789,0.007652,1.0,1.0,0.001511,0.000398,8.1e-05,0.001453,-0.000624,-0.002611,-0.006326,-0.006602,140,1.0,62.9466,93.772,QUALIFIED,,0.736598,,,,True,True,BOTH,normal_low,,,0.051646,,0.010329,1,partial_m3_data
21278,184.0,0.115,0.4646,1.22,2828.3478260869565,692.3369565217391,-28167.07608695652,-25233.19565217392,37.8166,2818,682,2836,704,6.4931,4.4333,24.5426,5.4395,2.1488,-4478.9748,1.0,0.96,0.1625,184.0,0.24141,0.236489,0.048854,1.0,1.0,0.057468,0.057249,0.006159,1.0,1.0,-0.00042,0.002147,0.002258,0.001861,0.001984,-0.001309,-0.002868,-0.000644,184,1.0,-96.3518,96.3954,QUALIFIED,,,0.175819,1.659778,,True,True,BOTH,normal_low,,0.169074,,0.024915,0.047252,2,partial_m3_data
21282,1183.0,0.739375,0.4888,1.25,2834.552831783601,2363.3795435333896,13608.988588334738,-25388.32079459002,28.8064,2806,2344,2861,2388,9.096,3.8567,27.9553,7.6301,2.3055,-453.963,1.0,0.1104,0.2725,1183.0,,,,0.0,0.0,0.081014,0.075791,0.0206,1.0,1.0,0.000179,0.000397,-0.001293,-0.001994,-0.000585,-0.003379,-0.002341,-0.006631,1183,1.0,84.0064,107.1887,QUALIFIED,,,,,,False,True,S1_ONLY,no_data,,,,,0.0,0,no_m3_data
21301,233.0,0.145625,0.4405,1.0,2831.703862660944,3014.2789699570817,29881.474248927043,-25317.0965665236,39.1652,2821,3003,2844,3026,5.5743,3.0499,15.0895,4.7845,2.4142,2146.0146,1.0,0.1324,0.2792,233.0,,,,0.0,0.0,0.061726,0.061145,0.007735,1.0,1.0,0.000199,-0.000293,-1.6e-05,-0.013853,0.00645,0.007164,-0.005546,-0.007875,233,1.0,160.1585,85.0259,QUALIFIED,,,,-0.110698,,False,True,S1_ONLY,no_data,,0.0,,,0.0,1,partial_m3_data
21392,468.0,0.2925,0.3973,1.23,2847.2970085470088,367.85470085470087,-36279.13247863248,-25706.92521367522,44.4636,2835,346,2866,384,10.2473,2.7593,18.155,8.3768,1.3527,-4713.5826,1.0,0.9928,0.0789,468.0,0.154674,0.143524,0.043226,1.0,1.0,0.043205,0.041708,0.006908,1.0,1.0,0.002753,0.002806,0.002369,0.001953,0.002243,0.002526,-0.001437,-0.002082,468,1.0,-69.3437,109.3478,QUALIFIED,,-0.019252,0.175602,-0.12617,,True,True,BOTH,normal_low,,0.0,0.0,0.024884,0.004977,3,full_m3_data
21394,820.0,0.5125,0.5578,1.2,2839.6743902439025,781.8146341463415,-25930.13414634146,-25516.35975609756,36.3793,2825,763,2860,805,13.8034,2.8083,23.9785,12.1957,1.75,-4434.7862,1.0,0.0666,0.2007,820.0,0.314308,0.305705,0.057383,1.0,1.0,0.039037,0.038796,0.003674,1.0,1.0,0.013351,-0.000856,-0.001522,-0.001453,-0.000302,-0.006618,-0.007144,-0.002026,820,1.0,-96.3518,96.3954,QUALIFIED,,1.064115,,,,True,True,BOTH,normal_low,,,0.07461,,0.014922,1,partial_m3_data
21423,1032.0,0.645,0.3468,1.29,2856.5271317829456,2418.5087209302324,14987.21802325581,-25937.67829457364,29.957,2837,2391,2885,2453,9.4299,4.9411,25.9077,7.5849,3.342,-568.579,1.0,0.9438,0.2116,1032.0,,,,0.0,0.0,0.096445,0.081858,0.043522,1.0,1.0,0.001377,-0.000906,-0.001905,-0.004208,1.4e-05,-0.002549,-0.003418,-0.006114,1032,1.0,121.4255,96.4448,QUALIFIED,,1.657952,,,,False,True,S1_ONLY,no_data,,,0.116247,,0.023249,1,partial_m3_data
21476,503.0,0.314375,0.4234,1.63,2852.5805168986085,471.84095427435386,-33679.47614314115,-25839.01292246522,42.4494,2840,448,2867,492,3.1681,2.1137,10.67,2.5969,1.3627,-4739.5415,1.0,0.8996,0.2585,503.0,0.204647,0.198488,0.029338,1.0,1.0,0.036304,0.035681,0.004497,1.0,1.0,0.012025,0.009126,0.002957,0.004948,0.001286,-0.001716,-0.008046,-0.008363,503,1.0,-96.3518,96.3954,QUALIFIED,,0.241081,-0.673318,2.33437,,True,True,BOTH,normal_low,,0.237791,0.016903,0.0,0.062828,3,full_m3_data
21477,633.0,0.395625,0.4945,1.25,2842.011058451817,887.7709320695103,-23281.22669826224,-25574.77646129542,34.5845,2826,867,2858,907,17.6845,3.1286,27.7738,16.1382,1.7734,-4091.1251,1.0,0.0005,0.009,633.0,0.30792,0.305265,0.042475,1.0,1.0,0.057747,0.059206,0.009552,1.0,1.0,0.02291,0.002844,0.001771,-0.000537,0.003955,-0.000729,0.00062,-0.000707,633,1.0,-46.7006,94.2531,QUALIFIED,,0.875862,1.303219,1.184324,,True,True,BOTH,normal_low,,0.120641,0.061411,0.184676,0.079378,3,full_m3_data
21501,171.0,0.106875,0.7066,2.0,2852.0,510.1637426900585,-32721.40643274854,-25824.5,41.6844,2847,501,2858,523,5.168,3.7828,22.379,4.1008,2.5006,-4759.5628,1.0,0.9789,0.1253,171.0,0.237219,0.213658,0.085612,1.0,1.0,0.03765,0.036295,0.006386,1.0,1.0,0.011803,0.010712,0.00276,0.005739,0.00469,-0.002981,-0.006815,-0.001473,171,1.0,-96.3518,96.3954,QUALIFIED,,0.092434,-1.079348,1.635608,,True,True,BOTH,normal_low,,0.166612,0.006481,0.0,0.042949,3,full_m3_data
21549,829.0,0.518125,0.5345,1.42,2856.709288299156,392.2352231604343,-35669.61942098914,-25942.232207478883,44.1057,2832,376,2879,409,5.2813,3.4414,21.9733,4.3059,2.5215,-4758.3128,1.0,0.9671,0.1552,829.0,0.207946,0.193868,0.060323,1.0,1.0,0.047511,0.039303,0.025689,1.0,1.0,0.014193,0.00184,0.002528,0.000808,0.002656,-0.000272,-0.001264,-0.000565,829,1.0,-69.3437,109.3478,QUALIFIED,,0.870359,0.68038,1.10241,,True,True,BOTH,normal_low,,0.112297,0.061025,0.096415,0.059562,3,full_m3_data
21553,273.0,0.170625,0.5056,1.35,2873.054945054945,1822.919413919414,97.4853479853482,-26350.873626373635,26.3516,2861,1813,2888,1833,6.2241,2.6276,15.5643,5.7336,1.9554,-114.6841,1.0,0.0248,0.1101,273.0,0.174414,0.174789,0.026912,1.0,1.0,0.066777,0.066078,0.005217,1.0,1.0,-0.000186,-0.000675,-0.000224,0.000773,0.000394,-0.002334,-0.002428,-4.5e-05,81,0.2967,73.237,102.5391,QUALIFIED,,,,,,True,True,BOTH,normal_low,,,,,0.0,0,no_m3_data
21555,235.0,0.146875,0.5676,1.28,2865.0425531914893,2440.51914893617,15537.478723404252,-26150.56382978724,30.4189,2857,2428,2875,2451,9.4903,4.261,22.5301,7.0627,1.9168,-583.0694,1.0,1.0,0.0,235.0,,,,0.0,0.0,0.056803,0.055153,0.009078,1.0,1.0,0.002904,0.000524,-0.001003,-0.007833,0.001254,-0.002262,-0.003067,-0.003987,235,1.0,121.4255,96.4448,QUALIFIED,,0.819559,,2.803828,,False,True,S1_ONLY,no_data,,0.285613,0.057463,,0.082896,2,partial_m3_data
21568,280.0,0.175,0.5556,1.14,2869.442857142857,2463.978571428572,16123.964285714284,-26260.57142857142,30.8163,2860,2451,2881,2475,7.7037,2.8681,15.0768,5.9266,1.3867,-548.3803,1.0,1.0,0.0,280.0,,,,0.0,0.0,0.073466,0.07489,0.012019,1.0,1.0,0.003984,0.001901,-0.000869,-0.007201,0.00179,-0.002015,-0.002266,-0.005197,280,1.0,121.4255,96.4448,QUALIFIED,,0.522841,,2.125698,,False,True,S1_ONLY,no_data,,0.216535,0.036659,,0.061466,2,partial_m3_data
21651,1953.0,1.220625,0.378,1.3,2878.5284178187403,2481.2232462877623,16555.081157194058,-26487.710445468503,31.2364,2842,2432,2905,2514,6.9109,3.8937,24.4324,5.5964,2.5749,-538.558,1.0,0.897,0.296,1953.0,,,,0.0,0.0,0.067276,0.064095,0.013077,1.0,1.0,0.002775,0.000472,-0.000205,-0.002688,-0.001912,-0.004103,-0.004594,-0.006991,1953,1.0,121.4255,96.4448,QUALIFIED,,0.82991,,,,False,True,S1_ONLY,no_data,,,0.058189,,0.011638,1,partial_m3_data
21695,132.0,0.0825,0.5546,1.21,2877.742424242424,2452.378787878788,15833.969696969696,-26468.060606060608,30.8434,2871,2446,2888,2460,4.7277,2.243,11.0858,4.0357,1.2009,-575.8455,1.0,1.0,0.0,132.0,,,,0.0,0.0,0.059612,0.055935,0.010675,1.0,1.0,0.000963,0.002135,-0.000498,-0.007637,0.003643,-0.001661,-0.002035,-0.005194,132,1.0,121.4255,96.4448,QUALIFIED,,,,1.455943,,False,True,S1_ONLY,no_data,,0.14831,,,0.037078,1,partial_m3_data
21704,778.0,0.48625,0.5321,1.26,2873.8766066838048,477.7017994858612,-33532.95501285347,-26371.415167095125,42.6603,2856,463,2899,497,4.4996,2.7839,26.4514,3.4774,1.5564,-4752.1163,1.0,0.9389,0.2174,778.0,0.193777,0.187096,0.031283,1.0,1.0,0.037073,0.036203,0.004002,1.0,1.0,0.023873,0.007277,-0.001732,-0.001429,0.001568,-0.004128,-0.003992,-0.00357,778,1.0,-96.3518,96.3954,QUALIFIED,,0.695179,,3.632653,,True,True,BOTH,normal_low,,0.370041,0.048742,,0.102259,2,partial_m3_data
21791,223.0,0.139375,0.5589,1.11,2887.2780269058294,2349.9282511210763,13272.706278026904,-26706.450672645733,29.8235,2877,2341,2898,2360,9.2666,3.3421,20.4465,8.1777,2.2882,-504.4334,1.0,0.0822,0.2352,223.0,,,,0.0,0.0,0.09035,0.087913,0.015088,1.0,1.0,-0.000579,-0.000326,-0.000559,-0.010184,0.000546,-0.001397,-0.001234,-0.005166,223,1.0,84.0064,107.1887,QUALIFIED,,,,,,False,True,S1_ONLY,no_data,,,,,0.0,0,no_m3_data
21792,273.0,0.170625,0.4789,1.58,2883.076923076923,2440.6263736263736,15540.159340659338,-26601.42307692308,30.8087,2869,2432,2899,2451,5.2587,2.7433,14.6485,4.1617,1.1522,-585.1949,1.0,1.0,0.0,273.0,,,,0.0,0.0,0.065267,0.063202,0.012944,1.0,1.0,0.000158,0.000353,-0.00027,-0.005663,0.001649,-0.00284,-0.002976,-0.006853,273,1.0,121.4255,96.4448,QUALIFIED,,,,2.722256,,False,True,S1_ONLY,no_data,,0.277303,,,0.069326,1,partial_m3_data
21810,173.0,0.108125,0.5058,1.06,2882.635838150289,922.606936416185,-22410.326589595374,-26590.395953757223,34.7746,2874,913,2892,932,14.8098,3.3985,23.3332,13.4976,1.7783,-3949.2529,1.0,0.0102,0.0863,173.0,0.32418,0.317718,0.060735,1.0,1.0,0.046974,0.044344,0.012721,1.0,1.0,0.000293,0.001876,0.000258,0.001149,0.002741,-0.007499,0.000795,-0.000511,173,1.0,-46.7006,94.2531,QUALIFIED,,,,3.735863,,True,True,BOTH,normal_low,,0.380555,,,0.095139,1,partial_m3_data
21846,962.0,0.60125,0.52,1.35,2880.985446985447,2421.9282744282746,15072.706860706863,-26549.13617463618,30.5301,2856,2401,2906,2438,7.7634,4.4386,28.7914,6.0593,3.0994,-587.1499,1.0,1.0,0.0,962.0,,,,0.0,0.0,0.069513,0.066258,0.012886,1.0,1.0,0.001497,-0.00118,-0.00053,-0.005935,0.001273,-0.002555,-0.002536,-0.005238,962,1.0,121.4255,96.4448,QUALIFIED,,1.788243,,3.00707,,False,True,S1_ONLY,no_data,,0.306316,0.125382,,0.101655,2,partial_m3_data
21880,374.0,0.23375,0.5541,1.08,2886.620320855615,388.86898395721926,-35753.77540106952,-26690.00802139037,44.617,2874,376,2901,401,4.2852,2.0959,12.2501,3.555,1.2963,-4741.4227,1.0,1.0,0.0,374.0,0.165386,0.16478,0.020868,1.0,1.0,0.042824,0.039074,0.013353,1.0,1.0,0.010969,0.000824,0.001167,0.00021,0.005183,0.002117,0.002764,0.008186,374,1.0,-69.3437,109.3478,QUALIFIED,,0.924879,0.820051,0.591549,-1.96165,True,True,BOTH,normal_low,0.0,0.060258,0.064848,0.116208,0.051276,4,full_m3_data
21897,131.0,0.081875,0.6616,1.64,2898.0458015267177,601.8778625954199,-30428.553435114503,-26975.645038167942,40.6642,2893,593,2904,611,8.7287,2.2223,14.0622,8.7916,1.9177,-4822.0751,1.0,0.9985,0.0144,131.0,0.27055,0.257582,0.053906,1.0,1.0,0.046491,0.04613,0.005735,1.0,1.0,0.007953,0.006528,0.002828,0.003528,0.006884,0.004013,0.000974,0.002291,131,1.0,-96.3518,96.3954,QUALIFIED,,0.179178,-0.247525,0.417054,,True,True,BOTH,normal_low,,0.042483,0.012563,0.0,0.013133,3,full_m3_data
21924,500.0,0.3125,0.625,1.28,2909.762,549.676,-31733.6,-27268.550000000003,41.8401,2898,534,2923,566,8.9384,3.2545,16.9805,7.837,2.2958,-4911.8439,1.0,1.0,0.0,500.0,0.218366,0.199251,0.059623,1.0,1.0,0.033304,0.031228,0.006139,1.0,1.0,0.007297,0.011376,0.002913,0.004269,0.005511,0.007523,0.003364,0.007403,500,1.0,-96.3518,96.3954,QUALIFIED,,-0.558997,-0.465499,-0.365088,-1.200654,True,True,BOTH,normal_low,0.0,0.0,0.0,0.0,0.0,4,full_m3_data
21937,770.0,0.48125,0.484,1.16,2906.612987012987,755.012987012987,-26600.175324675325,-27189.82467532468,38.0376,2887,735,2924,778,6.6208,3.3466,17.6407,5.3184,1.8995,-4696.8393,1.0,0.98,0.1184,770.0,0.184837,0.178231,0.039491,1.0,1.0,0.048351,0.047136,0.009851,1.0,1.0,0.002107,0.001919,0.000588,0.011389,-0.002164,-0.006826,-0.009264,-0.007482,770,1.0,-96.3518,96.3954,QUALIFIED,,0.089226,,,,True,True,BOTH,normal_low,,,0.006256,,0.001251,1,partial_m3_data
22013,355.0,0.221875,0.4383,1.11,2905.6,3228.222535211268,35230.06338028169,-27164.5,44.4874,2892,3215,2922,3242,17.8047,2.9352,25.9119,16.1589,1.6958,345.2574,1.0,0.0,0.0,355.0,,,,0.0,0.0,0.051233,0.048831,0.007812,1.0,1.0,-0.000785,0.000327,0.001578,7.8e-05,0.001611,0.000885,-0.003476,-0.000725,355,1.0,38.2714,72.2664,QUALIFIED,,,0.95057,0.450652,,False,True,S1_ONLY,no_data,,0.045906,,0.134703,0.038417,2,partial_m3_data
22023,634.0,0.39625,0.5176,1.96,2909.776025236593,2447.788643533123,15719.216088328074,-27268.900630914824,31.4759,2898,2424,2923,2473,7.0509,4.701,25.9176,5.1056,2.2553,-600.086,1.0,1.0,0.0,634.0,,,,0.0,0.0,0.072051,0.072001,0.01132,1.0,1.0,0.003391,0.001367,0.00081,0.001094,0.004382,0.001532,0.003204,0.002277,634,1.0,121.4255,96.4448,QUALIFIED,,0.596874,,0.650388,0.289326,False,True,S1_ONLY,no_data,0.013033,0.066252,0.04185,,0.029495,3,full_m3_data
22032,2004.0,1.2525,0.4334,1.0,2902.327345309381,528.9171656686626,-32252.57085828344,-27082.683632734523,42.1153,2871,499,2939,567,8.2952,2.6783,20.5039,7.1402,1.8102,-4866.9648,1.0,0.9379,0.2143,2004.0,0.225462,0.213902,0.061128,1.0,1.0,0.033813,0.031255,0.007981,1.0,1.0,0.009286,0.01059,0.003044,0.007774,0.007381,0.00503,0.003549,0.002988,2004,1.0,-96.3518,96.3954,QUALIFIED,,-0.140426,-1.553876,0.318521,0.158073,True,True,BOTH,normal_low,0.007121,0.032446,0.0,0.0,0.010604,4,full_m3_data
22033,345.0,0.215625,0.552,1.0,2906.9217391304346,733.1449275362319,-27146.876811594204,-27197.543478260865,38.4273,2894,721,2919,746,4.0607,1.9888,10.7172,3.4296,1.028,-4710.2316,1.0,0.9892,0.076,345.0,0.199015,0.1982,0.029103,1.0,1.0,0.042872,0.042994,0.007733,1.0,1.0,0.00305,0.003375,0.000485,0.010113,0.000472,-0.007756,-0.009972,-0.005008,345,1.0,-96.3518,96.3954,QUALIFIED,,-0.106557,,,,True,True,BOTH,normal_low,,,0.0,,0.0,1,partial_m3_data
22123,2013.0,1.258125,0.5509,1.09,2923.5921510183807,2485.2757078986588,16656.392697466472,-27614.30377545952,32.2495,2888,2461,2951,2519,6.1443,3.8487,19.7821,4.7175,2.6396,-572.4748,1.0,1.0,0.0,2013.0,0.269288,0.247314,0.079461,0.15996,0.15996,0.082866,0.080636,0.020586,1.0,1.0,0.005567,0.000451,0.001965,0.001781,0.0014,-0.00154,-0.007963,-0.008604,2013,1.0,121.4255,96.4448,QUALIFIED,,0.918987,0.093639,2.1,,True,True,BOTH,normal_low,,0.213917,0.064434,0.013269,0.06902,3,full_m3_data
22150,553.0,0.345625,0.5643,1.25,2931.446654611212,2434.889692585896,15396.74231464738,-27810.666365280296,31.7889,2915,2422,2950,2450,5.0829,3.0908,16.0369,3.5644,1.5745,-602.4427,1.0,1.0,0.0,553.0,0.199418,0.1963,0.026189,0.039783,0.039783,0.075726,0.072491,0.015285,1.0,1.0,0.001877,-0.000612,0.000396,0.001277,0.000915,-0.000721,-0.008985,-0.009944,553,1.0,121.4255,96.4448,QUALIFIED,,1.326052,,,,False,True,S1_ONLY,normal_low,,,0.092976,,0.018595,1,partial_m3_data
22156,459.0,0.286875,0.5695,1.19,2930.2047930283225,2406.6470588235293,14690.67647058823,-27779.61982570807,31.4256,2914,2393,2945,2419,6.272,3.5457,18.7875,5.47,2.7943,-590.8145,1.0,1.0,0.0,459.0,,,,0.0,0.0,0.094412,0.09076,0.019604,1.0,1.0,0.00223,-0.002457,0.001267,0.001052,0.000869,0.001263,-0.004509,-0.00789,459,1.0,121.4255,96.4448,QUALIFIED,,2.101794,0.169692,,,False,True,S1_ONLY,no_data,,,0.147367,0.024047,0.034283,2,partial_m3_data
22161,156.0,0.0975,0.6964,1.14,2923.826923076923,1312.9871794871794,-12650.820512820515,-27620.17307692308,30.3798,2916,1306,2932,1320,17.9749,3.7898,27.6767,16.2366,1.7799,-506.8577,1.0,0.0151,0.0737,156.0,0.254139,0.247802,0.069041,1.0,1.0,0.040244,0.038304,0.020817,1.0,1.0,0.0118,0.012706,0.012201,0.014048,0.016428,0.018494,0.015581,0.01329,156,1.0,62.9466,93.772,QUALIFIED,,-0.07678,-0.151381,-0.125761,0.147038,True,True,BOTH,normal_low,0.006624,0.0,0.0,0.0,0.002318,4,full_m3_data
22164,1372.0,0.8575,0.5104,1.52,2908.962827988338,2090.221574344024,6780.039358600581,-27248.57069970845,28.08,2889,2055,2931,2119,7.2337,2.8586,21.4838,6.3556,2.2154,-111.2772,1.0,0.0364,0.1486,1372.0,,,,0.0,0.0,0.043835,0.042782,0.007846,1.0,1.0,0.000877,-0.000604,0.001069,-0.00351,-0.000753,-0.003875,-0.003809,-0.007578,1372,1.0,84.0064,107.1887,QUALIFIED,,,4.283442,,,False,True,S1_ONLY,no_data,,,,0.606997,0.121399,1,partial_m3_data
22175,166.0,0.10375,0.5461,1.19,2926.602409638554,533.8674698795181,-32128.81325301205,-27689.56024096385,42.4142,2919,525,2935,544,4.2114,4.6625,29.2511,3.8215,2.4092,-4947.9778,1.0,1.0,0.0,166.0,0.184697,0.179565,0.024654,1.0,1.0,0.029673,0.029433,0.001825,1.0,1.0,0.007414,0.013403,0.006293,0.034773,0.0074,0.007748,0.001055,0.003696,166,1.0,-96.3518,96.3954,QUALIFIED,,-0.807796,-4.525663,-0.047027,-2.503318,True,True,BOTH,normal_low,0.0,0.0,0.0,0.0,0.0,4,full_m3_data
22193,332.0,0.2075,0.5123,1.12,2938.626506024096,706.3463855421687,-27816.840361445786,-27990.162650602404,39.4617,2928,693,2952,720,3.1871,1.7481,8.0848,2.4823,0.9198,-4719.2895,1.0,1.0,0.0,332.0,0.181889,0.183786,0.029758,1.0,1.0,0.049567,0.049037,0.006132,1.0,1.0,0.000578,-0.000413,0.001706,-0.001403,0.003223,0.000169,0.001548,0.001005,332,1.0,-96.3518,96.3954,QUALIFIED,,,1.822392,0.947564,0.350775,True,True,BOTH,normal_low,0.015801,0.096524,,0.258247,0.081311,3,full_m3_data
22198,596.0,0.3725,0.6274,1.52,2929.9278523489934,573.256711409396,-31144.0822147651,-27772.69630872483,41.7286,2917,555,2942,593,3.3666,2.2274,12.7694,2.5091,1.3769,-4947.2681,1.0,1.0,0.0,596.0,0.160799,0.157401,0.024298,1.0,1.0,0.036843,0.037032,0.00542,1.0,1.0,0.00579,0.01039,0.003943,0.024851,0.00825,0.002577,0.001321,0.006508,596,1.0,-96.3518,96.3954,QUALIFIED,,-0.794473,-5.302562,0.687636,-3.926571,True,True,BOTH,normal_low,0.0,0.070046,0.0,0.0,0.017512,4,full_m3_data
22215,526.0,0.32875,0.5496,1.14,2935.319391634981,546.9144486692015,-31802.63878326996,-27907.48479087453,42.3111,2921,534,2954,563,3.5903,2.3841,17.6538,2.745,1.488,-4955.3575,1.0,1.0,0.0,526.0,0.179299,0.176256,0.027454,1.0,1.0,0.031929,0.031518,0.003693,1.0,1.0,0.005188,0.009635,0.00497,0.020338,0.008166,0.006153,0.004289,0.006858,526,1.0,-96.3518,96.3954,QUALIFIED,,-0.85717,-3.092153,0.24651,-0.598974,True,True,BOTH,normal_low,0.0,0.025111,0.0,0.0,0.006278,4,full_m3_data
22231,443.0,0.276875,0.5212,1.36,2932.6794582392777,2454.731376975169,15892.784424379235,-27841.48645598194,32.0589,2915,2443,2949,2468,5.1903,2.7072,15.8918,3.8114,1.556,-580.9813,1.0,1.0,0.0,443.0,0.241408,0.239444,0.03569,0.162528,0.162528,0.07979,0.078012,0.012114,1.0,1.0,0.005096,0.000296,0.000763,0.001675,0.001262,-0.000507,-0.009262,-0.008793,443,1.0,121.4255,96.4448,QUALIFIED,,0.941915,,1.401743,,True,True,BOTH,normal_low,,0.142789,0.066042,,0.048906,2,partial_m3_data
22234,168.0,0.105,0.549,1.06,2932.3809523809523,687.0238095238095,-28299.904761904763,-27834.0238095238,39.694,2924,679,2941,697,2.5085,1.3167,9.1758,1.9088,0.615,-4721.5509,1.0,0.9971,0.0261,168.0,0.188575,0.184728,0.027847,1.0,1.0,0.051709,0.051332,0.004445,1.0,1.0,0.001965,0.002172,0.003939,0.003441,0.005465,0.002691,0.005226,0.002629,168,1.0,-96.3518,96.3954,QUALIFIED,,-0.105344,0.126428,0.507594,0.496938,True,True,BOTH,normal_low,0.022386,0.051706,0.0,0.017916,0.024345,4,full_m3_data
22258,441.0,0.275625,0.5568,1.64,2944.024943310658,454.6621315192744,-34108.946712018136,-28125.12358276645,44.209,2934,438,2956,474,8.0657,3.0779,18.1564,6.684,1.8727,-4913.3564,1.0,0.908,0.2523,441.0,0.230371,0.214737,0.051734,1.0,1.0,0.038638,0.035885,0.008598,1.0,1.0,0.006877,0.007679,0.00347,0.011982,0.00602,0.000268,0.002511,0.004067,441,1.0,-96.3518,96.3954,QUALIFIED,,-0.116621,-2.453026,0.955482,-0.619673,True,True,BOTH,normal_low,0.0,0.09733,0.0,0.0,0.024332,4,full_m3_data
22273,342.0,0.21375,0.6465,1.0,2938.5877192982457,669.1666666666666,-28746.333333333336,-27989.192982456138,40.1216,2928,659,2951,682,3.0181,2.0632,13.6004,2.1317,0.7082,-4721.7562,1.0,0.9985,0.026,342.0,0.148644,0.145283,0.022115,1.0,1.0,0.044773,0.044491,0.004679,1.0,1.0,0.003247,0.003094,0.003997,0.003002,0.006426,0.002949,0.005532,0.003855,342,1.0,-96.3518,96.3954,QUALIFIED,,0.04712,0.248937,0.541083,0.303145,True,True,BOTH,normal_low,0.013656,0.055118,0.003304,0.035276,0.026275,4,full_m3_data
22289,189.0,0.118125,0.6176,1.06,2946.7619047619046,557.7566137566138,-31531.58465608465,-28193.54761904762,42.2979,2939,549,2956,567,2.6612,1.7419,13.342,1.8806,0.5291,-4951.2254,1.0,1.0,0.0,189.0,0.166327,0.161102,0.023505,1.0,1.0,0.036271,0.035899,0.004515,1.0,1.0,0.005327,0.007121,0.00394,0.00205,0.008639,0.003021,0.006718,0.008605,189,1.0,-96.3518,96.3954,QUALIFIED,,-0.336775,0.479695,0.650307,-0.280887,True,True,BOTH,normal_low,0.0,0.066244,0.0,0.067977,0.030156,4,full_m3_data
22303,707.0,0.441875,0.5316,1.09,2948.895332390382,612.0678925035361,-30173.8026874116,-28246.88330975955,41.3321,2933,598,2971,633,8.1353,3.237,22.0093,7.1156,2.1866,-4888.5606,1.0,1.0,0.0,707.0,0.206696,0.186008,0.064459,1.0,1.0,0.042443,0.042116,0.004014,1.0,1.0,0.005556,0.004772,0.003073,0.001368,0.006485,0.002602,0.003634,0.004981,707,1.0,-96.3518,96.3954,QUALIFIED,,0.141109,0.554832,0.598766,-0.370666,True,True,BOTH,normal_low,0.0,0.060993,0.009894,0.078624,0.032952,4,full_m3_data
22319,571.0,0.356875,0.3884,1.63,2931.4063047285463,2418.105078809107,14977.126970227677,-27809.657618213663,31.5869,2905,2400,2954,2430,6.9256,3.4745,22.3813,5.4174,1.9144,-598.5297,1.0,1.0,0.0,571.0,0.231702,0.233515,0.009714,0.015762,0.015762,0.089407,0.08392,0.019812,1.0,1.0,0.001036,-0.001194,0.000637,0.000287,0.000629,0.000416,-0.004292,-0.004454,571,1.0,121.4255,96.4448,QUALIFIED,,2.15251,,,,False,True,S1_ONLY,normal_low,,,0.150922,,0.030184,1,partial_m3_data
22351,577.0,0.360625,0.4623,1.22,2947.712305025997,583.7729636048526,-30881.17590987869,-28217.30762564992,41.8313,2931,563,2963,602,3.8506,2.6978,17.8457,2.8838,1.6444,-4946.8351,1.0,1.0,0.0,577.0,0.157506,0.152493,0.025903,1.0,1.0,0.066697,0.051204,0.032429,1.0,1.0,0.005431,0.005824,0.004388,0.001891,0.006579,0.002371,0.004577,0.005382,577,1.0,-96.3518,96.3954,QUALIFIED,,-0.072362,0.569052,0.639611,-0.175879,True,True,BOTH,normal_low,0.0,0.065154,0.0,0.080639,0.032416,4,full_m3_data
22355,383.0,0.239375,0.6003,1.32,2947.9268929503914,1776.261096605744,-1068.9725848563976,-28222.67232375979,28.2434,2937,1761,2959,1790,18.2142,2.5222,25.3851,16.4528,0.9832,-793.7343,1.0,0.0,0.0,383.0,0.252729,0.252946,0.032016,1.0,1.0,0.04909,0.048258,0.005909,1.0,1.0,0.003495,0.003393,0.000778,0.003345,0.00532,0.005533,0.003425,0.001891,383,1.0,73.237,102.5391,QUALIFIED,,0.029185,,-0.040038,0.447883,True,True,BOTH,normal_low,0.020176,0.0,0.002046,,0.007471,3,full_m3_data
22360,664.0,0.415,0.3305,1.2,2958.0210843373493,459.9051204819277,-33977.8719879518,-28475.02710843373,44.3319,2936,438,2977,487,5.0548,3.368,25.9596,4.4949,3.1637,-4941.78,1.0,0.9648,0.1681,664.0,0.306896,0.264816,0.111619,1.0,1.0,0.05169,0.042667,0.023203,1.0,1.0,0.006795,0.006409,0.002627,0.002182,0.004756,0.000733,0.002806,9.3e-05,664,1.0,-96.3518,96.3954,QUALIFIED,,0.056806,0.169395,0.845879,0.966857,True,True,BOTH,normal_low,0.043554,0.086166,0.003983,0.024005,0.042383,4,full_m3_data
22361,548.0,0.3425,0.5535,1.1,2951.6423357664235,685.6496350364963,-28334.25912408759,-28315.558394160587,40.0575,2937,672,2970,702,4.3304,2.4908,23.7693,2.8588,0.7847,-4720.3567,1.0,0.9957,0.0411,548.0,0.194866,0.177278,0.053733,1.0,1.0,0.043561,0.043161,0.004356,1.0,1.0,0.00332,0.000558,0.001976,0.001475,0.004292,0.002939,0.003021,0.002201,548,1.0,-96.3518,96.3954,QUALIFIED,,0.831928,0.253543,0.315238,0.271433,True,True,BOTH,normal_low,0.012227,0.032112,0.05833,0.035929,0.031159,4,full_m3_data
22377,2139.0,1.336875,0.4201,1.13,2974.6975222066385,722.6905095839177,-27408.237260402057,-28891.93805516596,39.8241,2940,686,3007,762,7.1417,2.7351,19.2946,6.1166,1.7703,-4682.9081,1.0,0.9999,0.0043,2139.0,0.195287,0.183701,0.053871,1.0,1.0,0.069244,0.065076,0.0173,1.0,1.0,0.002287,0.000313,0.001105,-0.002349,0.001549,0.000824,-0.001425,-0.002167,2139,1.0,-96.3518,96.3954,QUALIFIED,,0.863139,3.125792,0.468044,,True,True,BOTH,normal_low,,0.047677,0.060519,0.442949,0.112613,3,full_m3_data
22379,234.0,0.14625,0.45,1.3,2953.303418803419,1806.008547008547,-325.2863247863206,-28357.08547008547,28.3594,2945,1794,2965,1820,19.1567,2.3651,25.2254,17.3671,1.1666,-697.273,1.0,0.0,0.0,234.0,0.273615,0.270157,0.040903,1.0,1.0,0.054134,0.053335,0.006464,1.0,1.0,0.003848,0.001722,-0.000865,0.002011,0.004441,0.00345,0.000728,-0.000183,215,0.9188,73.237,102.5391,QUALIFIED,,0.552495,,0.223148,,True,True,BOTH,normal_low,,0.022731,0.038738,,0.01343,2,partial_m3_data
22383,168.0,0.105,0.5895,1.27,2956.125,545.3928571428571,-31840.67857142857,-28427.625,42.6844,2948,539,2967,554,4.3042,3.0116,13.0808,2.7205,1.128,-4955.9169,1.0,1.0,0.0,168.0,0.172219,0.167087,0.031881,1.0,1.0,0.03586,0.036007,0.002981,1.0,1.0,0.007424,0.007229,0.0043,0.002807,0.008691,0.004348,0.007431,0.006393,168,1.0,-96.3518,96.3954,QUALIFIED,,0.026266,0.347209,0.499712,0.139685,True,True,BOTH,normal_low,0.006292,0.050903,0.001842,0.049202,0.025137,4,full_m3_data
22384,965.0,0.603125,0.4497,1.57,2955.878756476684,649.2746113989638,-29243.634715025903,-28421.46891191709,40.7795,2937,622,2974,680,7.7797,3.4185,25.7691,6.6925,2.5947,-4756.053,1.0,1.0,0.0,965.0,0.257918,0.23604,0.089241,1.0,1.0,0.045631,0.04493,0.005647,1.0,1.0,0.00462,0.002596,0.002384,0.002989,0.004837,0.004607,0.002258,0.002364,965,1.0,-96.3518,96.3954,QUALIFIED,,0.438095,-0.253775,0.04755,-0.046944,True,True,BOTH,normal_low,0.0,0.004844,0.030717,0.0,0.007354,4,full_m3_data
22402,199.0,0.124375,0.3812,1.61,2961.5879396984924,575.8140703517588,-31080.14824120603,-28564.19849246231,42.2124,2952,562,2970,591,3.0006,1.7838,8.4212,2.9394,1.444,-4942.4529,1.0,1.0,0.0,199.0,0.168004,0.164971,0.02828,1.0,1.0,0.05349,0.04962,0.013889,1.0,1.0,0.006912,0.005188,0.003792,0.002734,0.006742,0.003786,0.005722,0.000864,199,1.0,-96.3518,96.3954,QUALIFIED,,0.249421,0.279008,0.438446,0.849004,True,True,BOTH,normal_low,0.038245,0.044662,0.017488,0.039538,0.035956,4,full_m3_data
22403,230.0,0.14375,0.4348,1.0,2961.75652173913,593.9391304347826,-30627.02173913044,-28568.413043478256,41.8828,2950,580,2973,603,5.9035,2.3675,14.8493,5.0917,2.1328,-4925.6849,1.0,1.0,0.0,230.0,0.171202,0.16798,0.02656,1.0,1.0,0.06909,0.063308,0.020738,1.0,1.0,0.005872,0.005167,0.00304,0.002654,0.006364,0.004464,0.003886,0.000153,230,1.0,-96.3518,96.3954,QUALIFIED,,0.120061,0.126974,0.298554,0.960628,True,True,BOTH,normal_low,0.043274,0.030412,0.008418,0.017993,0.028031,4,full_m3_data
22409,130.0,0.08125,0.5,1.54,2951.7,2035.0153846153848,5399.884615384617,-28317.0,28.8279,2946,2026,2959,2046,6.8025,3.357,17.9848,6.5341,1.7406,-409.7286,1.0,0.0566,0.1771,130.0,0.295717,0.283629,0.06627,1.0,1.0,0.083995,0.086968,0.010359,1.0,1.0,0.002624,-0.000835,0.001713,0.001244,-0.001204,0.002844,-0.00199,-0.004052,130,1.0,84.0064,107.1887,QUALIFIED,,1.318216,0.273789,,,True,True,BOTH,normal_low,,,0.092426,0.038798,0.026245,2,partial_m3_data
22421,680.0,0.425,0.5519,1.57,2940.714705882353,2720.1779411764705,22528.94852941176,-28042.367647058825,35.9719,2918,2707,2962,2735,12.757,2.7753,23.2781,11.2037,1.5549,1389.0571,1.0,0.0056,0.0574,680.0,0.255107,0.252389,0.040846,1.0,1.0,0.06047,0.058134,0.017624,1.0,1.0,-0.00074,-0.009177,-4.8e-05,9.7e-05,3.8e-05,0.000543,-0.001299,0.001701,680,1.0,121.4255,96.4448,QUALIFIED,,,,,,True,True,BOTH,normal_low,,,,,0.0,0,no_m3_data
22442,195.0,0.121875,0.7169,1.06,2961.2358974358976,560.0769230769231,-31473.57692307692,-28555.39743589744,42.497,2953,553,2970,569,4.0202,2.0702,9.7159,3.2437,1.6417,-4952.2862,1.0,1.0,0.0,195.0,0.185945,0.181463,0.038073,1.0,1.0,0.040074,0.040281,0.004278,1.0,1.0,0.007739,0.005336,0.003784,0.003751,0.007629,0.004153,0.006073,0.001305,195,1.0,-96.3518,96.3954,QUALIFIED,,0.310505,0.008721,0.45563,0.785114,True,True,BOTH,normal_low,0.035367,0.046413,0.021771,0.001236,0.028583,4,full_m3_data
22443,434.0,0.27125,0.4822,1.0,2953.746543778802,711.2096774193549,-27695.25806451613,-28368.163594470054,39.6457,2939,695,2969,725,3.7565,2.1587,15.404,3.0981,1.2682,-4726.4548,1.0,0.9968,0.0479,434.0,0.206556,0.201193,0.040323,1.0,1.0,0.047839,0.045999,0.00965,1.0,1.0,0.001815,-0.000575,-0.001127,0.000527,0.001455,0.001056,-0.001234,0.001392,434,1.0,-96.3518,96.3954,QUALIFIED,,1.316804,,0.274227,,True,True,BOTH,normal_low,,0.027934,0.092327,,0.025449,2,partial_m3_data
22491,569.0,0.355625,0.3919,1.33,2959.212653778559,2498.93848857645,16997.962214411244,-28504.816344463965,33.1889,2946,2480,2979,2524,6.7077,3.4379,21.1966,5.2906,2.9626,-559.9899,1.0,1.0,0.0,569.0,0.247237,0.242828,0.051443,1.0,1.0,0.107424,0.101297,0.028373,1.0,1.0,0.003151,-0.000403,0.00102,-0.000153,0.000419,0.001365,-0.002799,0.002112,569,1.0,121.4255,96.4448,QUALIFIED,,1.127896,1.15,,,True,True,BOTH,normal_low,,,0.079082,0.162964,0.048409,2,partial_m3_data
22493,502.0,0.31375,0.4648,1.2,2969.5059760956174,527.2689243027888,-32293.77689243028,-28762.14940239044,43.2452,2951,512,2987,542,4.1812,2.828,14.5985,3.5099,2.208,-4955.7225,1.0,1.0,0.0,502.0,0.224698,0.221684,0.054885,1.0,1.0,0.033768,0.033742,0.006985,1.0,1.0,0.007397,0.006944,0.00341,0.002967,0.007619,0.005902,0.004157,0.003746,502,1.0,-96.3518,96.3954,QUALIFIED,,0.061241,0.129912,0.225358,0.098869,True,True,BOTH,normal_low,0.004454,0.022956,0.004294,0.01841,0.011839,4,full_m3_data
22495,1130.0,0.70625,0.4445,1.51,2935.3982300884954,1712.3637168141593,-2666.407079646022,-27909.45575221238,28.037,2906,1695,2968,1736,14.2737,3.3341,25.0005,12.735,2.3937,-873.1838,1.0,0.001,0.0212,1130.0,0.612003,0.64687,0.304471,1.0,1.0,0.046862,0.044933,0.009684,1.0,1.0,0.003833,0.007463,0.002114,-0.000568,0.002681,-0.000325,0.001445,0.000789,1130,1.0,73.237,102.5391,QUALIFIED,,-0.947039,1.268685,1.121223,0.453979,True,True,BOTH,typical,0.020451,0.114214,0.0,0.179783,0.071668,4,full_m3_data
22496,289.0,0.180625,0.5236,1.04,2962.861591695502,2038.0865051903115,5476.66262975779,-28596.039792387543,29.1163,2953,2027,2977,2050,10.7,4.4733,23.6004,9.665,3.7221,-437.3819,1.0,0.0634,0.2009,289.0,0.263185,0.254936,0.039488,1.0,1.0,0.063395,0.063367,0.009776,1.0,1.0,0.003289,0.000478,0.001228,0.001809,0.000888,0.003714,-0.002659,-0.004888,289,1.0,84.0064,107.1887,QUALIFIED,,0.854667,-0.473127,,,True,True,BOTH,normal_low,,,0.059925,0.0,0.011985,2,partial_m3_data
22504,320.0,0.2,0.4938,1.12,2969.7375,2518.740625,17493.015625,-28767.9375,33.6697,2960,2505,2984,2532,7.745,3.4821,17.7556,6.8769,2.6915,-535.7126,1.0,1.0,0.0,320.0,0.232594,0.224359,0.050608,1.0,1.0,0.096384,0.093849,0.01187,1.0,1.0,0.001759,0.000259,0.001556,-0.000114,-0.000192,-0.002339,-0.003332,-0.001774,320,1.0,121.4255,96.4448,QUALIFIED,,0.852757,1.073265,,,True,True,BOTH,normal_low,,,0.059791,0.15209,0.042376,2,partial_m3_data
22527,180.0,0.1125,0.5357,1.31,2967.988888888889,2445.6444444444446,15665.611111111117,-28724.22222222222,32.7191,2960,2435,2976,2456,4.0514,2.251,10.8899,3.7668,1.3671,-565.8964,1.0,1.0,0.0,180.0,0.212342,0.206713,0.033457,1.0,1.0,0.092371,0.088616,0.014076,1.0,1.0,0.000887,0.002239,0.000158,0.001364,0.000529,0.000141,-0.001499,0.004046,180,1.0,121.4255,96.4448,QUALIFIED,,,,,,True,True,BOTH,normal_low,,,,,0.0,0,no_m3_data
22529,887.0,0.554375,0.4285,1.02,2976.963923337092,497.0450958286359,-33049.3726042841,-28948.59808342728,43.9349,2957,475,3003,520,4.6513,3.8775,29.2273,3.475,1.8083,-4960.4626,1.0,1.0,0.0,887.0,0.228149,0.205831,0.078607,1.0,1.0,0.036602,0.036758,0.00691,1.0,1.0,0.006996,0.005816,0.002023,-1.1e-05,0.00459,0.004404,0.001833,0.001155,887,1.0,-96.3518,96.3954,QUALIFIED,,0.168668,1.005437,0.040523,0.369885,True,True,BOTH,normal_low,0.016662,0.004128,0.011826,0.142478,0.037724,4,full_m3_data
22532,260.0,0.1625,0.471,1.04,2970.369230769231,692.9384615384615,-28152.03846153846,-28783.73076923077,40.2622,2959,680,2982,704,5.4261,2.1205,13.5133,4.524,1.0693,-4735.6435,1.0,1.0,0.0,260.0,0.213414,0.205903,0.052242,1.0,1.0,0.054555,0.055521,0.01033,1.0,1.0,0.003472,0.000994,9.1e-05,0.000191,0.001891,0.002005,-0.001852,-0.001978,260,1.0,-96.3518,96.3954,QUALIFIED,,0.71371,,-0.060286,,True,True,BOTH,normal_low,,0.0,0.050042,,0.010008,2,partial_m3_data
22541,1014.0,0.63375,0.442,1.68,2974.2120315581856,634.4980276134122,-29613.049309664697,-28879.80078895464,41.3639,2957,603,2994,665,7.9893,2.7184,20.4886,6.9544,1.8341,-4810.9664,1.0,1.0,0.0,1014.0,0.198143,0.194227,0.039482,1.0,1.0,0.047279,0.045588,0.0069,1.0,1.0,0.00265,0.002968,0.002393,-0.000431,0.003451,0.004895,0.002302,-0.004092,1014,1.0,-96.3518,96.3954,QUALIFIED,,-0.12,1.180109,-0.418429,2.777585,True,True,BOTH,normal_low,0.125123,0.0,0.0,0.167231,0.077239,4,full_m3_data
22546,230.0,0.14375,0.5476,1.05,2966.9,2459.7260869565216,16017.65217391304,-28697.0,32.8653,2957,2451,2978,2471,6.7439,3.794,22.0382,4.5955,1.6688,-579.8621,1.0,1.0,0.0,230.0,0.239897,0.235796,0.039603,1.0,1.0,0.084811,0.080492,0.021056,1.0,1.0,0.002514,0.002493,0.001186,0.001007,0.000816,0.001267,-0.002354,0.003861,230,1.0,121.4255,96.4448,QUALIFIED,,0.008353,0.150927,,,True,True,BOTH,normal_low,,,0.000586,0.021388,0.004395,2,partial_m3_data
22547,749.0,0.468125,0.482,1.14,2963.181575433912,2473.0467289719627,16350.668224299065,-28604.03938584779,32.9481,2943,2455,2985,2492,6.9775,4.8148,27.0812,5.1462,2.4882,-574.2635,1.0,1.0,0.0,749.0,0.260062,0.251101,0.059281,1.0,1.0,0.097626,0.09033,0.035909,1.0,1.0,0.003365,0.001473,0.00127,0.000206,0.0004,0.001724,-0.003346,0.00263,749,1.0,121.4255,96.4448,QUALIFIED,,0.562259,0.837795,,,True,True,BOTH,normal_low,,,0.039423,0.118722,0.031629,2,partial_m3_data
22566,217.0,0.135625,0.4822,1.39,2974.442396313364,2489.852534562212,16770.8133640553,-28885.559907834104,33.4018,2965,2477,2983,2502,3.5123,1.7113,8.1659,3.0047,1.0101,-557.1342,1.0,1.0,0.0,217.0,0.29585,0.289695,0.055252,1.0,1.0,0.151741,0.157365,0.048058,1.0,1.0,0.003679,0.00069,0.001417,0.00052,0.000598,-0.001011,-0.003306,0.001232,217,1.0,121.4255,96.4448,QUALIFIED,,0.812449,0.633028,,,True,True,BOTH,normal_low,,,0.056965,0.089705,0.029334,2,partial_m3_data
22606,235.0,0.146875,0.4947,1.32,2982.4085106382977,2738.714893617021,22992.37234042553,-29084.712765957447,37.0759,2972,2729,2997,2748,11.2034,3.4171,20.9335,10.0692,2.1499,1183.4461,1.0,0.0044,0.0461,235.0,0.249467,0.245593,0.040068,0.842553,0.842553,0.041741,0.042581,0.005105,1.0,1.0,0.000814,0.000359,-0.001427,-0.000926,-0.003069,-0.004742,-0.013491,-0.009427,235,1.0,121.4255,96.4448,QUALIFIED,,,,,,True,True,BOTH,normal_low,,,,,0.0,0,no_m3_data
22625,375.0,0.234375,0.4507,1.23,2971.0986666666668,2946.3413333333333,28183.03333333333,-28801.966666666674,40.2976,2956,2932,2988,2958,10.521,3.3323,21.3532,9.6309,2.0483,1304.6768,1.0,0.065,0.2172,375.0,,,,0.0,0.0,0.04733,0.045851,0.008386,1.0,1.0,0.004033,0.00112,8.1e-05,-0.000184,-0.002568,-0.002101,-0.010039,-0.005561,375,1.0,160.1585,85.0259,QUALIFIED,,0.722291,,,,False,True,S1_ONLY,no_data,,,0.050643,,0.010129,1,partial_m3_data
22646,563.0,0.351875,0.4468,1.4,2985.3108348134992,667.1190053285968,-28797.52486678508,-29157.27087033748,40.981,2964,654,3006,684,5.7528,3.283,17.9367,4.3292,1.6545,-4734.4507,1.0,1.0,0.0,563.0,0.171319,0.165521,0.030011,1.0,1.0,0.052577,0.052542,0.006739,1.0,1.0,0.001187,0.001417,0.003206,-0.003057,0.002643,0.004942,0.00165,-0.004123,563,1.0,-96.3518,96.3954,QUALIFIED,,-0.193766,1.953525,-0.869845,3.498788,True,True,BOTH,normal_low,0.157611,0.0,0.0,0.27683,0.11053,4,full_m3_data
22702,295.0,0.184375,0.4758,1.55,2975.84406779661,2329.0237288135595,12750.09322033899,-28920.60169491525,31.6071,2962,2321,2993,2341,13.0368,4.5766,22.3456,11.3742,3.5567,-163.3713,1.0,0.8766,0.311,295.0,0.230999,0.222154,0.052496,0.589831,0.589831,0.109811,0.108278,0.01788,1.0,1.0,-0.001788,-9.9e-05,-0.000357,-0.000688,0.000354,0.000337,-0.000944,0.000811,295,1.0,84.0064,107.1887,QUALIFIED,,,,,,True,True,BOTH,normal_low,,,,,0.0,0,no_m3_data
22739,174.0,0.10875,0.6105,1.27,2989.448275862069,803.4942528735633,-25388.14367816092,-29260.706896551725,38.7395,2980,796,2999,811,3.8005,2.1131,11.1584,3.3885,1.3971,-4579.0731,1.0,0.9389,0.2006,174.0,0.158483,0.157904,0.016292,1.0,1.0,0.08217,0.08332,0.013347,1.0,1.0,5e-06,-0.000342,-0.00038,-0.000318,-0.001892,0.003825,-0.002949,-0.002105,174,1.0,-46.7006,94.2531,QUALIFIED,,,,,,True,True,BOTH,normal_low,,,,,0.0,0,no_m3_data
22752,251.0,0.156875,0.6152,1.41,2985.97609561753,1313.0517928286852,-12649.205179282872,-29173.90239043825,31.7984,2978,1302,2995,1326,7.8937,3.237,21.4847,6.4347,1.7215,-684.0231,1.0,0.0674,0.2359,251.0,0.251716,0.248965,0.044143,1.0,1.0,0.084118,0.081566,0.008556,1.0,1.0,0.004833,0.004936,0.001557,0.003417,0.006901,0.005229,0.008243,0.000417,251,1.0,62.9466,93.772,QUALIFIED,,-0.021312,-1.194605,0.242284,0.949412,True,True,BOTH,normal_low,0.042768,0.02468,0.0,0.0,0.021139,4,full_m3_data
22756,278.0,0.17375,0.5756,1.1,2989.4892086330933,2516.161870503597,17428.546762589925,-29261.730215827338,34.0595,2978,2506,3001,2527,7.8229,3.568,19.4988,6.4061,1.6091,-526.9656,1.0,1.0,0.0,278.0,0.219041,0.212008,0.041973,1.0,1.0,0.096588,0.095236,0.012418,1.0,1.0,0.000636,0.000925,-0.001005,0.001003,-0.001281,-0.004597,-0.003566,-0.005007,278,1.0,121.4255,96.4448,QUALIFIED,,,,,,True,True,BOTH,normal_low,,,,,0.0,0,no_m3_data
22792,1804.0,1.1275,0.5753,1.31,2974.742239467849,946.25,-21819.25,-28893.05598669623,36.2063,2939,919,3003,968,12.3096,2.9484,27.6004,10.8403,1.644,-3999.2985,1.0,0.0411,0.1604,1804.0,0.219657,0.224709,0.054782,1.0,1.0,0.080437,0.078813,0.01347,1.0,1.0,0.000779,0.000614,-0.000868,-0.003824,-1.7e-05,-0.001668,-0.003085,-0.005096,1804,1.0,-46.7006,94.2531,QUALIFIED,,,,,,True,True,BOTH,normal_low,,,,,0.0,0,no_m3_data
22826,194.0,0.12125,0.5623,1.53,2998.603092783505,2489.3505154639174,16758.262886597935,-29489.577319587625,33.9193,2991,2478,3006,2501,7.034,3.1676,17.037,6.2902,2.333,-534.7984,1.0,1.0,0.0,194.0,0.245876,0.240963,0.044835,1.0,1.0,0.109306,0.107457,0.017254,1.0,1.0,0.004256,0.001439,-9.5e-05,0.001107,0.000286,-0.00115,-0.002505,-0.005941,194,1.0,121.4255,96.4448,QUALIFIED,,0.661889,,,,True,True,BOTH,normal_low,,,0.046408,,0.009282,1,partial_m3_data
22843,274.0,0.17125,0.4152,1.65,3009.42700729927,1606.7627737226278,-5306.430656934303,-29760.175182481747,30.23,2993,1598,3026,1618,5.1416,2.7543,17.0955,4.8035,1.7288,-1695.4063,1.0,0.1387,0.2932,274.0,0.231096,0.227881,0.032278,1.0,1.0,0.058006,0.056325,0.011032,1.0,1.0,-1.9e-05,-0.018071,-0.000825,0.000165,0.000459,0.000985,-0.003031,0.000699,274,1.0,73.237,102.5391,QUALIFIED,,,,,,True,True,BOTH,normal_low,,,,,0.0,0,no_m3_data
22854,1736.0,1.085,0.4692,1.48,2995.307603686636,1984.552995391705,4138.32488479263,-29407.190092165896,29.6975,2969,1950,3019,2024,12.3172,4.3151,29.1409,10.8846,3.3181,-840.2208,1.0,0.0476,0.1768,1736.0,0.240441,0.2366,0.046019,0.857143,0.857143,0.062621,0.061948,0.011532,1.0,1.0,0.001708,0.00238,0.00018,0.001849,0.001584,0.002365,-0.00209,0.00288,1736,1.0,73.237,102.5391,QUALIFIED,,-0.393443,,-0.493056,,True,True,BOTH,normal_low,,0.0,0.0,,0.0,2,partial_m3_data
22876,876.0,0.5475,0.4679,1.44,3016.070776255708,1263.5559360730597,-13886.601598173516,-29926.26940639269,32.9914,3001,1237,3037,1289,11.541,4.9218,27.4255,10.4242,3.8385,-836.7673,1.0,0.1282,0.2804,876.0,0.290599,0.281972,0.064937,1.0,1.0,0.098854,0.09932,0.012705,1.0,1.0,0.011661,0.009209,0.008269,0.00699,0.010528,0.00754,0.00753,0.009719,876,1.0,62.9466,93.772,QUALIFIED,,0.210274,0.154674,0.283815,-0.290704,True,True,BOTH,normal_low,0.0,0.028911,0.014743,0.021919,0.01456,4,full_m3_data
22892,133.0,0.083125,0.4524,1.5,3003.0751879699246,2000.142857142857,4528.071428571428,-29601.37969924812,29.9463,2992,1993,3013,2007,12.563,2.6864,18.0201,11.2613,1.3801,-799.8063,1.0,0.062,0.1931,133.0,0.217857,0.213796,0.027769,0.526316,0.526316,0.049916,0.04743,0.010112,1.0,1.0,0.001578,0.001098,-0.000348,-0.000495,0.000275,0.000469,-0.003241,0.001944,133,1.0,84.0064,107.1887,QUALIFIED,,0.304183,,,,True,True,BOTH,normal_low,,,0.021328,,0.004266,1,partial_m3_data
22927,403.0,0.251875,0.4815,1.15,3019.3548387096776,2371.985111662531,13824.127791563276,-30008.37096774194,33.0402,3007,2358,3038,2385,8.5024,4.0127,27.0277,7.6985,3.5234,-123.3142,1.0,0.1857,0.3352,403.0,0.219732,0.213279,0.042014,1.0,1.0,0.071067,0.070416,0.008761,1.0,1.0,0.004914,-0.000164,-0.001371,0.000528,-0.002299,-0.001235,-0.006516,-0.006856,403,1.0,84.0064,107.1887,QUALIFIED,,1.033374,,,,True,True,BOTH,normal_low,,,0.072455,,0.014491,1,partial_m3_data
22956,903.0,0.564375,0.4962,1.49,3030.3565891472867,1352.9911406423034,-11650.721483942412,-30283.414728682168,32.4475,3004,1335,3056,1370,15.5118,4.2627,27.2287,13.6336,2.4108,-903.6372,1.0,0.0307,0.1536,903.0,0.214725,0.214153,0.030507,1.0,1.0,0.089747,0.085434,0.016418,1.0,1.0,0.005385,0.002114,0.002923,0.002316,0.004658,0.005334,-0.000848,0.002727,903,1.0,62.9466,93.772,QUALIFIED,,0.607428,0.207663,-0.145127,,True,True,BOTH,normal_low,,0.0,0.04259,0.029427,0.014403,3,full_m3_data
22962,511.0,0.319375,0.4731,1.2,3026.1369863013697,484.1702544031312,-33371.243639921726,-30177.92465753424,44.9927,3011,468,3047,498,6.49,3.8463,23.2714,5.2415,2.4442,-4955.2709,1.0,1.0,0.0,511.0,0.216923,0.217008,0.025508,1.0,1.0,0.039386,0.039725,0.004674,1.0,1.0,0.000272,0.00417,6.6e-05,-0.000214,-0.001713,-0.001069,-0.003007,-0.000728,511,1.0,-96.3518,96.3954,QUALIFIED,,,,,,True,True,BOTH,normal_low,,,,,0.0,0,no_m3_data
23035,656.0,0.41,0.5513,1.03,3015.2179878048782,2468.106707317073,16227.167682926824,-29904.949695121963,34.0246,3000,2451,3034,2486,8.6664,4.1711,23.5445,7.7028,3.4594,-460.1409,1.0,1.0,0.0,656.0,0.245983,0.235617,0.054875,1.0,1.0,0.095535,0.089458,0.022564,1.0,1.0,0.006176,0.002649,0.001672,0.001804,0.001693,-0.001423,-0.005427,-0.005473,656,1.0,121.4255,96.4448,QUALIFIED,,0.571082,-0.078947,1.84052,,True,True,BOTH,normal_low,,0.187485,0.040041,0.0,0.054879,3,full_m3_data
23070,829.0,0.518125,0.504,1.34,3016.820265379976,692.7780458383595,-28156.04885404101,-29945.0066344994,41.1031,2989,675,3036,710,11.5606,2.7497,25.5574,9.789,1.3497,-4634.3241,1.0,1.0,0.0,829.0,0.138844,0.127061,0.037961,1.0,1.0,0.072335,0.071006,0.010063,1.0,1.0,0.000259,-0.002096,-0.001082,-7.1e-05,0.000121,-0.002204,-0.001413,-0.004691,829,1.0,-96.3518,96.3954,QUALIFIED,,,,,,True,True,BOTH,normal_low,,,,,0.0,0,no_m3_data
23080,1313.0,0.820625,0.5761,1.23,3036.4394516374714,1420.7128712871288,-9957.678217821784,-30435.48629093678,32.0233,3013,1394,3056,1447,9.3696,4.5662,27.8563,7.9309,2.7518,-1246.4591,1.0,0.0259,0.1311,1313.0,0.173801,0.169943,0.032484,1.0,1.0,0.084975,0.082337,0.012521,1.0,1.0,0.013481,0.002791,0.004617,0.004785,0.006282,0.005577,0.004982,0.004531,1313,1.0,62.9466,93.772,QUALIFIED,,0.792968,-0.036387,0.112225,0.090526,True,True,BOTH,normal_low,0.004078,0.011432,0.055599,0.0,0.015405,4,full_m3_data
23093,1272.0,0.795,0.6235,1.27,3031.837264150944,751.1533018867924,-26696.66745283019,-30320.431603773584,40.3986,3014,724,3054,775,9.1339,4.5798,29.656,7.9744,3.6423,-4464.5731,1.0,0.8625,0.3273,1272.0,0.206973,0.201128,0.058174,1.0,1.0,0.075544,0.077244,0.017913,1.0,1.0,-6e-05,-0.001809,-0.001426,-0.001426,-0.000434,-0.001695,-0.001737,-0.003775,1272,1.0,-96.3518,96.3954,QUALIFIED,,,,,,True,True,BOTH,normal_low,,,,,0.0,0,no_m3_data
23145,228.0,0.1425,0.5831,1.35,3043.7894736842104,735.6491228070175,-27084.27192982456,-30619.236842105267,40.8791,3035,725,3052,748,4.3532,2.7788,14.1065,3.9984,2.0826,-4447.3872,1.0,0.9179,0.2188,228.0,0.237556,0.236692,0.024745,1.0,1.0,0.112938,0.094425,0.052696,1.0,1.0,0.00427,-1.1e-05,0.001661,0.000215,0.003127,0.002688,0.001874,0.001143,228,1.0,-96.3518,96.3954,QUALIFIED,,1.002576,0.87056,0.14039,0.390075,True,True,BOTH,normal_low,0.017572,0.014301,0.070295,0.123365,0.048457,4,full_m3_data
23149,310.0,0.19375,0.6526,1.32,3049.164516129032,1542.832258064516,-6904.693548387098,-30753.612903225803,31.5196,3041,1532,3060,1557,7.6939,3.5486,17.109,7.0849,2.2502,-1708.2741,1.0,0.0308,0.1339,310.0,0.225396,0.223663,0.03309,1.0,1.0,0.090047,0.06119,0.077495,1.0,1.0,0.002224,-4.5e-05,0.000579,0.002351,0.001329,-0.001462,-0.00112,-0.003086,310,1.0,62.9466,93.772,QUALIFIED,,1.020234,,2.100075,,True,True,BOTH,normal_low,,0.213925,0.071533,,0.067788,2,partial_m3_data
23262,3382.0,2.11375,0.4747,1.27,3068.024246008279,1441.765819041987,-9431.354523950322,-31225.10615020698,32.6187,3030,1395,3105,1490,10.5236,4.7656,29.7519,9.0222,3.7423,-1355.481,1.0,0.0241,0.1264,3382.0,0.180211,0.177659,0.035217,1.0,1.0,0.078926,0.076348,0.014567,1.0,1.0,0.012035,0.005842,0.001269,0.003271,0.001565,0.000466,-0.00343,-0.00381,3382,1.0,62.9466,93.772,QUALIFIED,,0.514582,-1.57762,0.702236,,True,True,BOTH,normal_low,,0.071533,0.03608,0.0,0.025099,3,full_m3_data
23316,236.0,0.1475,0.59,1.0,3066.0381355932204,2407.7754237288136,14718.885593220344,-31175.45338983051,34.4761,3056,2398,3076,2418,6.8448,4.5686,20.6791,6.4666,4.0092,-76.4971,1.0,0.0908,0.2417,236.0,0.241162,0.230115,0.041714,1.0,1.0,0.101678,0.099608,0.018312,1.0,1.0,0.000654,0.000454,-0.00137,2.4e-05,-0.000504,-0.006876,-0.004524,-0.003611,236,1.0,121.4255,96.4448,QUALIFIED,,,,,,True,True,BOTH,normal_low,,,,,0.0,0,no_m3_data
23321,729.0,0.455625,0.5137,1.3,3065.6913580246915,1702.8395061728395,-2904.5123456790097,-31166.78395061729,31.3023,3045,1688,3088,1721,9.9617,2.5063,17.436,8.6976,1.6873,-1675.3607,1.0,0.0364,0.161,729.0,0.200508,0.198703,0.029891,0.890261,0.890261,0.047035,0.046239,0.007308,1.0,1.0,0.004533,0.002501,0.003922,0.003178,0.003929,0.000351,-0.002346,-0.002596,729,1.0,73.237,102.5391,QUALIFIED,,0.448268,0.189699,0.910664,,True,True,BOTH,normal_low,,0.092765,0.03143,0.026882,0.034854,3,full_m3_data
23327,163.0,0.101875,0.5175,1.4,3065.6196319018404,1487.6993865030674,-8283.015337423312,-31164.99079754601,32.2473,3056,1480,3077,1495,10.3252,3.4691,21.9137,9.1131,1.3728,-1504.0861,1.0,0.014,0.1109,163.0,0.231939,0.228965,0.032019,1.0,1.0,0.068681,0.068896,0.004287,1.0,1.0,0.003845,0.002229,-0.000864,-0.001122,-0.001061,-0.004489,-0.005965,-0.006093,163,1.0,62.9466,93.772,QUALIFIED,,0.420286,,,,True,True,BOTH,normal_low,,,0.029468,,0.005894,1,partial_m3_data
23395,4605.0,2.878125,0.4703,1.06,3063.358306188925,1772.5830618892508,-1160.9234527687297,-31108.457654723126,31.1306,3008,1720,3104,1822,11.6884,3.9906,26.9295,10.29,3.1916,-1599.9707,1.0,0.0104,0.0851,4605.0,0.243676,0.239911,0.043221,0.406515,0.406515,0.051243,0.048857,0.011668,1.0,1.0,0.003722,0.001677,0.000588,0.002439,0.001861,-0.001521,-0.00198,-0.001853,4536,0.985,73.237,102.5391,QUALIFIED,,0.549436,,1.817303,,True,True,BOTH,normal_low,,0.18512,0.038524,,0.053985,2,partial_m3_data
23415,441.0,0.275625,0.5269,1.15,3071.156462585034,1472.9569160997733,-8651.577097505666,-31303.41156462585,32.4773,3055,1459,3086,1486,9.6025,3.0861,21.5546,8.3518,1.9674,-1451.1398,1.0,0.01,0.0872,441.0,0.210681,0.207776,0.031156,1.0,1.0,0.075994,0.074504,0.01069,1.0,1.0,0.007019,0.004003,-0.001747,-0.000195,-0.001016,-0.003164,-0.006246,-0.007016,441,1.0,62.9466,93.772,QUALIFIED,,0.429691,,,,True,True,BOTH,normal_low,,,0.030128,,0.006026,1,partial_m3_data
23455,243.0,0.151875,0.4339,1.4,3082.0329218106995,1563.9670781893003,-6376.323045267491,-31575.32304526749,32.2131,3072,1551,3092,1579,6.2269,4.0157,19.3937,5.185,3.0347,-1773.8339,1.0,0.1641,0.3094,243.0,0.2047,0.199664,0.037425,1.0,1.0,0.085114,0.084592,0.009288,1.0,1.0,0.001481,0.000785,-0.002151,-0.00182,-0.001771,-0.000389,-0.005113,-0.004679,243,1.0,62.9466,93.772,QUALIFIED,,0.469953,,,,True,True,BOTH,normal_low,,,0.032951,,0.00659,1,partial_m3_data
23522,199.0,0.124375,0.5025,1.22,3104.924623115578,1893.0301507537688,1850.253768844217,-32147.615577889446,32.2013,3095,1884,3117,1902,6.1954,3.3632,27.4507,5.8568,2.4503,-1604.9282,1.0,0.123,0.2619,199.0,,,,0.0,0.0,0.055484,0.055084,0.005613,1.0,1.0,0.003229,-0.000723,-0.000455,-0.000457,0.000462,-0.003198,-0.002055,-0.003273,199,1.0,73.237,102.5391,QUALIFIED,,1.223908,,,,False,True,S1_ONLY,no_data,,,0.085814,,0.017163,1,partial_m3_data
23583,337.0,0.210625,0.4814,1.12,3103.406528189911,1466.2106824925816,-8820.232937685461,-32109.663204747776,33.2994,3090,1454,3118,1479,5.193,2.4341,13.0121,4.7289,1.6189,-1490.8045,1.0,0.1002,0.2408,337.0,0.153775,0.15445,0.035377,1.0,1.0,0.076012,0.070492,0.024286,1.0,1.0,0.006401,0.002028,-0.001013,-0.000106,0.000536,-0.005244,-0.003861,-0.002617,337,1.0,62.9466,93.772,QUALIFIED,,0.683175,,,,True,True,BOTH,normal_low,,,0.047901,,0.00958,1,partial_m3_data
23610,162.0,0.10125,0.609,1.36,3104.777777777778,891.6913580246913,-23183.21604938272,-32143.944444444453,39.6321,3098,882,3112,901,15.0792,2.2189,20.3259,13.9614,1.556,-4506.0128,1.0,0.0,0.0,162.0,0.230907,0.229871,0.025362,1.0,1.0,0.063877,0.061378,0.007493,1.0,1.0,-0.000327,0.001321,0.000946,0.001528,-0.002709,-0.005872,-0.002701,-0.015124,162,1.0,-46.7006,94.2531,QUALIFIED,,,,,,True,True,BOTH,normal_low,,,,,0.0,0,no_m3_data
23614,412.0,0.2575,0.592,1.21,3104.339805825243,1872.871359223301,1346.2839805825206,-32132.995145631063,32.1617,3090,1861,3119,1885,10.0054,2.8828,28.8466,9.0497,1.7556,-1637.5858,1.0,0.1092,0.2472,412.0,,,,0.0,0.0,0.061193,0.059683,0.007592,1.0,1.0,0.001995,0.000218,-0.000571,-0.000208,0.000333,-0.004981,-0.004954,-0.004601,412,1.0,73.237,102.5391,QUALIFIED,,0.890727,,,,False,True,S1_ONLY,no_data,,,0.062453,,0.012491,1,partial_m3_data
23627,1195.0,0.746875,0.4878,1.02,3102.296234309624,1919.4117154811715,2509.792887029289,-32081.90585774058,32.1805,3078,1894,3128,1943,7.6003,3.9634,21.7601,6.5564,2.9058,-1621.1548,1.0,0.1107,0.2611,1195.0,0.265149,0.2553,0.046531,0.029289,0.029289,0.04779,0.046048,0.006941,1.0,1.0,0.002821,0.000149,0.000422,0.000241,0.000864,-0.006776,-0.003527,-0.005621,1195,1.0,73.237,102.5391,QUALIFIED,,0.947182,,,,False,True,S1_ONLY,normal_low,,,0.066411,,0.013282,1,partial_m3_data
23628,220.0,0.1375,0.4622,1.65,3112.0136363636366,2500.55,17038.250000000007,-32324.84090909091,36.541,3102,2489,3119,2517,5.1212,2.5457,12.0277,4.6527,2.2714,4.7405,1.0,0.0935,0.2546,220.0,0.295356,0.278234,0.06662,0.790909,0.790909,0.123187,0.119425,0.020241,1.0,1.0,0.001768,-0.001194,0.002941,0.001193,-0.001768,-0.005503,-0.002657,-0.00067,220,1.0,121.4255,96.4448,QUALIFIED,,1.675339,0.594356,,,True,True,BOTH,normal_low,,,0.117466,0.084225,0.040338,2,partial_m3_data
23663,4652.0,2.9075,0.462,1.12,3089.9297076526227,1546.1979793637145,-6820.55051590714,-31772.742691315565,32.497,3045,1500,3140,1606,8.6134,4.5257,29.1747,7.1702,3.1766,-1744.8073,1.0,0.1479,0.3171,4652.0,0.206175,0.199919,0.043862,1.0,1.0,0.090466,0.081501,0.04234,1.0,1.0,0.002495,0.000637,-0.000988,-0.000115,-0.001424,-0.005528,-0.006847,-0.00618,4652,1.0,62.9466,93.772,QUALIFIED,,0.744689,,,,True,True,BOTH,normal_low,,,0.052214,,0.010443,1,partial_m3_data
23664,1021.0,0.638125,0.557,1.21,3116.4671890303625,1776.8805093046033,-1053.4872673849168,-32436.179725759062,32.4538,3097,1756,3136,1803,5.1477,2.8923,18.6571,4.2033,1.9347,-1801.0314,1.0,0.1646,0.3321,1021.0,,,,0.0,0.0,0.066231,0.063865,0.014617,1.0,1.0,0.00144,0.002779,0.002342,0.001867,0.002989,-0.000326,-0.001879,-0.006351,1021,1.0,73.237,102.5391,QUALIFIED,,-0.929861,0.202818,1.109067,,False,True,S1_ONLY,no_data,,0.112975,0.0,0.028741,0.033992,3,full_m3_data
23778,131.0,0.081875,0.4533,1.0,3137.732824427481,1761.648854961832,-1434.2786259541972,-32967.82061068702,32.9995,3131,1754,3148,1771,4.4505,2.5262,15.9803,3.5781,1.1231,-1805.9789,1.0,0.1331,0.2775,131.0,,,,0.0,0.0,0.078809,0.079007,0.009581,1.0,1.0,-0.00062,0.004447,0.004052,0.004014,0.003179,0.000711,0.002246,0.002679,131,1.0,73.237,102.5391,QUALIFIED,,,0.009378,0.776345,-0.192787,False,True,S1_ONLY,no_data,0.0,0.079083,,0.001329,0.020037,3,full_m3_data
23904,153.0,0.095625,0.6194,1.46,3148.248366013072,1809.888888888889,-228.2777777777737,-33230.7091503268,33.232,3142,1801,3155,1820,5.899,2.7354,13.7613,4.3743,1.2531,-1792.1522,1.0,0.8277,0.3331,153.0,,,,0.0,0.0,0.063241,0.061117,0.005421,1.0,1.0,-0.001026,0.002976,-0.000384,0.000765,-0.001457,-0.001535,-0.005521,0.001281,118,0.7712,73.237,102.5391,QUALIFIED,,,,,,False,True,S1_ONLY,no_data,,,,,0.0,0,no_m3_data
23911,306.0,0.19125,0.5204,1.33,3155.140522875817,1557.2712418300653,-6543.718954248368,-33403.01307189543,34.0383,3145,1544,3166,1572,5.6667,3.4695,17.9783,4.2595,1.8648,-1807.9878,1.0,0.7834,0.3497,306.0,,,,0.0,0.0,0.08524,0.083911,0.018336,1.0,1.0,-0.000284,0.00028,0.000118,0.000572,-0.001178,-0.006411,-0.006075,-0.003213,306,1.0,62.9466,93.772,QUALIFIED,,,,,,False,True,S1_ONLY,no_data,,,,,0.0,0,no_m3_data
23915,129.0,0.080625,0.6719,1.33,3158.720930232558,1806.3875968992247,-315.8100775193816,-33492.523255813954,33.4945,3151,1801,3167,1813,4.005,2.0453,11.9082,3.1147,1.2169,-1792.334,1.0,0.8012,0.3134,129.0,,,,0.0,0.0,0.069659,0.069608,0.005179,1.0,1.0,-0.001376,0.00319,0.002445,-0.000382,-0.001479,-0.002903,-0.005619,-8.7e-05,129,1.0,73.237,102.5391,QUALIFIED,,,1.156237,,,False,True,S1_ONLY,no_data,,,,0.163848,0.03277,1,partial_m3_data
23960,254.0,0.15875,0.6048,1.05,3165.334645669291,2165.283464566929,8656.586614173226,-33657.86614173227,34.7539,3155,2154,3175,2175,6.2632,1.9921,11.3729,5.5371,1.4527,-2890.92,1.0,1.0,0.0,254.0,0.206737,0.196675,0.049101,1.0,1.0,0.03152,0.030887,0.00299,1.0,1.0,-0.001106,-0.007117,-0.001348,0.000723,-0.002564,-0.006933,-0.0046,0.006077,254,1.0,84.0064,107.1887,QUALIFIED,,,,,,True,True,BOTH,normal_low,,,,,0.0,0,no_m3_data
24000,140.0,0.0875,0.5,1.43,3171.614285714286,2133.742857142857,7868.071428571435,-33814.857142857145,34.7188,3163,2127,3183,2141,2.9122,1.4141,6.5784,2.6411,1.0723,-2919.7211,1.0,1.0,0.0,140.0,0.219251,0.209591,0.044995,1.0,1.0,0.046397,0.046526,0.005678,1.0,1.0,-0.003031,-0.007209,-0.001602,2.6e-05,-0.001707,-0.006344,-0.003395,0.003349,140,1.0,84.0064,107.1887,QUALIFIED,,,,,,True,True,BOTH,normal_low,,,,,0.0,0,no_m3_data
24017,2098.0,1.31125,0.5374,1.05,3179.5395614871304,2195.2397521449,9405.493803622492,-34012.98903717825,35.2901,3150,2169,3214,2230,8.1222,4.0312,21.8062,7.0385,3.2839,-2835.3251,1.0,1.0,0.0,2098.0,0.239513,0.234318,0.0495,1.0,1.0,0.039254,0.036858,0.007552,1.0,1.0,-0.001979,-0.001063,-0.000998,-0.001434,-0.000426,-0.004844,-0.001679,-0.002965,2098,1.0,84.0064,107.1887,QUALIFIED,,,,,,True,True,BOTH,normal_low,,,,,0.0,0,no_m3_data
24032,1456.0,0.91,0.4727,1.59,3186.5412087912086,750.459478021978,-26714.01304945055,-34188.03021978022,43.3874,3158,726,3228,770,6.2217,3.6427,27.7142,5.0594,2.5044,-5748.8302,1.0,1.0,0.0,1456.0,0.190521,0.183818,0.03618,1.0,1.0,0.071869,0.067622,0.0178,1.0,1.0,0.002719,0.002225,0.001122,0.002119,0.003981,-0.000758,-0.000729,0.001495,1456,1.0,-96.3518,96.3954,QUALIFIED,,0.181684,-0.888592,1.190404,,True,True,BOTH,normal_low,,0.121261,0.012739,0.0,0.032863,3,full_m3_data
24038,497.0,0.310625,0.4564,1.0,3178.7424547283704,2667.466800804829,21211.170020120728,-33993.061368209266,40.0687,3165,2649,3198,2682,6.0624,3.1612,18.4378,5.4122,2.0216,-411.5921,1.0,0.0266,0.1264,497.0,,,,0.0,0.0,0.039064,0.039247,0.004305,1.0,1.0,0.000103,-0.000219,-0.001313,0.00053,0.010338,-0.002317,-0.001513,-0.003847,497,1.0,121.4255,96.4448,QUALIFIED,,,,1.224125,,False,True,S1_ONLY,no_data,,0.124696,,,0.031174,1,partial_m3_data
24045,204.0,0.1275,0.5651,1.0,3174.421568627451,2092.098039215686,6826.950980392154,-33885.03921568628,34.5665,3166,2084,3185,2103,5.9392,3.354,18.7625,4.8474,2.8516,-2908.7374,1.0,1.0,0.0,204.0,0.28569,0.266727,0.082549,1.0,1.0,0.04938,0.046991,0.009105,1.0,1.0,-0.001318,-0.002082,-0.001942,3.2e-05,-0.002849,-0.006487,-0.003294,0.003224,204,1.0,84.0064,107.1887,QUALIFIED,,,,,,True,True,BOTH,normal_low,,,,,0.0,0,no_m3_data
24063,854.0,0.53375,0.4186,1.27,3170.0163934426228,2153.629976580796,8365.249414519902,-33774.90983606556,34.796,3146,2135,3197,2175,6.5223,3.6778,18.9633,5.6934,3.038,-2897.3404,1.0,1.0,0.0,854.0,0.225613,0.223699,0.040819,1.0,1.0,0.040677,0.037539,0.009747,1.0,1.0,-0.001115,-0.009687,-0.0009,5.5e-05,-0.002196,-0.007671,-0.004633,0.001082,854,1.0,84.0064,107.1887,QUALIFIED,,,,,,True,True,BOTH,normal_low,,,,,0.0,0,no_m3_data
24069,130.0,0.08125,0.6373,1.42,3184.530769230769,1394.4692307692308,-10613.769230769234,-34137.769230769234,35.75,3177,1389,3194,1401,11.6936,3.3041,19.0175,10.1824,1.7054,-578.1652,1.0,0.0086,0.0786,130.0,0.394327,0.392469,0.104472,1.0,1.0,0.108343,0.10597,0.012709,1.0,1.0,0.007353,0.003734,0.006754,0.003339,0.007594,0.005985,0.004453,0.009889,130,1.0,62.9466,93.772,QUALIFIED,,0.49218,0.505626,0.211878,-1.22075,True,True,BOTH,normal_low,0.0,0.021583,0.034509,0.071651,0.026628,4,full_m3_data
24086,171.0,0.106875,0.5816,1.5,3181.8888888888887,1711.3333333333333,-2692.1666666666715,-34071.72222222222,34.1784,3171,1704,3192,1718,4.2276,2.4101,14.1117,3.5996,2.1176,-1831.0781,1.0,0.822,0.3296,171.0,,,,0.0,0.0,0.035828,0.03506,0.003155,1.0,1.0,0.006508,-0.001853,0.005683,0.005608,0.003829,0.000787,0.003895,-0.003105,171,1.0,73.237,102.5391,QUALIFIED,,1.284726,0.013197,0.794463,1.797176,False,True,S1_ONLY,no_data,0.080958,0.080928,0.090078,0.00187,0.066957,4,full_m3_data
24096,155.0,0.096875,0.5032,1.57,3190.425806451613,2230.503225806452,10287.080645161288,-34285.14516129032,35.7958,3179,2224,3201,2238,4.6729,1.8664,9.6174,4.5568,1.4028,-2888.9747,1.0,1.0,0.0,155.0,0.210307,0.211454,0.028401,1.0,1.0,0.041149,0.036169,0.011889,1.0,1.0,-0.001458,0.002409,0.000223,-0.000258,0.001022,-0.002388,-8.1e-05,-0.016629,155,1.0,84.0064,107.1887,QUALIFIED,,,,3.336595,,True,True,BOTH,normal_low,,0.339883,,,0.084971,1,partial_m3_data
24102,180.0,0.1125,0.5042,1.24,3185.6722222222224,1589.9833333333331,-5725.916666666664,-34166.30555555556,34.6432,3176,1583,3197,1600,5.2983,3.0768,16.7709,4.7684,1.8512,-1819.1062,1.0,0.8087,0.3204,180.0,,,,0.0,0.0,0.156026,0.117748,0.096802,1.0,1.0,0.000426,-0.002015,0.002993,0.00131,-0.000139,-0.004514,-0.002773,-0.005275,180,1.0,62.9466,93.772,QUALIFIED,,,0.562312,,,False,True,S1_ONLY,no_data,,,,0.079684,0.015937,1,partial_m3_data
24116,1489.0,0.930625,0.5835,1.32,3181.850235057085,2072.1578240429817,6328.445601074542,-34070.75587642714,34.6541,3154,2049,3212,2093,5.2649,3.3792,21.1505,4.3345,2.7238,-2897.1509,1.0,1.0,0.0,1489.0,0.229568,0.221212,0.053297,1.0,1.0,0.060064,0.058881,0.022895,1.0,1.0,-0.001502,-0.002738,-0.001226,1.8e-05,-0.001285,-0.006505,-0.000909,-0.00246,1489,1.0,84.0064,107.1887,QUALIFIED,,,,,,True,True,BOTH,normal_low,,,,,0.0,0,no_m3_data
24117,149.0,0.093125,0.4599,1.0,3185.4161073825503,2138.8456375838928,7995.640939597317,-34159.90268456376,35.0838,3176,2131,3194,2149,4.9636,2.5363,14.4573,3.825,1.2906,-2924.3071,1.0,1.0,0.0,149.0,0.255132,0.252995,0.041691,1.0,1.0,0.043195,0.040113,0.008425,1.0,1.0,-0.003119,0.000232,-0.002504,-0.001709,-0.002079,-0.008259,-0.003024,-0.000188,149,1.0,84.0064,107.1887,QUALIFIED,,,,,,True,True,BOTH,normal_low,,,,,0.0,0,no_m3_data
24118,372.0,0.2325,0.4934,1.12,3197.032258064516,733.0268817204301,-27149.827956989247,-34450.30645161291,43.8628,3182,718,3211,744,6.3064,3.6927,19.0654,4.4304,2.5089,-5763.9343,1.0,1.0,0.0,372.0,0.214414,0.205305,0.040111,1.0,1.0,0.095503,0.087868,0.019485,1.0,1.0,0.003979,0.005523,0.004554,0.003294,0.007378,0.001966,0.003472,0.000327,372,1.0,-96.3518,96.3954,QUALIFIED,,-0.388037,0.27668,0.733532,0.905818,True,True,BOTH,normal_low,0.040805,0.074721,0.0,0.039208,0.040804,4,full_m3_data
24132,559.0,0.349375,0.5244,1.58,3190.8318425760285,2104.1771019677994,7128.927549194988,-34295.29606440071,35.029,3177,2084,3203,2125,4.6519,2.807,19.1946,3.7865,1.707,-2916.6816,1.0,1.0,0.0,559.0,0.275893,0.273749,0.056078,1.0,1.0,0.064668,0.064279,0.012668,1.0,1.0,-0.003278,-0.000455,-0.001995,-0.001241,-0.002981,-0.005506,-0.00215,-0.004427,559,1.0,84.0064,107.1887,QUALIFIED,,,,,,True,True,BOTH,normal_low,,,,,0.0,0,no_m3_data
24134,582.0,0.36375,0.5196,1.43,3177.972508591065,676.7096219931271,-28557.759450171823,-33973.812714776635,44.3821,3165,660,3193,700,4.1339,2.1821,16.2977,3.7316,1.8186,-5742.3449,1.0,1.0,0.0,582.0,0.217146,0.211869,0.047382,1.0,1.0,0.090484,0.080625,0.028906,1.0,1.0,0.002396,0.000182,-0.002238,-7e-06,-0.000291,-0.005615,-0.014203,-0.012101,582,1.0,-96.3518,96.3954,QUALIFIED,,0.92404,,,,True,True,BOTH,normal_low,,,0.064789,,0.012958,1,partial_m3_data
24164,575.0,0.359375,0.5977,1.42,3202.6765217391303,1706.2765217391304,-2818.5869565217363,-34591.41304347826,34.7065,3185,1693,3222,1719,5.1005,3.2724,23.9728,3.9439,2.6103,-1836.6276,1.0,0.9016,0.2551,575.0,,,,0.0,0.0,0.048175,0.044944,0.016909,1.0,1.0,0.002724,0.001399,0.003518,0.003122,0.00515,0.001409,0.00346,0.003044,575,1.0,64.5725,120.1906,QUALIFIED,,0.486417,0.112564,0.726408,0.120231,False,True,S1_ONLY,no_data,0.005416,0.073996,0.034105,0.015951,0.030406,4,full_m3_data
24165,353.0,0.220625,0.5014,1.45,3197.827195467422,826.7790368271955,-24806.024079320112,-34470.17988668555,42.4681,3189,810,3211,842,8.2665,3.4141,21.4621,6.9443,2.0676,-5698.7866,1.0,1.0,0.0,353.0,0.166119,0.164409,0.019482,1.0,1.0,0.066633,0.065936,0.00849,1.0,1.0,0.003764,0.004619,0.004223,0.002967,0.012112,0.003243,0.007195,0.002032,353,1.0,-46.7006,94.2531,QUALIFIED,,-0.227152,0.297419,0.732249,0.717582,True,True,BOTH,normal_low,0.032325,0.074591,0.0,0.042147,0.038391,4,full_m3_data
24213,1150.0,0.71875,0.4957,1.45,3192.8278260869565,787.2286956521739,-25794.78260869565,-34345.19565217392,42.9531,3176,759,3216,817,7.751,3.7057,29.4459,6.3054,2.3678,-5735.2889,1.0,1.0,0.0,1150.0,0.182151,0.180902,0.029788,1.0,1.0,0.068125,0.062105,0.023991,1.0,1.0,0.003921,0.004856,0.003634,0.002957,0.008722,0.004596,0.006144,0.004134,1150,1.0,-96.3518,96.3954,QUALIFIED,,-0.23846,0.186296,0.473057,0.327148,True,True,BOTH,normal_low,0.014737,0.048188,0.0,0.0264,0.022485,4,full_m3_data
24214,167.0,0.104375,0.6523,1.0,3204.083832335329,784.9161676646706,-25852.59580838324,-34626.59580838322,43.213,3197,777,3213,793,4.3715,2.8407,14.3391,3.1069,0.9463,-5751.6879,1.0,1.0,0.0,167.0,0.161975,0.161999,0.016855,1.0,1.0,0.079262,0.078341,0.012238,1.0,1.0,0.003037,0.00426,0.003908,0.002511,0.00929,0.003121,0.005178,0.001819,167,1.0,-101.9481,118.7877,QUALIFIED,,-0.4027,0.357472,0.664047,0.648706,True,True,BOTH,normal_low,0.029222,0.067643,0.0,0.050657,0.03727,4,full_m3_data
24219,506.0,0.31625,0.4801,1.1,3201.962450592885,2151.0533596837945,8300.833992094864,-34573.56126482214,35.5567,3184,2137,3218,2168,5.3338,3.4588,17.7018,4.0912,1.9517,-2938.7094,1.0,1.0,0.0,506.0,0.251073,0.251387,0.050324,1.0,1.0,0.06751,0.067409,0.013302,1.0,1.0,0.001166,0.001634,-0.000623,-0.001518,0.005228,0.000774,0.000456,4.1e-05,506,1.0,66.8985,121.9192,QUALIFIED,,-0.401372,,0.851951,,True,True,BOTH,normal_low,,0.086784,0.0,,0.021696,2,partial_m3_data
24223,219.0,0.136875,0.584,1.67,3206.753424657534,1695.0091324200914,-3100.271689497713,-34693.33561643836,34.832,3195,1688,3220,1703,7.338,4.0495,24.2455,4.9357,1.3226,-1843.3394,1.0,0.9814,0.1,219.0,,,,0.0,0.0,0.042037,0.040119,0.006661,1.0,1.0,0.001842,0.00216,0.003163,0.001734,0.005336,0.000371,0.00334,0.004332,219,1.0,64.5725,120.1906,QUALIFIED,,-0.172638,0.451786,0.930472,-0.297006,False,True,S1_ONLY,no_data,0.0,0.094783,0.0,0.064022,0.0365,4,full_m3_data
24224,779.0,0.486875,0.4645,1.1,3221.2028241335047,2046.625160462131,5690.129011553276,-35054.57060333762,35.514,3201,2025,3244,2064,5.8661,3.2642,22.8719,4.9662,2.7752,-2917.4908,1.0,1.0,0.0,779.0,0.196161,0.185424,0.053409,1.0,1.0,0.054909,0.054624,0.010497,1.0,1.0,-0.000734,0.001088,-0.001412,-4.9e-05,0.003894,-0.001832,-0.0005,-0.002149,779,1.0,66.8985,121.9192,QUALIFIED,,,,1.470467,,True,True,BOTH,normal_low,,0.149789,,,0.037447,1,partial_m3_data
24238,127.0,0.079375,0.5292,1.07,3204.472440944882,1685.3858267716537,-3340.8543307086657,-34636.31102362204,34.7975,3196,1677,3212,1692,3.6923,2.3229,12.0842,3.3386,1.4473,-1835.7575,1.0,0.9975,0.0206,127.0,,,,0.0,0.0,0.048119,0.041125,0.014831,1.0,1.0,0.001066,0.001974,0.002219,0.000659,0.004289,-0.000568,0.002204,0.003075,127,1.0,64.5725,120.1906,QUALIFIED,,-0.851782,0.703019,1.132432,-0.395191,False,True,S1_ONLY,no_data,0.0,0.115355,0.0,0.099623,0.048763,4,full_m3_data
24245,358.0,0.22375,0.3858,1.1,3197.31843575419,2046.1424581005588,5678.061452513968,-34457.460893854746,34.9227,3181,2034,3213,2063,4.0882,2.0109,13.2259,3.198,0.8821,-2893.9192,1.0,1.0,0.0,358.0,0.185136,0.185081,0.029164,1.0,1.0,0.056648,0.054432,0.013603,1.0,1.0,-0.001186,0.000667,-0.001675,6.6e-05,-0.000504,-0.005506,-0.000488,-0.002085,358,1.0,84.0064,107.1887,QUALIFIED,,,,,,True,True,BOTH,normal_low,,,,,0.0,0,no_m3_data
24246,377.0,0.235625,0.6412,1.33,3208.610079575597,2231.978779840849,10323.969496021222,-34739.75198938993,36.242,3198,2218,3219,2246,4.7646,3.0477,17.3398,3.5094,1.6354,-2912.5533,1.0,1.0,0.0,377.0,0.267116,0.261774,0.062807,0.625995,0.625995,0.032201,0.031791,0.004224,1.0,1.0,-0.001346,0.000968,-0.001571,0.000618,0.003472,-0.000644,0.000689,-0.003084,377,1.0,66.8985,121.9192,QUALIFIED,,,,1.185484,,True,True,BOTH,normal_low,,0.12076,,,0.03019,1,partial_m3_data
24269,248.0,0.155,0.3875,1.6,3212.6814516129034,823.9193548387096,-24877.516129032258,-34841.53629032259,42.8116,3200,815,3232,835,5.85,3.2717,16.6532,4.7575,2.0475,-5725.1077,1.0,1.0,0.0,248.0,0.155938,0.153569,0.021547,1.0,1.0,0.069201,0.069674,0.006629,1.0,1.0,0.000402,0.000931,0.001096,0.001363,0.003935,-0.002984,-0.002576,-0.004571,248,1.0,-93.9919,109.8179,QUALIFIED,,,-0.243613,1.758323,,True,True,BOTH,normal_low,,0.179112,,0.0,0.044778,2,partial_m3_data
24275,177.0,0.110625,0.4917,1.11,3215.598870056497,1668.4237288135594,-3764.906779661018,-34914.471751412435,35.1173,3207,1658,3225,1678,4.4054,2.1296,10.6316,3.2138,1.3144,-1829.506,1.0,1.0,0.0,177.0,,,,0.0,0.0,0.04126,0.040743,0.005261,1.0,1.0,0.001201,0.001345,0.001051,0.000192,0.002224,-0.004083,-0.000225,-0.000456,177,1.0,64.5725,120.1906,QUALIFIED,,-0.1199,0.817317,2.835881,,False,True,S1_ONLY,no_data,,0.288878,0.0,0.11582,0.095384,3,full_m3_data
24279,856.0,0.535,0.5138,1.44,3213.3177570093458,2247.370327102804,10708.758177570096,-34857.443925233645,36.4659,3188,2231,3237,2265,5.24,2.9558,17.8299,4.1482,2.2069,-2901.314,1.0,1.0,0.0,856.0,0.242137,0.245391,0.05206,0.247664,0.247664,0.038186,0.037052,0.006714,1.0,1.0,-0.000314,0.00016,-0.001047,0.000898,0.001065,-0.001255,-1.1e-05,-0.007831,856,1.0,66.8985,121.9192,QUALIFIED,,,,2.178404,,True,True,BOTH,normal_low,,0.221904,,,0.055476,1,partial_m3_data
24281,134.0,0.08375,0.5425,1.46,3212.0,831.320895522388,-24692.4776119403,-34824.5,42.6904,3202,825,3221,838,5.9087,2.8159,12.5862,4.6363,1.1168,-5714.1982,1.0,1.0,0.0,134.0,0.168915,0.16316,0.023546,1.0,1.0,0.068151,0.068373,0.00579,1.0,1.0,3.4e-05,0.000898,0.000393,0.000888,0.002724,-0.004366,-0.003833,-0.00757,134,1.0,-93.9919,109.8179,QUALIFIED,,,,2.60279,,True,True,BOTH,normal_low,,0.265134,,,0.066284,1,partial_m3_data
24289,449.0,0.280625,0.5442,1.32,3212.870824053452,2101.169265033408,7053.731625835186,-34846.270601336306,35.5536,3197,2089,3230,2114,4.3268,2.7666,17.7099,3.5638,1.8689,-2925.3219,1.0,1.0,0.0,449.0,0.299718,0.295235,0.059901,1.0,1.0,0.063818,0.062392,0.011356,1.0,1.0,-0.001831,-0.000108,-0.003076,-0.001157,0.005873,-0.001214,-7.2e-05,-0.002968,449,1.0,66.8985,121.9192,QUALIFIED,,,,1.206709,,True,True,BOTH,normal_low,,0.122922,,,0.03073,1,partial_m3_data
24294,864.0,0.54,0.4706,1.42,3233.707175925926,848.1469907407408,-24271.82523148148,-35367.179398148146,42.8949,3211,831,3262,867,6.899,3.9913,29.9832,5.2266,1.9399,-5711.11,1.0,1.0,0.0,864.0,0.162444,0.157994,0.027304,1.0,1.0,0.076557,0.074038,0.012324,1.0,1.0,-0.000518,-0.007914,0.002283,0.00177,-0.000359,-0.003749,-0.005076,-0.002299,864,1.0,-93.9919,109.8179,QUALIFIED,,,0.224704,,,True,True,BOTH,normal_low,,,,0.031842,0.006368,1,partial_m3_data
24305,343.0,0.214375,0.4886,1.04,3203.253644314869,2209.991253644315,9774.281341107868,-34605.84110787172,35.9603,3191,2196,3218,2222,8.0615,2.9485,17.1278,6.8096,1.8494,-2873.5191,1.0,1.0,0.0,343.0,0.262563,0.259375,0.049351,1.0,1.0,0.03321,0.03268,0.002998,1.0,1.0,-0.000737,0.001603,-0.000478,-0.000541,0.003135,0.002094,0.000664,-0.012481,343,1.0,66.8985,121.9192,QUALIFIED,,,,0.332057,,True,True,BOTH,normal_low,,0.033825,,,0.008456,1,partial_m3_data
24311,160.0,0.1,0.5926,1.2,3210.225,759.25,-26494.25,-34780.125,43.722,3203,752,3221,767,5.565,2.739,14.2107,4.1575,0.9043,-5761.1885,1.0,1.0,0.0,160.0,0.1704,0.163002,0.029549,1.0,1.0,0.097786,0.091686,0.033472,1.0,1.0,0.000787,0.002257,0.0007,0.001362,0.005123,-0.003604,-0.000262,-0.004004,160,1.0,-101.9481,118.7877,QUALIFIED,,,,1.703494,,True,True,BOTH,normal_low,,0.173527,,,0.043382,1,partial_m3_data
24312,1532.0,0.9575,0.4827,1.5,3214.375326370757,2128.2212793733684,7730.031984334208,-34883.883159268924,35.7307,3180,2104,3249,2150,4.2663,3.3768,24.0718,3.0475,1.7878,-2934.3796,1.0,1.0,0.0,1532.0,0.263425,0.259595,0.051928,1.0,1.0,0.061518,0.058257,0.014802,1.0,1.0,-0.001144,-0.000239,-0.001691,-0.001269,0.001861,-0.004436,-0.002317,-0.004845,1532,1.0,66.8985,121.9192,QUALIFIED,,,,3.383665,,True,True,BOTH,normal_low,,0.344678,,,0.08617,1,partial_m3_data
24313,199.0,0.124375,0.5307,1.67,3213.5125628140704,2199.6231155778896,9515.07788944724,-34862.31407035176,36.1381,3207,2189,3222,2214,5.7373,2.2793,10.9141,4.551,1.4304,-2858.8555,1.0,1.0,0.0,199.0,0.243054,0.241223,0.041091,1.0,1.0,0.038054,0.036562,0.006283,1.0,1.0,-0.001308,0.001169,-0.002921,-0.000723,0.001931,-0.003587,2.8e-05,-5e-05,199,1.0,66.8985,121.9192,QUALIFIED,,,,2.857587,,True,True,BOTH,normal_low,,0.291089,,,0.072772,1,partial_m3_data
24316,226.0,0.14125,0.5979,1.17,3219.2035398230087,788.9070796460177,-25752.82300884956,-35004.58849557521,43.4573,3211,780,3229,801,4.17,2.2174,10.4354,3.264,0.789,-5755.7995,1.0,1.0,0.0,226.0,0.163302,0.162719,0.021857,1.0,1.0,0.099746,0.100126,0.010612,1.0,1.0,0.00072,1e-05,0.000673,0.003516,0.001181,-0.004852,-0.002398,-0.002302,226,1.0,-101.9481,118.7877,QUALIFIED,,,,5.108383,,True,True,BOTH,normal_low,,0.520367,,,0.130092,1,partial_m3_data
24325,535.0,0.334375,0.6004,1.22,3223.723364485981,1791.755140186916,-681.6214953271046,-35117.58411214953,35.1247,3211,1776,3238,1809,10.3746,3.8301,20.1626,8.4784,2.6864,-1847.1949,1.0,0.9967,0.0488,535.0,0.164443,0.15587,0.047723,0.957009,0.957009,0.043844,0.039774,0.01505,1.0,1.0,0.000433,0.004006,0.000893,0.001459,0.010078,0.003934,0.001588,0.004042,535,1.0,64.5725,120.1906,QUALIFIED,,,,0.609645,-1.54534,True,True,BOTH,normal_low,0.0,0.062102,,,0.015526,2,partial_m3_data
24330,190.0,0.11875,0.5322,1.24,3222.0684210526315,2879.926315789474,26522.65789473684,-35076.21052631579,43.9756,3215,2870,3232,2891,6.5518,2.2268,14.3978,5.6688,0.9737,-695.7246,1.0,1.0,0.0,190.0,0.170866,0.169729,0.017069,1.0,1.0,0.048286,0.047604,0.00483,1.0,1.0,-0.008091,-0.005119,-0.005763,-0.005364,-0.004421,-0.009305,-0.008021,-0.009287,190,1.0,128.0053,107.0997,QUALIFIED,,,,,,True,True,BOTH,normal_low,,,,,0.0,0,no_m3_data
24337,735.0,0.459375,0.2905,1.2,3210.287074829932,1409.1714285714286,-10246.214285714284,-34781.6768707483,36.2598,3180,1390,3235,1436,11.2388,4.5203,28.0069,9.8738,2.8032,-536.4046,1.0,0.1908,0.3436,735.0,0.292071,0.282234,0.102243,1.0,1.0,0.098666,0.095831,0.014146,1.0,1.0,0.013313,0.012086,0.01774,0.017772,0.02321,0.020728,0.023556,0.018362,735,1.0,16.5674,112.9342,QUALIFIED,,0.092166,-0.001804,0.106937,0.220496,True,True,BOTH,normal_low,0.009933,0.010893,0.006462,0.0,0.007492,4,full_m3_data
24340,702.0,0.43875,0.5598,1.15,3207.662393162393,2020.608262108262,5039.70655270655,-34716.05982905983,35.0805,3189,2005,3227,2038,4.8482,2.7078,15.6408,3.9554,1.9901,-2894.652,1.0,1.0,0.0,702.0,0.191707,0.188574,0.032455,1.0,1.0,0.041442,0.040467,0.00874,1.0,1.0,-0.000217,0.002477,-0.000528,0.000512,0.005352,-0.001083,-0.001872,0.000373,702,1.0,66.8985,121.9192,QUALIFIED,,,,1.202354,,True,True,BOTH,normal_low,,0.122478,,,0.03062,1,partial_m3_data
24343,393.0,0.245625,0.4226,1.03,3220.7302798982187,1635.7786259541986,-4581.034351145034,-35042.756997455464,35.3414,3207,1619,3237,1650,5.6491,2.8977,14.6384,4.6222,1.9603,-1819.8036,1.0,1.0,0.0,393.0,,,,0.0,0.0,0.053697,0.051869,0.009205,1.0,1.0,-0.002647,0.000881,0.000261,-0.001657,0.001881,-0.003858,-0.001649,-0.00224,393,1.0,64.5725,120.1906,QUALIFIED,,,,3.051037,,False,True,S1_ONLY,no_data,,0.310795,,,0.077699,1,partial_m3_data
24365,543.0,0.339375,0.461,1.23,3221.896869244936,815.1694290976059,-25096.264272559853,-35071.921731123395,43.1262,3204,800,3242,831,5.5513,4.0073,27.7166,4.3482,2.5115,-5738.6703,1.0,1.0,0.0,543.0,0.154029,0.150673,0.023029,1.0,1.0,0.081349,0.076891,0.019971,1.0,1.0,0.000265,-0.000757,0.00137,0.001601,0.001228,-0.003462,-0.003729,-0.002067,543,1.0,-93.9919,109.8179,QUALIFIED,,,-0.168613,3.819218,,True,True,BOTH,normal_low,,0.389046,,0.0,0.097262,2,partial_m3_data
24367,141.0,0.088125,0.5423,1.54,3227.0425531914893,1665.085106382979,-3848.372340425536,-35200.56382978724,35.4107,3220,1654,3233,1674,9.0396,4.212,16.888,7.0257,2.1019,-1835.9313,1.0,1.0,0.0,141.0,,,,0.0,0.0,0.043657,0.04335,0.005479,1.0,1.0,0.001153,0.00129,0.000595,0.001003,0.007299,0.001251,0.00013,-0.003428,141,1.0,64.5725,120.1906,QUALIFIED,,-0.11882,,0.828607,,False,True,S1_ONLY,no_data,,0.084406,0.0,,0.021102,2,partial_m3_data
24372,480.0,0.3,0.4868,1.17,3224.054166666667,738.3395833333333,-27017.010416666668,-35125.85416666667,44.3142,3205,724,3239,753,7.1846,4.5249,23.6731,5.6126,3.0058,-5770.6182,1.0,1.0,0.0,480.0,0.25211,0.243729,0.049794,1.0,1.0,0.096826,0.092983,0.01286,1.0,1.0,0.000215,0.001952,8.3e-05,0.001253,-0.000948,-0.005238,-0.005422,-0.007824,480,1.0,-101.9481,118.7877,QUALIFIED,,,,,,True,True,BOTH,normal_low,,,,,0.0,0,no_m3_data
24419,466.0,0.29125,0.6332,1.39,3237.8755364806866,2024.4141630901288,5134.8540772532215,-35471.38841201717,35.8417,3223,2014,3255,2037,4.4761,2.7083,20.4811,3.8506,2.5045,-2917.6373,1.0,1.0,0.0,466.0,0.217325,0.206646,0.060583,1.0,1.0,0.046193,0.044888,0.006227,1.0,1.0,-0.000745,0.001305,-5.7e-05,0.001102,0.000406,-0.002687,-0.002191,-0.005004,466,1.0,66.8985,121.9192,QUALIFIED,,,,,,True,True,BOTH,normal_low,,,,,0.0,0,no_m3_data
24422,457.0,0.285625,0.457,1.6,3229.1312910284464,967.7702407002188,-21281.24398249453,-35252.78227571116,41.1784,3218,949,3243,989,18.6795,2.5093,25.7346,16.9307,1.6616,-5282.5765,1.0,1.0,0.0,457.0,0.236293,0.235377,0.023548,1.0,1.0,0.075154,0.075341,0.006859,1.0,1.0,-0.001418,-0.008537,0.003157,1.8e-05,-0.000873,-0.004774,-0.00597,-0.002591,457,1.0,-93.9919,109.8179,QUALIFIED,,,0.994298,,,True,True,BOTH,normal_low,,,,0.1409,0.02818,1,partial_m3_data
24449,1198.0,0.74875,0.443,1.0,3230.9941569282137,783.1953255425709,-25895.616861435727,-35299.353923205344,43.7794,3204,757,3256,809,5.7667,4.1843,24.3009,4.7734,3.1776,-5755.5526,1.0,1.0,0.0,1198.0,0.21644,0.180355,0.106245,1.0,1.0,0.092257,0.092883,0.013118,1.0,1.0,0.000324,-0.004385,0.002281,0.001869,0.001351,-0.004637,-0.002393,-0.001808,1198,1.0,-101.9481,118.7877,QUALIFIED,,,0.180623,4.432272,,True,True,BOTH,normal_low,,0.451495,,0.025596,0.117993,2,partial_m3_data
24452,848.0,0.53,0.4727,1.18,3214.771226415094,2163.8207547169814,8620.018867924533,-34893.78066037735,35.9433,3191,2145,3237,2184,7.4531,4.9783,23.6566,6.3155,3.9944,-2917.8368,1.0,1.0,0.0,848.0,0.219331,0.217151,0.058258,1.0,1.0,0.060093,0.05883,0.014701,1.0,1.0,-0.000609,0.00112,-0.002614,-0.001724,0.003307,-0.003266,-0.000302,-0.000428,848,1.0,66.8985,121.9192,QUALIFIED,,,,1.987602,,True,True,BOTH,normal_low,,0.202468,,,0.050617,1,partial_m3_data
24468,314.0,0.19625,0.4708,1.26,3232.996815286624,2228.735668789809,10242.891719745225,-35349.4203821656,36.8041,3218,2220,3247,2243,6.1558,3.43,16.1217,4.7633,1.861,-2926.7605,1.0,1.0,0.0,314.0,,,,0.0,0.0,0.044363,0.045445,0.005272,1.0,1.0,0.00021,0.001416,-0.000771,0.000591,-0.001158,-0.001608,-0.000897,-0.0034,314,1.0,66.8985,121.9192,QUALIFIED,,,,,,False,True,S1_ONLY,no_data,,,,,0.0,0,no_m3_data
24472,154.0,0.09625,0.5133,1.33,3245.2337662337663,1713.935064935065,-2627.123376623378,-35655.344155844155,35.7525,3235,1707,3255,1722,5.4946,2.913,16.3199,5.0593,2.3647,-1843.6166,1.0,0.9366,0.1943,154.0,,,,0.0,0.0,0.038517,0.037618,0.007469,1.0,1.0,8.1e-05,0.003653,-4.2e-05,0.002692,0.010073,0.004187,0.005472,-0.000992,154,1.0,64.5725,120.1906,QUALIFIED,,,,0.584334,1.181287,False,True,S1_ONLY,no_data,0.053214,0.059523,,,0.033506,2,partial_m3_data
24475,140.0,0.0875,0.4605,1.19,3243.4,1726.3785714285714,-2316.0357142857174,-35609.5,35.6852,3237,1717,3253,1736,8.6985,3.7319,22.0511,6.3536,1.7996,-1858.6171,1.0,0.912,0.2492,140.0,0.13968,0.143424,0.005876,0.035714,0.035714,0.043999,0.042003,0.007588,1.0,1.0,-0.000631,0.003111,-0.000917,0.003703,0.010696,0.003573,0.005341,0.000743,140,1.0,64.5725,120.1906,QUALIFIED,,,,0.66595,0.860887,False,True,S1_ONLY,normal_low,0.038781,0.067837,,,0.030533,2,partial_m3_data
24486,132.0,0.0825,0.5176,1.13,3239.4848484848485,2090.8863636363635,6796.659090909088,-35511.621212121216,36.1568,3232,2084,3249,2099,4.0414,3.023,14.346,3.4212,1.7624,-2940.0182,1.0,1.0,0.0,132.0,0.255972,0.254263,0.051046,1.0,1.0,0.062568,0.060953,0.007216,1.0,1.0,-0.000317,0.000114,-0.001824,-0.001284,-0.003035,-0.0049,-0.004057,-0.011171,132,1.0,66.8985,121.9192,QUALIFIED,,,,,,True,True,BOTH,normal_low,,,,,0.0,0,no_m3_data
24487,364.0,0.2275,0.4667,1.15,3234.5082417582416,2170.3763736263736,8783.909340659338,-35387.206043956045,36.4617,3222,2158,3252,2184,4.9332,2.8712,17.3383,3.9047,1.513,-2900.52,1.0,1.0,0.0,364.0,0.239257,0.238412,0.046545,1.0,1.0,0.04503,0.044012,0.010627,1.0,1.0,0.000774,-0.001903,-0.001189,-0.00203,-0.002231,-0.004692,-0.003148,-0.009078,364,1.0,66.8985,121.9192,QUALIFIED,,,,,,True,True,BOTH,normal_low,,,,,0.0,0,no_m3_data
24488,782.0,0.48875,0.4891,1.05,3227.9539641943734,2189.9462915601025,9273.157289002564,-35223.34910485933,36.4242,3210,2171,3251,2210,5.162,2.6211,15.1959,4.2586,1.9,-2873.9668,1.0,1.0,0.0,782.0,0.238805,0.236937,0.045544,0.754476,0.754476,0.041825,0.039113,0.00939,1.0,1.0,-0.000422,-0.000419,-0.002687,-0.001277,-0.00078,-0.004375,-0.001426,-0.003184,782,1.0,66.8985,121.9192,QUALIFIED,,,,,,True,True,BOTH,normal_low,,,,,0.0,0,no_m3_data
24489,901.0,0.563125,0.5631,1.56,3225.849056603773,2272.2930077691453,11331.82519422863,-35170.72641509434,36.9518,3201,2256,3251,2288,5.3446,3.2885,19.6323,4.5923,2.8445,-2887.4791,1.0,1.0,0.0,901.0,,,,0.0,0.0,0.039738,0.038457,0.005792,1.0,1.0,-0.000867,0.003112,-0.001219,0.000205,-0.000754,-0.000682,-0.000179,-0.00369,901,1.0,66.8985,121.9192,QUALIFIED,,,,,,False,True,S1_ONLY,no_data,,,,,0.0,0,no_m3_data
24497,129.0,0.080625,0.5513,1.38,3238.5271317829456,2131.3488372093025,7808.220930232565,-35487.678294573634,36.3371,3232,2124,3245,2142,3.8303,2.2838,11.5519,3.0277,1.241,-2945.3891,1.0,1.0,0.0,129.0,0.265847,0.267232,0.042917,1.0,1.0,0.069251,0.063626,0.012683,1.0,1.0,0.000287,-0.001154,-0.001262,-0.001152,-0.00212,-0.006487,-0.002065,-0.01168,129,1.0,66.8985,121.9192,QUALIFIED,,,,,,True,True,BOTH,normal_low,,,,,0.0,0,no_m3_data
24503,1700.0,1.0625,0.483,1.16,3239.561176470588,1674.1617647058824,-3621.455882352937,-35513.5294117647,35.6981,3213,1640,3268,1704,7.1496,4.8475,25.6545,5.8979,3.8377,-1817.017,1.0,0.9933,0.0628,1700.0,,,,0.0,0.0,0.048022,0.045904,0.012607,1.0,1.0,0.00112,0.002226,-7.1e-05,0.001158,0.010122,0.001476,0.000668,-0.001512,1700,1.0,64.5725,120.1906,QUALIFIED,,-0.9875,,0.854179,,False,True,S1_ONLY,no_data,,0.087011,0.0,,0.021753,2,partial_m3_data
24521,162.0,0.10125,0.5956,1.06,3249.333333333333,737.8086419753087,-27030.28395061728,-35757.83333333334,44.8249,3241,730,3258,746,4.411,2.7681,17.9828,4.2123,1.9513,-5765.8454,1.0,1.0,0.0,162.0,0.181677,0.177285,0.021252,1.0,1.0,0.095145,0.091802,0.010554,1.0,1.0,-0.001472,-0.016953,0.004841,-4.3e-05,-8.7e-05,-0.006026,-0.00385,-0.001915,162,1.0,-101.9481,118.7877,QUALIFIED,,,1.008882,,,True,True,BOTH,normal_low,,,,0.142966,0.028593,1,partial_m3_data
24525,1240.0,0.775,0.3533,1.2,3217.375806451613,1998.0443548387093,4475.608870967742,-34958.89516129032,35.2448,3189,1965,3254,2019,8.4229,3.9507,22.5337,7.2881,3.3117,-2853.7994,1.0,1.0,0.0,1240.0,0.219949,0.213511,0.041125,1.0,1.0,0.039111,0.038921,0.012285,1.0,1.0,-0.001392,0.002294,-0.001405,0.000381,0.002326,-0.002264,-0.003944,-0.001308,1240,1.0,64.5725,120.1906,QUALIFIED,,,,1.973345,,True,True,BOTH,normal_low,,0.201015,,,0.050254,1,partial_m3_data
24527,669.0,0.418125,0.5264,1.32,3240.624813153961,723.136023916293,-27397.09940209268,-35540.12032884902,44.8744,3226,706,3257,747,6.7001,4.5289,27.2976,5.3287,3.9879,-5772.6015,1.0,1.0,0.0,669.0,0.238933,0.22059,0.083336,1.0,1.0,0.144371,0.128783,0.068009,1.0,1.0,-0.00026,-0.007202,0.002223,-0.000197,-0.000936,-0.006653,-0.004156,-0.005809,669,1.0,-101.9481,118.7877,QUALIFIED,,,1.088619,,,True,True,BOTH,normal_low,,,,0.154266,0.030853,1,partial_m3_data
24529,188.0,0.1175,0.5266,1.24,3252.3882978723404,1702.9893617021276,-2900.7659574468125,-35834.207446808505,35.9519,3245,1692,3262,1713,5.3276,2.6444,13.9529,3.7881,1.4529,-1849.2849,1.0,1.0,0.0,188.0,,,,0.0,0.0,0.035067,0.032525,0.007489,1.0,1.0,0.001439,0.004076,0.001052,0.001987,0.005342,0.003903,0.004334,-0.005523,188,1.0,64.5725,120.1906,QUALIFIED,,-1.832523,-0.888783,0.269375,2.274342,False,True,S1_ONLY,no_data,0.102453,0.02744,0.0,0.0,0.042719,4,full_m3_data
24530,558.0,0.34875,0.6013,1.1,3242.163082437276,2105.032258064516,7150.306451612902,-35578.5770609319,36.2906,3224,2090,3256,2119,2.6097,1.8106,10.178,1.8764,0.9534,-2937.1116,1.0,1.0,0.0,558.0,0.283847,0.277225,0.056119,1.0,1.0,0.068024,0.065041,0.009999,1.0,1.0,2.8e-05,-0.001718,-0.001951,-0.001026,-0.003867,-0.005396,-0.003503,-0.008865,558,1.0,66.8985,121.9192,QUALIFIED,,,,,,True,True,BOTH,normal_low,,,,,0.0,0,no_m3_data
24537,543.0,0.339375,0.4571,1.09,3244.902394106814,2258.508287292818,10987.207182320446,-35647.059852670354,37.3025,3231,2240,3264,2276,4.7449,2.8903,15.9673,3.6514,1.6577,-2892.8173,1.0,1.0,0.0,543.0,,,,0.0,0.0,0.041454,0.040778,0.004667,1.0,1.0,0.000353,0.005285,-0.001631,-0.000193,-0.002751,-0.001125,-0.000533,-0.004539,543,1.0,66.8985,121.9192,QUALIFIED,,,,,,False,True,S1_ONLY,no_data,,,,,0.0,0,no_m3_data
24546,267.0,0.166875,0.4768,1.4,3254.752808988764,2818.1011235955057,24977.02808988764,-35893.32022471911,43.7292,3245,2806,3265,2834,8.6292,3.5487,28.5196,7.363,1.5925,-896.1658,1.0,1.0,0.0,267.0,0.210518,0.208109,0.029277,1.0,1.0,0.051784,0.051594,0.015268,1.0,1.0,-0.002702,-0.002105,-0.001573,-3.6e-05,-0.000364,-0.001146,-0.00478,-0.004874,267,1.0,128.0053,107.0997,QUALIFIED,,,,,,True,True,BOTH,normal_low,,,,,0.0,0,no_m3_data
24547,351.0,0.219375,0.5735,2.12,3248.3475783475783,889.1994301994303,-23245.514245014245,-35733.18945868946,42.6289,3239,870,3256,906,7.3069,3.3228,14.488,6.3765,2.6601,-5668.9969,1.0,1.0,0.0,351.0,0.18355,0.184725,0.022,1.0,1.0,0.06924,0.068011,0.007724,1.0,1.0,-0.000885,-0.011348,0.002719,0.002534,0.000219,-0.002714,-0.004201,0.010121,351,1.0,-93.9919,109.8179,QUALIFIED,,,0.06804,,,True,True,BOTH,normal_low,,,,0.009642,0.001928,1,partial_m3_data
24556,151.0,0.094375,0.4675,1.12,3246.7417218543046,1856.4370860927152,935.427152317876,-35693.04304635762,35.7058,3239,1848,3256,1867,7.7332,3.9543,18.2981,7.323,3.2423,-1896.5563,1.0,1.0,0.0,151.0,0.382542,0.370431,0.104678,1.0,1.0,0.034955,0.035333,0.002867,1.0,1.0,0.001876,0.000495,-0.00016,0.000683,0.000595,-0.001392,-0.003185,-0.007662,151,1.0,64.5725,120.1906,QUALIFIED,,0.736141,,,,True,True,BOTH,normal_low,,,0.051614,,0.010323,1,partial_m3_data
24558,280.0,0.175,0.4242,1.36,3250.6071428571427,802.7642857142857,-25406.39285714285,-35789.678571428565,43.8907,3241,788,3263,818,8.5085,3.2737,16.2372,7.3009,1.8069,-5774.672,1.0,1.0,0.0,280.0,0.161099,0.141084,0.060799,1.0,1.0,0.111383,0.103505,0.032123,1.0,1.0,0.000687,-0.012134,0.003486,0.002022,0.000611,-0.004418,-0.004649,0.001906,280,1.0,-93.9919,109.8179,QUALIFIED,,,0.419966,,,True,True,BOTH,normal_low,,,,0.059512,0.011902,1,partial_m3_data
24560,343.0,0.214375,0.6018,1.58,3255.685131195335,2794.390670553936,24384.2667638484,-35916.62827988337,43.4126,3247,2779,3266,2809,7.7359,3.9181,18.0149,6.2984,2.6128,-935.353,1.0,1.0,0.0,343.0,0.216152,0.215894,0.026925,1.0,1.0,0.037938,0.036292,0.007326,1.0,1.0,-0.001395,-0.002131,-0.001204,-0.000111,-0.000211,-0.000926,-0.003887,-0.003837,343,1.0,130.151,122.7969,QUALIFIED,,,,,,True,True,BOTH,normal_low,,,,,0.0,0,no_m3_data
24569,542.0,0.33875,0.3672,1.14,3251.1826568265683,2143.837638376384,8120.4409594096,-35804.06642066421,36.714,3235,2121,3271,2162,5.111,3.3595,18.4222,3.9738,2.2134,-2929.3336,1.0,1.0,0.0,542.0,0.279928,0.268905,0.056995,1.0,1.0,0.06377,0.063933,0.012889,1.0,1.0,0.0012,-0.001726,0.00044,-0.001877,-0.002774,-0.001361,-0.003642,-0.004772,542,1.0,66.8985,121.9192,QUALIFIED,,2.438333,,,,True,True,BOTH,normal_low,,,0.170963,,0.034193,1,partial_m3_data
24578,251.0,0.156875,0.6711,1.29,3251.4143426294822,1779.2509960159362,-994.2250996015936,-35809.85856573706,35.8241,3244,1769,3261,1791,10.7689,4.001,20.626,9.7711,3.1757,-1891.6497,1.0,0.9337,0.2321,251.0,0.279252,0.282331,0.06872,1.0,1.0,0.054967,0.051286,0.012468,1.0,1.0,0.002935,0.003204,0.002044,0.001781,0.002269,0.000893,-0.001048,-0.011353,251,1.0,64.5725,120.1906,QUALIFIED,,-0.091652,0.128669,0.606435,,True,True,BOTH,normal_low,,0.061775,0.0,0.018233,0.01909,3,full_m3_data
24579,258.0,0.16125,0.3969,1.04,3259.875968992248,2091.74031007752,6818.007751937992,-36021.3992248062,36.6616,3248,2081,3273,2107,5.0838,4.9918,24.5714,3.1551,1.9022,-2941.2971,1.0,1.0,0.0,258.0,0.292676,0.288011,0.084697,1.0,1.0,0.068654,0.067342,0.009159,1.0,1.0,0.000937,-0.001643,-0.001959,-0.002857,-0.00435,-0.00363,-0.004149,-0.001005,258,1.0,66.8985,121.9192,QUALIFIED,,,,,,True,True,BOTH,normal_low,,,,,0.0,0,no_m3_data
24584,455.0,0.284375,0.4182,1.06,3253.4835164835163,756.8263736263737,-26554.84065934065,-35861.58791208791,44.6231,3237,743,3269,777,4.9453,3.9911,22.3437,4.2893,3.1195,-5760.1505,1.0,1.0,0.0,455.0,0.18163,0.164383,0.056808,1.0,1.0,0.08928,0.084073,0.024065,1.0,1.0,-0.00089,-0.012658,0.003831,0.000637,0.000674,-0.002284,-0.002964,-0.001731,455,1.0,-101.9481,118.7877,QUALIFIED,,,0.833725,,,True,True,BOTH,normal_low,,,,0.118145,0.023629,1,partial_m3_data
24587,726.0,0.45375,0.5338,1.18,3259.376033057851,2170.586776859504,8789.169421487597,-36008.900826446275,37.0666,3239,2151,3279,2185,4.856,2.3546,15.8193,3.8399,1.475,-2911.0439,1.0,1.0,0.0,726.0,0.259094,0.252427,0.053636,0.363636,0.363636,0.048759,0.048322,0.006979,1.0,1.0,0.002413,-0.000404,0.000475,-0.001306,-0.000811,0.001493,-0.003688,0.001115,726,1.0,66.8985,121.9192,QUALIFIED,,1.167426,,,,True,True,BOTH,normal_low,,,0.081854,,0.016371,1,partial_m3_data
24603,140.0,0.0875,0.5882,1.21,3259.6,1715.4642857142858,-2588.892857142855,-36014.5,36.1079,3253,1708,3267,1725,4.4651,2.1218,10.6717,3.6404,0.6964,-1848.9417,1.0,0.9749,0.1339,140.0,0.201372,0.196399,0.018795,0.25,0.25,0.047974,0.048433,0.007568,1.0,1.0,0.002551,0.003821,0.003122,0.005432,0.004274,0.003948,0.006844,-0.004088,140,1.0,64.5725,120.1906,QUALIFIED,,-0.497844,-0.73991,0.076275,1.597312,True,True,BOTH,normal_low,0.071955,0.00777,0.0,0.0,0.027127,4,full_m3_data
24608,175.0,0.109375,0.6579,1.36,3258.3371428571427,826.9142857142857,-24802.64285714286,-35982.928571428565,43.703,3252,819,3266,838,4.7291,3.7823,22.8699,4.2242,2.889,-5739.6039,1.0,1.0,0.0,175.0,0.181924,0.178698,0.032287,1.0,1.0,0.082933,0.081358,0.015596,1.0,1.0,-0.001326,-0.004448,0.001771,0.002087,-1.8e-05,-0.001021,-0.00272,0.003799,175,1.0,-93.9919,109.8179,QUALIFIED,,,-0.17843,,,True,True,BOTH,normal_low,,,,0.0,0.0,1,partial_m3_data
24627,867.0,0.541875,0.4316,1.2,3242.405997693195,2223.9354094579007,10122.885236447515,-35584.64994232987,36.9971,3215,2205,3264,2246,6.4169,2.7944,15.5604,5.2428,1.821,-2908.5927,1.0,1.0,0.0,867.0,0.24319,0.235826,0.044766,0.087659,0.087659,0.050195,0.050527,0.00959,1.0,1.0,0.000305,0.00348,-0.001442,3.8e-05,-0.001499,-0.000855,-0.001901,-0.001902,867,1.0,66.8985,121.9192,QUALIFIED,,,,,,False,True,S1_ONLY,normal_low,,,,,0.0,0,no_m3_data
24628,184.0,0.115,0.6133,1.33,3262.429347826087,2312.4891304347825,12336.72826086956,-36085.233695652176,38.1364,3253,2306,3273,2321,4.0768,1.8919,11.9079,3.3632,0.7436,-2839.8267,1.0,1.0,0.0,184.0,,,,0.0,0.0,0.09531,0.066712,0.069004,1.0,1.0,0.001056,0.001245,0.000365,0.000328,0.002752,0.000754,0.004186,0.000584,184,1.0,66.8985,121.9192,QUALIFIED,,-0.178977,,0.726017,0.860487,False,True,S1_ONLY,no_data,0.038763,0.073956,0.0,,0.032056,3,full_m3_data
24643,951.0,0.594375,0.5523,1.02,3256.701366982124,2197.545741324921,9463.143533123024,-35942.034174553104,37.1675,3235,2178,3276,2220,4.99,2.8907,21.2421,3.9072,1.7432,-2889.5015,1.0,1.0,0.0,951.0,0.199116,0.200722,0.021624,0.014721,0.014721,0.053064,0.050788,0.011407,1.0,1.0,0.001508,0.001056,0.000763,-0.000917,-0.001505,0.001134,-0.004216,-0.000906,951,1.0,66.8985,121.9192,QUALIFIED,,0.299735,,,,False,True,S1_ONLY,normal_low,,,0.021016,,0.004203,1,partial_m3_data
24653,969.0,0.605625,0.5345,1.32,3248.191950464396,1963.562435500516,3613.560887512896,-35729.2987616099,35.9121,3225,1944,3274,1981,7.4127,4.3202,22.7502,6.3415,3.5385,-2835.5664,1.0,1.0,0.0,969.0,0.22252,0.219624,0.038546,1.0,1.0,0.047551,0.047113,0.008096,1.0,1.0,-0.000742,-1e-06,-0.001027,-0.000962,-0.001101,-0.002998,-0.00391,-0.006792,969,1.0,64.5725,120.1906,QUALIFIED,,,,,,True,True,BOTH,normal_low,,,,,0.0,0,no_m3_data
24664,597.0,0.373125,0.4746,1.09,3271.4857621440538,776.7537688442211,-26056.65577889448,-36311.64405360134,44.6933,3257,757,3291,794,4.7188,3.1871,16.6028,3.6221,2.1811,-5754.8596,1.0,1.0,0.0,597.0,0.163889,0.147211,0.04547,1.0,1.0,0.090581,0.090129,0.015293,1.0,1.0,0.000824,0.001192,0.001137,0.000345,0.00141,-0.002436,0.000187,0.003495,597,1.0,-101.9481,118.7877,QUALIFIED,,,0.69657,2.72766,,True,True,BOTH,normal_low,,0.277854,,0.098709,0.089205,2,partial_m3_data
24678,289.0,0.180625,0.6255,1.05,3273.18339100346,2066.598615916955,6189.465397923879,-36354.08477508651,36.8778,3263,2057,3284,2079,5.6803,3.5961,15.8775,4.3816,2.0297,-2936.1041,1.0,1.0,0.0,289.0,0.215872,0.212821,0.036094,1.0,1.0,0.076704,0.071275,0.012295,1.0,1.0,0.003494,-0.000535,0.000422,-0.0017,-0.000628,0.001854,-0.00114,0.002826,289,1.0,66.8985,121.9192,QUALIFIED,,1.15312,,,,True,True,BOTH,normal_low,,,0.080851,,0.01617,1,partial_m3_data
24679,354.0,0.22125,0.6556,2.4,3278.4265536723165,2303.2796610169494,12106.491525423737,-36485.16384180791,38.4419,3262,2296,3298,2311,3.6733,2.5099,14.8238,2.971,1.3922,-2823.8966,1.0,1.0,0.0,354.0,,,,0.0,0.0,0.047332,0.047221,0.005581,1.0,1.0,0.000268,-0.001073,-0.000645,0.000398,0.000226,-0.001106,-0.003592,-0.000517,354,1.0,66.8985,121.9192,QUALIFIED,,,,,,False,True,S1_ONLY,no_data,,,,,0.0,0,no_m3_data
24682,154.0,0.09625,0.5704,1.2,3263.668831168832,992.5844155844156,-20660.889610389608,-36116.22077922078,41.6085,3255,985,3273,1000,11.5865,2.0354,18.0011,11.256,1.6425,-5412.7904,1.0,1.0,0.0,154.0,0.238994,0.228478,0.064523,1.0,1.0,0.069788,0.070383,0.005564,1.0,1.0,-0.000344,-0.001664,0.000586,-0.000157,0.000212,-0.004986,-0.000575,-0.002002,154,1.0,-93.9919,109.8179,QUALIFIED,,,,,,True,True,BOTH,normal_low,,,,,0.0,0,no_m3_data
24689,237.0,0.148125,0.474,1.25,3277.6540084388184,2316.2911392405063,12431.778481012654,-36465.85021097046,38.5273,3265,2307,3290,2327,4.6777,2.0935,12.0211,3.9205,1.3754,-2836.0007,1.0,1.0,0.0,237.0,,,,0.0,0.0,0.047934,0.046508,0.005194,1.0,1.0,-9.5e-05,-0.000833,-0.000838,3.8e-05,-0.001015,-0.002297,-0.006086,-0.004637,237,1.0,66.8985,121.9192,QUALIFIED,,,,,,False,True,S1_ONLY,no_data,,,,,0.0,0,no_m3_data
24699,154.0,0.09625,0.6016,1.0,3273.6428571428573,2683.818181818182,21619.954545454544,-36365.57142857144,42.3076,3266,2676,3282,2692,7.8894,3.0256,15.7795,6.4784,1.352,-655.8974,1.0,0.1873,0.3361,154.0,0.224158,0.219432,0.055301,1.0,1.0,0.042838,0.042188,0.003088,1.0,1.0,-0.000267,-1.2e-05,-0.000387,0.000523,0.00059,-0.000527,-0.005847,-0.003132,154,1.0,130.151,122.7969,QUALIFIED,,,,,,True,True,BOTH,normal_low,,,,,0.0,0,no_m3_data
24706,568.0,0.355,0.5979,1.52,3271.7588028169016,2287.2676056338028,11706.190140845072,-36318.47007042254,38.1591,3255,2275,3293,2300,6.2231,3.0305,16.3,5.3364,1.8714,-2857.7235,1.0,1.0,0.0,568.0,,,,0.0,0.0,0.043237,0.043126,0.004617,1.0,1.0,0.001416,0.000464,-0.000359,0.000887,0.001261,0.000393,-0.000596,9.5e-05,568,1.0,66.8985,121.9192,QUALIFIED,,0.672316,,0.688343,,False,True,S1_ONLY,no_data,,0.070118,0.047139,,0.026957,2,partial_m3_data
24711,1249.0,0.780625,0.4429,1.28,3268.3154523618896,2247.249799839872,10705.744995996793,-36232.38630904725,37.7816,3243,2218,3290,2278,4.8593,3.0165,20.2134,3.4821,1.4987,-2912.9782,1.0,1.0,0.0,1249.0,,,,0.0,0.0,0.053108,0.05084,0.011487,1.0,1.0,0.002267,0.001398,-0.0,0.000276,0.00055,0.000509,1.3e-05,0.000237,1249,1.0,66.8985,121.9192,QUALIFIED,,0.383326,,,,False,True,S1_ONLY,no_data,,,0.026877,,0.005375,1,partial_m3_data
24716,1083.0,0.676875,0.4775,1.29,3268.509695290859,2776.6389658356416,23940.474145891043,-36237.24238227148,43.4321,3244,2752,3286,2806,7.2587,2.7669,22.2227,6.051,1.8199,-897.9549,1.0,1.0,0.0,1083.0,0.212945,0.210569,0.024046,1.0,1.0,0.047577,0.046602,0.011085,1.0,1.0,-0.000581,-0.000361,-0.000675,0.000635,-0.00045,-0.00223,-0.006484,-0.00663,1083,1.0,130.151,122.7969,QUALIFIED,,,,,,True,True,BOTH,normal_low,,,,,0.0,0,no_m3_data
24725,465.0,0.290625,0.5727,1.04,3270.7591397849465,2046.4301075268816,5685.252688172048,-36293.47849462366,36.7366,3255,2033,3284,2061,4.2444,2.3645,14.7872,3.2234,1.4344,-2928.5849,1.0,1.0,0.0,465.0,0.209542,0.208562,0.030104,1.0,1.0,0.06606,0.06263,0.012921,1.0,1.0,0.003129,0.001333,0.001102,-0.000916,-0.000104,0.003076,-6.2e-05,0.001849,465,1.0,66.8985,121.9192,QUALIFIED,,0.573985,1.831216,,,True,True,BOTH,normal_low,,,0.040245,0.259498,0.059949,2,partial_m3_data
24726,462.0,0.28875,0.4552,1.21,3285.694805194805,2358.194805194805,13479.370129870127,-36666.87012987013,39.0666,3270,2342,3305,2371,12.7012,3.2682,26.388,11.151,2.5601,-2733.8773,1.0,1.0,0.0,462.0,,,,0.0,0.0,0.048202,0.049908,0.016724,1.0,1.0,-0.000394,-0.003025,-0.00086,-0.000503,-0.000169,-0.000891,-0.004144,-0.002311,462,1.0,66.8985,121.9192,QUALIFIED,,,,,,False,True,S1_ONLY,no_data,,,,,0.0,0,no_m3_data
24742,897.0,0.560625,0.5913,1.11,3264.277591973244,2019.82497212932,5020.124303233002,-36131.4397993311,36.4791,3248,1998,3285,2039,5.0739,2.7624,17.6426,4.2643,2.1136,-2909.3042,1.0,1.0,0.0,897.0,0.221427,0.218194,0.046037,1.0,1.0,0.06116,0.052175,0.03471,1.0,1.0,0.00247,0.001977,0.00139,0.00092,-0.00021,0.001726,-0.000946,-0.000313,897,1.0,66.8985,121.9192,QUALIFIED,,0.199595,0.338129,,,True,True,BOTH,normal_low,,,0.013995,0.047916,0.012382,2,partial_m3_data
24744,168.0,0.105,0.525,1.25,3273.940476190476,2141.428571428572,8060.21428571429,-36373.01190476191,37.256,3267,2132,3283,2152,5.2898,2.5013,12.62,4.4754,1.251,-2947.9419,1.0,1.0,0.0,168.0,0.320807,0.314467,0.069075,0.547619,0.547619,0.047653,0.048158,0.004777,1.0,1.0,0.006949,-0.000634,-0.001111,-0.000922,0.002349,0.003643,0.001094,0.004827,168,1.0,66.8985,121.9192,QUALIFIED,,1.091236,,-0.550873,-3.412249,True,True,BOTH,normal_low,0.0,0.0,0.076512,,0.015302,3,full_m3_data
24745,370.0,0.23125,0.6703,1.04,3276.835135135136,2214.0135135135133,9874.837837837831,-36445.37837837839,37.7601,3266,2202,3290,2225,4.3741,2.4274,13.944,3.8502,1.9191,-2911.125,1.0,1.0,0.0,370.0,,,,0.0,0.0,0.057871,0.057776,0.004791,1.0,1.0,0.002265,0.000329,-0.000545,-0.000671,0.000736,0.001464,-0.001455,0.002898,370,1.0,66.8985,121.9192,QUALIFIED,,0.854746,,,,False,True,S1_ONLY,no_data,,,0.05993,,0.011986,1,partial_m3_data
24747,140.0,0.0875,0.6335,1.31,3278.385714285714,2870.9714285714285,26298.78571428571,-36484.142857142855,44.9753,3271,2866,3288,2879,6.2949,2.6238,13.3949,5.6174,1.3655,-676.6734,1.0,1.0,0.0,140.0,0.153515,0.156697,0.021523,1.0,1.0,0.057165,0.055648,0.005467,1.0,1.0,-0.000326,0.000387,0.000105,-0.000441,-0.00134,-0.004368,-0.007851,-0.010187,140,1.0,128.0053,107.0997,QUALIFIED,,,,,,True,True,BOTH,normal_low,,,,,0.0,0,no_m3_data
24753,188.0,0.1175,0.6144,1.06,3272.404255319149,2080.058510638298,6525.962765957447,-36334.60638297872,36.9166,3264,2072,3282,2089,3.0586,2.3703,16.6529,3.0867,1.7293,-2940.0796,1.0,1.0,0.0,188.0,0.235618,0.22504,0.055131,1.0,1.0,0.075681,0.076289,0.009365,1.0,1.0,0.00368,-0.000844,-0.000911,-0.002159,-0.001182,-0.000164,-0.001728,0.004024,188,1.0,66.8985,121.9192,QUALIFIED,,1.229348,,,,True,True,BOTH,normal_low,,,0.086195,,0.017239,1,partial_m3_data
24754,851.0,0.531875,0.4849,1.15,3278.4265569917743,2336.025851938896,12925.146298472384,-36485.16392479435,38.7076,3259,2319,3304,2358,9.5212,3.5314,20.2943,8.0904,2.959,-2806.897,1.0,1.0,0.0,851.0,,,,0.0,0.0,0.049164,0.047104,0.00905,1.0,1.0,-0.000484,-0.001416,-0.000751,-0.000242,-0.00033,-0.000918,-0.002838,-0.003909,851,1.0,66.8985,121.9192,QUALIFIED,,,,,,False,True,S1_ONLY,no_data,,,,,0.0,0,no_m3_data
24756,474.0,0.29625,0.6061,1.48,3271.537974683544,2551.071729957806,18301.29324894515,-36312.9493670886,40.6648,3255,2540,3289,2563,9.5713,3.8687,20.807,8.689,2.9988,-1495.0597,1.0,0.9914,0.0761,474.0,,,,0.0,0.0,0.042515,0.041713,0.006208,1.0,1.0,0.000837,-0.001578,-0.001524,0.000218,4.7e-05,-0.000641,-0.003191,-0.003693,474,1.0,130.151,122.7969,QUALIFIED,,,,,,False,True,S1_ONLY,no_data,,,,,0.0,0,no_m3_data
24758,802.0,0.50125,0.5141,1.03,3283.154613466334,1805.7331670822944,-332.170822942644,-36603.365336658346,36.6054,3262,1786,3302,1825,5.8675,3.792,24.8207,4.7527,2.1743,-1835.1017,1.0,0.9602,0.157,802.0,0.186654,0.185305,0.040062,1.0,1.0,0.061212,0.059838,0.013744,1.0,1.0,0.002747,0.000325,0.001653,0.001124,0.001556,0.003168,0.002205,0.002303,662,0.8254,64.5725,120.1906,QUALIFIED,,0.881689,0.320024,-1.03599,-0.044444,True,True,BOTH,normal_low,0.0,0.0,0.061819,0.04535,0.021434,4,full_m3_data
24761,1571.0,0.981875,0.4578,1.77,3274.0,842.942075111394,-24401.948122215148,-36374.5,43.8015,3254,805,3298,883,6.7894,4.2914,29.1047,5.5009,3.1441,-5737.9948,1.0,1.0,0.0,1571.0,0.162089,0.157699,0.038188,1.0,1.0,0.098264,0.096975,0.016907,1.0,1.0,9e-06,0.000128,0.000669,0.000591,0.001206,-0.000667,0.000531,0.009337,1571,1.0,-93.9919,109.8179,QUALIFIED,,,,1.553068,,True,True,BOTH,normal_low,,0.158204,,,0.039551,1,partial_m3_data
24763,525.0,0.328125,0.6048,1.11,3278.0838095238096,1718.647619047619,-2509.3095238095266,-36476.59523809524,36.5633,3264,1705,3292,1736,7.7296,3.8169,21.1857,6.2453,2.4803,-1842.4706,1.0,0.9838,0.0997,525.0,0.243498,0.20668,0.102339,0.95619,0.95619,0.042783,0.042227,0.006229,1.0,1.0,0.004749,-0.000902,0.005807,0.005024,0.003041,0.006974,0.004102,0.005157,525,1.0,64.5725,120.1906,QUALIFIED,,1.189935,0.134837,-1.293325,-0.257192,True,True,BOTH,normal_low,0.0,0.0,0.083432,0.019107,0.020508,4,full_m3_data
24765,1209.0,0.755625,0.4713,1.27,3271.9131513647644,2117.5359801488835,7462.899503722088,-36322.32878411911,37.0817,3245,2095,3302,2140,4.6902,3.4397,20.9017,3.4695,2.053,-2941.4616,1.0,1.0,0.0,1209.0,0.313262,0.308063,0.06923,0.986766,0.986766,0.077063,0.075772,0.01586,1.0,1.0,0.002368,-0.000266,-0.000971,-0.002218,-0.003246,-0.001608,-0.004752,-0.002095,1209,1.0,66.8985,121.9192,QUALIFIED,,1.112331,,,,True,True,BOTH,normal_low,,,0.077991,,0.015598,1,partial_m3_data
24779,1277.0,0.798125,0.4244,1.16,3280.0321064996083,1768.6068911511354,-1260.3277212216126,-36525.30266249021,36.5475,3254,1746,3313,1797,6.3322,3.516,24.317,4.8048,2.0119,-1854.7563,1.0,0.9508,0.1795,1277.0,0.209775,0.20216,0.055308,1.0,1.0,0.051896,0.048603,0.01376,1.0,1.0,0.003731,0.000594,0.004259,0.002771,0.002553,0.007385,0.004129,0.004835,1277,1.0,64.5725,120.1906,QUALIFIED,,0.840793,0.349378,-1.892675,-0.170986,True,True,BOTH,normal_low,0.0,0.0,0.058952,0.04951,0.021692,4,full_m3_data
24783,133.0,0.083125,0.5496,2.0,3287.2556390977443,842.609022556391,-24410.274436090225,-36705.8909774436,44.0817,3282,831,3293,853,3.86,1.9177,9.2665,3.163,1.0548,-5734.2752,1.0,1.0,0.0,133.0,0.141792,0.141116,0.018879,1.0,1.0,0.094095,0.09308,0.008727,1.0,1.0,-2.6e-05,0.002459,0.000573,0.001272,0.000762,0.003866,-0.001397,0.004135,133,1.0,-93.9919,109.8179,QUALIFIED,,,,,,True,True,BOTH,normal_low,,,,,0.0,0,no_m3_data
24788,206.0,0.12875,0.5493,1.67,3278.145631067961,2271.388349514564,11309.20873786408,-36478.14077669903,38.1916,3271,2259,3286,2284,5.3796,2.5863,16.219,4.0187,0.6152,-2891.2035,1.0,1.0,0.0,206.0,,,,0.0,0.0,0.050305,0.051093,0.007002,1.0,1.0,0.000529,0.000742,-0.000538,0.0002,0.000671,-0.000184,-0.002751,-0.002403,206,1.0,66.8985,121.9192,QUALIFIED,,,,,,False,True,S1_ONLY,no_data,,,,,0.0,0,no_m3_data
24794,598.0,0.37375,0.5679,1.44,3287.3695652173915,1968.319397993311,3732.484949832775,-36708.739130434784,36.8986,3268,1957,3307,1984,6.1134,2.4883,22.0915,5.1252,1.4297,-2859.6218,1.0,1.0,0.0,598.0,0.268978,0.258854,0.065054,1.0,1.0,0.067312,0.054488,0.033369,1.0,1.0,0.002661,0.001096,0.000669,4.7e-05,0.000959,0.000725,-0.002154,-0.000106,598,1.0,64.5725,120.1906,QUALIFIED,,0.588125,,,,True,True,BOTH,normal_low,,,0.041236,,0.008247,1,partial_m3_data
24796,612.0,0.3825,0.413,1.03,3272.084967320261,2666.052287581699,21175.80718954248,-36326.62418300654,42.0487,3252,2650,3291,2688,13.8048,4.3702,27.5505,12.2458,3.403,-706.262,1.0,0.1492,0.2976,612.0,0.17942,0.17957,0.024695,0.393791,0.393791,0.041497,0.039039,0.00743,1.0,1.0,2.4e-05,-0.001274,-0.001024,0.00068,-1.3e-05,-0.000973,-0.00593,-0.003793,612,1.0,130.151,122.7969,QUALIFIED,,,,,,True,True,BOTH,normal_low,,,,,0.0,0,no_m3_data
24802,402.0,0.25125,0.5141,1.48,3291.569651741293,963.63184079602,-21384.7039800995,-36813.74129353234,42.5743,3274,953,3308,976,6.6985,3.3362,20.6108,6.0355,2.3481,-5662.7394,1.0,1.0,0.0,402.0,0.217741,0.21351,0.043953,1.0,1.0,0.072575,0.072163,0.005893,1.0,1.0,-0.000141,0.002663,-0.000771,-0.0001,0.008316,-0.000289,-0.000211,0.003401,402,1.0,-93.9919,109.8179,QUALIFIED,,,,1.034752,,True,True,BOTH,normal_low,,0.105405,,,0.026351,1,partial_m3_data
24813,440.0,0.275,0.5034,1.65,3280.2818181818184,2811.565909090909,24813.64772727272,-36531.545454545456,44.1626,3265,2800,3303,2823,4.8515,2.9588,15.5734,4.0341,1.8293,-906.4808,1.0,1.0,0.0,440.0,0.172684,0.170187,0.030955,1.0,1.0,0.056427,0.053956,0.010071,1.0,1.0,-8.9e-05,0.000371,-0.000987,-0.000445,-0.000774,-0.004592,-0.008089,-0.010279,440,1.0,128.0053,107.0997,QUALIFIED,,,,,,True,True,BOTH,normal_low,,,,,0.0,0,no_m3_data
24823,288.0,0.18,0.3951,1.0,3291.75,2237.440972222222,10460.524305555557,-36818.25,38.276,3279,2223,3306,2250,4.1987,2.4828,14.2647,3.14,0.878,-2924.1064,1.0,1.0,0.0,288.0,,,,0.0,0.0,0.066743,0.066647,0.007998,1.0,1.0,-0.000587,-0.002477,-0.001091,-0.001671,-0.000158,3.6e-05,-0.00217,-7.8e-05,288,1.0,66.8985,121.9192,QUALIFIED,,,,,,False,True,S1_ONLY,no_data,,,,,0.0,0,no_m3_data
24838,471.0,0.294375,0.4551,1.96,3303.488322717622,2258.4458598726114,10985.646496815289,-37111.70806794055,38.7042,3282,2246,3327,2269,6.3289,2.7835,13.3362,5.1896,1.5784,-2893.7664,1.0,1.0,0.0,471.0,,,,0.0,0.0,0.072133,0.072077,0.011173,1.0,1.0,-0.000479,-0.001507,-0.000477,-0.001048,0.000287,-0.000569,-0.004295,-0.001731,471,1.0,66.8985,121.9192,QUALIFIED,,,,,,False,True,S1_ONLY,no_data,,,,,0.0,0,no_m3_data
24844,364.0,0.2275,0.5014,1.5,3305.851648351648,1766.6483516483515,-1309.2912087912118,-37170.79120879121,37.1943,3291,1758,3324,1780,3.7375,2.2496,11.7166,2.9787,1.1645,-1855.1422,1.0,1.0,0.0,364.0,0.185429,0.18723,0.025791,1.0,1.0,0.048525,0.047439,0.005656,1.0,1.0,0.001314,0.002769,0.002842,0.003661,0.004643,0.002357,0.004603,0.003838,364,1.0,64.5725,120.1906,QUALIFIED,,-1.107306,-0.288177,0.492354,0.166196,True,True,BOTH,normal_low,0.007487,0.050154,0.0,0.0,0.015159,4,full_m3_data
24845,281.0,0.175625,0.5688,1.37,3300.775800711744,1821.750889679716,68.27224199288321,-37043.89501779359,37.0445,3287,1814,3313,1833,7.1602,3.6542,24.0487,6.1625,2.5412,-1825.9872,1.0,0.9774,0.1333,281.0,0.188384,0.177301,0.048051,1.0,1.0,0.063675,0.061138,0.012156,1.0,1.0,-0.000276,0.001408,1.2e-05,0.000139,0.000443,0.00377,-0.001337,-0.001206,137,0.4875,64.5725,120.1906,QUALIFIED,,,,,,True,True,BOTH,normal_low,,,,,0.0,0,no_m3_data
24859,1195.0,0.746875,0.4309,1.26,3304.732217573221,2012.63179916318,4840.294979079496,-37142.805439330536,37.4574,3278,1986,3337,2033,7.5175,4.7233,26.7915,5.9609,3.4653,-2926.453,1.0,1.0,0.0,1195.0,0.269389,0.255353,0.082862,1.0,1.0,0.063421,0.062834,0.010353,1.0,1.0,0.00113,-0.000691,-0.000195,-0.000178,0.002163,0.000928,-0.002506,0.000319,1195,1.0,66.8985,121.9192,QUALIFIED,,1.611504,,0.570966,,True,True,BOTH,normal_low,,0.058162,0.11299,,0.037138,2,partial_m3_data
24875,191.0,0.119375,0.5426,1.38,3293.832460732984,2072.670157068063,6341.253926701575,-36870.3115183246,37.4122,3282,2065,3304,2081,3.9344,3.1814,19.4411,2.8956,0.866,-2954.8176,1.0,1.0,0.0,191.0,0.195487,0.193799,0.036183,1.0,1.0,0.085622,0.087014,0.011597,1.0,1.0,0.001594,-0.002179,-0.001758,-0.002907,-0.00162,-0.001175,-0.005649,-0.009741,191,1.0,66.8985,121.9192,QUALIFIED,,2.367001,,,,True,True,BOTH,normal_low,,,0.165961,,0.033192,1,partial_m3_data
24878,326.0,0.20375,0.5621,1.45,3295.60736196319,2319.564417177914,12513.61042944785,-36914.68404907976,38.9786,3287,2307,3307,2336,5.9987,2.7087,14.3899,5.0233,1.7575,-2835.4395,1.0,1.0,0.0,326.0,,,,0.0,0.0,0.047772,0.047785,0.005681,1.0,1.0,-0.000426,-0.002958,-0.001941,-0.001371,0.000265,-0.000387,-0.006288,-0.000869,326,1.0,66.8985,121.9192,QUALIFIED,,,,,,False,True,S1_ONLY,no_data,,,,,0.0,0,no_m3_data
24883,207.0,0.129375,0.6469,1.25,3291.9806763285023,896.1400966183575,-23071.997584541063,-36824.016908212565,43.455,3282,888,3302,904,4.9067,2.393,13.8884,4.1782,1.087,-5718.6601,1.0,1.0,0.0,207.0,0.179517,0.179363,0.023856,1.0,1.0,0.097006,0.094782,0.015558,1.0,1.0,0.00079,0.001695,-0.000275,0.001601,0.010221,0.001003,-0.000515,0.003044,207,1.0,-93.9919,109.8179,QUALIFIED,,,,0.901869,,True,True,BOTH,normal_low,,0.091869,,,0.022967,1,partial_m3_data
24886,148.0,0.0925,0.6852,1.5,3298.0945945945946,2635.3175675675675,20407.439189189183,-36976.86486486487,42.2352,3290,2631,3308,2643,14.7035,2.7263,22.8445,13.419,1.6363,-971.4654,1.0,0.1957,0.3163,148.0,,,,0.0,0.0,0.051425,0.050004,0.011263,1.0,1.0,0.001114,0.000275,-0.00069,-0.000384,-0.000564,-0.005213,-0.006238,-0.009929,148,1.0,130.151,122.7969,QUALIFIED,,0.753142,,,,False,True,S1_ONLY,no_data,,,0.052806,,0.010561,1,partial_m3_data
24890,536.0,0.335,0.5229,1.64,3296.091417910448,2133.498134328358,7861.95335820895,-36926.7854477612,37.755,3272,2122,3313,2147,4.3346,2.7158,20.3575,3.3985,1.6409,-2943.8176,1.0,1.0,0.0,536.0,0.382246,0.37302,0.077418,0.128731,0.128731,0.05566,0.055049,0.00815,1.0,1.0,0.001041,-0.001915,-0.002295,-0.002413,-0.002071,-0.002699,-0.00471,-0.003909,536,1.0,66.8985,121.9192,QUALIFIED,,2.839577,,,,True,True,BOTH,normal_low,,,0.199096,,0.039819,1,partial_m3_data
24892,397.0,0.248125,0.5671,1.12,3295.04282115869,2272.4659949622164,11336.149874055409,-36900.57052896725,38.6032,3283,2261,3311,2286,4.4922,2.4228,13.2057,3.5944,1.4801,-2881.0176,1.0,1.0,0.0,397.0,,,,0.0,0.0,0.063601,0.062716,0.009766,1.0,1.0,-0.000667,-0.002332,-0.00104,-0.000606,0.000189,-0.000848,-0.005515,-0.001898,397,1.0,66.8985,121.9192,QUALIFIED,,,,,,False,True,S1_ONLY,no_data,,,,,0.0,0,no_m3_data
24914,376.0,0.235,0.4492,1.15,3304.433510638298,1985.73670212766,4167.917553191488,-37135.33776595745,37.3691,3291,1976,3322,2003,6.6978,3.7337,17.6153,5.8283,2.5479,-2895.1806,1.0,1.0,0.0,376.0,0.318145,0.317772,0.057282,1.0,1.0,0.06789,0.068059,0.011658,1.0,1.0,0.001556,-0.000979,-0.001554,-0.001661,0.00078,-0.001345,-0.00497,-0.00322,376,1.0,64.5725,120.1906,QUALIFIED,,1.629177,,,,True,True,BOTH,normal_low,,,0.114229,,0.022846,1,partial_m3_data
24915,466.0,0.29125,0.6657,1.12,3305.8862660944205,2156.74034334764,8443.008583690986,-37171.656652360514,38.1191,3295,2144,3320,2172,4.8306,3.7712,20.6664,3.3518,1.5484,-2932.5851,1.0,1.0,0.0,466.0,,,,0.0,0.0,0.056428,0.053893,0.010124,1.0,1.0,0.000246,-0.002403,-0.001451,-0.001807,-0.000112,-0.00331,-0.003137,0.001942,466,1.0,66.8985,121.9192,QUALIFIED,,,,,,False,True,S1_ONLY,no_data,,,,,0.0,0,no_m3_data
24936,886.0,0.55375,0.4219,1.19,3307.8532731376977,836.0812641083521,-24573.468397291195,-37220.831828442446,44.6011,3287,819,3337,861,6.8678,4.443,29.4361,5.1703,2.428,-5750.3567,1.0,1.0,0.0,886.0,0.162967,0.158033,0.030346,1.0,1.0,0.091167,0.089542,0.015515,1.0,1.0,0.000367,0.001431,-0.000397,0.001308,0.006969,-0.000639,-0.001136,-0.001522,886,1.0,-93.9919,109.8179,QUALIFIED,,,,1.091692,,True,True,BOTH,normal_low,,0.111205,,,0.027801,1,partial_m3_data
24940,1450.0,0.90625,0.3487,1.05,3318.6510344827584,2316.375862068965,12433.896551724138,-37490.77586206896,39.4995,3286,2286,3349,2352,5.6038,2.9698,20.1938,4.4634,1.5293,-2800.7885,1.0,1.0,0.0,1450.0,,,,0.0,0.0,0.044527,0.043264,0.017975,1.0,1.0,-0.000238,-0.000139,-0.001309,-0.000286,-0.00022,-0.003335,-0.005364,-0.008077,1450,1.0,66.8985,121.9192,QUALIFIED,,,,,,False,True,S1_ONLY,no_data,,,,,0.0,0,no_m3_data
24943,656.0,0.41,0.5333,1.37,3314.167682926829,858.4923780487804,-24013.19054878049,-37378.692073170736,44.4276,3293,843,3334,873,4.8238,2.5271,16.9381,4.1308,1.7602,-5763.7641,1.0,1.0,0.0,656.0,0.167008,0.157175,0.047376,1.0,1.0,0.08998,0.090509,0.008959,1.0,1.0,0.001279,0.000982,-0.000315,0.000926,0.004772,-0.002064,-0.001369,-0.0002,656,1.0,-93.9919,109.8179,QUALIFIED,,0.232213,,1.432523,,True,True,BOTH,normal_low,,0.145924,0.016282,,0.039737,2,partial_m3_data
24951,726.0,0.45375,0.3723,1.28,3302.362258953168,2081.9834710743803,6574.086776859505,-37083.5564738292,37.6623,3280,2062,3330,2101,4.3631,2.36,16.6578,3.2522,1.1855,-2950.8599,1.0,1.0,0.0,726.0,0.229293,0.21685,0.062449,0.988981,0.988981,0.090258,0.086182,0.028564,1.0,1.0,0.000306,-0.002499,-0.002567,-0.003653,-0.002133,-0.003749,-0.008984,-0.008918,726,1.0,66.8985,121.9192,QUALIFIED,,,,,,True,True,BOTH,normal_low,,,,,0.0,0,no_m3_data
24963,169.0,0.105625,0.5559,1.19,3313.828402366864,2052.2958579881656,5831.896449704138,-37370.2100591716,37.8231,3307,2044,3323,2063,4.8925,3.0432,15.7557,4.0198,1.6099,-2947.9179,1.0,1.0,0.0,169.0,0.185735,0.18853,0.030248,1.0,1.0,0.085562,0.086479,0.008898,1.0,1.0,-0.000949,-0.004469,-0.003196,-0.002822,-0.000388,-0.003848,-0.006678,-0.003333,169,1.0,66.8985,121.9192,QUALIFIED,,,,,,True,True,BOTH,normal_low,,,,,0.0,0,no_m3_data
24967,154.0,0.09625,0.6039,1.13,3313.6233766233768,965.3376623376624,-21342.05844155844,-37365.08441558442,43.0308,3306,959,3323,974,5.2573,2.2425,15.2821,4.2102,0.5639,-5682.6815,1.0,1.0,0.0,154.0,0.207065,0.204244,0.037406,1.0,1.0,0.074011,0.071076,0.014404,1.0,1.0,0.000526,-0.000108,9.8e-05,0.000493,0.001057,-0.003503,-0.002733,0.002311,154,1.0,-93.9919,109.8179,QUALIFIED,,,,4.314096,,True,True,BOTH,normal_low,,0.439456,,,0.109864,1,partial_m3_data
24969,294.0,0.18375,0.49,1.04,3307.1938775510203,2066.200680272109,6179.517006802722,-37204.3469387755,37.7146,3296,2056,3321,2080,5.0531,3.2828,20.1382,3.6546,1.9209,-2963.6786,1.0,1.0,0.0,294.0,0.193556,0.191597,0.032334,1.0,1.0,0.082461,0.080651,0.014569,1.0,1.0,-0.000428,-0.004672,-0.002889,-0.003228,-0.001476,-0.003633,-0.007818,-0.007155,294,1.0,66.8985,121.9192,QUALIFIED,,,,,,True,True,BOTH,normal_low,,,,,0.0,0,no_m3_data
24974,931.0,0.581875,0.4716,1.12,3295.6294307196563,2046.2062298603653,5679.655746509132,-36915.23576799141,37.3502,3274,2028,3316,2075,4.7627,3.8647,27.9232,3.338,1.9,-2940.4165,1.0,1.0,0.0,931.0,0.213516,0.211676,0.039644,1.0,1.0,0.076041,0.073243,0.016286,1.0,1.0,0.001621,-0.001735,-0.000347,-0.000774,0.000748,0.000943,-0.002492,-0.002277,931,1.0,66.8985,121.9192,QUALIFIED,,2.070327,,,,True,True,BOTH,normal_low,,,0.14516,,0.029032,1,partial_m3_data
24978,441.0,0.275625,0.5182,1.61,3310.8072562358275,1791.7052154195012,-682.8696145124704,-37294.68140589568,37.3014,3298,1775,3321,1812,5.5573,3.2468,20.7728,4.4166,1.809,-1857.2695,1.0,0.9861,0.0864,441.0,0.163663,0.159512,0.033756,1.0,1.0,0.060693,0.057632,0.015287,1.0,1.0,-0.000376,0.000946,0.000431,0.001018,0.002344,0.002096,-0.000315,0.000264,441,1.0,64.5725,120.1906,QUALIFIED,,,,0.105802,,True,True,BOTH,normal_low,,0.010778,,,0.002694,1,partial_m3_data
24990,1788.0,1.1175,0.5141,1.57,3332.021812080537,2116.141498881432,7428.037472035794,-37825.04530201343,38.5481,3289,2093,3363,2140,4.2381,3.6457,29.9549,3.3027,2.1466,-2954.1666,1.0,1.0,0.0,1788.0,0.360426,0.343722,0.05777,0.012864,0.012864,0.066018,0.06481,0.008704,1.0,1.0,-0.000524,-0.000657,-0.002463,-0.002095,-0.002289,-0.005215,-0.01069,-0.01305,1788,1.0,66.8985,121.9192,QUALIFIED,,,,,,False,True,S1_ONLY,normal_low,,,,,0.0,0,no_m3_data
24995,326.0,0.20375,0.4163,1.07,3315.659509202454,2354.638036809816,13390.450920245392,-37415.987730061344,39.7405,3305,2341,3332,2370,4.7224,2.3597,12.1937,4.1035,1.7742,-2780.2947,1.0,1.0,0.0,326.0,,,,0.0,0.0,0.03028,0.03005,0.002821,1.0,1.0,-6.9e-05,-0.000719,-0.000914,9.8e-05,-0.000666,-0.003469,-0.007687,-0.007431,326,1.0,66.8985,121.9192,QUALIFIED,,,,,,False,True,S1_ONLY,no_data,,,,,0.0,0,no_m3_data
25006,485.0,0.303125,0.4401,1.31,3308.1546391752577,2334.235051546392,12880.376288659798,-37228.36597938144,39.3942,3296,2315,3325,2353,6.466,3.6601,19.8358,5.388,2.3668,-2799.5419,1.0,1.0,0.0,485.0,,,,0.0,0.0,0.037512,0.032808,0.01368,1.0,1.0,-0.000449,-0.000774,-0.000846,0.000292,0.000936,-0.001379,-0.006782,-0.004425,485,1.0,66.8985,121.9192,QUALIFIED,,,,,,False,True,S1_ONLY,no_data,,,,,0.0,0,no_m3_data
25016,196.0,0.1225,0.4949,1.22,3320.311224489796,1756.7091836734694,-1557.770408163262,-37532.2806122449,37.5651,3313,1745,3331,1767,5.1005,2.8098,12.9946,4.1829,1.7722,-1856.7692,1.0,0.9924,0.0716,196.0,0.173035,0.169316,0.03232,1.0,1.0,0.053424,0.052169,0.007339,1.0,1.0,0.001584,0.000231,0.00109,0.002042,0.003282,0.001748,0.002305,0.004205,196,1.0,64.5725,120.1906,QUALIFIED,,0.854167,-0.873394,0.467398,-0.824295,True,True,BOTH,normal_low,0.0,0.047612,0.05989,0.0,0.023881,4,full_m3_data
25018,1165.0,0.728125,0.4662,1.04,3307.0995708154505,2233.636051502146,10365.40128755365,-37201.98927038626,38.6196,3286,2208,3335,2259,5.2147,3.0401,24.4655,4.1702,2.0922,-2927.1206,1.0,1.0,0.0,1165.0,,,,0.0,0.0,0.071009,0.070224,0.012939,1.0,1.0,0.000138,-0.001501,-0.001169,-0.001425,8.8e-05,-0.000849,-0.004353,-0.001276,1165,1.0,66.8985,121.9192,QUALIFIED,,,,,,False,True,S1_ONLY,no_data,,,,,0.0,0,no_m3_data
25024,166.0,0.10375,0.5425,1.06,3319.512048192771,1992.578313253012,4338.9578313253005,-37512.30120481928,37.763,3312,1983,3329,2001,5.9783,4.2173,27.1497,5.2846,2.3752,-2936.267,1.0,1.0,0.0,166.0,0.243887,0.234606,0.062325,1.0,1.0,0.064762,0.061278,0.009003,1.0,1.0,-0.000601,-0.001572,-0.000831,0.000928,0.001943,-0.001694,-0.004888,-0.001595,166,1.0,64.5725,120.1906,QUALIFIED,,,,1.871848,,True,True,BOTH,normal_low,,0.190676,,,0.047669,1,partial_m3_data
25025,644.0,0.4025,0.611,1.1,3327.667701863354,2032.678571428572,5341.464285714283,-37716.19254658386,38.0931,3312,2018,3346,2049,3.8266,2.5472,14.0684,3.1213,1.8698,-2936.6725,1.0,1.0,0.0,644.0,0.21223,0.207353,0.043118,1.0,1.0,0.068049,0.066323,0.010063,1.0,1.0,-0.000185,-0.000572,-0.002649,-0.002262,-0.001145,-0.004274,-0.007521,-0.007173,644,1.0,66.8985,121.9192,QUALIFIED,,,,,,True,True,BOTH,normal_low,,,,,0.0,0,no_m3_data
25026,284.0,0.1775,0.5462,1.3,3327.207746478873,2268.538732394366,11237.968309859149,-37704.69366197183,39.3444,3316,2261,3342,2281,5.3445,2.805,18.548,4.0323,1.2094,-2862.7862,1.0,1.0,0.0,284.0,,,,0.0,0.0,0.076695,0.077354,0.00961,1.0,1.0,0.001098,0.000885,-0.001794,-0.001377,0.000685,-0.001912,-0.00664,-0.008737,284,1.0,66.8985,121.9192,QUALIFIED,,0.193989,,,,False,True,S1_ONLY,no_data,,,0.013601,,0.00272,1,partial_m3_data
25033,713.0,0.445625,0.5025,1.3,3319.0827489481067,1738.5245441795232,-2012.386395511916,-37501.56872370267,37.556,3303,1716,3336,1759,5.3584,2.7096,18.4584,4.2054,1.8707,-1860.3748,1.0,0.9889,0.0822,713.0,0.215886,0.203484,0.066463,1.0,1.0,0.050344,0.04826,0.008684,1.0,1.0,0.002118,0.001139,0.002256,0.002749,0.004964,0.004224,0.003393,0.001791,713,1.0,64.5725,120.1906,QUALIFIED,,0.462229,-0.218528,0.149073,0.472149,True,True,BOTH,normal_low,0.021269,0.015185,0.032409,0.0,0.017722,4,full_m3_data
25036,550.0,0.34375,0.4982,1.92,3317.44,2286.743636363636,11693.090909090904,-37460.5,39.2437,3292,2276,3338,2300,8.486,3.9782,20.9187,6.8386,2.5736,-2847.183,1.0,1.0,0.0,550.0,,,,0.0,0.0,0.064067,0.063704,0.00962,1.0,1.0,0.001623,0.000151,-0.001132,-7.4e-05,0.000785,-0.001854,-0.007589,-0.007174,550,1.0,66.8985,121.9192,QUALIFIED,,0.906962,,,,False,True,S1_ONLY,no_data,,,0.063591,,0.012718,1,partial_m3_data
25044,350.0,0.21875,0.6364,1.14,3326.3942857142856,1800.8771428571429,-453.57142857142753,-37684.357142857145,37.6876,3316,1791,3341,1813,5.8182,3.0989,18.2871,4.6291,2.2157,-1840.797,1.0,0.9911,0.0746,350.0,0.16338,0.160658,0.029811,1.0,1.0,0.067622,0.066153,0.014917,1.0,1.0,-0.001663,0.000279,0.000415,0.000678,0.001555,0.000367,-0.004321,-0.001811,350,1.0,64.5725,120.1906,QUALIFIED,,,,0.763987,,True,True,BOTH,normal_low,,0.077824,,,0.019456,1,partial_m3_data
25046,1603.0,1.001875,0.4701,1.13,3310.642545227698,2182.560199625702,9088.504990642548,-37290.56363069246,38.3827,3285,2151,3340,2213,8.0251,4.2186,23.5971,6.6567,3.1985,-2947.4584,1.0,1.0,0.0,1603.0,,,,0.0,0.0,0.075561,0.074267,0.016393,1.0,1.0,-0.000231,-0.000999,-0.001153,-0.001271,-9e-05,-0.002789,-0.003734,-0.00209,1603,1.0,66.8985,121.9192,QUALIFIED,,,,,,False,True,S1_ONLY,no_data,,,,,0.0,0,no_m3_data
25052,333.0,0.208125,0.555,1.04,3324.6216216216217,1777.8468468468468,-1029.328828828831,-37640.04054054055,37.6546,3311,1767,3336,1791,4.8905,3.028,20.097,4.3396,2.5252,-1863.6727,1.0,0.9841,0.1015,333.0,0.19921,0.19272,0.059861,1.0,1.0,0.075628,0.073033,0.024803,1.0,1.0,-0.000452,0.000535,0.000674,0.002389,0.002717,0.000937,-0.000328,-4e-06,333,1.0,64.5725,120.1906,QUALIFIED,,,,0.655134,,True,True,BOTH,normal_low,,0.066735,,,0.016684,1,partial_m3_data
25055,160.0,0.1,0.6838,1.38,3329.8625,842.36875,-24416.28125,-37771.0625,44.9758,3324,834,3337,852,5.7525,3.2375,19.8522,4.1243,1.2688,-5782.0998,1.0,1.0,0.0,160.0,0.211242,0.211886,0.024859,1.0,1.0,0.095525,0.094184,0.011224,1.0,1.0,0.002074,-0.00078,0.000349,0.001774,-0.003162,-0.005905,-0.004094,-0.011389,160,1.0,-93.9919,109.8179,QUALIFIED,,1.376085,,,,True,True,BOTH,normal_low,,,0.096484,,0.019297,1,partial_m3_data
25056,2821.0,1.763125,0.4528,1.27,3327.168734491316,960.6529599432826,-21459.17600141793,-37703.71836228288,43.383,3286,921,3356,1010,6.8848,4.3445,25.8169,5.426,2.8807,-5700.3856,1.0,1.0,0.0,2821.0,0.202174,0.196445,0.045185,1.0,1.0,0.083815,0.080959,0.018219,1.0,1.0,0.000864,-0.00071,-0.000853,0.000261,-5.9e-05,-0.000631,-0.00136,0.000337,2821,1.0,-93.9919,109.8179,QUALIFIED,,,,,,True,True,BOTH,normal_low,,,,,0.0,0,no_m3_data
25071,153.0,0.095625,0.5977,1.0,3328.738562091504,888.437908496732,-23264.5522875817,-37742.96405228759,44.3372,3320,880,3336,896,4.5532,2.2415,9.2668,3.6462,1.0154,-5740.2188,1.0,1.0,0.0,153.0,0.189309,0.189671,0.036935,1.0,1.0,0.102124,0.10072,0.012382,1.0,1.0,0.001624,-0.001007,0.000369,0.003144,-1.9e-05,-0.004006,-0.003134,0.003096,153,1.0,-93.9919,109.8179,QUALIFIED,,1.620074,,,,True,True,BOTH,normal_low,,,0.113591,,0.022718,1,partial_m3_data
25072,128.0,0.08,0.547,1.38,3327.1875,2013.1953125,4854.3828125,-37704.1875,38.016,3322,2005,3335,2023,6.1743,3.9346,17.9682,4.1289,1.2439,-2955.9663,1.0,1.0,0.0,128.0,0.236842,0.23153,0.03705,1.0,1.0,0.067095,0.067831,0.006904,1.0,1.0,-0.000128,-0.000676,-0.000806,-0.000562,0.000788,-0.003077,-0.003791,-0.001319,128,1.0,66.8985,121.9192,QUALIFIED,,,,,,True,True,BOTH,normal_low,,,,,0.0,0,no_m3_data
25076,378.0,0.23625,0.5214,1.16,3327.28835978836,2626.84126984127,20195.531746031746,-37706.708994709,42.7751,3315,2612,3340,2641,7.4012,3.04,19.4661,6.9118,2.5807,-1043.5105,1.0,0.9984,0.0194,378.0,0.208378,0.204189,0.027623,0.198413,0.198413,0.05523,0.055526,0.011068,1.0,1.0,-0.001538,0.003655,-0.000927,0.001143,-0.000193,-0.003455,-0.004742,-0.007803,378,1.0,130.151,122.7969,QUALIFIED,,,,,,True,True,BOTH,normal_low,,,,,0.0,0,no_m3_data
25082,182.0,0.11375,0.5322,1.06,3336.763736263736,2012.4175824175825,4834.939560439561,-37943.5934065934,38.251,3328,2003,3346,2022,6.4238,3.0106,15.456,5.2345,1.0556,-2953.2971,1.0,1.0,0.0,182.0,0.201567,0.202853,0.034833,1.0,1.0,0.072737,0.070994,0.008541,1.0,1.0,-0.000206,0.001207,-0.001536,-0.001218,-0.001105,-0.004749,-0.007905,-0.009726,182,1.0,66.8985,121.9192,QUALIFIED,,,,,,True,True,BOTH,normal_low,,,,,0.0,0,no_m3_data
25083,609.0,0.380625,0.5385,1.34,3312.2052545156,2097.535303776683,6962.882594417075,-37329.63136288998,37.974,3294,2084,3333,2113,4.0025,2.8587,14.2002,2.7501,1.3055,-2948.5538,1.0,1.0,0.0,609.0,0.248276,0.234785,0.067426,0.361248,0.361248,0.06383,0.059166,0.017236,1.0,1.0,-0.000774,-0.002962,-0.002316,-0.00379,-0.002414,-0.005272,-0.008606,-0.00723,609,1.0,66.8985,121.9192,QUALIFIED,,,,,,True,True,BOTH,normal_low,,,,,0.0,0,no_m3_data
25100,1319.0,0.824375,0.4757,1.26,3347.0773313116,2372.737680060652,13842.942001516303,-38201.43328278999,40.6329,3324,2340,3371,2399,12.749,3.889,28.691,11.0648,3.0368,-2695.5535,1.0,1.0,0.0,1319.0,,,,0.0,0.0,0.038109,0.037233,0.007031,1.0,1.0,-0.001187,0.000932,-0.000665,0.000204,-0.00082,-0.004252,-0.007727,-0.015995,1319,1.0,66.8985,121.9192,QUALIFIED,,,,,,False,True,S1_ONLY,no_data,,,,,0.0,0,no_m3_data
25105,641.0,0.400625,0.5008,1.25,3340.546021840873,2068.2277691107643,6230.194227769105,-38038.15054602183,38.5456,3323,2054,3363,2086,3.7099,2.7138,17.2028,2.7576,1.3317,-2950.9673,1.0,1.0,0.0,641.0,0.184569,0.185749,0.027811,0.193448,0.193448,0.058316,0.055987,0.011632,1.0,1.0,-0.00056,-0.000546,-0.002743,-0.003227,-0.002657,-0.008282,-0.016276,-0.021707,641,1.0,66.8985,121.9192,QUALIFIED,,,,,,True,True,BOTH,normal_low,,,,,0.0,0,no_m3_data
25116,374.0,0.23375,0.3247,1.12,3333.3155080213905,2151.946524064171,8323.163101604281,-37857.38770053476,38.7621,3315,2134,3347,2170,3.151,1.7172,12.7679,2.4954,0.8255,-2941.7476,1.0,1.0,0.0,374.0,,,,0.0,0.0,0.074683,0.073519,0.019664,1.0,1.0,-0.00043,0.001461,-0.000938,-0.000571,-0.001159,-0.004085,-0.005914,-0.009872,374,1.0,66.8985,121.9192,QUALIFIED,,,,,,False,True,S1_ONLY,no_data,,,,,0.0,0,no_m3_data
25117,647.0,0.404375,0.5159,1.15,3322.2952086553323,2212.924265842349,9847.606646058724,-37581.8802163833,38.8513,3303,2196,3341,2229,6.273,3.5184,20.6451,4.7304,1.6312,-2943.241,1.0,1.0,0.0,647.0,,,,0.0,0.0,0.077809,0.077064,0.009616,1.0,1.0,0.000749,-0.000187,-0.000487,-0.00051,0.000117,-0.002996,-0.004543,-0.002917,647,1.0,66.8985,121.9192,QUALIFIED,,,,,,False,True,S1_ONLY,no_data,,,,,0.0,0,no_m3_data
25118,373.0,0.233125,0.573,1.48,3333.1581769437,2359.839142091153,13520.478552278822,-37853.4544235925,40.1963,3319,2350,3350,2371,5.3386,2.7488,15.2843,4.534,1.7698,-2764.4915,1.0,1.0,0.0,373.0,,,,0.0,0.0,0.032912,0.032982,0.003832,1.0,1.0,0.000458,0.000347,-0.001735,-0.000669,-0.002388,-0.00796,-0.010295,-0.02194,373,1.0,66.8985,121.9192,QUALIFIED,,,,,,False,True,S1_ONLY,no_data,,,,,0.0,0,no_m3_data
25137,633.0,0.395625,0.3768,1.05,3340.8167456556084,2047.1548183254345,5703.370458135862,-38044.918641390206,38.4706,3318,2023,3360,2063,6.998,4.3528,26.8091,5.1751,2.6799,-2956.151,1.0,1.0,0.0,633.0,0.225266,0.215606,0.0568,0.780411,0.780411,0.067313,0.068216,0.011959,1.0,1.0,-0.000292,-0.00115,-0.004001,-0.003168,-0.003634,-0.009762,-0.018913,-0.02418,633,1.0,66.8985,121.9192,QUALIFIED,,,,,,True,True,BOTH,normal_low,,,,,0.0,0,no_m3_data
25141,334.0,0.20875,0.5378,1.17,3345.140718562874,2217.320359281437,9957.508982035928,-38153.017964071856,39.4316,3334,2205,3357,2232,4.1851,2.4687,13.7608,3.2594,1.2201,-2928.2335,1.0,1.0,0.0,334.0,,,,0.0,0.0,0.094031,0.092095,0.010244,1.0,1.0,-0.00013,0.001211,-0.000177,0.000939,6e-06,0.000724,0.004408,-0.007162,334,1.0,66.8985,121.9192,QUALIFIED,,,,,2.624773,False,True,S1_ONLY,no_data,0.118239,,,,0.041384,1,partial_m3_data
25153,249.0,0.155625,0.4707,1.0,3341.5381526104416,966.9759036144578,-21301.102409638555,-38062.95381526103,43.6181,3330,957,3353,980,5.7837,2.1218,13.2106,4.8838,1.1016,-5703.5939,1.0,1.0,0.0,249.0,0.202845,0.195665,0.044223,1.0,1.0,0.090147,0.089925,0.011179,1.0,1.0,0.001311,-0.000575,-0.002822,-0.000766,-0.00096,0.002367,-0.000853,0.000541,249,1.0,-93.9919,109.8179,QUALIFIED,,1.438596,,,,True,True,BOTH,normal_low,,,0.100867,,0.020173,1,partial_m3_data
25163,376.0,0.235,0.6184,2.38,3335.231382978724,2200.627659574468,9540.1914893617,-37905.284574468096,39.088,3318,2193,3356,2209,5.989,3.5356,18.9711,5.0256,2.3607,-2925.5758,1.0,1.0,0.0,376.0,,,,0.0,0.0,0.075058,0.076205,0.008469,1.0,1.0,0.000954,0.000912,-0.00066,0.000261,0.000573,-0.002405,-0.001701,-0.00712,376,1.0,66.8985,121.9192,QUALIFIED,,,,,,False,True,S1_ONLY,no_data,,,,,0.0,0,no_m3_data
25166,432.0,0.27,0.4675,1.18,3336.821759259259,2312.122685185185,12327.567129629628,-37945.043981481474,39.8979,3322,2298,3350,2331,5.0719,2.9079,17.1177,4.0604,1.913,-2774.2491,1.0,1.0,0.0,432.0,,,,0.0,0.0,0.037388,0.031852,0.012624,1.0,1.0,-0.001548,0.001132,-0.001888,-0.00023,-0.00112,-0.005182,-0.002532,-0.014054,432,1.0,66.8985,121.9192,QUALIFIED,,,,,,False,True,S1_ONLY,no_data,,,,,0.0,0,no_m3_data
25168,581.0,0.363125,0.4611,1.03,3351.0688468158346,1837.8209982788296,470.0249569707376,-38301.22117039586,38.3046,3336,1820,3371,1856,9.7113,4.5585,24.2424,8.4652,3.3118,-1694.8438,1.0,1.0,0.0,581.0,0.19133,0.189872,0.05273,1.0,1.0,0.045146,0.045185,0.005079,1.0,1.0,0.001744,0.001884,-0.001253,-0.000355,0.001585,-0.003869,-0.007978,-0.009274,508,0.8744,64.5725,120.1906,QUALIFIED,,-0.080275,,3.441009,,True,True,BOTH,normal_low,,0.350519,0.0,,0.08763,2,partial_m3_data
25180,1618.0,1.01125,0.5262,1.83,3334.6557478368354,1974.1254635352288,3877.636588380716,-37890.89369592088,38.0893,3315,1937,3356,2012,7.5683,3.6937,24.789,6.3103,2.7606,-2890.1113,1.0,1.0,0.0,1618.0,0.247851,0.248554,0.066015,1.0,1.0,0.072041,0.069718,0.01472,1.0,1.0,0.001227,0.001519,-0.000759,0.000123,0.000785,-0.00092,-0.00542,-0.003874,1618,1.0,64.5725,120.1906,QUALIFIED,,-0.237979,,,,True,True,BOTH,normal_low,,,0.0,,0.0,1,partial_m3_data
25181,157.0,0.098125,0.5815,1.2,3344.43949044586,2143.891719745223,8121.792993630574,-38135.487261146496,38.9913,3336,2136,3354,2151,2.9075,1.4936,7.6458,2.222,0.8065,-2937.213,1.0,1.0,0.0,157.0,,,,0.0,0.0,0.074412,0.07319,0.009118,1.0,1.0,-0.000487,0.001988,-0.002168,0.000157,-0.001087,-0.008613,-0.01505,-0.021773,157,1.0,66.8985,121.9192,QUALIFIED,,,,,,False,True,S1_ONLY,no_data,,,,,0.0,0,no_m3_data
25194,246.0,0.15375,0.4659,1.09,3350.69512195122,2342.9552845528456,13098.382113821142,-38291.87804878049,40.4708,3339,2333,3363,2355,4.4656,2.4642,16.4322,3.7415,1.1562,-2792.6579,1.0,1.0,0.0,246.0,,,,0.0,0.0,0.030036,0.029685,0.004181,1.0,1.0,-0.001912,0.00163,-0.001,0.000748,-7.4e-05,-0.002417,-0.001963,-0.006664,246,1.0,66.8985,121.9192,QUALIFIED,,,,,,False,True,S1_ONLY,no_data,,,,,0.0,0,no_m3_data
25202,2320.0,1.45,0.5244,1.41,3349.3780172413794,2264.995689655173,11149.392241379312,-38258.95043103449,39.851,3323,2225,3379,2304,6.9454,3.2365,24.1696,5.6905,1.9592,-2855.6268,1.0,1.0,0.0,2320.0,,,,0.0,0.0,0.069792,0.072562,0.018291,1.0,1.0,-0.0013,0.002105,-0.000511,0.000772,-0.000214,-0.001603,-0.0005,-0.008812,2320,1.0,66.8985,121.9192,QUALIFIED,,,,,,False,True,S1_ONLY,no_data,,,,,0.0,0,no_m3_data
25204,1142.0,0.71375,0.5742,1.31,3350.7679509632226,911.8292469352014,-22679.76882661997,-38293.69877408056,44.5061,3323,892,3374,931,5.2674,3.6674,23.1475,3.9595,1.7975,-5760.5276,1.0,1.0,0.0,1142.0,0.185209,0.180382,0.043091,1.0,1.0,0.094257,0.092685,0.008401,1.0,1.0,0.002243,-0.001272,0.000657,-0.000346,0.000105,0.000685,0.00042,0.000387,1142,1.0,-93.9919,109.8179,QUALIFIED,,1.567098,,,,True,True,BOTH,normal_low,,,0.109877,,0.021975,1,partial_m3_data
25205,307.0,0.191875,0.5367,1.18,3345.732899022801,1016.0456026058632,-20074.35993485342,-38167.82247557002,43.1252,3334,1005,3360,1027,6.8599,4.7213,22.3688,5.4878,3.2429,-5659.1884,1.0,1.0,0.0,307.0,0.234512,0.231916,0.068706,1.0,1.0,0.071494,0.071893,0.008531,1.0,1.0,0.000804,0.00096,-0.000143,0.000708,0.000924,0.002125,0.001972,0.004256,307,1.0,-93.9919,109.8179,QUALIFIED,,,,,-1.158215,True,True,BOTH,normal_low,0.0,,,,0.0,1,partial_m3_data
25211,691.0,0.431875,0.4766,1.72,3343.917510853835,2087.272069464544,6706.301736613605,-38122.43777134588,38.7084,3317,2072,3367,2101,2.8961,1.6883,12.8301,2.3338,1.0342,-2951.2016,1.0,1.0,0.0,691.0,0.180659,0.151872,0.053524,0.040521,0.040521,0.061586,0.060729,0.007881,1.0,1.0,-0.000934,0.00137,-0.002304,-0.002256,-0.00224,-0.004064,-0.010788,-0.015149,691,1.0,66.8985,121.9192,QUALIFIED,,,,,,False,True,S1_ONLY,normal_low,,,,,0.0,0,no_m3_data
25250,313.0,0.195625,0.621,1.14,3354.514376996805,2010.4153354632588,4784.883386581467,-38387.35942492013,38.685,3344,1999,3365,2023,4.1206,1.8543,9.3549,3.1986,1.1458,-2941.8337,1.0,1.0,0.0,313.0,0.192163,0.187462,0.03166,1.0,1.0,0.073623,0.074066,0.008172,1.0,1.0,-0.001063,0.003463,-0.002339,-0.000875,-0.002522,-0.00769,-0.016778,-0.01953,313,1.0,66.8985,121.9192,QUALIFIED,,,,,,True,True,BOTH,normal_low,,,,,0.0,0,no_m3_data
25264,392.0,0.245,0.5227,1.2,3366.8979591836733,2124.0969387755104,7626.923469387759,-38696.94897959184,39.442,3357,2110,3382,2140,6.1411,3.4655,17.3919,4.5032,1.7898,-2974.1505,1.0,1.0,0.0,392.0,,,,0.0,0.0,0.061031,0.060919,0.00593,1.0,1.0,0.000563,0.002668,-0.000771,0.001576,-0.003057,-0.002128,-0.003228,-0.006642,392,1.0,66.8985,121.9192,QUALIFIED,,,,,,False,True,S1_ONLY,no_data,,,,,0.0,0,no_m3_data
25276,252.0,0.1575,0.5217,1.1,3352.428571428572,2305.6428571428573,12165.571428571437,-38335.21428571429,40.2199,3341,2297,3364,2318,3.6775,2.3532,16.3812,2.799,1.25,-2766.9989,1.0,1.0,0.0,252.0,,,,0.0,0.0,0.028903,0.027758,0.00547,1.0,1.0,-0.002616,0.003232,-0.0007,0.001138,-7.7e-05,-0.003581,-0.000216,-0.006466,252,1.0,66.8985,121.9192,QUALIFIED,,,,,,False,True,S1_ONLY,no_data,,,,,0.0,0,no_m3_data
25297,527.0,0.329375,0.3956,1.03,3364.485768500949,1998.225806451613,4480.145161290326,-38636.64421252372,38.8961,3346,1979,3382,2016,5.6454,2.5293,16.4844,4.2227,1.361,-2932.0609,1.0,1.0,0.0,527.0,0.214788,0.215838,0.034103,1.0,1.0,0.072441,0.070748,0.010183,1.0,1.0,-0.001081,0.00426,-0.001352,0.000593,-0.002165,-0.005032,-0.010245,-0.014238,527,1.0,64.5725,120.1906,QUALIFIED,,,,,,True,True,BOTH,normal_low,,,,,0.0,0,no_m3_data
25298,783.0,0.489375,0.5932,1.21,3366.086845466156,2031.210727969349,5304.768199233717,-38676.671136653895,39.0393,3347,2015,3387,2048,5.8776,3.7437,27.4705,4.7612,2.8672,-2958.0287,1.0,1.0,0.0,783.0,0.213252,0.20604,0.046305,0.389527,0.389527,0.058561,0.054768,0.014655,1.0,1.0,-0.000881,0.001077,-0.003337,-0.001438,-0.004907,-0.00843,-0.014626,-0.02143,783,1.0,66.8985,121.9192,QUALIFIED,,,,,,True,True,BOTH,normal_low,,,,,0.0,0,no_m3_data
25311,355.0,0.221875,0.4931,1.25,3373.478873239437,1024.2197183098592,-19870.00704225352,-38861.47183098592,43.6469,3362,1009,3386,1039,4.2609,2.1805,13.3132,3.5119,1.2853,-5686.1164,1.0,1.0,0.0,355.0,0.192684,0.191255,0.04313,1.0,1.0,0.066153,0.064687,0.007424,1.0,1.0,-0.00074,-0.00076,-0.000211,0.000321,0.000702,0.001116,-0.004317,-0.001401,355,1.0,-93.9919,109.8179,QUALIFIED,,,,,,True,True,BOTH,normal_low,,,,,0.0,0,no_m3_data
25321,262.0,0.16375,0.5458,1.2,3370.8969465648856,2100.709923664122,7042.248091603047,-38796.923664122136,39.4315,3362,2088,3382,2112,4.1448,2.7166,15.5847,3.2354,1.3827,-2971.5145,1.0,1.0,0.0,262.0,,,,0.0,0.0,0.070951,0.068746,0.013184,1.0,1.0,-0.000664,0.003005,-0.001445,0.000779,-0.002445,-0.002094,-0.001997,-0.002833,262,1.0,66.8985,121.9192,QUALIFIED,,,,,,False,True,S1_ONLY,no_data,,,,,0.0,0,no_m3_data
25322,1131.0,0.706875,0.3442,1.17,3360.862953138815,2176.6083112290007,8939.707780725017,-38546.073828470384,39.5698,3329,2146,3391,2199,7.0156,3.9445,22.3466,5.6032,2.7456,-2947.7005,1.0,1.0,0.0,1131.0,,,,0.0,0.0,0.077711,0.076191,0.012684,1.0,1.0,-0.000825,0.001372,-0.001016,0.000909,0.000369,-0.003025,-0.003751,-0.009441,1131,1.0,66.8985,121.9192,QUALIFIED,,,,,,False,True,S1_ONLY,no_data,,,,,0.0,0,no_m3_data
25323,197.0,0.123125,0.6701,1.5,3369.6700507614214,2265.812182741117,11169.80456852792,-38766.251269035536,40.344,3360,2259,3381,2273,5.3361,2.2888,14.6343,5.0545,1.5805,-2829.7937,1.0,1.0,0.0,197.0,,,,0.0,0.0,0.070345,0.061573,0.015874,1.0,1.0,-0.004286,0.000843,0.000141,-0.000218,0.000951,-0.002238,-0.00591,-0.002349,197,1.0,66.8985,121.9192,QUALIFIED,,,,,,False,True,S1_ONLY,no_data,,,,,0.0,0,no_m3_data
25336,975.0,0.609375,0.4573,1.27,3374.2728205128205,994.1733333333332,-20621.166666666668,-38881.32051282052,44.0115,3351,977,3403,1018,4.7877,2.3845,14.286,3.8043,1.3527,-5704.4325,1.0,1.0,0.0,975.0,0.183884,0.184168,0.031704,1.0,1.0,0.078987,0.075325,0.013848,1.0,1.0,-0.001269,-0.000425,0.000246,0.001107,0.001896,0.001173,-0.002514,0.000394,975,1.0,-93.9919,109.8179,QUALIFIED,,,,0.381329,,True,True,BOTH,normal_low,,0.038844,,,0.009711,1,partial_m3_data
25349,778.0,0.48625,0.4779,1.19,3372.457583547558,2072.419023136247,6334.975578406171,-38835.93958868896,39.3498,3354,2056,3398,2093,3.8811,2.4454,18.0739,2.7387,1.2097,-2957.2378,1.0,1.0,0.0,778.0,,,,0.0,0.0,0.054386,0.054261,0.005954,1.0,1.0,-0.001591,0.001639,-0.001584,-0.000511,-0.00315,-0.003457,-0.006622,-0.009898,778,1.0,66.8985,121.9192,QUALIFIED,,,,,,False,True,S1_ONLY,no_data,,,,,0.0,0,no_m3_data
25358,360.0,0.225,0.5143,1.12,3383.675,2012.1777777777777,4828.944444444445,-39116.375,39.4139,3371,1999,3399,2024,3.8013,2.127,13.326,3.0196,0.9405,-2942.4482,1.0,1.0,0.0,360.0,0.213319,0.194136,0.068269,0.255556,0.255556,0.055424,0.052796,0.012852,1.0,1.0,-0.003159,1.1e-05,-0.003129,-0.00212,-0.0057,-0.007439,-0.010769,-0.014367,360,1.0,66.8985,121.9192,QUALIFIED,,,,,,True,True,BOTH,normal_low,,,,,0.0,0,no_m3_data
25359,288.0,0.18,0.5079,1.29,3375.524305555556,2230.579861111112,10288.99652777778,-38912.60763888889,40.2505,3366,2217,3387,2244,4.9706,2.8039,17.1893,3.5751,1.2176,-2915.5789,1.0,1.0,0.0,288.0,,,,0.0,0.0,0.084539,0.081604,0.010507,1.0,1.0,-0.004266,0.000421,0.000192,-7.6e-05,-0.00102,-0.002755,-0.00675,-0.008578,288,1.0,66.8985,121.9192,QUALIFIED,,,,,,False,True,S1_ONLY,no_data,,,,,0.0,0,no_m3_data
25372,151.0,0.094375,0.5593,1.2,3373.682119205298,905.6490066225166,-22834.274834437085,-38866.552980132445,45.078,3364,899,3382,914,5.8148,2.7334,20.8058,5.1633,2.1718,-5766.8249,1.0,1.0,0.0,151.0,0.254833,0.25112,0.044486,1.0,1.0,0.096272,0.088943,0.020123,1.0,1.0,6.4e-05,-0.001228,0.001535,0.000312,0.001926,0.000381,0.00275,-0.001485,151,1.0,-93.9919,109.8179,QUALIFIED,,,0.796743,0.802181,1.54,True,True,BOTH,normal_low,0.069373,0.081714,,0.112905,0.06729,3,full_m3_data
25377,540.0,0.3375,0.5538,1.56,3377.5666666666666,2052.224074074074,5830.101851851847,-38963.66666666667,39.398,3358,2041,3397,2066,5.9666,3.667,25.8174,5.0862,3.3013,-2953.3058,1.0,1.0,0.0,540.0,,,,0.0,0.0,0.058014,0.056832,0.008108,1.0,1.0,-0.000831,3.3e-05,-0.002259,-0.001224,-0.004501,-0.006687,-0.009089,-0.013512,540,1.0,66.8985,121.9192,QUALIFIED,,,,,,False,True,S1_ONLY,no_data,,,,,0.0,0,no_m3_data
25384,180.0,0.1125,0.4545,1.22,3389.0055555555555,2167.361111111112,8708.527777777781,-39249.63888888889,40.2047,3380,2156,3398,2178,4.3105,1.8202,11.2624,3.2419,0.6968,-2944.8838,1.0,1.0,0.0,180.0,,,,0.0,0.0,0.086596,0.076714,0.027117,1.0,1.0,-0.002948,0.000188,0.000533,0.000598,-0.000153,-0.003547,-0.012085,-0.011971,180,1.0,66.8985,121.9192,QUALIFIED,,,,,,False,True,S1_ONLY,no_data,,,,,0.0,0,no_m3_data
25389,516.0,0.3225,0.4649,1.23,3391.8372093023254,2085.5368217054265,6662.920542635664,-39320.43023255814,39.8815,3373,2072,3410,2102,3.2943,2.049,13.4758,2.5429,0.9991,-2966.0451,1.0,1.0,0.0,516.0,,,,0.0,0.0,0.060388,0.059192,0.008439,1.0,1.0,-0.003057,0.0002,0.000109,-0.000175,-0.002268,-0.004253,-0.009008,-0.007352,516,1.0,66.8985,121.9192,QUALIFIED,,,,,,False,True,S1_ONLY,no_data,,,,,0.0,0,no_m3_data
25394,201.0,0.125625,0.4786,1.05,3381.5522388059703,2133.4378109452737,7860.445273631842,-39063.30597014926,39.8469,3372,2123,3393,2143,6.1897,2.8754,17.0129,5.016,1.9206,-2961.2137,1.0,1.0,0.0,201.0,,,,0.0,0.0,0.066166,0.06537,0.004959,1.0,1.0,-0.004143,-0.000228,-0.000659,0.000252,-0.001995,-0.00351,-0.007619,-0.007014,201,1.0,66.8985,121.9192,QUALIFIED,,,,,,False,True,S1_ONLY,no_data,,,,,0.0,0,no_m3_data
25399,127.0,0.079375,0.5336,1.21,3390.685039370079,1803.8188976377955,-380.0275590551173,-39291.625984251965,39.294,3383,1798,3400,1812,6.2112,2.2784,12.863,5.2717,1.4387,-1735.7077,1.0,0.8321,0.3082,127.0,0.220462,0.213595,0.041758,1.0,1.0,0.072056,0.072185,0.005226,1.0,1.0,-0.002193,0.003049,0.00021,0.001635,0.000282,-0.002388,-0.003189,-0.002493,127,1.0,64.5725,120.1906,QUALIFIED,,,,,,True,True,BOTH,normal_low,,,,,0.0,0,no_m3_data
25401,379.0,0.236875,0.6338,1.13,3383.424802110818,2111.78364116095,7319.091029023752,-39110.12005277045,39.7897,3372,2098,3395,2124,3.3826,2.2029,11.3807,2.9386,1.6576,-2961.584,1.0,1.0,0.0,379.0,,,,0.0,0.0,0.071842,0.067194,0.015674,1.0,1.0,-0.002155,-0.001081,-0.000478,-6.2e-05,-0.002902,-0.004154,-0.008151,-0.007531,379,1.0,66.8985,121.9192,QUALIFIED,,,,,,False,True,S1_ONLY,no_data,,,,,0.0,0,no_m3_data
25411,869.0,0.543125,0.5351,2.07,3371.6524741081703,2327.4798619102417,12711.49654775604,-38815.81185270425,40.8448,3342,2315,3400,2343,4.6272,2.5706,17.6012,3.8912,2.1442,-2772.5415,1.0,1.0,0.0,869.0,,,,0.0,0.0,0.035199,0.032618,0.006894,1.0,1.0,-0.00371,0.000426,-0.000447,0.000335,-0.000925,-0.001883,-0.006019,-0.003871,869,1.0,66.8985,121.9192,QUALIFIED,,,,,,False,True,S1_ONLY,no_data,,,,,0.0,0,no_m3_data
25417,230.0,0.14375,0.6443,1.24,3385.2652173913043,1046.091304347826,-19323.217391304348,-39156.13043478261,43.6647,3375,1037,3396,1054,8.1593,4.5923,20.1331,6.3572,2.2664,-5688.2795,1.0,1.0,0.0,230.0,0.18261,0.17601,0.03973,0.413043,0.413043,0.058703,0.059015,0.009104,1.0,1.0,-0.001396,-0.000511,0.000854,0.000879,0.001682,-0.000109,-0.000486,-0.001046,230,1.0,-93.9919,109.8179,QUALIFIED,,,,1.064804,,True,True,BOTH,normal_low,,0.108467,,,0.027117,1,partial_m3_data
25422,396.0,0.2475,0.5867,1.08,3383.631313131313,2243.050505050505,10600.762626262622,-39115.28282828283,40.5269,3371,2230,3396,2257,8.4053,3.0611,20.3488,7.2977,1.2392,-2883.7459,1.0,1.0,0.0,396.0,,,,0.0,0.0,0.076252,0.072945,0.016822,1.0,1.0,-0.004364,0.000345,0.000247,0.00017,0.000718,-0.002154,-0.008194,-0.006291,396,1.0,66.8985,121.9192,QUALIFIED,,,,,,False,True,S1_ONLY,no_data,,,,,0.0,0,no_m3_data
25428,2399.0,1.499375,0.4056,1.4,3400.0562734472696,2260.7928303459776,11044.32075864944,-39525.90683618173,41.0405,3368,2216,3433,2307,9.6275,3.9265,23.8147,8.1621,2.9918,-2780.1521,1.0,1.0,0.0,2399.0,,,,0.0,0.0,0.046712,0.037626,0.019914,1.0,1.0,-0.001137,0.002026,0.00034,0.001301,0.000161,-0.000907,-0.0052,-0.002848,2399,1.0,66.8985,121.9192,QUALIFIED,,,,,,False,True,S1_ONLY,no_data,,,,,0.0,0,no_m3_data
25439,1886.0,1.17875,0.5457,1.5,3398.085896076352,2300.0376458112405,12025.441145281016,-39476.647401908805,41.2682,3360,2275,3432,2323,6.8779,4.9176,27.6671,5.9302,4.3295,-2740.4755,1.0,1.0,0.0,1886.0,,,,0.0,0.0,0.037256,0.036222,0.006979,1.0,1.0,-0.001974,0.002927,0.000144,0.000924,-0.000388,-0.000936,-0.00441,-0.00388,1886,1.0,66.8985,121.9192,QUALIFIED,,,,,,False,True,S1_ONLY,no_data,,,,,0.0,0,no_m3_data
25447,931.0,0.581875,0.475,1.6,3390.558539205156,1015.0526315789474,-20099.18421052632,-39288.46348012889,44.1314,3373,991,3408,1047,5.3759,2.3026,14.5822,4.309,1.1492,-5713.7898,1.0,1.0,0.0,931.0,0.19004,0.186056,0.037414,0.995704,0.995704,0.086869,0.08582,0.013234,1.0,1.0,-0.002243,0.000439,0.001394,0.001574,0.002188,2.1e-05,-0.001523,0.001944,931,1.0,-93.9919,109.8179,QUALIFIED,,,-0.129125,0.990402,,True,True,BOTH,normal_low,,0.100888,,0.0,0.025222,2,partial_m3_data
25464,1167.0,0.729375,0.4003,1.04,3414.083119108826,2152.1696658097685,8328.741645244212,-39876.57797772065,40.7377,3389,2128,3444,2181,4.9839,2.5133,15.7964,3.9765,1.5193,-2934.7398,1.0,1.0,0.0,1167.0,,,,0.0,0.0,0.073814,0.073355,0.007606,1.0,1.0,0.000837,0.003603,0.000798,0.001502,0.000108,0.000556,-0.004359,-0.008015,1167,1.0,66.8985,121.9192,QUALIFIED,,,,,,False,True,S1_ONLY,no_data,,,,,0.0,0,no_m3_data
25469,2669.0,1.668125,0.4445,1.04,3420.522292993631,1803.0884226301985,-398.2894342450381,-40037.557324840775,40.04,3387,1759,3463,1838,10.2389,3.3875,24.6444,8.7417,2.5387,-1785.1714,1.0,0.8254,0.325,2669.0,0.220159,0.214257,0.044291,1.0,1.0,0.064457,0.061844,0.015616,1.0,1.0,0.000749,0.003067,0.001526,0.002424,0.001631,0.001059,-0.003685,-0.001853,2215,0.8299,64.5725,120.1906,QUALIFIED,,,-0.588467,0.350705,,True,True,BOTH,normal_low,,0.035725,,0.0,0.008931,2,partial_m3_data
25480,769.0,0.480625,0.4575,1.0,3394.821846553966,2212.3081924577373,9832.20481144343,-39395.046163849154,40.6041,3378,2193,3419,2234,6.7017,3.2184,20.0707,5.4743,1.9196,-2884.2571,1.0,1.0,0.0,769.0,,,,0.0,0.0,0.098978,0.095485,0.020256,1.0,1.0,-0.002271,0.00014,0.000578,0.001076,0.000775,-0.00175,-0.006158,-0.003653,769,1.0,66.8985,121.9192,QUALIFIED,,,,,,False,True,S1_ONLY,no_data,,,,,0.0,0,no_m3_data
25482,290.0,0.18125,0.4394,1.36,3403.393103448276,1056.1724137931035,-19071.189655172413,-39609.3275862069,43.9617,3388,1044,3418,1066,4.9524,2.573,14.3497,4.0239,1.567,-5708.5272,1.0,1.0,0.0,290.0,0.212623,0.2115,0.014487,0.013793,0.013793,0.070742,0.071136,0.007862,1.0,1.0,2e-05,0.001352,0.002579,0.001971,0.001985,-0.000492,0.001449,-0.001694,290,1.0,-93.9919,109.8179,QUALIFIED,,,0.23575,1.247859,2.169082,False,True,S1_ONLY,normal_low,0.097711,0.127113,,0.033408,0.072659,3,full_m3_data
25497,633.0,0.395625,0.5627,1.8,3395.2890995260664,1769.8104265402844,-1230.2393364928869,-39406.727488151664,39.4264,3374,1757,3419,1782,7.4637,4.498,21.5499,6.2647,3.7987,-1779.536,1.0,0.9881,0.0808,633.0,0.189139,0.184118,0.047118,1.0,1.0,0.062181,0.059231,0.012497,1.0,1.0,-0.000139,0.005025,0.002508,0.003566,0.002195,0.00254,-0.00275,-0.002629,633,1.0,64.5725,120.1906,QUALIFIED,,,-0.42185,-0.157175,,True,True,BOTH,normal_low,,0.0,,0.0,0.0,2,partial_m3_data
25499,409.0,0.255625,0.4869,1.46,3393.4572127139363,2139.154034229829,8003.350855745724,-39360.93031784841,40.1669,3374,2126,3409,2150,3.5856,1.8377,12.6457,3.1574,1.282,-2949.0323,1.0,1.0,0.0,409.0,,,,0.0,0.0,0.075344,0.072398,0.014877,1.0,1.0,-0.003082,0.000804,0.000536,0.000962,-0.001146,-0.002378,-0.00716,-0.007977,409,1.0,66.8985,121.9192,QUALIFIED,,,,,,False,True,S1_ONLY,no_data,,,,,0.0,0,no_m3_data
25522,2692.0,1.6825,0.4514,1.18,3422.988112927192,1745.041233283804,-1849.4691679049065,-40099.20282317979,40.1423,3389,1709,3460,1793,9.8838,3.4242,23.1714,8.5743,2.5,-1778.3907,1.0,0.8346,0.3248,2692.0,0.232982,0.230079,0.048973,1.0,1.0,0.063884,0.054427,0.034409,1.0,1.0,0.001323,0.003065,0.003035,0.004115,0.003871,0.002457,-0.000434,0.000202,2692,1.0,64.5725,120.1906,QUALIFIED,,-1.316704,-0.355848,0.36528,,True,True,BOTH,normal_low,,0.037209,0.0,0.0,0.009302,3,full_m3_data
25523,129.0,0.080625,0.5375,1.07,3405.6046511627906,2054.651162790697,5890.779069767435,-39664.61627906977,40.1002,3397,2048,3413,2063,2.3317,1.4975,6.2318,1.7714,0.4094,-2963.9104,1.0,1.0,0.0,129.0,,,,0.0,0.0,0.061475,0.061,0.005038,1.0,1.0,-0.000847,-0.000165,-0.000118,-0.000589,-0.000917,-0.0019,-0.008545,-0.005309,129,1.0,66.8985,121.9192,QUALIFIED,,,,,,False,True,S1_ONLY,no_data,,,,,0.0,0,no_m3_data
25527,562.0,0.35125,0.4032,1.21,3405.467971530249,2113.709964412812,7367.249110320292,-39661.19928825623,40.3402,3384,2098,3425,2132,4.0065,4.2774,20.4151,2.8707,2.8173,-2956.9577,1.0,1.0,0.0,562.0,,,,0.0,0.0,0.071041,0.069051,0.010377,1.0,1.0,-0.000733,0.001461,0.000913,0.001126,-0.000496,-0.002083,-0.005841,-0.007971,562,1.0,66.8985,121.9192,QUALIFIED,,,,,,False,True,S1_ONLY,no_data,,,,,0.0,0,no_m3_data
25531,263.0,0.164375,0.4638,1.29,3406.5399239543726,1755.0912547528517,-1598.2186311787082,-39687.99809885932,39.7206,3396,1740,3417,1767,5.2566,2.4879,13.4606,4.5714,1.8253,-1741.8692,1.0,0.9795,0.1137,263.0,0.222797,0.218626,0.032977,1.0,1.0,0.071535,0.06624,0.016553,1.0,1.0,-0.000237,0.002902,0.00245,0.003332,0.001935,0.000836,-0.004601,-0.00318,263,1.0,64.5725,120.1906,QUALIFIED,,,-0.36,0.567959,,True,True,BOTH,normal_low,,0.057855,,0.0,0.014464,2,partial_m3_data
25534,849.0,0.530625,0.6275,1.24,3416.664310954064,2193.1224970553594,9352.562426383984,-39941.10777385159,41.0221,3398,2176,3439,2209,7.5511,4.4409,22.6092,6.3597,3.5072,-2890.2937,1.0,1.0,0.0,849.0,,,,0.0,0.0,0.087946,0.086896,0.016393,1.0,1.0,0.001222,0.002835,0.000778,0.001227,0.001526,-0.000444,-0.002783,-0.004762,849,1.0,66.8985,121.9192,QUALIFIED,,-1.319967,,1.290957,,False,True,S1_ONLY,no_data,,0.131504,0.0,,0.032876,2,partial_m3_data
25545,218.0,0.13625,0.6749,1.12,3413.6284403669724,2170.9816513761466,8799.041284403662,-39865.21100917431,40.8253,3405,2163,3424,2180,4.1854,3.4061,15.7968,3.102,1.584,-2917.8963,1.0,1.0,0.0,218.0,,,,0.0,0.0,0.07652,0.075582,0.008631,1.0,1.0,0.001735,0.004426,0.001004,0.001806,0.000687,0.001815,-0.005023,-0.005828,218,1.0,66.8985,121.9192,QUALIFIED,,-1.551009,-0.798805,,,False,True,S1_ONLY,no_data,,,0.0,0.0,0.0,2,partial_m3_data
25552,367.0,0.229375,0.4634,1.64,3403.130790190736,2096.307901907357,6932.197547683929,-39602.76975476839,40.2055,3384,2085,3420,2107,3.236,2.2312,12.0341,2.3346,1.3162,-2957.0063,1.0,1.0,0.0,367.0,,,,0.0,0.0,0.064761,0.064053,0.00716,1.0,1.0,-0.00056,0.000389,0.000557,0.000844,-0.001348,-0.001554,-0.007215,-0.007648,367,1.0,66.8985,121.9192,QUALIFIED,,,,,,False,True,S1_ONLY,no_data,,,,,0.0,0,no_m3_data
25567,129.0,0.080625,0.3233,1.11,3421.5968992248063,2003.496124031008,4611.903100775191,-40064.42248062015,40.3295,3413,1992,3432,2013,3.4844,2.4169,12.8618,3.6469,1.616,-2912.4884,1.0,1.0,0.0,129.0,,,,0.0,0.0,0.071076,0.069016,0.014801,1.0,1.0,0.000151,0.003188,-0.002152,-0.001085,-0.00156,-0.004336,-0.006444,-0.008166,129,1.0,66.8985,121.9192,QUALIFIED,,,,,,False,True,S1_ONLY,no_data,,,,,0.0,0,no_m3_data
25590,1030.0,0.64375,0.5479,1.18,3420.8466019417474,1037.3543689320388,-19541.64077669903,-40045.66504854368,44.5595,3399,1018,3446,1058,4.9602,3.2151,18.7271,3.7036,1.7429,-5736.4271,1.0,1.0,0.0,1030.0,0.188121,0.183877,0.039461,0.802913,0.802913,0.083161,0.082576,0.010734,1.0,1.0,0.000255,0.003328,0.001307,0.002425,0.000837,-0.000685,-0.008042,-0.01068,1030,1.0,-93.9919,109.8179,QUALIFIED,,,-0.855394,,,True,True,BOTH,normal_low,,,,0.0,0.0,1,partial_m3_data
25599,162.0,0.10125,0.5418,1.77,3422.771604938272,2088.722222222222,6742.555555555555,-40093.79012345678,40.6574,3416,2077,3429,2100,2.831,2.1007,11.0451,1.9239,0.4473,-2951.9148,1.0,1.0,0.0,162.0,,,,0.0,0.0,0.063057,0.061308,0.007002,1.0,1.0,0.00197,0.005833,0.001226,0.000945,0.001113,-0.00321,-0.001935,-0.003092,162,1.0,66.8985,121.9192,QUALIFIED,,-1.960914,0.229201,3.884097,,False,True,S1_ONLY,no_data,,0.395655,0.0,0.03248,0.10541,3,full_m3_data
25600,663.0,0.414375,0.3855,1.08,3419.0920060331823,2120.392156862745,7534.303921568629,-40001.80015082956,40.7057,3394,2100,3437,2140,4.4817,3.107,24.2959,3.1445,1.2347,-2950.9715,1.0,1.0,0.0,663.0,,,,0.0,0.0,0.067813,0.067396,0.007369,1.0,1.0,-0.000153,0.005461,0.001082,0.000958,-7.5e-05,-0.001228,-0.003795,-0.006066,663,1.0,66.8985,121.9192,QUALIFIED,,,0.114603,,,False,True,S1_ONLY,no_data,,,,0.01624,0.003248,1,partial_m3_data
25623,177.0,0.110625,0.6146,1.12,3425.502824858757,2019.350282485876,5008.257062146891,-40162.07062146893,40.4737,3418,2011,3434,2029,6.5675,2.8622,15.5374,5.2626,1.3335,-2935.0499,1.0,1.0,0.0,177.0,,,,0.0,0.0,0.060848,0.062305,0.007461,1.0,1.0,0.002097,0.00505,-0.000784,-0.000412,-0.001231,-0.002053,-0.005391,-0.006677,177,1.0,66.8985,121.9192,QUALIFIED,,-1.408202,,,,False,True,S1_ONLY,no_data,,,0.0,,0.0,1,partial_m3_data
25624,1912.0,1.195,0.4742,1.02,3415.0020920502093,2058.258891213389,5980.972280334732,-39899.55230125523,40.3459,3387,2026,3450,2090,4.2227,2.8233,23.7621,3.1716,1.9458,-2957.4186,1.0,1.0,0.0,1912.0,,,,0.0,0.0,0.060659,0.060275,0.007282,1.0,1.0,0.00034,0.002023,6.3e-05,0.000192,-0.000711,-0.00271,-0.006162,-0.006251,1912,1.0,66.8985,121.9192,QUALIFIED,,,,,,False,True,S1_ONLY,no_data,,,,,0.0,0,no_m3_data
25657,311.0,0.194375,0.6911,1.39,3427.48231511254,1057.1479099678456,-19046.80225080386,-40211.55787781351,44.4946,3415,1049,3440,1067,5.399,3.4375,17.3886,4.6216,2.5323,-5739.5601,1.0,1.0,0.0,311.0,,,,0.0,0.0,0.074554,0.073136,0.006864,1.0,1.0,0.000791,0.003677,-6.1e-05,0.002733,0.001456,-0.002734,-0.01511,-0.014194,311,1.0,-93.9919,109.8179,QUALIFIED,,,,2.877747,,False,True,S1_ONLY,no_data,,0.293142,,,0.073286,1,partial_m3_data
25690,142.0,0.08875,0.5071,1.43,3436.9084507042253,2513.8521126760565,17370.802816901414,-40447.21126760563,44.0202,3430,2504,3444,2524,11.3184,3.0319,25.4063,11.4346,2.5549,-635.4851,1.0,0.9085,0.2331,142.0,,,,0.0,0.0,0.102735,0.103604,0.009108,1.0,1.0,0.001654,0.000144,0.000155,-0.00064,-0.001366,-0.002316,-0.004934,-0.004908,142,1.0,130.151,122.7969,QUALIFIED,,0.912938,,,,False,True,S1_ONLY,no_data,,,0.06401,,0.012802,1,partial_m3_data
25698,168.0,0.105,0.4654,1.0,3441.3928571428573,2077.125,6452.625,-40559.32142857144,41.07,3433,2069,3452,2088,6.8733,2.601,15.7154,5.809,1.6343,-2930.0967,1.0,1.0,0.0,168.0,,,,0.0,0.0,0.064337,0.063477,0.007253,1.0,1.0,0.001431,0.000383,0.000259,0.000683,-0.000212,1.9e-05,-0.000797,-0.005468,168,1.0,66.8985,121.9192,QUALIFIED,,0.732355,,,,False,True,S1_ONLY,no_data,,,0.051349,,0.01027,1,partial_m3_data
25735,144.0,0.09,0.48,1.33,3446.430555555556,2591.465277777778,19311.131944444445,-40685.26388888889,45.0363,3437,2585,3457,2600,19.9865,4.9242,28.8042,17.9392,4.3573,-17.0172,1.0,0.0003,0.0033,144.0,0.109755,0.102544,0.048544,1.0,1.0,0.094531,0.093278,0.010477,1.0,1.0,0.000231,0.000413,0.00284,0.002302,0.00179,-0.00506,-0.001635,-0.003733,144,1.0,130.151,122.7969,QUALIFIED,,,0.189437,3.826816,,True,True,BOTH,normal_low,,0.38982,,0.026845,0.102824,2,partial_m3_data
25781,183.0,0.114375,0.5545,1.47,3467.0109289617485,1850.44262295082,785.5655737704947,-41199.77322404372,41.2078,3461,1839,3476,1861,5.4693,2.6777,12.3117,5.0784,2.2391,-1860.134,1.0,1.0,0.0,183.0,0.248653,0.248617,0.051489,1.0,1.0,0.036774,0.035995,0.003829,1.0,1.0,-8.5e-05,0.006115,0.001518,-0.000454,-0.001015,-0.001785,-0.00452,-0.011328,183,1.0,64.5725,120.1906,QUALIFIED,,,1.299078,,,True,True,BOTH,normal_low,,,,0.18409,0.036818,1,partial_m3_data
25824,422.0,0.26375,0.4851,1.03,3486.902843601896,1854.8767772511849,896.4194312796244,-41697.07109004739,41.7072,3473,1843,3503,1872,8.8092,3.6039,19.9673,7.6464,2.7881,-1861.0182,1.0,1.0,0.0,422.0,0.192218,0.185152,0.037204,1.0,1.0,0.062371,0.053476,0.026064,1.0,1.0,-0.001372,-0.000606,0.001595,0.000524,-0.000591,-6.5e-05,-0.004164,-0.006077,422,1.0,64.5725,120.1906,QUALIFIED,,,0.671473,,,True,True,BOTH,normal_low,,,,0.095153,0.019031,1,partial_m3_data
25871,2966.0,1.85375,0.5604,1.18,3478.456507080243,1753.0451786918409,-1649.3705327039788,-41485.91267700607,41.5192,3445,1712,3512,1791,9.518,3.7575,29.6096,8.1267,2.8284,-2019.4252,1.0,0.9686,0.1507,2966.0,0.234987,0.230552,0.04257,1.0,1.0,0.043644,0.041753,0.010075,1.0,1.0,0.002292,0.001447,0.003323,0.003338,0.002939,0.001231,0.000183,-0.000218,2966,1.0,64.5725,120.1906,QUALIFIED,,0.368674,-0.004514,0.58115,,True,True,BOTH,normal_low,,0.059199,0.025849,0.0,0.01997,3,full_m3_data
25872,164.0,0.1025,0.4339,1.17,3491.7256097560976,1773.5670731707316,-1136.32317073171,-41817.64024390244,41.8336,3480,1766,3501,1784,6.3233,3.8233,16.3998,5.5311,1.6802,-2060.6817,1.0,0.9698,0.149,164.0,0.225014,0.225178,0.042477,1.0,1.0,0.043318,0.042143,0.008484,1.0,1.0,0.001211,0.001495,0.003926,0.003789,0.002213,4.9e-05,0.000651,0.001207,164,1.0,64.5725,120.1906,QUALIFIED,,-0.234517,0.034896,0.977858,,True,True,BOTH,normal_low,,0.09961,0.0,0.004945,0.025892,3,full_m3_data
25885,325.0,0.203125,0.5974,1.88,3495.0738461538463,1706.6738461538462,-2808.653846153844,-41901.34615384616,41.9958,3487,1690,3504,1722,7.6754,4.3148,20.3087,6.2035,3.1304,-2090.6354,1.0,1.0,0.0,325.0,0.2319,0.228051,0.032731,1.0,1.0,0.052655,0.048155,0.017647,1.0,1.0,0.000637,0.001975,0.004318,0.001776,0.000975,0.002161,-0.001263,0.001185,325,1.0,64.5725,120.1906,QUALIFIED,,,0.588698,,,True,True,BOTH,normal_low,,,,0.083423,0.016685,1,partial_m3_data
25903,160.0,0.1,0.4762,1.31,3507.35,1450.0125,-9225.1875,-42208.25,43.205,3498,1443,3519,1459,18.9398,2.6345,26.0707,18.2887,1.772,-2604.0758,1.0,0.0,0.0,160.0,0.309322,0.300327,0.055551,1.0,1.0,0.040806,0.040597,0.003412,1.0,1.0,0.005015,0.002942,0.002027,0.001397,0.000154,0.000397,-0.001653,0.004271,160,1.0,16.5674,112.9342,QUALIFIED,,0.41336,0.310804,,,True,True,BOTH,normal_low,,,0.028983,0.044043,0.014605,2,partial_m3_data
25910,711.0,0.444375,0.4575,1.14,3485.0,1795.872011251758,-578.6997187060479,-41649.5,41.654,3466,1776,3508,1813,7.6849,3.8869,24.1867,6.2098,2.1493,-2061.2625,1.0,0.9887,0.096,711.0,0.210601,0.205237,0.038213,1.0,1.0,0.046518,0.045177,0.005089,1.0,1.0,-6.3e-05,-0.000335,0.002376,0.001463,0.000363,0.001846,-0.002239,-0.001333,711,1.0,64.5725,120.1906,QUALIFIED,,,0.384259,,,True,True,BOTH,normal_low,,,,0.054453,0.010891,1,partial_m3_data
25914,147.0,0.091875,0.5158,1.27,3505.1768707483,1689.8843537414966,-3228.3911564625814,-42153.921768707485,42.2778,3495,1682,3514,1697,4.3434,2.5467,11.8988,3.24,1.13,-2099.5837,1.0,1.0,0.0,147.0,0.213815,0.207659,0.035486,1.0,1.0,0.063349,0.059873,0.011917,1.0,1.0,0.000807,0.001292,0.003939,0.001527,0.002752,-0.002737,-0.001689,-0.002284,147,1.0,64.5725,120.1906,QUALIFIED,,,0.612338,1.994549,,True,True,BOTH,normal_low,,0.203175,,0.086773,0.068148,2,partial_m3_data
25922,303.0,0.189375,0.6474,1.44,3510.5709570957097,1669.924092409241,-3727.397689768972,-42288.77392739274,42.4532,3498,1661,3524,1679,5.1403,2.8994,15.9617,3.7788,1.7869,-2098.9976,1.0,1.0,0.0,303.0,0.248185,0.216515,0.088782,1.0,1.0,0.05001,0.051547,0.01403,1.0,1.0,-0.000457,0.000803,0.002149,0.000893,0.000741,-0.005125,-0.001973,-0.001686,303,1.0,64.5725,120.1906,QUALIFIED,,,0.584458,,,True,True,BOTH,normal_low,,,,0.082822,0.016564,1,partial_m3_data
25923,383.0,0.239375,0.426,1.07,3504.140992167102,1734.1201044386423,-2122.497389033939,-42128.02480417755,42.1819,3492,1718,3521,1749,7.2558,3.9063,20.1027,5.8521,1.894,-2082.0254,1.0,1.0,0.0,383.0,0.213722,0.20897,0.041141,1.0,1.0,0.056946,0.056854,0.012783,1.0,1.0,0.000479,0.001871,0.004576,0.003344,0.002566,-0.000925,-0.001491,-0.00104,383,1.0,64.5725,120.1906,QUALIFIED,,,0.269231,1.360483,,True,True,BOTH,normal_low,,0.138586,,0.038152,0.042277,2,partial_m3_data
25937,381.0,0.238125,0.4652,1.86,3507.997375328084,1713.9265091863515,-2627.3372703412097,-42224.4343832021,42.3066,3498,1694,3519,1733,4.378,2.6129,15.4953,3.5249,1.6697,-2104.151,1.0,1.0,0.0,381.0,0.226142,0.219096,0.044477,1.0,1.0,0.061654,0.059351,0.0137,1.0,1.0,0.000979,0.002029,0.00453,0.003002,0.003697,0.00151,0.000473,0.001666,381,1.0,64.5725,120.1906,QUALIFIED,,,0.337307,0.591561,,True,True,BOTH,normal_low,,0.06026,,0.047799,0.024625,2,partial_m3_data
25941,302.0,0.18875,0.6113,1.37,3507.814569536424,1614.6854304635765,-5108.364238410592,-42219.86423841059,42.5282,3500,1603,3519,1629,9.3175,3.7351,25.5458,7.9336,2.0425,-2053.7817,1.0,1.0,0.0,302.0,0.221588,0.207531,0.045921,1.0,1.0,0.032718,0.032794,0.004515,1.0,1.0,-0.001146,-0.00024,0.000913,0.000312,-0.000565,-0.003828,-0.003095,-0.005964,302,1.0,64.5725,120.1906,QUALIFIED,,,,,,True,True,BOTH,normal_low,,,,,0.0,0,no_m3_data
25953,186.0,0.11625,0.4662,1.11,3508.97311827957,1794.779569892473,-606.0107526881693,-42248.82795698925,42.2537,3500,1784,3519,1805,5.0283,2.7394,17.1189,4.1983,1.773,-2091.066,1.0,1.0,0.0,186.0,0.169039,0.16969,0.019384,1.0,1.0,0.050279,0.04852,0.00797,1.0,1.0,0.001011,0.001427,0.003568,0.002393,0.001872,-0.000555,0.001484,0.000407,186,1.0,64.5725,120.1906,QUALIFIED,,-0.411474,0.329316,1.296474,0.725741,True,True,BOTH,normal_low,0.032693,0.132066,0.0,0.046667,0.053792,4,full_m3_data
25970,390.0,0.24375,0.4377,1.22,3522.905128205128,1715.4384615384615,-2589.538461538461,-42597.1282051282,42.6762,3511,1699,3538,1732,6.1303,4.272,21.9203,3.9809,1.4774,-2113.1657,1.0,1.0,0.0,390.0,0.229095,0.2202,0.048781,1.0,1.0,0.068247,0.064933,0.015489,1.0,1.0,0.001817,0.002292,0.004046,0.002996,0.004939,0.004452,-0.000903,0.002946,390,1.0,64.5725,120.1906,QUALIFIED,,-0.26142,0.259516,0.098603,,True,True,BOTH,normal_low,,0.010044,0.0,0.036775,0.009866,3,full_m3_data
25971,3358.0,2.09875,0.4962,1.51,3499.3901131625967,1825.766825491364,168.67063728409994,-42009.25282906492,42.0101,3448,1794,3549,1861,11.2513,4.4523,27.1625,9.6074,3.271,-1996.588,1.0,0.9931,0.0732,3358.0,0.202061,0.191453,0.054582,1.0,1.0,0.059149,0.055614,0.017525,1.0,1.0,-0.000391,0.000178,0.000906,0.001318,-0.000316,-0.001952,-0.003071,-0.003853,2378,0.7082,64.5725,120.1906,QUALIFIED,,,,,,True,True,BOTH,normal_low,,,,,0.0,0,no_m3_data
25982,306.0,0.19125,0.5312,1.0,3520.960784313725,1679.7418300653594,-3481.954248366012,-42548.51960784313,42.6912,3509,1667,3533,1691,4.4112,2.0211,11.2821,3.2827,0.8633,-2104.1031,1.0,1.0,0.0,306.0,0.208691,0.19785,0.046528,1.0,1.0,0.058944,0.059056,0.007745,1.0,1.0,0.001672,0.000909,0.001694,0.001465,0.002029,-0.000995,-0.002022,0.000956,306,1.0,64.5725,120.1906,QUALIFIED,,0.45634,0.135183,1.490389,,True,True,BOTH,normal_low,,0.151819,0.031996,0.019156,0.048185,3,full_m3_data
25983,372.0,0.2325,0.5103,1.0,3524.9543010752686,1738.462365591398,-2013.9408602150504,-42648.35752688172,42.6964,3511,1725,3538,1752,5.7485,4.7775,26.0296,3.9531,1.8634,-2106.1529,1.0,1.0,0.0,372.0,0.206824,0.200482,0.046775,1.0,1.0,0.063715,0.064699,0.009553,1.0,1.0,0.002185,0.002804,0.003745,0.003117,0.006214,0.002673,-0.001676,0.003036,372,1.0,64.5725,120.1906,QUALIFIED,,-0.283295,0.16769,0.569842,,True,True,BOTH,normal_low,,0.058047,0.0,0.023763,0.019264,3,full_m3_data
25990,439.0,0.274375,0.4065,1.88,3525.107061503417,1660.004555808656,-3975.386104783596,-42652.176537585416,42.8375,3505,1647,3550,1671,5.6853,3.5698,20.7029,4.0755,2.017,-2106.4026,1.0,1.0,0.0,439.0,0.311124,0.309773,0.071125,1.0,1.0,0.054029,0.052894,0.009791,1.0,1.0,6.1e-05,0.000671,0.00065,0.000828,0.000507,-0.001821,-0.003537,-0.00111,439,1.0,64.5725,120.1906,QUALIFIED,,,,,,True,True,BOTH,normal_low,,,,,0.0,0,no_m3_data
25996,290.0,0.18125,0.6667,1.93,3531.386206896552,1789.1827586206896,-745.9310344827609,-42809.1551724138,42.8161,3518,1782,3547,1797,5.4921,3.0614,15.6251,4.0303,1.4743,-2101.5528,1.0,1.0,0.0,290.0,0.200471,0.193689,0.034062,1.0,1.0,0.054189,0.054027,0.010099,1.0,1.0,0.001892,0.002509,0.003533,0.002705,0.004162,0.00142,-0.002777,0.004531,290,1.0,64.5725,120.1906,QUALIFIED,,-0.32611,0.234362,0.658818,,True,True,BOTH,normal_low,,0.067111,0.0,0.033211,0.02342,3,full_m3_data
25998,343.0,0.214375,0.5997,1.18,3527.4314868804663,1773.4344023323615,-1139.6399416909626,-42710.28717201165,42.726,3517,1760,3539,1786,5.1691,3.2123,18.467,4.9506,2.8065,-2089.9903,1.0,1.0,0.0,343.0,0.218806,0.213193,0.050458,1.0,1.0,0.06259,0.061644,0.010093,1.0,1.0,0.002368,0.002502,0.003955,0.003164,0.003716,0.001697,-0.00314,0.005568,343,1.0,64.5725,120.1906,QUALIFIED,,-0.056588,0.2,0.543326,,True,True,BOTH,normal_low,,0.055346,0.0,0.028342,0.019505,3,full_m3_data
26006,210.0,0.13125,0.5833,1.6,3526.8809523809523,1695.0190476190476,-3100.023809523809,-42696.5238095238,42.8094,3519,1683,3534,1707,3.556,1.8441,9.1517,2.4747,0.6292,-2110.0421,1.0,1.0,0.0,210.0,0.202663,0.204723,0.028678,1.0,1.0,0.068857,0.067148,0.010398,1.0,1.0,0.00137,0.001289,0.002143,0.001938,0.003485,0.002688,-0.002636,0.002785,210,1.0,64.5725,120.1906,QUALIFIED,,0.059124,0.09566,0.228694,,True,True,BOTH,normal_low,,0.023296,0.004145,0.013556,0.009364,3,full_m3_data
26015,334.0,0.20875,0.5567,1.5,3529.380239520958,1644.943113772455,-4351.922155688626,-42759.00598802396,42.9803,3520,1632,3540,1662,4.015,2.3961,17.5038,3.1902,1.662,-2100.8737,1.0,1.0,0.0,334.0,0.219965,0.215374,0.044147,1.0,1.0,0.050042,0.048431,0.011634,1.0,1.0,-0.000411,0.000641,-0.000515,-7.9e-05,-0.000745,0.000109,-0.005402,-0.001654,334,1.0,64.5725,120.1906,QUALIFIED,,,,,,True,True,BOTH,normal_low,,,,,0.0,0,no_m3_data
26042,456.0,0.285,0.5241,1.03,3547.59649122807,1654.1184210526317,-4122.539473684206,-43214.41228070176,43.4111,3533,1639,3562,1669,7.2063,3.8912,22.1609,5.3182,1.8819,-2112.871,1.0,1.0,0.0,456.0,0.26266,0.261394,0.053251,1.0,1.0,0.060278,0.050076,0.04176,1.0,1.0,-6.2e-05,0.000636,0.000169,0.001386,0.003767,0.001733,-0.003495,-0.000854,456,1.0,64.5725,120.1906,QUALIFIED,,,,0.539952,,True,True,BOTH,normal_low,,0.055002,,,0.01375,1,partial_m3_data
26050,667.0,0.416875,0.5701,1.3,3550.8290854572715,1537.400299850075,-7040.4925037481225,-43295.227136431786,43.8644,3536,1516,3566,1555,9.5479,4.0911,22.5675,8.0959,2.5586,-1787.6,1.0,0.9192,0.2627,667.0,0.250907,0.242975,0.054803,1.0,1.0,0.045802,0.045215,0.006617,1.0,1.0,-0.001426,-2.5e-05,0.000981,0.001547,0.005068,0.001789,-0.005035,-0.001012,667,1.0,16.5674,112.9342,QUALIFIED,,,,0.647001,,True,True,BOTH,normal_low,,0.065907,,,0.016477,1,partial_m3_data
26061,483.0,0.301875,0.3651,1.81,3549.026915113872,1758.5983436853005,-1510.5414078674949,-43250.1728778468,43.277,3534,1733,3561,1782,6.2268,4.2931,21.2337,5.0314,3.341,-2107.8329,1.0,1.0,0.0,483.0,0.219681,0.214041,0.043366,1.0,1.0,0.062749,0.0615,0.012645,1.0,1.0,0.003321,0.00281,0.003882,0.002579,0.005466,0.003895,0.00266,0.005462,483,1.0,64.5725,120.1906,QUALIFIED,,0.153869,0.335652,0.287413,-1.053383,True,True,BOTH,normal_low,0.0,0.029277,0.010788,0.047565,0.01899,4,full_m3_data
26068,152.0,0.095,0.5429,1.43,3554.842105263158,1615.282894736842,-5093.427631578947,-43395.55263157895,43.6939,3545,1608,3565,1622,6.7014,2.8323,15.6789,5.1353,1.3199,-2096.33,1.0,1.0,0.0,152.0,0.222152,0.215295,0.050871,1.0,1.0,0.065561,0.062037,0.012057,1.0,1.0,0.000221,0.000769,0.00023,0.00048,0.002694,0.000953,-0.002551,0.001118,152,1.0,64.5725,120.1906,QUALIFIED,,,,0.646251,,True,True,BOTH,normal_low,,0.065831,,,0.016458,1,partial_m3_data
26070,513.0,0.320625,0.4655,1.31,3544.719298245614,1627.458089668616,-4789.0477582846,-43142.48245614035,43.4079,3533,1612,3562,1650,7.1484,3.668,21.1196,5.1645,1.5201,-2100.2383,1.0,1.0,0.0,513.0,0.247585,0.240674,0.058117,1.0,1.0,0.05502,0.05183,0.01437,1.0,1.0,0.000119,0.000576,-0.000583,0.000473,0.005101,0.001104,-0.006248,0.000795,513,1.0,64.5725,120.1906,QUALIFIED,,,,0.783572,,True,True,BOTH,normal_low,,0.079819,,,0.019955,1,partial_m3_data
26076,523.0,0.326875,0.523,1.6,3558.97896749522,1772.4282982791588,-1164.7925430210307,-43498.9741873805,43.5151,3546,1751,3571,1791,5.2459,4.2768,23.5545,4.0761,2.3838,-2097.5133,1.0,1.0,0.0,523.0,0.192576,0.191361,0.047779,1.0,1.0,0.074601,0.072703,0.016347,1.0,1.0,0.001267,0.003255,0.002754,0.001614,0.002784,0.003872,0.005936,0.005634,523,1.0,64.5725,120.1906,QUALIFIED,,-1.569061,0.413943,-0.390805,0.050876,True,True,BOTH,normal_low,0.002292,0.0,0.0,0.058659,0.012534,4,full_m3_data
26088,320.0,0.2,0.5861,1.24,3558.5625,1638.59375,-4510.65625,-43488.5625,43.7223,3547,1628,3568,1654,7.5076,3.596,20.2712,5.5648,1.8977,-2105.9852,1.0,1.0,0.0,320.0,0.245201,0.234626,0.057001,1.0,1.0,0.039439,0.038535,0.007619,1.0,1.0,-0.000774,0.000846,-0.000671,0.000137,0.002302,0.00356,0.001863,0.00331,320,1.0,64.5725,120.1906,QUALIFIED,,,,-0.546481,-0.776704,True,True,BOTH,normal_low,0.0,0.0,,,0.0,2,partial_m3_data
26089,229.0,0.143125,0.5193,1.0,3567.8558951965065,1620.4978165938865,-4963.054585152837,-43720.89737991267,44.0021,3560,1609,3581,1630,4.9867,3.1271,14.1931,3.6286,1.6391,-2098.4617,1.0,1.0,0.0,229.0,0.246163,0.234986,0.051961,1.0,1.0,0.061985,0.058019,0.013332,1.0,1.0,-0.000771,0.00216,-0.000172,0.000561,-0.000482,0.000991,0.002832,0.002975,229,1.0,64.5725,120.1906,QUALIFIED,,,,,-0.050494,True,True,BOTH,normal_low,0.0,,,,0.0,1,partial_m3_data
26099,465.0,0.290625,0.5172,1.07,3573.9440860215054,1983.460215053764,4111.005376344088,-43873.10215053764,44.0658,3561,1971,3590,2002,15.9944,3.7442,29.0846,14.2678,2.7399,-882.4692,1.0,0.0188,0.1043,465.0,,,,0.0,0.0,0.073104,0.069135,0.030198,1.0,1.0,0.004477,0.005166,0.004365,0.006203,0.010862,0.007678,0.011234,0.010691,465,1.0,64.5725,120.1906,QUALIFIED,,-0.153898,-0.421077,0.293132,0.048335,False,True,S1_ONLY,no_data,0.002177,0.02986,0.0,0.0,0.008227,4,full_m3_data
26102,217.0,0.135625,0.5167,1.05,3570.327188940092,1787.668202764977,-783.7949308755778,-43782.6797235023,43.7902,3560,1777,3581,1797,4.4897,2.5547,16.63,3.5588,1.5289,-2101.0,1.0,1.0,0.0,217.0,0.194901,0.189733,0.036251,1.0,1.0,0.204616,0.118925,0.188052,1.0,1.0,-0.001321,0.001967,-0.000224,0.001188,0.000433,0.00336,0.000713,0.001622,217,1.0,64.5725,120.1906,QUALIFIED,,,,,,True,True,BOTH,normal_low,,,,,0.0,0,no_m3_data
26104,170.0,0.10625,0.4067,1.16,3572.6117647058823,1747.9117647058824,-1777.705882352937,-43839.79411764706,43.8763,3564,1737,3583,1759,7.0886,4.3409,25.191,6.4341,3.7822,-2119.4612,1.0,1.0,0.0,170.0,0.269653,0.261155,0.068261,1.0,1.0,0.065326,0.061542,0.015077,1.0,1.0,0.001337,0.002951,0.002257,0.004577,0.002648,0.004701,0.00368,0.007685,170,1.0,64.5725,120.1906,QUALIFIED,,-1.20718,-1.027913,-0.775302,-1.088315,True,True,BOTH,normal_low,0.0,0.0,0.0,0.0,0.0,4,full_m3_data
26118,839.0,0.524375,0.3654,1.37,3590.9296781883195,1635.7938021454113,-4580.654946364717,-44297.74195470799,44.5344,3564,1617,3620,1658,8.2981,4.1943,23.5007,6.8815,2.813,-2074.7086,1.0,1.0,0.0,839.0,0.21131,0.20115,0.07215,1.0,1.0,0.04488,0.043224,0.008461,1.0,1.0,-0.000368,9.7e-05,0.000367,0.000837,0.000153,0.000546,0.000386,0.00092,839,1.0,64.5725,120.1906,QUALIFIED,,,,,,True,True,BOTH,normal_low,,,,,0.0,0,no_m3_data
26119,180.0,0.1125,0.5882,1.06,3575.3555555555554,1698.772222222222,-3006.1944444444453,-43908.38888888889,44.0116,3567,1691,3585,1708,4.8635,3.7816,25.1525,3.912,2.3919,-2126.6022,1.0,1.0,0.0,180.0,0.220022,0.21405,0.061919,1.0,1.0,0.060161,0.059339,0.010879,1.0,1.0,0.000199,0.004138,0.002196,0.003843,0.003357,0.00383,0.003366,0.003853,180,1.0,64.5725,120.1906,QUALIFIED,,,-0.75,-0.1409,-0.144682,True,True,BOTH,normal_low,0.0,0.0,,0.0,0.0,3,full_m3_data
26126,192.0,0.12,0.4706,1.41,3573.7291666666665,1718.234375,-2519.640625,-43867.72916666666,43.9405,3566,1704,3583,1728,4.1492,1.9745,10.5713,3.0111,0.8476,-2127.7946,1.0,1.0,0.0,192.0,0.215787,0.206719,0.03802,1.0,1.0,0.060393,0.05735,0.011609,1.0,1.0,0.001434,0.003957,0.002754,0.004333,0.004136,0.004,0.00414,0.00557,192,1.0,64.5725,120.1906,QUALIFIED,,-1.759414,-0.573348,0.032882,-0.345411,True,True,BOTH,normal_low,0.0,0.00335,0.0,0.0,0.000838,4,full_m3_data
26131,236.0,0.1475,0.6556,1.11,3583.0677966101694,1800.7881355932204,-455.79661016949103,-44101.19491525424,44.104,3574,1792,3592,1812,4.0041,2.2857,10.2749,3.2113,0.9248,-2103.851,1.0,1.0,0.0,236.0,0.19346,0.195607,0.028277,1.0,1.0,0.08942,0.082286,0.032719,1.0,1.0,0.000728,0.001064,-0.003352,-0.00271,-0.001075,-0.005026,-0.005849,-0.003384,236,1.0,64.5725,120.1906,QUALIFIED,,,,,,True,True,BOTH,normal_low,,,,,0.0,0,no_m3_data
26140,278.0,0.17375,0.5265,1.09,3587.701438848921,1773.089928057554,-1148.2517985611485,-44217.03597122303,44.2324,3578,1761,3600,1785,5.0671,3.7899,19.7302,3.651,1.4062,-2125.4121,1.0,1.0,0.0,278.0,0.213435,0.208903,0.037293,1.0,1.0,0.173376,0.146913,0.074977,1.0,1.0,0.001588,0.002515,-0.000112,0.000737,0.002948,0.000283,0.000714,0.000573,278,1.0,64.5725,120.1906,QUALIFIED,,-0.583753,,0.904003,,True,True,BOTH,normal_low,,0.092086,0.0,,0.023022,2,partial_m3_data
26141,723.0,0.451875,0.5738,1.03,3591.6182572614107,1716.369294605809,-2566.267634854776,-44314.95643153526,44.3897,3575,1700,3610,1736,4.2827,2.8651,18.6124,3.371,2.1651,-2127.0243,1.0,1.0,0.0,723.0,0.220467,0.220548,0.047545,1.0,1.0,0.057932,0.056574,0.012859,1.0,1.0,0.003432,0.00257,0.001703,0.003226,0.005311,0.002922,0.004774,0.005635,723,1.0,64.5725,120.1906,QUALIFIED,,0.251166,-0.894304,0.449821,-0.180352,True,True,BOTH,normal_low,0.0,0.045821,0.01761,0.0,0.014977,4,full_m3_data
26145,1198.0,0.74875,0.5257,1.23,3578.9265442404007,1658.238731218698,-4019.531719532555,-43997.66360601001,44.1813,3556,1637,3609,1680,5.9744,3.4385,22.7045,4.5966,1.9561,-2122.416,1.0,1.0,0.0,1198.0,0.241707,0.233022,0.055089,1.0,1.0,0.061633,0.047965,0.05627,1.0,1.0,-0.000593,0.000327,0.000238,0.000691,0.000309,0.000637,-4.2e-05,0.000535,1198,1.0,64.5725,120.1906,QUALIFIED,,,,,,True,True,BOTH,normal_low,,,,,0.0,0,no_m3_data
26146,330.0,0.20625,0.6286,1.19,3587.030303030303,1739.1333333333334,-1997.166666666664,-44200.25757575757,44.2458,3578,1728,3599,1753,4.2298,2.5567,14.3382,3.1597,1.1091,-2132.1068,1.0,1.0,0.0,330.0,0.25644,0.252493,0.052538,1.0,1.0,0.051899,0.052849,0.009537,1.0,1.0,0.002296,0.002388,0.001708,0.003303,0.004628,0.002544,0.0039,0.007202,330,1.0,64.5725,120.1906,QUALIFIED,,-0.04007,-0.933841,0.450303,-0.846667,True,True,BOTH,normal_low,0.0,0.04587,0.0,0.0,0.011468,4,full_m3_data
26148,564.0,0.3525,0.4519,1.85,3580.5656028368794,1679.826241134752,-3479.843971631206,-44038.64007092199,44.1764,3557,1667,3605,1693,5.1607,2.3177,14.4349,3.6339,0.9722,-2130.2057,1.0,1.0,0.0,564.0,0.248829,0.24508,0.040707,1.0,1.0,0.049664,0.047611,0.009562,1.0,1.0,0.000308,0.002369,0.00039,0.001363,0.001697,0.001787,0.001822,0.002975,564,1.0,64.5725,120.1906,QUALIFIED,,,,-0.053035,-0.632821,True,True,BOTH,normal_low,0.0,0.0,,,0.0,2,partial_m3_data
26159,246.0,0.15375,0.5591,1.1,3598.634146341464,1799.8861788617887,-478.3455284552838,-44490.35365853658,44.4934,3590,1789,3612,1809,5.3029,2.0586,10.7328,3.9288,0.9341,-2104.6382,1.0,1.0,0.0,246.0,0.222244,0.222787,0.027869,1.0,1.0,0.072754,0.071066,0.012666,1.0,1.0,0.000846,-0.001034,-0.003027,-0.000584,0.001174,-0.002306,-0.001867,-0.005153,246,1.0,64.5725,120.1906,QUALIFIED,,,,2.964225,,True,True,BOTH,normal_low,,0.301952,,,0.075488,1,partial_m3_data
26162,326.0,0.20375,0.5699,1.18,3590.8098159509204,1612.0460122699387,-5174.349693251534,-44294.74539877301,44.5964,3578,1601,3604,1623,6.4088,2.3392,13.9662,5.7685,1.5197,-2046.5532,1.0,1.0,0.0,326.0,0.21849,0.212242,0.041684,1.0,1.0,0.048317,0.046899,0.006937,1.0,1.0,-0.00058,0.001772,0.000156,0.000143,-0.00049,9e-06,-0.000676,-6.2e-05,326,1.0,64.5725,120.1906,QUALIFIED,,,,,,True,True,BOTH,normal_low,,,,,0.0,0,no_m3_data
26164,248.0,0.155,0.5905,1.05,3587.9637096774195,1567.895161290323,-6278.120967741932,-44223.592741935485,44.6674,3579,1558,3599,1579,10.9807,4.3377,25.0382,9.7512,2.2135,-2030.8655,1.0,1.0,0.0,248.0,0.191555,0.183564,0.043778,1.0,1.0,0.034838,0.032655,0.010653,1.0,1.0,-0.000853,0.000608,-0.001126,0.001602,-0.000686,0.001636,-0.001132,-3.1e-05,248,1.0,16.5674,112.9342,QUALIFIED,,,,,,True,True,BOTH,normal_low,,,,,0.0,0,no_m3_data
26176,150.0,0.09375,0.4155,1.0,3603.22,1703.88,-2878.5,-44605.0,44.6982,3594,1695,3613,1714,4.1075,2.6174,12.8591,3.9437,1.7861,-2114.9981,1.0,1.0,0.0,150.0,0.239963,0.23541,0.044694,1.0,1.0,0.05265,0.053775,0.007139,1.0,1.0,0.003248,0.002841,0.001181,0.002989,0.005279,0.003919,0.006942,0.000133,150,1.0,64.5725,120.1906,QUALIFIED,,0.125308,-1.530906,0.257625,0.980841,True,True,BOTH,normal_low,0.044184,0.026243,0.008786,0.0,0.023782,4,full_m3_data
26187,242.0,0.15125,0.4783,1.05,3605.0413223140495,1692.301652892562,-3167.9586776859505,-44650.53305785124,44.7632,3594,1680,3616,1703,5.6391,2.2658,14.8219,4.0735,1.2173,-2126.5264,1.0,1.0,0.0,242.0,0.243816,0.243885,0.04689,1.0,1.0,0.056879,0.056698,0.008894,1.0,1.0,0.002497,0.002652,0.000572,0.002451,0.004801,0.003694,0.006312,-0.000721,242,1.0,64.5725,120.1906,QUALIFIED,,-0.062074,,0.230577,1.114227,True,True,BOTH,normal_low,0.050193,0.023488,0.0,,0.02344,3,full_m3_data
26191,1076.0,0.6725,0.3312,1.0,3594.552044609665,1780.1914498141264,-970.713754646844,-44388.30111524163,44.3994,3568,1747,3625,1804,6.1149,3.9493,29.6003,4.5588,1.8997,-2114.2183,1.0,1.0,0.0,1076.0,0.228395,0.223638,0.048659,1.0,1.0,0.121476,0.090783,0.11409,1.0,1.0,0.000765,0.00098,-0.000959,0.000553,0.001681,0.001393,0.001843,-0.000863,1076,1.0,64.5725,120.1906,QUALIFIED,,,,0.171327,1.468258,True,True,BOTH,normal_low,0.066141,0.017452,,,0.027512,2,partial_m3_data
26193,798.0,0.49875,0.5334,1.29,3602.2694235588974,1760.3070175438595,-1467.824561403504,-44581.23558897244,44.6059,3580,1742,3624,1776,4.7266,2.7531,20.6896,3.8281,2.2472,-2128.268,1.0,1.0,0.0,798.0,0.257282,0.247913,0.057657,1.0,1.0,0.098266,0.088733,0.040075,1.0,1.0,0.001871,0.001386,0.000165,0.001382,0.003394,0.001167,0.003794,-0.002237,798,1.0,64.5725,120.1906,QUALIFIED,,0.25922,,0.656158,1.589615,True,True,BOTH,normal_low,0.071608,0.06684,0.018175,,0.045408,3,full_m3_data
26208,186.0,0.11625,0.6526,1.27,3617.7634408602153,1807.3118279569887,-292.7043010752677,-44968.58602150538,44.97,3611,1798,3626,1817,6.0179,3.5924,21.4861,5.2164,3.0036,-2089.7196,1.0,1.0,0.0,186.0,0.217184,0.207958,0.03842,1.0,1.0,0.07337,0.068352,0.021137,1.0,1.0,-0.001022,0.000209,-0.002432,-0.002055,-0.001944,-0.001686,-0.001963,-0.006856,167,0.8978,64.5725,120.1906,QUALIFIED,,,,,,True,True,BOTH,normal_low,,,,,0.0,0,no_m3_data
26213,318.0,0.19875,0.5782,1.14,3616.531446540881,1709.2358490566037,-2744.603773584909,-44937.78616352202,45.022,3607,1697,3629,1722,8.5501,4.9107,23.1433,6.0067,2.4003,-2126.1779,1.0,1.0,0.0,318.0,0.254784,0.237611,0.077777,1.0,1.0,0.066323,0.064625,0.016212,1.0,1.0,0.001901,0.003731,0.000787,0.002393,0.003793,0.002419,0.00875,-0.006613,318,1.0,64.5725,120.1906,QUALIFIED,,-0.962651,,0.362246,1.755771,True,True,BOTH,normal_low,0.079093,0.0369,0.0,,0.036908,3,full_m3_data
26229,378.0,0.23625,0.5385,1.04,3627.560846560847,1782.9497354497355,-901.75661375661,-45213.52116402117,45.223,3612,1771,3639,1797,9.3788,4.8458,23.4595,7.5699,3.0752,-2092.6982,1.0,1.0,0.0,361.0,0.439399,0.398599,0.179672,1.0,1.0,0.107305,0.090739,0.064277,1.0,1.0,0.001138,0.001436,-0.000831,-0.002918,-0.002458,-0.001653,-0.000117,-0.00065,378,1.0,64.5725,120.1906,QUALIFIED,,-0.261863,,,,True,True,BOTH,normal_low,,,0.0,,0.0,1,partial_m3_data
