region_id,area_km2,geo_x,geo_y,grail_anom_context,grail_boug_context,grail_note
17,0.106875,-141.87426900584978,45079.301169590646,24.6404,85.2909,Regional geophysical context only. 73 unique values across entire study area. GRAIL (10km/px) cannot discriminate between individual candidate regions. Not used in science scoring or accessibility screening.
89,0.325625,6105.210172744715,43861.20057581574,67.2511,77.9602,Regional geophysical context only. 73 unique values across entire study area. GRAIL (10km/px) cannot discriminate between individual candidate regions. Not used in science scoring or accessibility screening.
122,0.186875,-5710.533444816057,43871.57023411372,-34.341,89.0052,Regional geophysical context only. 73 unique values across entire study area. GRAIL (10km/px) cannot discriminate between individual candidate regions. Not used in science scoring or accessibility screening.
123,1.2675,-3357.1198224852124,43674.994575936886,24.6404,85.2909,Regional geophysical context only. 73 unique values across entire study area. GRAIL (10km/px) cannot discriminate between individual candidate regions. Not used in science scoring or accessibility screening.
135,0.225,-6067.930555555555,43695.84722222222,-34.341,89.0052,Regional geophysical context only. 73 unique values across entire study area. GRAIL (10km/px) cannot discriminate between individual candidate regions. Not used in science scoring or accessibility screening.
169,0.138125,-5700.386877828052,43399.93438914027,-34.341,89.0052,Regional geophysical context only. 73 unique values across entire study area. GRAIL (10km/px) cannot discriminate between individual candidate regions. Not used in science scoring or accessibility screening.
210,0.184375,10133.22881355932,43277.36440677966,67.2511,77.9602,Regional geophysical context only. 73 unique values across entire study area. GRAIL (10km/px) cannot discriminate between individual candidate regions. Not used in science scoring or accessibility screening.
254,0.325,12680.028846153844,42787.08653846154,67.2511,77.9602,Regional geophysical context only. 73 unique values across entire study area. GRAIL (10km/px) cannot discriminate between individual candidate regions. Not used in science scoring or accessibility screening.
270,0.18125,11350.879310344826,42607.137931034486,67.2511,77.9602,Regional geophysical context only. 73 unique values across entire study area. GRAIL (10km/px) cannot discriminate between individual candidate regions. Not used in science scoring or accessibility screening.
292,0.501875,11560.303237858032,42806.78891656289,67.2511,77.9602,Regional geophysical context only. 73 unique values across entire study area. GRAIL (10km/px) cannot discriminate between individual candidate regions. Not used in science scoring or accessibility screening.
298,0.339375,8201.940147329653,42644.23848987109,67.2511,77.9602,Regional geophysical context only. 73 unique values across entire study area. GRAIL (10km/px) cannot discriminate between individual candidate regions. Not used in science scoring or accessibility screening.
362,0.304375,11328.247433264893,41699.883983572894,67.2511,77.9602,Regional geophysical context only. 73 unique values across entire study area. GRAIL (10km/px) cannot discriminate between individual candidate regions. Not used in science scoring or accessibility screening.
372,0.080625,10602.79457364342,42080.151162790695,67.2511,77.9602,Regional geophysical context only. 73 unique values across entire study area. GRAIL (10km/px) cannot discriminate between individual candidate regions. Not used in science scoring or accessibility screening.
417,0.081875,-16035.041984732825,41551.454198473286,46.1389,95.783,Regional geophysical context only. 73 unique values across entire study area. GRAIL (10km/px) cannot discriminate between individual candidate regions. Not used in science scoring or accessibility screening.
426,0.096875,10238.209677419356,41388.8870967742,67.2511,77.9602,Regional geophysical context only. 73 unique values across entire study area. GRAIL (10km/px) cannot discriminate between individual candidate regions. Not used in science scoring or accessibility screening.
450,2.668125,9250.436987584922,41776.37842586086,67.2511,77.9602,Regional geophysical context only. 73 unique values across entire study area. GRAIL (10km/px) cannot discriminate between individual candidate regions. Not used in science scoring or accessibility screening.
493,0.080625,3411.515503875969,40728.6007751938,24.6404,85.2909,Regional geophysical context only. 73 unique values across entire study area. GRAIL (10km/px) cannot discriminate between individual candidate regions. Not used in science scoring or accessibility screening.
500,0.170625,8656.826007326003,40971.56227106227,67.2511,77.9602,Regional geophysical context only. 73 unique values across entire study area. GRAIL (10km/px) cannot discriminate between individual candidate regions. Not used in science scoring or accessibility screening.
501,0.153125,12474.704081632648,40727.642857142855,67.2511,77.9602,Regional geophysical context only. 73 unique values across entire study area. GRAIL (10km/px) cannot discriminate between individual candidate regions. Not used in science scoring or accessibility screening.
544,0.524375,8764.9052443385,40507.085220500594,67.2511,77.9602,Regional geophysical context only. 73 unique values across entire study area. GRAIL (10km/px) cannot discriminate between individual candidate regions. Not used in science scoring or accessibility screening.
557,0.284375,3725.5989010989,40473.08241758242,24.6404,85.2909,Regional geophysical context only. 73 unique values across entire study area. GRAIL (10km/px) cannot discriminate between individual candidate regions. Not used in science scoring or accessibility screening.
575,0.289375,2376.929805615546,40258.49136069114,24.6404,85.2909,Regional geophysical context only. 73 unique values across entire study area. GRAIL (10km/px) cannot discriminate between individual candidate regions. Not used in science scoring or accessibility screening.
590,0.15375,4466.57317073171,40136.06910569106,24.6404,85.2909,Regional geophysical context only. 73 unique values across entire study area. GRAIL (10km/px) cannot discriminate between individual candidate regions. Not used in science scoring or accessibility screening.
595,0.36875,-1800.457627118638,40280.58474576271,24.6404,85.2909,Regional geophysical context only. 73 unique values across entire study area. GRAIL (10km/px) cannot discriminate between individual candidate regions. Not used in science scoring or accessibility screening.
622,0.199375,-18587.960815047023,39786.706896551725,46.1389,95.783,Regional geophysical context only. 73 unique values across entire study area. GRAIL (10km/px) cannot discriminate between individual candidate regions. Not used in science scoring or accessibility screening.
642,0.34875,-2388.5376344086035,39931.81720430108,24.6404,85.2909,Regional geophysical context only. 73 unique values across entire study area. GRAIL (10km/px) cannot discriminate between individual candidate regions. Not used in science scoring or accessibility screening.
646,0.21875,10320.21428571429,39678.78571428571,67.2511,77.9602,Regional geophysical context only. 73 unique values across entire study area. GRAIL (10km/px) cannot discriminate between individual candidate regions. Not used in science scoring or accessibility screening.
699,0.3675,8819.950680272108,39399.05442176871,67.2511,77.9602,Regional geophysical context only. 73 unique values across entire study area. GRAIL (10km/px) cannot discriminate between individual candidate regions. Not used in science scoring or accessibility screening.
701,0.0825,14212.1893939394,39186.295454545456,67.2511,77.9602,Regional geophysical context only. 73 unique values across entire study area. GRAIL (10km/px) cannot discriminate between individual candidate regions. Not used in science scoring or accessibility screening.
703,0.215,12271.229651162786,39013.79941860465,67.2511,77.9602,Regional geophysical context only. 73 unique values across entire study area. GRAIL (10km/px) cannot discriminate between individual candidate regions. Not used in science scoring or accessibility screening.
715,1.20875,9409.156153050671,39060.76370217167,67.2511,77.9602,Regional geophysical context only. 73 unique values across entire study area. GRAIL (10km/px) cannot discriminate between individual candidate regions. Not used in science scoring or accessibility screening.
718,0.9625,6923.136363636368,39908.0,67.2511,77.9602,Regional geophysical context only. 73 unique values across entire study area. GRAIL (10km/px) cannot discriminate between individual candidate regions. Not used in science scoring or accessibility screening.
749,0.42,13372.71428571429,38733.23809523809,67.2511,77.9602,Regional geophysical context only. 73 unique values across entire study area. GRAIL (10km/px) cannot discriminate between individual candidate regions. Not used in science scoring or accessibility screening.
759,0.0825,-3865.272727272728,38748.606060606064,24.6404,85.2909,Regional geophysical context only. 73 unique values across entire study area. GRAIL (10km/px) cannot discriminate between individual candidate regions. Not used in science scoring or accessibility screening.
766,0.091875,-19382.98299319728,38874.64965986395,46.1389,95.783,Regional geophysical context only. 73 unique values across entire study area. GRAIL (10km/px) cannot discriminate between individual candidate regions. Not used in science scoring or accessibility screening.
773,0.111875,-20351.198324022345,38631.64525139665,46.1389,95.783,Regional geophysical context only. 73 unique values across entire study area. GRAIL (10km/px) cannot discriminate between individual candidate regions. Not used in science scoring or accessibility screening.
804,0.1675,13632.895522388062,38475.96641791045,67.2511,77.9602,Regional geophysical context only. 73 unique values across entire study area. GRAIL (10km/px) cannot discriminate between individual candidate regions. Not used in science scoring or accessibility screening.
885,0.08,10219.03125,37972.375,67.2511,77.9602,Regional geophysical context only. 73 unique values across entire study area. GRAIL (10km/px) cannot discriminate between individual candidate regions. Not used in science scoring or accessibility screening.
886,0.58125,10748.209677419356,37789.34408602151,67.2511,77.9602,Regional geophysical context only. 73 unique values across entire study area. GRAIL (10km/px) cannot discriminate between individual candidate regions. Not used in science scoring or accessibility screening.
902,0.16875,-19308.46296296296,37788.09259259259,46.1389,95.783,Regional geophysical context only. 73 unique values across entire study area. GRAIL (10km/px) cannot discriminate between individual candidate regions. Not used in science scoring or accessibility screening.
910,0.1025,-18970.7743902439,37647.45121951219,46.1389,95.783,Regional geophysical context only. 73 unique values across entire study area. GRAIL (10km/px) cannot discriminate between individual candidate regions. Not used in science scoring or accessibility screening.
914,1.81,11557.485151933704,37346.76208563536,67.2511,77.9602,Regional geophysical context only. 73 unique values across entire study area. GRAIL (10km/px) cannot discriminate between individual candidate regions. Not used in science scoring or accessibility screening.
969,0.180625,10127.78719723184,37610.79411764706,67.2511,77.9602,Regional geophysical context only. 73 unique values across entire study area. GRAIL (10km/px) cannot discriminate between individual candidate regions. Not used in science scoring or accessibility screening.
977,0.17375,7089.787769784176,37642.40647482014,67.2511,77.9602,Regional geophysical context only. 73 unique values across entire study area. GRAIL (10km/px) cannot discriminate between individual candidate regions. Not used in science scoring or accessibility screening.
981,0.09125,-2123.6164383561627,37592.62328767123,24.6404,85.2909,Regional geophysical context only. 73 unique values across entire study area. GRAIL (10km/px) cannot discriminate between individual candidate regions. Not used in science scoring or accessibility screening.
1002,0.13625,-19765.17889908257,37261.62385321101,46.1389,95.783,Regional geophysical context only. 73 unique values across entire study area. GRAIL (10km/px) cannot discriminate between individual candidate regions. Not used in science scoring or accessibility screening.
1047,0.159375,2464.205882352937,37093.049019607846,24.6404,85.2909,Regional geophysical context only. 73 unique values across entire study area. GRAIL (10km/px) cannot discriminate between individual candidate regions. Not used in science scoring or accessibility screening.
1048,0.59625,6302.539832285118,36760.196016771486,67.2511,77.9602,Regional geophysical context only. 73 unique values across entire study area. GRAIL (10km/px) cannot discriminate between individual candidate regions. Not used in science scoring or accessibility screening.
1057,0.385,-17650.86525974026,36985.280844155845,46.1389,95.783,Regional geophysical context only. 73 unique values across entire study area. GRAIL (10km/px) cannot discriminate between individual candidate regions. Not used in science scoring or accessibility screening.
1072,0.09875,15008.67721518987,36991.32278481012,-57.4093,73.0638,Regional geophysical context only. 73 unique values across entire study area. GRAIL (10km/px) cannot discriminate between individual candidate regions. Not used in science scoring or accessibility screening.
1076,0.459375,9476.166666666664,36742.74489795919,67.2511,77.9602,Regional geophysical context only. 73 unique values across entire study area. GRAIL (10km/px) cannot discriminate between individual candidate regions. Not used in science scoring or accessibility screening.
1118,0.275,-21065.102272727272,36748.85227272727,46.1389,95.783,Regional geophysical context only. 73 unique values across entire study area. GRAIL (10km/px) cannot discriminate between individual candidate regions. Not used in science scoring or accessibility screening.
1124,0.271875,11146.511494252874,36711.41954022989,67.2511,77.9602,Regional geophysical context only. 73 unique values across entire study area. GRAIL (10km/px) cannot discriminate between individual candidate regions. Not used in science scoring or accessibility screening.
1125,0.12375,-20715.90404040404,36815.52525252525,46.1389,95.783,Regional geophysical context only. 73 unique values across entire study area. GRAIL (10km/px) cannot discriminate between individual candidate regions. Not used in science scoring or accessibility screening.
1131,0.23375,15024.232620320858,36586.46256684492,-57.4093,73.0638,Regional geophysical context only. 73 unique values across entire study area. GRAIL (10km/px) cannot discriminate between individual candidate regions. Not used in science scoring or accessibility screening.
1133,0.3825,-24768.31045751633,36139.797385620914,46.1389,95.783,Regional geophysical context only. 73 unique values across entire study area. GRAIL (10km/px) cannot discriminate between individual candidate regions. Not used in science scoring or accessibility screening.
1159,0.2,12855.984375,36758.703125,67.2511,77.9602,Regional geophysical context only. 73 unique values across entire study area. GRAIL (10km/px) cannot discriminate between individual candidate regions. Not used in science scoring or accessibility screening.
1173,0.080625,3690.585271317832,36331.50775193799,24.6404,85.2909,Regional geophysical context only. 73 unique values across entire study area. GRAIL (10km/px) cannot discriminate between individual candidate regions. Not used in science scoring or accessibility screening.
1191,0.13125,12543.071428571437,36321.80952380953,67.2511,77.9602,Regional geophysical context only. 73 unique values across entire study area. GRAIL (10km/px) cannot discriminate between individual candidate regions. Not used in science scoring or accessibility screening.
1204,0.091875,14652.22108843537,36151.35034013605,-57.4093,73.0638,Regional geophysical context only. 73 unique values across entire study area. GRAIL (10km/px) cannot discriminate between individual candidate regions. Not used in science scoring or accessibility screening.
1218,1.65,10035.257575757576,36381.66477272727,67.2511,77.9602,Regional geophysical context only. 73 unique values across entire study area. GRAIL (10km/px) cannot discriminate between individual candidate regions. Not used in science scoring or accessibility screening.
1237,0.10875,-23272.77011494253,35843.45977011494,46.1389,95.783,Regional geophysical context only. 73 unique values across entire study area. GRAIL (10km/px) cannot discriminate between individual candidate regions. Not used in science scoring or accessibility screening.
1252,1.028125,11244.515197568384,36293.828267477205,67.2511,77.9602,Regional geophysical context only. 73 unique values across entire study area. GRAIL (10km/px) cannot discriminate between individual candidate regions. Not used in science scoring or accessibility screening.
1262,0.90375,12048.825726141084,35716.63070539419,67.2511,77.9602,Regional geophysical context only. 73 unique values across entire study area. GRAIL (10km/px) cannot discriminate between individual candidate regions. Not used in science scoring or accessibility screening.
1292,0.46,12682.788043478264,35516.158967391304,67.2511,77.9602,Regional geophysical context only. 73 unique values across entire study area. GRAIL (10km/px) cannot discriminate between individual candidate regions. Not used in science scoring or accessibility screening.
1320,0.149375,7320.94351464435,35816.08577405858,67.2511,77.9602,Regional geophysical context only. 73 unique values across entire study area. GRAIL (10km/px) cannot discriminate between individual candidate regions. Not used in science scoring or accessibility screening.
1325,1.260625,-27033.767228557263,34914.62989588498,80.591,99.4056,Regional geophysical context only. 73 unique values across entire study area. GRAIL (10km/px) cannot discriminate between individual candidate regions. Not used in science scoring or accessibility screening.
1337,0.0975,-16054.987179487176,35378.86538461538,35.9271,86.4979,Regional geophysical context only. 73 unique values across entire study area. GRAIL (10km/px) cannot discriminate between individual candidate regions. Not used in science scoring or accessibility screening.
1398,1.43125,-18564.812227074235,35333.513100436685,35.9271,86.4979,Regional geophysical context only. 73 unique values across entire study area. GRAIL (10km/px) cannot discriminate between individual candidate regions. Not used in science scoring or accessibility screening.
1435,0.494375,-17961.30910240202,35090.92351453856,35.9271,86.4979,Regional geophysical context only. 73 unique values across entire study area. GRAIL (10km/px) cannot discriminate between individual candidate regions. Not used in science scoring or accessibility screening.
1462,0.109375,14253.5,34726.92857142857,40.2924,84.9679,Regional geophysical context only. 73 unique values across entire study area. GRAIL (10km/px) cannot discriminate between individual candidate regions. Not used in science scoring or accessibility screening.
1532,0.215625,312.2536231884078,34582.60144927536,49.6089,82.7432,Regional geophysical context only. 73 unique values across entire study area. GRAIL (10km/px) cannot discriminate between individual candidate regions. Not used in science scoring or accessibility screening.
1567,0.08125,3471.230769230773,34284.153846153844,49.6089,82.7432,Regional geophysical context only. 73 unique values across entire study area. GRAIL (10km/px) cannot discriminate between individual candidate regions. Not used in science scoring or accessibility screening.
1622,0.080625,-22267.55426356589,33852.63178294574,35.9271,86.4979,Regional geophysical context only. 73 unique values across entire study area. GRAIL (10km/px) cannot discriminate between individual candidate regions. Not used in science scoring or accessibility screening.
1632,0.92625,-127.574898785424,34056.47165991903,49.6089,82.7432,Regional geophysical context only. 73 unique values across entire study area. GRAIL (10km/px) cannot discriminate between individual candidate regions. Not used in science scoring or accessibility screening.
1660,0.199375,-29031.84796238245,33910.923197492164,80.591,99.4056,Regional geophysical context only. 73 unique values across entire study area. GRAIL (10km/px) cannot discriminate between individual candidate regions. Not used in science scoring or accessibility screening.
1695,0.70125,-27392.924242424244,33199.76470588235,80.591,99.4056,Regional geophysical context only. 73 unique values across entire study area. GRAIL (10km/px) cannot discriminate between individual candidate regions. Not used in science scoring or accessibility screening.
1708,0.319375,-858.327788649709,33506.126223091975,49.6089,82.7432,Regional geophysical context only. 73 unique values across entire study area. GRAIL (10km/px) cannot discriminate between individual candidate regions. Not used in science scoring or accessibility screening.
1742,1.413125,-21143.113887660325,33110.37394957983,35.9271,86.4979,Regional geophysical context only. 73 unique values across entire study area. GRAIL (10km/px) cannot discriminate between individual candidate regions. Not used in science scoring or accessibility screening.
1750,0.14625,-22216.84615384616,33564.92307692308,35.9271,86.4979,Regional geophysical context only. 73 unique values across entire study area. GRAIL (10km/px) cannot discriminate between individual candidate regions. Not used in science scoring or accessibility screening.
1757,0.641875,-22852.73953261928,32882.19425511198,35.9271,86.4979,Regional geophysical context only. 73 unique values across entire study area. GRAIL (10km/px) cannot discriminate between individual candidate regions. Not used in science scoring or accessibility screening.
1771,0.104375,-24559.33233532934,33166.21856287425,35.9271,86.4979,Regional geophysical context only. 73 unique values across entire study area. GRAIL (10km/px) cannot discriminate between individual candidate regions. Not used in science scoring or accessibility screening.
1772,0.710625,-23811.229991204928,33443.68381706245,35.9271,86.4979,Regional geophysical context only. 73 unique values across entire study area. GRAIL (10km/px) cannot discriminate between individual candidate regions. Not used in science scoring or accessibility screening.
1779,0.124375,-26884.04271356784,33162.30904522613,80.591,99.4056,Regional geophysical context only. 73 unique values across entire study area. GRAIL (10km/px) cannot discriminate between individual candidate regions. Not used in science scoring or accessibility screening.
1780,0.2425,-22416.801546391755,33335.35824742268,35.9271,86.4979,Regional geophysical context only. 73 unique values across entire study area. GRAIL (10km/px) cannot discriminate between individual candidate regions. Not used in science scoring or accessibility screening.
1814,0.08,-17848.9375,32989.5625,35.9271,86.4979,Regional geophysical context only. 73 unique values across entire study area. GRAIL (10km/px) cannot discriminate between individual candidate regions. Not used in science scoring or accessibility screening.
1845,0.101875,2639.3773006134943,32772.27914110429,49.6089,82.7432,Regional geophysical context only. 73 unique values across entire study area. GRAIL (10km/px) cannot discriminate between individual candidate regions. Not used in science scoring or accessibility screening.
1861,1.56875,731.770916334659,33000.71912350597,49.6089,82.7432,Regional geophysical context only. 73 unique values across entire study area. GRAIL (10km/px) cannot discriminate between individual candidate regions. Not used in science scoring or accessibility screening.
1938,0.11,-19164.136363636364,32543.539772727272,35.9271,86.4979,Regional geophysical context only. 73 unique values across entire study area. GRAIL (10km/px) cannot discriminate between individual candidate regions. Not used in science scoring or accessibility screening.
1979,0.13625,-25588.57339449541,32393.733944954125,80.591,99.4056,Regional geophysical context only. 73 unique values across entire study area. GRAIL (10km/px) cannot discriminate between individual candidate regions. Not used in science scoring or accessibility screening.
1994,0.370625,-29501.68043844857,32159.56408094435,80.591,99.4056,Regional geophysical context only. 73 unique values across entire study area. GRAIL (10km/px) cannot discriminate between individual candidate regions. Not used in science scoring or accessibility screening.
1995,0.190625,-27183.69672131148,32395.66393442623,80.591,99.4056,Regional geophysical context only. 73 unique values across entire study area. GRAIL (10km/px) cannot discriminate between individual candidate regions. Not used in science scoring or accessibility screening.
2004,0.08375,-21535.94776119403,32172.88805970149,35.9271,86.4979,Regional geophysical context only. 73 unique values across entire study area. GRAIL (10km/px) cannot discriminate between individual candidate regions. Not used in science scoring or accessibility screening.
2006,0.3975,4101.5833333333285,32381.8286163522,49.6089,82.7432,Regional geophysical context only. 73 unique values across entire study area. GRAIL (10km/px) cannot discriminate between individual candidate regions. Not used in science scoring or accessibility screening.
2015,1.203125,-27927.60389610389,32449.00649350649,80.591,99.4056,Regional geophysical context only. 73 unique values across entire study area. GRAIL (10km/px) cannot discriminate between individual candidate regions. Not used in science scoring or accessibility screening.
2046,0.13125,-26088.47619047619,32024.904761904763,80.591,99.4056,Regional geophysical context only. 73 unique values across entire study area. GRAIL (10km/px) cannot discriminate between individual candidate regions. Not used in science scoring or accessibility screening.
2169,0.81625,30375.62940275652,31956.45329249617,-172.3894,69.0553,Regional geophysical context only. 73 unique values across entire study area. GRAIL (10km/px) cannot discriminate between individual candidate regions. Not used in science scoring or accessibility screening.
2181,2.841875,6638.806135913786,31158.9671211788,40.2924,84.9679,Regional geophysical context only. 73 unique values across entire study area. GRAIL (10km/px) cannot discriminate between individual candidate regions. Not used in science scoring or accessibility screening.
2239,0.090625,4425.189655172413,31519.465517241377,49.6089,82.7432,Regional geophysical context only. 73 unique values across entire study area. GRAIL (10km/px) cannot discriminate between individual candidate regions. Not used in science scoring or accessibility screening.
2253,0.114375,1146.4945355191303,31479.7349726776,49.6089,82.7432,Regional geophysical context only. 73 unique values across entire study area. GRAIL (10km/px) cannot discriminate between individual candidate regions. Not used in science scoring or accessibility screening.
2262,0.108125,8846.75433526012,31351.65606936416,40.2924,84.9679,Regional geophysical context only. 73 unique values across entire study area. GRAIL (10km/px) cannot discriminate between individual candidate regions. Not used in science scoring or accessibility screening.
2271,0.08625,1426.3115942028962,31365.17391304348,49.6089,82.7432,Regional geophysical context only. 73 unique values across entire study area. GRAIL (10km/px) cannot discriminate between individual candidate regions. Not used in science scoring or accessibility screening.
2275,0.21,11010.21428571429,31199.309523809527,40.2924,84.9679,Regional geophysical context only. 73 unique values across entire study area. GRAIL (10km/px) cannot discriminate between individual candidate regions. Not used in science scoring or accessibility screening.
2298,0.653125,-25591.40909090909,31093.897129186604,80.591,99.4056,Regional geophysical context only. 73 unique values across entire study area. GRAIL (10km/px) cannot discriminate between individual candidate regions. Not used in science scoring or accessibility screening.
2324,0.389375,-19795.564205457464,31229.35232744784,35.9271,86.4979,Regional geophysical context only. 73 unique values across entire study area. GRAIL (10km/px) cannot discriminate between individual candidate regions. Not used in science scoring or accessibility screening.
2350,0.09875,8041.905063291138,30865.848101265823,40.2924,84.9679,Regional geophysical context only. 73 unique values across entire study area. GRAIL (10km/px) cannot discriminate between individual candidate regions. Not used in science scoring or accessibility screening.
2378,0.346875,1058.8243243243269,31019.37387387388,49.6089,82.7432,Regional geophysical context only. 73 unique values across entire study area. GRAIL (10km/px) cannot discriminate between individual candidate regions. Not used in science scoring or accessibility screening.
2380,0.086875,8878.996402877703,30726.57913669065,40.2924,84.9679,Regional geophysical context only. 73 unique values across entire study area. GRAIL (10km/px) cannot discriminate between individual candidate regions. Not used in science scoring or accessibility screening.
2381,0.391875,10444.196969696975,30853.330940988835,40.2924,84.9679,Regional geophysical context only. 73 unique values across entire study area. GRAIL (10km/px) cannot discriminate between individual candidate regions. Not used in science scoring or accessibility screening.
2382,0.52625,11164.820665083142,30616.71140142518,40.2924,84.9679,Regional geophysical context only. 73 unique values across entire study area. GRAIL (10km/px) cannot discriminate between individual candidate regions. Not used in science scoring or accessibility screening.
2408,0.524375,8434.541716328968,31014.95172824792,40.2924,84.9679,Regional geophysical context only. 73 unique values across entire study area. GRAIL (10km/px) cannot discriminate between individual candidate regions. Not used in science scoring or accessibility screening.
2429,0.088125,1621.6631205673766,30771.776595744683,49.6089,82.7432,Regional geophysical context only. 73 unique values across entire study area. GRAIL (10km/px) cannot discriminate between individual candidate regions. Not used in science scoring or accessibility screening.
2528,0.16,9591.39453125,30445.32421875,40.2924,84.9679,Regional geophysical context only. 73 unique values across entire study area. GRAIL (10km/px) cannot discriminate between individual candidate regions. Not used in science scoring or accessibility screening.
2529,0.169375,11505.588560885612,30346.164206642068,40.2924,84.9679,Regional geophysical context only. 73 unique values across entire study area. GRAIL (10km/px) cannot discriminate between individual candidate regions. Not used in science scoring or accessibility screening.
2557,0.135625,9102.3801843318,30044.62442396313,40.2924,84.9679,Regional geophysical context only. 73 unique values across entire study area. GRAIL (10km/px) cannot discriminate between individual candidate regions. Not used in science scoring or accessibility screening.
2594,0.19625,5807.1433121019145,30082.34713375796,40.2924,84.9679,Regional geophysical context only. 73 unique values across entire study area. GRAIL (10km/px) cannot discriminate between individual candidate regions. Not used in science scoring or accessibility screening.
2595,0.11375,8447.57692307693,29936.35164835165,40.2924,84.9679,Regional geophysical context only. 73 unique values across entire study area. GRAIL (10km/px) cannot discriminate between individual candidate regions. Not used in science scoring or accessibility screening.
2606,0.08625,15560.550724637673,29909.557971014496,-8.8513,82.0245,Regional geophysical context only. 73 unique values across entire study area. GRAIL (10km/px) cannot discriminate between individual candidate regions. Not used in science scoring or accessibility screening.
2607,0.1175,15792.319148936163,30096.909574468085,-8.8513,82.0245,Regional geophysical context only. 73 unique values across entire study area. GRAIL (10km/px) cannot discriminate between individual candidate regions. Not used in science scoring or accessibility screening.
2645,0.37875,4358.039603960395,30153.42904290429,49.6089,82.7432,Regional geophysical context only. 73 unique values across entire study area. GRAIL (10km/px) cannot discriminate between individual candidate regions. Not used in science scoring or accessibility screening.
2672,0.151875,8832.936213991772,29749.779835390946,40.2924,84.9679,Regional geophysical context only. 73 unique values across entire study area. GRAIL (10km/px) cannot discriminate between individual candidate regions. Not used in science scoring or accessibility screening.
2686,0.246875,9524.246835443031,30016.19620253165,40.2924,84.9679,Regional geophysical context only. 73 unique values across entire study area. GRAIL (10km/px) cannot discriminate between individual candidate regions. Not used in science scoring or accessibility screening.
2721,0.321875,12632.800970873788,29515.20873786408,40.2924,84.9679,Regional geophysical context only. 73 unique values across entire study area. GRAIL (10km/px) cannot discriminate between individual candidate regions. Not used in science scoring or accessibility screening.
2774,0.22,12074.357954545449,29606.25284090909,40.2924,84.9679,Regional geophysical context only. 73 unique values across entire study area. GRAIL (10km/px) cannot discriminate between individual candidate regions. Not used in science scoring or accessibility screening.
2786,0.096875,7523.693548387098,29407.274193548383,40.2924,84.9679,Regional geophysical context only. 73 unique values across entire study area. GRAIL (10km/px) cannot discriminate between individual candidate regions. Not used in science scoring or accessibility screening.
2793,0.2725,9793.422018348618,29472.174311926603,40.2924,84.9679,Regional geophysical context only. 73 unique values across entire study area. GRAIL (10km/px) cannot discriminate between individual candidate regions. Not used in science scoring or accessibility screening.
2804,0.20875,9000.39820359282,29477.071856287424,40.2924,84.9679,Regional geophysical context only. 73 unique values across entire study area. GRAIL (10km/px) cannot discriminate between individual candidate regions. Not used in science scoring or accessibility screening.
2812,0.263125,860.3669833729218,28997.649643705463,49.6089,82.7432,Regional geophysical context only. 73 unique values across entire study area. GRAIL (10km/px) cannot discriminate between individual candidate regions. Not used in science scoring or accessibility screening.
2848,0.14875,12186.369747899167,29163.52521008403,40.2924,84.9679,Regional geophysical context only. 73 unique values across entire study area. GRAIL (10km/px) cannot discriminate between individual candidate regions. Not used in science scoring or accessibility screening.
2853,0.294375,491.4851380042455,29186.646496815287,49.6089,82.7432,Regional geophysical context only. 73 unique values across entire study area. GRAIL (10km/px) cannot discriminate between individual candidate regions. Not used in science scoring or accessibility screening.
2894,0.175,33900.035714285725,28968.35714285714,-172.3894,69.0553,Regional geophysical context only. 73 unique values across entire study area. GRAIL (10km/px) cannot discriminate between individual candidate regions. Not used in science scoring or accessibility screening.
2924,0.19875,9090.93081761006,29116.616352201258,40.2924,84.9679,Regional geophysical context only. 73 unique values across entire study area. GRAIL (10km/px) cannot discriminate between individual candidate regions. Not used in science scoring or accessibility screening.
2946,0.416875,7103.210644677667,29115.45502248876,40.2924,84.9679,Regional geophysical context only. 73 unique values across entire study area. GRAIL (10km/px) cannot discriminate between individual candidate regions. Not used in science scoring or accessibility screening.
2953,1.93125,6249.346278317149,29458.598705501616,40.2924,84.9679,Regional geophysical context only. 73 unique values across entire study area. GRAIL (10km/px) cannot discriminate between individual candidate regions. Not used in science scoring or accessibility screening.
2954,0.540625,6245.367052023117,28405.58670520231,40.2924,84.9679,Regional geophysical context only. 73 unique values across entire study area. GRAIL (10km/px) cannot discriminate between individual candidate regions. Not used in science scoring or accessibility screening.
2971,0.116875,13339.606951871654,28577.23796791444,40.2924,84.9679,Regional geophysical context only. 73 unique values across entire study area. GRAIL (10km/px) cannot discriminate between individual candidate regions. Not used in science scoring or accessibility screening.
2986,0.14,8101.732142857145,28754.183035714286,40.2924,84.9679,Regional geophysical context only. 73 unique values across entire study area. GRAIL (10km/px) cannot discriminate between individual candidate regions. Not used in science scoring or accessibility screening.
2990,0.548125,-11599.644811858612,28413.669897377426,-31.9971,79.6277,Regional geophysical context only. 73 unique values across entire study area. GRAIL (10km/px) cannot discriminate between individual candidate regions. Not used in science scoring or accessibility screening.
3025,0.1425,291.82456140350405,28856.530701754386,49.6089,82.7432,Regional geophysical context only. 73 unique values across entire study area. GRAIL (10km/px) cannot discriminate between individual candidate regions. Not used in science scoring or accessibility screening.
3026,0.231875,11088.179245283012,28732.84501347709,40.2924,84.9679,Regional geophysical context only. 73 unique values across entire study area. GRAIL (10km/px) cannot discriminate between individual candidate regions. Not used in science scoring or accessibility screening.
3039,0.211875,8525.016224188788,28616.797935103245,40.2924,84.9679,Regional geophysical context only. 73 unique values across entire study area. GRAIL (10km/px) cannot discriminate between individual candidate regions. Not used in science scoring or accessibility screening.
3040,0.27875,9822.20179372198,28594.89461883408,40.2924,84.9679,Regional geophysical context only. 73 unique values across entire study area. GRAIL (10km/px) cannot discriminate between individual candidate regions. Not used in science scoring or accessibility screening.
3055,0.285,-14138.49342105263,28250.171052631576,-31.9971,79.6277,Regional geophysical context only. 73 unique values across entire study area. GRAIL (10km/px) cannot discriminate between individual candidate regions. Not used in science scoring or accessibility screening.
3091,0.1875,11795.416666666664,28423.666666666664,40.2924,84.9679,Regional geophysical context only. 73 unique values across entire study area. GRAIL (10km/px) cannot discriminate between individual candidate regions. Not used in science scoring or accessibility screening.
3107,0.09,16756.09722222222,28248.069444444445,-8.8513,82.0245,Regional geophysical context only. 73 unique values across entire study area. GRAIL (10km/px) cannot discriminate between individual candidate regions. Not used in science scoring or accessibility screening.
3116,0.254375,-12010.266584766585,28177.281326781325,-31.9971,79.6277,Regional geophysical context only. 73 unique values across entire study area. GRAIL (10km/px) cannot discriminate between individual candidate regions. Not used in science scoring or accessibility screening.
3120,0.10875,6482.9770114942585,28319.034482758623,40.2924,84.9679,Regional geophysical context only. 73 unique values across entire study area. GRAIL (10km/px) cannot discriminate between individual candidate regions. Not used in science scoring or accessibility screening.
3132,0.10125,-456.2098765432093,28298.802469135804,49.6089,82.7432,Regional geophysical context only. 73 unique values across entire study area. GRAIL (10km/px) cannot discriminate between individual candidate regions. Not used in science scoring or accessibility screening.
3137,0.094375,-10932.122516556294,28011.59271523179,-31.9971,79.6277,Regional geophysical context only. 73 unique values across entire study area. GRAIL (10km/px) cannot discriminate between individual candidate regions. Not used in science scoring or accessibility screening.
3151,0.238125,-24466.313648293963,28059.88320209974,35.9271,86.4979,Regional geophysical context only. 73 unique values across entire study area. GRAIL (10km/px) cannot discriminate between individual candidate regions. Not used in science scoring or accessibility screening.
3175,0.5,10495.65625,27905.125,40.2924,84.9679,Regional geophysical context only. 73 unique values across entire study area. GRAIL (10km/px) cannot discriminate between individual candidate regions. Not used in science scoring or accessibility screening.
3184,0.159375,13366.166666666664,27911.67647058824,40.2924,84.9679,Regional geophysical context only. 73 unique values across entire study area. GRAIL (10km/px) cannot discriminate between individual candidate regions. Not used in science scoring or accessibility screening.
3202,0.579375,8640.249730312833,27898.47734627832,40.2924,84.9679,Regional geophysical context only. 73 unique values across entire study area. GRAIL (10km/px) cannot discriminate between individual candidate regions. Not used in science scoring or accessibility screening.
3215,0.189375,-9963.123762376244,28070.219471947195,-31.9971,79.6277,Regional geophysical context only. 73 unique values across entire study area. GRAIL (10km/px) cannot discriminate between individual candidate regions. Not used in science scoring or accessibility screening.
3224,0.07875,11608.8253968254,27725.103174603173,40.2924,84.9679,Regional geophysical context only. 73 unique values across entire study area. GRAIL (10km/px) cannot discriminate between individual candidate regions. Not used in science scoring or accessibility screening.
3248,0.57,12002.597587719298,27611.190789473683,40.2924,84.9679,Regional geophysical context only. 73 unique values across entire study area. GRAIL (10km/px) cannot discriminate between individual candidate regions. Not used in science scoring or accessibility screening.
3249,0.4275,-28635.07602339181,28054.59356725146,80.591,99.4056,Regional geophysical context only. 73 unique values across entire study area. GRAIL (10km/px) cannot discriminate between individual candidate regions. Not used in science scoring or accessibility screening.
3253,0.23125,-9103.608108108108,27711.986486486487,-31.9971,79.6277,Regional geophysical context only. 73 unique values across entire study area. GRAIL (10km/px) cannot discriminate between individual candidate regions. Not used in science scoring or accessibility screening.
3273,0.65625,35018.45238095238,27630.38095238096,-241.7927,53.398,Regional geophysical context only. 73 unique values across entire study area. GRAIL (10km/px) cannot discriminate between individual candidate regions. Not used in science scoring or accessibility screening.
3276,0.09625,11337.0,27634.42857142857,40.2924,84.9679,Regional geophysical context only. 73 unique values across entire study area. GRAIL (10km/px) cannot discriminate between individual candidate regions. Not used in science scoring or accessibility screening.
3291,0.126875,9295.312807881768,27517.371921182264,40.2924,84.9679,Regional geophysical context only. 73 unique values across entire study area. GRAIL (10km/px) cannot discriminate between individual candidate regions. Not used in science scoring or accessibility screening.
3335,0.258125,-12884.277239709443,27515.754237288136,-31.9971,79.6277,Regional geophysical context only. 73 unique values across entire study area. GRAIL (10km/px) cannot discriminate between individual candidate regions. Not used in science scoring or accessibility screening.
3351,0.49125,-27895.1882951654,27534.692111959288,80.591,99.4056,Regional geophysical context only. 73 unique values across entire study area. GRAIL (10km/px) cannot discriminate between individual candidate regions. Not used in science scoring or accessibility screening.
3360,0.17,34500.87867647059,27332.02573529412,-172.3894,69.0553,Regional geophysical context only. 73 unique values across entire study area. GRAIL (10km/px) cannot discriminate between individual candidate regions. Not used in science scoring or accessibility screening.
3361,0.141875,-25954.02422907489,27304.79515418502,80.591,99.4056,Regional geophysical context only. 73 unique values across entire study area. GRAIL (10km/px) cannot discriminate between individual candidate regions. Not used in science scoring or accessibility screening.
3364,0.38625,-9349.852750809065,27280.23300970874,-31.9971,79.6277,Regional geophysical context only. 73 unique values across entire study area. GRAIL (10km/px) cannot discriminate between individual candidate regions. Not used in science scoring or accessibility screening.
3389,0.388125,10628.968599033818,27274.69484702093,40.2924,84.9679,Regional geophysical context only. 73 unique values across entire study area. GRAIL (10km/px) cannot discriminate between individual candidate regions. Not used in science scoring or accessibility screening.
3426,0.101875,-26777.6472392638,26861.54294478528,80.591,99.4056,Regional geophysical context only. 73 unique values across entire study area. GRAIL (10km/px) cannot discriminate between individual candidate regions. Not used in science scoring or accessibility screening.
3434,0.1475,16578.419491525427,27103.254237288136,-8.8513,82.0245,Regional geophysical context only. 73 unique values across entire study area. GRAIL (10km/px) cannot discriminate between individual candidate regions. Not used in science scoring or accessibility screening.
3456,0.10625,-10909.323529411762,26864.32352941176,-31.9971,79.6277,Regional geophysical context only. 73 unique values across entire study area. GRAIL (10km/px) cannot discriminate between individual candidate regions. Not used in science scoring or accessibility screening.
3474,0.1375,-12221.522727272728,26878.340909090908,-31.9971,79.6277,Regional geophysical context only. 73 unique values across entire study area. GRAIL (10km/px) cannot discriminate between individual candidate regions. Not used in science scoring or accessibility screening.
3500,1.78875,-13661.619846261356,26248.61320754717,-31.9971,79.6277,Regional geophysical context only. 73 unique values across entire study area. GRAIL (10km/px) cannot discriminate between individual candidate regions. Not used in science scoring or accessibility screening.
3509,0.38875,11874.982315112538,26930.805466237944,40.2924,84.9679,Regional geophysical context only. 73 unique values across entire study area. GRAIL (10km/px) cannot discriminate between individual candidate regions. Not used in science scoring or accessibility screening.
3519,0.1325,-28846.60849056604,26773.73113207547,80.591,99.4056,Regional geophysical context only. 73 unique values across entire study area. GRAIL (10km/px) cannot discriminate between individual candidate regions. Not used in science scoring or accessibility screening.
3520,0.42625,-9734.6642228739,26820.66129032258,-31.9971,79.6277,Regional geophysical context only. 73 unique values across entire study area. GRAIL (10km/px) cannot discriminate between individual candidate regions. Not used in science scoring or accessibility screening.
3546,0.175,9664.142857142862,26673.80357142857,40.2924,84.9679,Regional geophysical context only. 73 unique values across entire study area. GRAIL (10km/px) cannot discriminate between individual candidate regions. Not used in science scoring or accessibility screening.
3598,0.670625,10089.597856477165,26879.623951537746,40.2924,84.9679,Regional geophysical context only. 73 unique values across entire study area. GRAIL (10km/px) cannot discriminate between individual candidate regions. Not used in science scoring or accessibility screening.
3599,0.238125,10674.106299212595,26572.80971128609,40.2924,84.9679,Regional geophysical context only. 73 unique values across entire study area. GRAIL (10km/px) cannot discriminate between individual candidate regions. Not used in science scoring or accessibility screening.
3637,0.39,10314.32371794872,25992.08653846154,40.2924,84.9679,Regional geophysical context only. 73 unique values across entire study area. GRAIL (10km/px) cannot discriminate between individual candidate regions. Not used in science scoring or accessibility screening.
3655,0.275625,-11534.230158730155,26199.139455782315,-31.9971,79.6277,Regional geophysical context only. 73 unique values across entire study area. GRAIL (10km/px) cannot discriminate between individual candidate regions. Not used in science scoring or accessibility screening.
3674,0.089375,-27429.69580419581,26303.996503496503,80.591,99.4056,Regional geophysical context only. 73 unique values across entire study area. GRAIL (10km/px) cannot discriminate between individual candidate regions. Not used in science scoring or accessibility screening.
3715,0.10125,9943.17283950618,25957.5987654321,40.2924,84.9679,Regional geophysical context only. 73 unique values across entire study area. GRAIL (10km/px) cannot discriminate between individual candidate regions. Not used in science scoring or accessibility screening.
3721,0.19125,9649.90849673203,26118.22875816993,40.2924,84.9679,Regional geophysical context only. 73 unique values across entire study area. GRAIL (10km/px) cannot discriminate between individual candidate regions. Not used in science scoring or accessibility screening.
3733,0.285,-14417.111842105269,26044.08552631579,-31.9971,79.6277,Regional geophysical context only. 73 unique values across entire study area. GRAIL (10km/px) cannot discriminate between individual candidate regions. Not used in science scoring or accessibility screening.
3750,0.56625,11165.94591611479,26050.08609271523,40.2924,84.9679,Regional geophysical context only. 73 unique values across entire study area. GRAIL (10km/px) cannot discriminate between individual candidate regions. Not used in science scoring or accessibility screening.
3758,0.830625,5925.816779533488,26372.30210684725,40.2924,84.9679,Regional geophysical context only. 73 unique values across entire study area. GRAIL (10km/px) cannot discriminate between individual candidate regions. Not used in science scoring or accessibility screening.
3807,0.170625,-12811.580586080585,25693.54029304029,-31.9971,79.6277,Regional geophysical context only. 73 unique values across entire study area. GRAIL (10km/px) cannot discriminate between individual candidate regions. Not used in science scoring or accessibility screening.
3897,0.130625,2305.959330143545,25514.25598086125,49.6089,82.7432,Regional geophysical context only. 73 unique values across entire study area. GRAIL (10km/px) cannot discriminate between individual candidate regions. Not used in science scoring or accessibility screening.
3898,0.22375,3149.150837988825,25595.82122905028,49.6089,82.7432,Regional geophysical context only. 73 unique values across entire study area. GRAIL (10km/px) cannot discriminate between individual candidate regions. Not used in science scoring or accessibility screening.
3928,0.54875,-12644.947608200457,25076.78132118451,-19.4926,68.1002,Regional geophysical context only. 73 unique values across entire study area. GRAIL (10km/px) cannot discriminate between individual candidate regions. Not used in science scoring or accessibility screening.
3932,0.08125,2594.115384615383,25364.73076923077,33.7027,75.9158,Regional geophysical context only. 73 unique values across entire study area. GRAIL (10km/px) cannot discriminate between individual candidate regions. Not used in science scoring or accessibility screening.
3939,0.19625,7899.261146496814,25231.7898089172,53.7768,91.9349,Regional geophysical context only. 73 unique values across entire study area. GRAIL (10km/px) cannot discriminate between individual candidate regions. Not used in science scoring or accessibility screening.
3953,2.381875,-11211.678168459724,24998.92561007609,-19.4926,68.1002,Regional geophysical context only. 73 unique values across entire study area. GRAIL (10km/px) cannot discriminate between individual candidate regions. Not used in science scoring or accessibility screening.
3959,0.653125,-20136.791866028707,25384.47129186603,-14.3965,65.3367,Regional geophysical context only. 73 unique values across entire study area. GRAIL (10km/px) cannot discriminate between individual candidate regions. Not used in science scoring or accessibility screening.
3982,0.084375,-12966.240740740735,25367.35185185185,-19.4926,68.1002,Regional geophysical context only. 73 unique values across entire study area. GRAIL (10km/px) cannot discriminate between individual candidate regions. Not used in science scoring or accessibility screening.
4017,0.33875,-27960.27859778598,25286.33948339484,104.6201,87.4983,Regional geophysical context only. 73 unique values across entire study area. GRAIL (10km/px) cannot discriminate between individual candidate regions. Not used in science scoring or accessibility screening.
4056,0.378125,-11895.623966942148,24693.64049586777,-19.4926,68.1002,Regional geophysical context only. 73 unique values across entire study area. GRAIL (10km/px) cannot discriminate between individual candidate regions. Not used in science scoring or accessibility screening.
4071,0.353125,-12890.54424778761,24629.349557522124,-19.4926,68.1002,Regional geophysical context only. 73 unique values across entire study area. GRAIL (10km/px) cannot discriminate between individual candidate regions. Not used in science scoring or accessibility screening.
4072,0.286875,-1836.502178649236,24997.722222222223,33.7027,75.9158,Regional geophysical context only. 73 unique values across entire study area. GRAIL (10km/px) cannot discriminate between individual candidate regions. Not used in science scoring or accessibility screening.
4074,0.11625,2046.6774193548408,25141.89784946237,33.7027,75.9158,Regional geophysical context only. 73 unique values across entire study area. GRAIL (10km/px) cannot discriminate between individual candidate regions. Not used in science scoring or accessibility screening.
4092,0.0875,8211.107142857145,24821.92857142857,53.7768,91.9349,Regional geophysical context only. 73 unique values across entire study area. GRAIL (10km/px) cannot discriminate between individual candidate regions. Not used in science scoring or accessibility screening.
4134,0.304375,-9239.360369609858,24892.132443531827,-19.4926,68.1002,Regional geophysical context only. 73 unique values across entire study area. GRAIL (10km/px) cannot discriminate between individual candidate regions. Not used in science scoring or accessibility screening.
4164,0.0925,-12730.39864864865,24697.29054054054,-19.4926,68.1002,Regional geophysical context only. 73 unique values across entire study area. GRAIL (10km/px) cannot discriminate between individual candidate regions. Not used in science scoring or accessibility screening.
4174,1.085,-6571.971774193546,24725.09677419355,-19.4926,68.1002,Regional geophysical context only. 73 unique values across entire study area. GRAIL (10km/px) cannot discriminate between individual candidate regions. Not used in science scoring or accessibility screening.
4194,0.465625,-19394.6610738255,24661.40604026846,-14.3965,65.3367,Regional geophysical context only. 73 unique values across entire study area. GRAIL (10km/px) cannot discriminate between individual candidate regions. Not used in science scoring or accessibility screening.
4216,0.378125,-32573.43388429752,24293.35123966942,104.6201,87.4983,Regional geophysical context only. 73 unique values across entire study area. GRAIL (10km/px) cannot discriminate between individual candidate regions. Not used in science scoring or accessibility screening.
4227,0.12125,17869.60309278351,24326.917525773195,33.734,87.2227,Regional geophysical context only. 73 unique values across entire study area. GRAIL (10km/px) cannot discriminate between individual candidate regions. Not used in science scoring or accessibility screening.
4232,0.335,3306.542910447766,24689.212686567163,33.7027,75.9158,Regional geophysical context only. 73 unique values across entire study area. GRAIL (10km/px) cannot discriminate between individual candidate regions. Not used in science scoring or accessibility screening.
4300,0.289375,-12836.623110151188,24182.46544276458,-19.4926,68.1002,Regional geophysical context only. 73 unique values across entire study area. GRAIL (10km/px) cannot discriminate between individual candidate regions. Not used in science scoring or accessibility screening.
4315,0.103125,-19414.439393939392,24235.65151515152,-14.3965,65.3367,Regional geophysical context only. 73 unique values across entire study area. GRAIL (10km/px) cannot discriminate between individual candidate regions. Not used in science scoring or accessibility screening.
4359,0.103125,26302.378787878784,23945.80303030303,-50.1159,79.0402,Regional geophysical context only. 73 unique values across entire study area. GRAIL (10km/px) cannot discriminate between individual candidate regions. Not used in science scoring or accessibility screening.
4379,0.090625,-11396.189655172411,24068.603448275862,-19.4926,68.1002,Regional geophysical context only. 73 unique values across entire study area. GRAIL (10km/px) cannot discriminate between individual candidate regions. Not used in science scoring or accessibility screening.
4387,0.129375,-8168.253623188408,24150.13768115942,-19.4926,68.1002,Regional geophysical context only. 73 unique values across entire study area. GRAIL (10km/px) cannot discriminate between individual candidate regions. Not used in science scoring or accessibility screening.
4459,0.871875,-11856.682795698922,23527.47132616488,-19.4926,68.1002,Regional geophysical context only. 73 unique values across entire study area. GRAIL (10km/px) cannot discriminate between individual candidate regions. Not used in science scoring or accessibility screening.
4490,0.54125,-12208.294457274824,23932.45727482679,-19.4926,68.1002,Regional geophysical context only. 73 unique values across entire study area. GRAIL (10km/px) cannot discriminate between individual candidate regions. Not used in science scoring or accessibility screening.
4587,0.125625,-17593.6592039801,23424.50497512438,-14.3965,65.3367,Regional geophysical context only. 73 unique values across entire study area. GRAIL (10km/px) cannot discriminate between individual candidate regions. Not used in science scoring or accessibility screening.
4593,0.201875,-10392.52786377709,23517.760061919504,-19.4926,68.1002,Regional geophysical context only. 73 unique values across entire study area. GRAIL (10km/px) cannot discriminate between individual candidate regions. Not used in science scoring or accessibility screening.
4603,0.095,-10751.81578947368,23454.11842105264,-19.4926,68.1002,Regional geophysical context only. 73 unique values across entire study area. GRAIL (10km/px) cannot discriminate between individual candidate regions. Not used in science scoring or accessibility screening.
4657,0.733125,-22413.756606990624,22953.16410912191,-14.3965,65.3367,Regional geophysical context only. 73 unique values across entire study area. GRAIL (10km/px) cannot discriminate between individual candidate regions. Not used in science scoring or accessibility screening.
4681,0.11,-19759.30681818182,23178.767045454548,-14.3965,65.3367,Regional geophysical context only. 73 unique values across entire study area. GRAIL (10km/px) cannot discriminate between individual candidate regions. Not used in science scoring or accessibility screening.
4701,0.08625,-36593.97826086957,22982.565217391304,242.8669,107.6454,Regional geophysical context only. 73 unique values across entire study area. GRAIL (10km/px) cannot discriminate between individual candidate regions. Not used in science scoring or accessibility screening.
4730,0.095,-36974.01973684211,23077.638157894737,242.8669,107.6454,Regional geophysical context only. 73 unique values across entire study area. GRAIL (10km/px) cannot discriminate between individual candidate regions. Not used in science scoring or accessibility screening.
4751,0.57875,-18777.76781857452,22905.73758099352,-14.3965,65.3367,Regional geophysical context only. 73 unique values across entire study area. GRAIL (10km/px) cannot discriminate between individual candidate regions. Not used in science scoring or accessibility screening.
4798,1.073125,-20340.04571927781,22622.13657542225,-14.3965,65.3367,Regional geophysical context only. 73 unique values across entire study area. GRAIL (10km/px) cannot discriminate between individual candidate regions. Not used in science scoring or accessibility screening.
4807,0.156875,-18035.659362549803,22822.61155378486,-14.3965,65.3367,Regional geophysical context only. 73 unique values across entire study area. GRAIL (10km/px) cannot discriminate between individual candidate regions. Not used in science scoring or accessibility screening.
4821,1.06,-23876.07488207547,22956.853183962263,-14.3965,65.3367,Regional geophysical context only. 73 unique values across entire study area. GRAIL (10km/px) cannot discriminate between individual candidate regions. Not used in science scoring or accessibility screening.
4823,0.139375,-11115.18609865471,22752.293721973096,-19.4926,68.1002,Regional geophysical context only. 73 unique values across entire study area. GRAIL (10km/px) cannot discriminate between individual candidate regions. Not used in science scoring or accessibility screening.
4909,0.184375,18324.5,22468.21186440678,33.734,87.2227,Regional geophysical context only. 73 unique values across entire study area. GRAIL (10km/px) cannot discriminate between individual candidate regions. Not used in science scoring or accessibility screening.
4921,0.45625,-12300.08904109589,22725.70547945205,-19.4926,68.1002,Regional geophysical context only. 73 unique values across entire study area. GRAIL (10km/px) cannot discriminate between individual candidate regions. Not used in science scoring or accessibility screening.
4989,0.145625,-23554.255364806868,22015.09227467811,-14.3965,65.3367,Regional geophysical context only. 73 unique values across entire study area. GRAIL (10km/px) cannot discriminate between individual candidate regions. Not used in science scoring or accessibility screening.
5000,0.348125,2341.061938958708,21977.385098743267,33.7027,75.9158,Regional geophysical context only. 73 unique values across entire study area. GRAIL (10km/px) cannot discriminate between individual candidate regions. Not used in science scoring or accessibility screening.
5042,0.79,18434.468354430384,21836.101265822785,33.734,87.2227,Regional geophysical context only. 73 unique values across entire study area. GRAIL (10km/px) cannot discriminate between individual candidate regions. Not used in science scoring or accessibility screening.
5046,0.15625,-22957.8,22071.5,-14.3965,65.3367,Regional geophysical context only. 73 unique values across entire study area. GRAIL (10km/px) cannot discriminate between individual candidate regions. Not used in science scoring or accessibility screening.
5057,0.205,-21347.75609756097,21898.823170731703,-14.3965,65.3367,Regional geophysical context only. 73 unique values across entire study area. GRAIL (10km/px) cannot discriminate between individual candidate regions. Not used in science scoring or accessibility screening.
5066,0.435,-3201.5775862068986,21721.54885057472,33.7027,75.9158,Regional geophysical context only. 73 unique values across entire study area. GRAIL (10km/px) cannot discriminate between individual candidate regions. Not used in science scoring or accessibility screening.
5077,0.446875,-21962.84265734266,22040.045454545456,-14.3965,65.3367,Regional geophysical context only. 73 unique values across entire study area. GRAIL (10km/px) cannot discriminate between individual candidate regions. Not used in science scoring or accessibility screening.
5082,0.21375,17310.757309941517,21637.122807017546,33.734,87.2227,Regional geophysical context only. 73 unique values across entire study area. GRAIL (10km/px) cannot discriminate between individual candidate regions. Not used in science scoring or accessibility screening.
5099,0.72125,21103.811091854423,21769.217504332755,33.734,87.2227,Regional geophysical context only. 73 unique values across entire study area. GRAIL (10km/px) cannot discriminate between individual candidate regions. Not used in science scoring or accessibility screening.
5103,1.12625,-25589.62319644839,21803.7602663707,104.6201,87.4983,Regional geophysical context only. 73 unique values across entire study area. GRAIL (10km/px) cannot discriminate between individual candidate regions. Not used in science scoring or accessibility screening.
5118,0.3475,17799.724820143885,21605.22122302158,33.734,87.2227,Regional geophysical context only. 73 unique values across entire study area. GRAIL (10km/px) cannot discriminate between individual candidate regions. Not used in science scoring or accessibility screening.
5142,0.573125,-22528.74427480916,21603.49890948745,-14.3965,65.3367,Regional geophysical context only. 73 unique values across entire study area. GRAIL (10km/px) cannot discriminate between individual candidate regions. Not used in science scoring or accessibility screening.
5146,0.363125,18922.86488812392,21461.730636833046,33.734,87.2227,Regional geophysical context only. 73 unique values across entire study area. GRAIL (10km/px) cannot discriminate between individual candidate regions. Not used in science scoring or accessibility screening.
5147,0.28375,21772.958149779734,21757.603524229075,33.734,87.2227,Regional geophysical context only. 73 unique values across entire study area. GRAIL (10km/px) cannot discriminate between individual candidate regions. Not used in science scoring or accessibility screening.
5157,1.1125,15188.306179775282,21356.03370786517,33.734,87.2227,Regional geophysical context only. 73 unique values across entire study area. GRAIL (10km/px) cannot discriminate between individual candidate regions. Not used in science scoring or accessibility screening.
5167,0.11875,19216.73684210526,21521.157894736843,33.734,87.2227,Regional geophysical context only. 73 unique values across entire study area. GRAIL (10km/px) cannot discriminate between individual candidate regions. Not used in science scoring or accessibility screening.
5184,0.128125,-19993.914634146346,21410.378048780487,-14.3965,65.3367,Regional geophysical context only. 73 unique values across entire study area. GRAIL (10km/px) cannot discriminate between individual candidate regions. Not used in science scoring or accessibility screening.
5189,1.02375,16867.44871794872,21092.05982905983,33.734,87.2227,Regional geophysical context only. 73 unique values across entire study area. GRAIL (10km/px) cannot discriminate between individual candidate regions. Not used in science scoring or accessibility screening.
5205,0.790625,-23391.27075098814,21628.583003952568,-14.3965,65.3367,Regional geophysical context only. 73 unique values across entire study area. GRAIL (10km/px) cannot discriminate between individual candidate regions. Not used in science scoring or accessibility screening.
5217,0.445,-3296.6376404494367,21197.2345505618,33.7027,75.9158,Regional geophysical context only. 73 unique values across entire study area. GRAIL (10km/px) cannot discriminate between individual candidate regions. Not used in science scoring or accessibility screening.
5246,0.474375,17733.755599472985,20897.502635046112,33.734,87.2227,Regional geophysical context only. 73 unique values across entire study area. GRAIL (10km/px) cannot discriminate between individual candidate regions. Not used in science scoring or accessibility screening.
5271,0.419375,22106.16915052161,21343.756333830104,33.734,87.2227,Regional geophysical context only. 73 unique values across entire study area. GRAIL (10km/px) cannot discriminate between individual candidate regions. Not used in science scoring or accessibility screening.
5277,0.119375,13362.981675392664,21159.924083769634,53.7768,91.9349,Regional geophysical context only. 73 unique values across entire study area. GRAIL (10km/px) cannot discriminate between individual candidate regions. Not used in science scoring or accessibility screening.
5280,0.104375,22623.90119760479,21272.80538922156,33.734,87.2227,Regional geophysical context only. 73 unique values across entire study area. GRAIL (10km/px) cannot discriminate between individual candidate regions. Not used in science scoring or accessibility screening.
5286,0.1925,-21190.272727272728,21049.93181818182,-14.3965,65.3367,Regional geophysical context only. 73 unique values across entire study area. GRAIL (10km/px) cannot discriminate between individual candidate regions. Not used in science scoring or accessibility screening.
5290,0.124375,18193.21859296482,21088.94221105528,33.734,87.2227,Regional geophysical context only. 73 unique values across entire study area. GRAIL (10km/px) cannot discriminate between individual candidate regions. Not used in science scoring or accessibility screening.
5320,2.4175,19289.13934850052,20504.26163391934,33.734,87.2227,Regional geophysical context only. 73 unique values across entire study area. GRAIL (10km/px) cannot discriminate between individual candidate regions. Not used in science scoring or accessibility screening.
5349,0.360625,19439.577989601392,20866.09792027729,33.734,87.2227,Regional geophysical context only. 73 unique values across entire study area. GRAIL (10km/px) cannot discriminate between individual candidate regions. Not used in science scoring or accessibility screening.
5354,0.17,-20297.74264705882,20870.26102941177,-14.3965,65.3367,Regional geophysical context only. 73 unique values across entire study area. GRAIL (10km/px) cannot discriminate between individual candidate regions. Not used in science scoring or accessibility screening.
5360,0.693125,-20696.41974752029,21485.39630297565,-14.3965,65.3367,Regional geophysical context only. 73 unique values across entire study area. GRAIL (10km/px) cannot discriminate between individual candidate regions. Not used in science scoring or accessibility screening.
5385,0.835,-14080.234281437122,20799.601796407187,-19.4926,68.1002,Regional geophysical context only. 73 unique values across entire study area. GRAIL (10km/px) cannot discriminate between individual candidate regions. Not used in science scoring or accessibility screening.
5396,0.194375,-2174.4549839228275,20500.5,33.7027,75.9158,Regional geophysical context only. 73 unique values across entire study area. GRAIL (10km/px) cannot discriminate between individual candidate regions. Not used in science scoring or accessibility screening.
5401,0.38,-19208.394736842103,20968.30427631579,-14.3965,65.3367,Regional geophysical context only. 73 unique values across entire study area. GRAIL (10km/px) cannot discriminate between individual candidate regions. Not used in science scoring or accessibility screening.
5404,0.0925,19872.979729729726,21017.72972972973,33.734,87.2227,Regional geophysical context only. 73 unique values across entire study area. GRAIL (10km/px) cannot discriminate between individual candidate regions. Not used in science scoring or accessibility screening.
5431,0.34875,-1576.4408602150506,20617.525089605737,33.7027,75.9158,Regional geophysical context only. 73 unique values across entire study area. GRAIL (10km/px) cannot discriminate between individual candidate regions. Not used in science scoring or accessibility screening.
5509,0.17875,15085.95104895105,20561.776223776225,33.734,87.2227,Regional geophysical context only. 73 unique values across entire study area. GRAIL (10km/px) cannot discriminate between individual candidate regions. Not used in science scoring or accessibility screening.
5519,1.5425,-19669.15883306321,20137.75688816856,-14.3965,65.3367,Regional geophysical context only. 73 unique values across entire study area. GRAIL (10km/px) cannot discriminate between individual candidate regions. Not used in science scoring or accessibility screening.
5550,1.4925,-22206.959380234504,20591.276800670017,-14.3965,65.3367,Regional geophysical context only. 73 unique values across entire study area. GRAIL (10km/px) cannot discriminate between individual candidate regions. Not used in science scoring or accessibility screening.
5555,0.104375,-5058.434131736525,20173.70359281437,33.7027,75.9158,Regional geophysical context only. 73 unique values across entire study area. GRAIL (10km/px) cannot discriminate between individual candidate regions. Not used in science scoring or accessibility screening.
5556,1.018125,-2617.458256599137,20810.091774094537,33.7027,75.9158,Regional geophysical context only. 73 unique values across entire study area. GRAIL (10km/px) cannot discriminate between individual candidate regions. Not used in science scoring or accessibility screening.
5580,0.231875,-1741.537735849059,20252.85849056604,33.7027,75.9158,Regional geophysical context only. 73 unique values across entire study area. GRAIL (10km/px) cannot discriminate between individual candidate regions. Not used in science scoring or accessibility screening.
5594,0.230625,-2142.6409214092128,19974.82249322493,33.7027,75.9158,Regional geophysical context only. 73 unique values across entire study area. GRAIL (10km/px) cannot discriminate between individual candidate regions. Not used in science scoring or accessibility screening.
5605,0.49625,-523.4534005037785,20012.370277078087,33.7027,75.9158,Regional geophysical context only. 73 unique values across entire study area. GRAIL (10km/px) cannot discriminate between individual candidate regions. Not used in science scoring or accessibility screening.
5637,0.169375,12349.5,20110.83210332104,53.7768,91.9349,Regional geophysical context only. 73 unique values across entire study area. GRAIL (10km/px) cannot discriminate between individual candidate regions. Not used in science scoring or accessibility screening.
5640,1.365625,-18508.46338672769,20414.82494279176,-14.3965,65.3367,Regional geophysical context only. 73 unique values across entire study area. GRAIL (10km/px) cannot discriminate between individual candidate regions. Not used in science scoring or accessibility screening.
5677,0.251875,-1514.457816377173,19794.2965260546,33.7027,75.9158,Regional geophysical context only. 73 unique values across entire study area. GRAIL (10km/px) cannot discriminate between individual candidate regions. Not used in science scoring or accessibility screening.
5718,1.0325,-6391.072033898301,19407.77905569008,-19.4926,68.1002,Regional geophysical context only. 73 unique values across entire study area. GRAIL (10km/px) cannot discriminate between individual candidate regions. Not used in science scoring or accessibility screening.
5728,0.773125,-16778.491107518188,19559.857316087306,-14.3965,65.3367,Regional geophysical context only. 73 unique values across entire study area. GRAIL (10km/px) cannot discriminate between individual candidate regions. Not used in science scoring or accessibility screening.
5748,0.118125,-1766.505291005291,19540.447089947087,33.7027,75.9158,Regional geophysical context only. 73 unique values across entire study area. GRAIL (10km/px) cannot discriminate between individual candidate regions. Not used in science scoring or accessibility screening.
5751,0.5,16467.125,19577.78125,33.734,87.2227,Regional geophysical context only. 73 unique values across entire study area. GRAIL (10km/px) cannot discriminate between individual candidate regions. Not used in science scoring or accessibility screening.
5779,0.209375,-18782.589552238805,19773.11194029851,-14.3965,65.3367,Regional geophysical context only. 73 unique values across entire study area. GRAIL (10km/px) cannot discriminate between individual candidate regions. Not used in science scoring or accessibility screening.
5792,0.755625,-15354.53225806452,19819.13110008271,-19.4926,68.1002,Regional geophysical context only. 73 unique values across entire study area. GRAIL (10km/px) cannot discriminate between individual candidate regions. Not used in science scoring or accessibility screening.
5793,0.21875,-5046.785714285717,19766.0,33.7027,75.9158,Regional geophysical context only. 73 unique values across entire study area. GRAIL (10km/px) cannot discriminate between individual candidate regions. Not used in science scoring or accessibility screening.
5803,0.333125,14811.9765478424,19253.267354596625,33.734,87.2227,Regional geophysical context only. 73 unique values across entire study area. GRAIL (10km/px) cannot discriminate between individual candidate regions. Not used in science scoring or accessibility screening.
5816,0.274375,19772.791571753987,19503.689066059225,33.734,87.2227,Regional geophysical context only. 73 unique values across entire study area. GRAIL (10km/px) cannot discriminate between individual candidate regions. Not used in science scoring or accessibility screening.
5817,0.0875,23713.607142857145,19540.85714285714,33.734,87.2227,Regional geophysical context only. 73 unique values across entire study area. GRAIL (10km/px) cannot discriminate between individual candidate regions. Not used in science scoring or accessibility screening.
5821,0.166875,-14305.837078651684,19512.9531835206,-19.4926,68.1002,Regional geophysical context only. 73 unique values across entire study area. GRAIL (10km/px) cannot discriminate between individual candidate regions. Not used in science scoring or accessibility screening.
5841,0.0925,-2685.4662162162203,19231.581081081084,33.7027,75.9158,Regional geophysical context only. 73 unique values across entire study area. GRAIL (10km/px) cannot discriminate between individual candidate regions. Not used in science scoring or accessibility screening.
5853,0.3325,23284.321428571435,18962.295112781954,33.734,87.2227,Regional geophysical context only. 73 unique values across entire study area. GRAIL (10km/px) cannot discriminate between individual candidate regions. Not used in science scoring or accessibility screening.
5859,0.093125,-18714.42617449665,19401.674496644297,-14.3965,65.3367,Regional geophysical context only. 73 unique values across entire study area. GRAIL (10km/px) cannot discriminate between individual candidate regions. Not used in science scoring or accessibility screening.
5882,0.303125,-15214.10824742268,19371.37628865979,-19.4926,68.1002,Regional geophysical context only. 73 unique values across entire study area. GRAIL (10km/px) cannot discriminate between individual candidate regions. Not used in science scoring or accessibility screening.
5897,0.789375,20075.093824228024,19040.860253365005,33.734,87.2227,Regional geophysical context only. 73 unique values across entire study area. GRAIL (10km/px) cannot discriminate between individual candidate regions. Not used in science scoring or accessibility screening.
5911,0.230625,-14720.41869918699,19214.863143631435,-19.4926,68.1002,Regional geophysical context only. 73 unique values across entire study area. GRAIL (10km/px) cannot discriminate between individual candidate regions. Not used in science scoring or accessibility screening.
5936,0.238125,19098.7125984252,19361.32677165354,33.734,87.2227,Regional geophysical context only. 73 unique values across entire study area. GRAIL (10km/px) cannot discriminate between individual candidate regions. Not used in science scoring or accessibility screening.
5941,0.265,17425.44339622641,18985.22877358491,33.734,87.2227,Regional geophysical context only. 73 unique values across entire study area. GRAIL (10km/px) cannot discriminate between individual candidate regions. Not used in science scoring or accessibility screening.
5944,0.296875,-17480.973684210527,18908.605263157893,-14.3965,65.3367,Regional geophysical context only. 73 unique values across entire study area. GRAIL (10km/px) cannot discriminate between individual candidate regions. Not used in science scoring or accessibility screening.
5946,0.61125,10731.401840490798,18944.64621676892,53.7768,91.9349,Regional geophysical context only. 73 unique values across entire study area. GRAIL (10km/px) cannot discriminate between individual candidate regions. Not used in science scoring or accessibility screening.
5948,0.188125,16016.85880398671,19075.250830564783,33.734,87.2227,Regional geophysical context only. 73 unique values across entire study area. GRAIL (10km/px) cannot discriminate between individual candidate regions. Not used in science scoring or accessibility screening.
5949,0.1925,18144.14285714285,19083.29220779221,33.734,87.2227,Regional geophysical context only. 73 unique values across entire study area. GRAIL (10km/px) cannot discriminate between individual candidate regions. Not used in science scoring or accessibility screening.
5954,0.540625,17116.69653179191,19251.56936416185,33.734,87.2227,Regional geophysical context only. 73 unique values across entire study area. GRAIL (10km/px) cannot discriminate between individual candidate regions. Not used in science scoring or accessibility screening.
5979,0.1575,13913.091269841265,19083.93253968254,53.7768,91.9349,Regional geophysical context only. 73 unique values across entire study area. GRAIL (10km/px) cannot discriminate between individual candidate regions. Not used in science scoring or accessibility screening.
5999,0.523125,-14078.307646356036,19092.58482676225,-19.4926,68.1002,Regional geophysical context only. 73 unique values across entire study area. GRAIL (10km/px) cannot discriminate between individual candidate regions. Not used in science scoring or accessibility screening.
6009,0.15875,22844.086614173222,18948.82677165354,33.734,87.2227,Regional geophysical context only. 73 unique values across entire study area. GRAIL (10km/px) cannot discriminate between individual candidate regions. Not used in science scoring or accessibility screening.
6013,0.626875,-5974.378364905286,18691.45214356929,-19.4926,68.1002,Regional geophysical context only. 73 unique values across entire study area. GRAIL (10km/px) cannot discriminate between individual candidate regions. Not used in science scoring or accessibility screening.
6019,0.376875,17667.120232172478,18571.768656716416,33.734,87.2227,Regional geophysical context only. 73 unique values across entire study area. GRAIL (10km/px) cannot discriminate between individual candidate regions. Not used in science scoring or accessibility screening.
6032,0.085625,17171.94525547445,18677.14233576642,33.734,87.2227,Regional geophysical context only. 73 unique values across entire study area. GRAIL (10km/px) cannot discriminate between individual candidate regions. Not used in science scoring or accessibility screening.
6037,0.58125,-15716.225806451615,18838.0,-14.3965,65.3367,Regional geophysical context only. 73 unique values across entire study area. GRAIL (10km/px) cannot discriminate between individual candidate regions. Not used in science scoring or accessibility screening.
6038,0.091875,15814.636054421768,18844.88775510204,33.734,87.2227,Regional geophysical context only. 73 unique values across entire study area. GRAIL (10km/px) cannot discriminate between individual candidate regions. Not used in science scoring or accessibility screening.
6039,0.69125,19531.05515370705,18663.587703435805,33.734,87.2227,Regional geophysical context only. 73 unique values across entire study area. GRAIL (10km/px) cannot discriminate between individual candidate regions. Not used in science scoring or accessibility screening.
6060,0.55625,14376.269662921346,18808.252808988767,53.7768,91.9349,Regional geophysical context only. 73 unique values across entire study area. GRAIL (10km/px) cannot discriminate between individual candidate regions. Not used in science scoring or accessibility screening.
6061,0.621875,15504.097989949754,18756.304020100502,33.734,87.2227,Regional geophysical context only. 73 unique values across entire study area. GRAIL (10km/px) cannot discriminate between individual candidate regions. Not used in science scoring or accessibility screening.
6083,0.1,11264.1875,18731.28125,53.7768,91.9349,Regional geophysical context only. 73 unique values across entire study area. GRAIL (10km/px) cannot discriminate between individual candidate regions. Not used in science scoring or accessibility screening.
6088,0.414375,-16737.377828054297,18439.527149321264,-14.3965,65.3367,Regional geophysical context only. 73 unique values across entire study area. GRAIL (10km/px) cannot discriminate between individual candidate regions. Not used in science scoring or accessibility screening.
6120,1.123125,22874.360879243177,18634.75153032833,33.734,87.2227,Regional geophysical context only. 73 unique values across entire study area. GRAIL (10km/px) cannot discriminate between individual candidate regions. Not used in science scoring or accessibility screening.
6128,0.505625,18536.39740420272,18611.00679851669,33.734,87.2227,Regional geophysical context only. 73 unique values across entire study area. GRAIL (10km/px) cannot discriminate between individual candidate regions. Not used in science scoring or accessibility screening.
6147,0.26125,16929.703349282296,18513.5980861244,33.734,87.2227,Regional geophysical context only. 73 unique values across entire study area. GRAIL (10km/px) cannot discriminate between individual candidate regions. Not used in science scoring or accessibility screening.
6172,0.11,4697.795454545456,18532.460227272724,53.7768,91.9349,Regional geophysical context only. 73 unique values across entire study area. GRAIL (10km/px) cannot discriminate between individual candidate regions. Not used in science scoring or accessibility screening.
6194,0.14125,14925.163716814151,18422.513274336285,33.734,87.2227,Regional geophysical context only. 73 unique values across entire study area. GRAIL (10km/px) cannot discriminate between individual candidate regions. Not used in science scoring or accessibility screening.
6202,0.27125,18051.63133640553,18291.168202764977,33.734,87.2227,Regional geophysical context only. 73 unique values across entire study area. GRAIL (10km/px) cannot discriminate between individual candidate regions. Not used in science scoring or accessibility screening.
6206,0.270625,-5527.347575057735,18321.86258660508,-19.4926,68.1002,Regional geophysical context only. 73 unique values across entire study area. GRAIL (10km/px) cannot discriminate between individual candidate regions. Not used in science scoring or accessibility screening.
6209,0.1,22371.53125,18265.8125,33.734,87.2227,Regional geophysical context only. 73 unique values across entire study area. GRAIL (10km/px) cannot discriminate between individual candidate regions. Not used in science scoring or accessibility screening.
6216,0.578125,-4884.770270270266,18652.14864864865,33.7027,75.9158,Regional geophysical context only. 73 unique values across entire study area. GRAIL (10km/px) cannot discriminate between individual candidate regions. Not used in science scoring or accessibility screening.
6227,0.3375,-7412.444444444445,18375.5,-19.4926,68.1002,Regional geophysical context only. 73 unique values across entire study area. GRAIL (10km/px) cannot discriminate between individual candidate regions. Not used in science scoring or accessibility screening.
6239,0.21125,24271.763313609463,18344.878698224853,33.734,87.2227,Regional geophysical context only. 73 unique values across entire study area. GRAIL (10km/px) cannot discriminate between individual candidate regions. Not used in science scoring or accessibility screening.
6243,1.351875,-23757.527276930192,18350.96232085067,-14.3965,65.3367,Regional geophysical context only. 73 unique values across entire study area. GRAIL (10km/px) cannot discriminate between individual candidate regions. Not used in science scoring or accessibility screening.
6246,0.26875,10939.267441860466,18409.8023255814,53.7768,91.9349,Regional geophysical context only. 73 unique values across entire study area. GRAIL (10km/px) cannot discriminate between individual candidate regions. Not used in science scoring or accessibility screening.
6277,0.615625,-5080.753807106601,17713.164974619285,33.7027,75.9158,Regional geophysical context only. 73 unique values across entire study area. GRAIL (10km/px) cannot discriminate between individual candidate regions. Not used in science scoring or accessibility screening.
6291,0.313125,-19167.91516966068,18225.000998004,-14.3965,65.3367,Regional geophysical context only. 73 unique values across entire study area. GRAIL (10km/px) cannot discriminate between individual candidate regions. Not used in science scoring or accessibility screening.
6292,0.235625,-11815.685676392568,18261.640583554377,-19.4926,68.1002,Regional geophysical context only. 73 unique values across entire study area. GRAIL (10km/px) cannot discriminate between individual candidate regions. Not used in science scoring or accessibility screening.
6294,0.110625,-6966.601694915255,18109.25706214689,-19.4926,68.1002,Regional geophysical context only. 73 unique values across entire study area. GRAIL (10km/px) cannot discriminate between individual candidate regions. Not used in science scoring or accessibility screening.
6308,0.183125,14900.523890784983,18147.172354948805,33.734,87.2227,Regional geophysical context only. 73 unique values across entire study area. GRAIL (10km/px) cannot discriminate between individual candidate regions. Not used in science scoring or accessibility screening.
6314,1.05,-6499.294642857145,17578.714285714283,-19.4926,68.1002,Regional geophysical context only. 73 unique values across entire study area. GRAIL (10km/px) cannot discriminate between individual candidate regions. Not used in science scoring or accessibility screening.
6318,0.10125,10392.555555555557,18060.222222222223,53.7768,91.9349,Regional geophysical context only. 73 unique values across entire study area. GRAIL (10km/px) cannot discriminate between individual candidate regions. Not used in science scoring or accessibility screening.
6329,1.053125,-10268.244807121664,18372.280415430265,-19.4926,68.1002,Regional geophysical context only. 73 unique values across entire study area. GRAIL (10km/px) cannot discriminate between individual candidate regions. Not used in science scoring or accessibility screening.
6355,0.38875,-5676.504823151125,17793.10450160772,-19.4926,68.1002,Regional geophysical context only. 73 unique values across entire study area. GRAIL (10km/px) cannot discriminate between individual candidate regions. Not used in science scoring or accessibility screening.
6360,0.120625,-17414.360103626947,17541.821243523314,-14.3965,65.3367,Regional geophysical context only. 73 unique values across entire study area. GRAIL (10km/px) cannot discriminate between individual candidate regions. Not used in science scoring or accessibility screening.
6363,0.233125,12595.679624664874,17935.218498659517,53.7768,91.9349,Regional geophysical context only. 73 unique values across entire study area. GRAIL (10km/px) cannot discriminate between individual candidate regions. Not used in science scoring or accessibility screening.
6365,0.150625,13057.591286307055,17710.354771784234,53.7768,91.9349,Regional geophysical context only. 73 unique values across entire study area. GRAIL (10km/px) cannot discriminate between individual candidate regions. Not used in science scoring or accessibility screening.
6381,0.76375,14284.381342062195,18026.66612111293,53.7768,91.9349,Regional geophysical context only. 73 unique values across entire study area. GRAIL (10km/px) cannot discriminate between individual candidate regions. Not used in science scoring or accessibility screening.
6393,0.085,20773.02941176472,17690.02205882353,33.734,87.2227,Regional geophysical context only. 73 unique values across entire study area. GRAIL (10km/px) cannot discriminate between individual candidate regions. Not used in science scoring or accessibility screening.
6397,1.721875,-11330.917422867518,17986.5889292196,-19.4926,68.1002,Regional geophysical context only. 73 unique values across entire study area. GRAIL (10km/px) cannot discriminate between individual candidate regions. Not used in science scoring or accessibility screening.
6402,0.41,9914.09603658536,18343.29725609756,53.7768,91.9349,Regional geophysical context only. 73 unique values across entire study area. GRAIL (10km/px) cannot discriminate between individual candidate regions. Not used in science scoring or accessibility screening.
6413,0.4,16953.953125,17942.9609375,33.734,87.2227,Regional geophysical context only. 73 unique values across entire study area. GRAIL (10km/px) cannot discriminate between individual candidate regions. Not used in science scoring or accessibility screening.
6425,0.286875,15134.140522875816,17860.95751633987,33.734,87.2227,Regional geophysical context only. 73 unique values across entire study area. GRAIL (10km/px) cannot discriminate between individual candidate regions. Not used in science scoring or accessibility screening.
6437,2.55625,-8337.847188264059,17705.695599022005,-19.4926,68.1002,Regional geophysical context only. 73 unique values across entire study area. GRAIL (10km/px) cannot discriminate between individual candidate regions. Not used in science scoring or accessibility screening.
6438,0.09875,-6739.424050632908,17791.79746835443,-19.4926,68.1002,Regional geophysical context only. 73 unique values across entire study area. GRAIL (10km/px) cannot discriminate between individual candidate regions. Not used in science scoring or accessibility screening.
6442,0.589375,22727.65482502652,17920.648462354187,33.734,87.2227,Regional geophysical context only. 73 unique values across entire study area. GRAIL (10km/px) cannot discriminate between individual candidate regions. Not used in science scoring or accessibility screening.
6461,0.07875,16539.579365079364,17733.634920634922,33.734,87.2227,Regional geophysical context only. 73 unique values across entire study area. GRAIL (10km/px) cannot discriminate between individual candidate regions. Not used in science scoring or accessibility screening.
6474,0.229375,-19136.73978201635,17653.0204359673,-14.3965,65.3367,Regional geophysical context only. 73 unique values across entire study area. GRAIL (10km/px) cannot discriminate between individual candidate regions. Not used in science scoring or accessibility screening.
6481,0.255625,15719.48777506112,17633.568459657705,33.734,87.2227,Regional geophysical context only. 73 unique values across entire study area. GRAIL (10km/px) cannot discriminate between individual candidate regions. Not used in science scoring or accessibility screening.
6499,0.54375,-10401.074712643684,17451.10344827586,-19.4926,68.1002,Regional geophysical context only. 73 unique values across entire study area. GRAIL (10km/px) cannot discriminate between individual candidate regions. Not used in science scoring or accessibility screening.
6505,0.16125,15348.337209302328,17552.825581395347,33.734,87.2227,Regional geophysical context only. 73 unique values across entire study area. GRAIL (10km/px) cannot discriminate between individual candidate regions. Not used in science scoring or accessibility screening.
6541,0.286875,26895.63289760349,17495.053376906315,-50.1159,79.0402,Regional geophysical context only. 73 unique values across entire study area. GRAIL (10km/px) cannot discriminate between individual candidate regions. Not used in science scoring or accessibility screening.
6551,0.105625,-19112.778106508875,17257.156804733728,-14.3965,65.3367,Regional geophysical context only. 73 unique values across entire study area. GRAIL (10km/px) cannot discriminate between individual candidate regions. Not used in science scoring or accessibility screening.
6555,0.845625,19056.318181818184,17149.834811529934,33.734,87.2227,Regional geophysical context only. 73 unique values across entire study area. GRAIL (10km/px) cannot discriminate between individual candidate regions. Not used in science scoring or accessibility screening.
6566,0.20375,-5857.095092024538,17322.815950920245,-19.4926,68.1002,Regional geophysical context only. 73 unique values across entire study area. GRAIL (10km/px) cannot discriminate between individual candidate regions. Not used in science scoring or accessibility screening.
6576,0.12375,14326.141414141406,17285.474747474746,53.7768,91.9349,Regional geophysical context only. 73 unique values across entire study area. GRAIL (10km/px) cannot discriminate between individual candidate regions. Not used in science scoring or accessibility screening.
6577,0.54125,17269.015011547344,17627.69399538106,33.734,87.2227,Regional geophysical context only. 73 unique values across entire study area. GRAIL (10km/px) cannot discriminate between individual candidate regions. Not used in science scoring or accessibility screening.
6592,0.428125,15223.040145985397,17090.13503649635,33.734,87.2227,Regional geophysical context only. 73 unique values across entire study area. GRAIL (10km/px) cannot discriminate between individual candidate regions. Not used in science scoring or accessibility screening.
6595,0.5375,22055.02325581396,17464.162790697676,33.734,87.2227,Regional geophysical context only. 73 unique values across entire study area. GRAIL (10km/px) cannot discriminate between individual candidate regions. Not used in science scoring or accessibility screening.
6615,0.421875,20859.53703703704,17205.01851851852,33.734,87.2227,Regional geophysical context only. 73 unique values across entire study area. GRAIL (10km/px) cannot discriminate between individual candidate regions. Not used in science scoring or accessibility screening.
6629,0.08,15709.0703125,17141.90625,33.734,87.2227,Regional geophysical context only. 73 unique values across entire study area. GRAIL (10km/px) cannot discriminate between individual candidate regions. Not used in science scoring or accessibility screening.
6630,0.183125,22942.50341296928,17193.418088737202,33.734,87.2227,Regional geophysical context only. 73 unique values across entire study area. GRAIL (10km/px) cannot discriminate between individual candidate regions. Not used in science scoring or accessibility screening.
6631,0.104375,23382.13473053892,17073.70359281437,33.734,87.2227,Regional geophysical context only. 73 unique values across entire study area. GRAIL (10km/px) cannot discriminate between individual candidate regions. Not used in science scoring or accessibility screening.
6644,0.15,19066.791666666664,16848.104166666668,33.734,87.2227,Regional geophysical context only. 73 unique values across entire study area. GRAIL (10km/px) cannot discriminate between individual candidate regions. Not used in science scoring or accessibility screening.
6659,0.32125,25028.73151750973,16956.96887159533,-50.1159,79.0402,Regional geophysical context only. 73 unique values across entire study area. GRAIL (10km/px) cannot discriminate between individual candidate regions. Not used in science scoring or accessibility screening.
6668,2.244375,13939.461013645225,17299.817738791422,53.7768,91.9349,Regional geophysical context only. 73 unique values across entire study area. GRAIL (10km/px) cannot discriminate between individual candidate regions. Not used in science scoring or accessibility screening.
6670,0.096875,18712.56451612903,17259.532258064515,33.734,87.2227,Regional geophysical context only. 73 unique values across entire study area. GRAIL (10km/px) cannot discriminate between individual candidate regions. Not used in science scoring or accessibility screening.
6675,1.394375,-18968.74294038548,17070.603092783505,-14.3965,65.3367,Regional geophysical context only. 73 unique values across entire study area. GRAIL (10km/px) cannot discriminate between individual candidate regions. Not used in science scoring or accessibility screening.
6676,0.13125,-7920.619047619053,16908.11904761905,-19.4926,68.1002,Regional geophysical context only. 73 unique values across entire study area. GRAIL (10km/px) cannot discriminate between individual candidate regions. Not used in science scoring or accessibility screening.
6688,0.49625,-10573.768261964731,16878.018891687658,-19.4926,68.1002,Regional geophysical context only. 73 unique values across entire study area. GRAIL (10km/px) cannot discriminate between individual candidate regions. Not used in science scoring or accessibility screening.
6709,0.0925,-6928.54054054054,16849.317567567567,-19.4926,68.1002,Regional geophysical context only. 73 unique values across entire study area. GRAIL (10km/px) cannot discriminate between individual candidate regions. Not used in science scoring or accessibility screening.
6728,0.118125,24243.679894179902,17039.12433862434,33.734,87.2227,Regional geophysical context only. 73 unique values across entire study area. GRAIL (10km/px) cannot discriminate between individual candidate regions. Not used in science scoring or accessibility screening.
6736,0.106875,15019.675438596496,16735.441520467833,33.734,87.2227,Regional geophysical context only. 73 unique values across entire study area. GRAIL (10km/px) cannot discriminate between individual candidate regions. Not used in science scoring or accessibility screening.
6746,0.22375,19482.530726256984,16789.256983240222,33.734,87.2227,Regional geophysical context only. 73 unique values across entire study area. GRAIL (10km/px) cannot discriminate between individual candidate regions. Not used in science scoring or accessibility screening.
6752,0.253125,24772.030864197528,16692.413580246917,-50.1159,79.0402,Regional geophysical context only. 73 unique values across entire study area. GRAIL (10km/px) cannot discriminate between individual candidate regions. Not used in science scoring or accessibility screening.
6765,0.179375,21764.39547038327,16826.458188153312,33.734,87.2227,Regional geophysical context only. 73 unique values across entire study area. GRAIL (10km/px) cannot discriminate between individual candidate regions. Not used in science scoring or accessibility screening.
6768,0.601875,-12026.304776739358,16122.8779854621,-19.4926,68.1002,Regional geophysical context only. 73 unique values across entire study area. GRAIL (10km/px) cannot discriminate between individual candidate regions. Not used in science scoring or accessibility screening.
6786,0.288125,22255.627982646416,16550.337310195227,33.734,87.2227,Regional geophysical context only. 73 unique values across entire study area. GRAIL (10km/px) cannot discriminate between individual candidate regions. Not used in science scoring or accessibility screening.
6829,0.1875,23560.08333333333,16487.5,33.734,87.2227,Regional geophysical context only. 73 unique values across entire study area. GRAIL (10km/px) cannot discriminate between individual candidate regions. Not used in science scoring or accessibility screening.
6837,0.163125,-10951.170498084291,16461.89846743295,-19.4926,68.1002,Regional geophysical context only. 73 unique values across entire study area. GRAIL (10km/px) cannot discriminate between individual candidate regions. Not used in science scoring or accessibility screening.
6839,0.283125,13555.681015452536,16343.987858719647,53.7768,91.9349,Regional geophysical context only. 73 unique values across entire study area. GRAIL (10km/px) cannot discriminate between individual candidate regions. Not used in science scoring or accessibility screening.
6854,0.120625,19054.03367875648,16447.779792746114,33.734,87.2227,Regional geophysical context only. 73 unique values across entire study area. GRAIL (10km/px) cannot discriminate between individual candidate regions. Not used in science scoring or accessibility screening.
6860,0.486875,-6828.96598202824,16585.737483953784,-19.4926,68.1002,Regional geophysical context only. 73 unique values across entire study area. GRAIL (10km/px) cannot discriminate between individual candidate regions. Not used in science scoring or accessibility screening.
6863,0.113125,2650.743093922654,16572.737569060773,33.7027,75.9158,Regional geophysical context only. 73 unique values across entire study area. GRAIL (10km/px) cannot discriminate between individual candidate regions. Not used in science scoring or accessibility screening.
6866,0.095,7838.315789473687,16420.894736842103,53.7768,91.9349,Regional geophysical context only. 73 unique values across entire study area. GRAIL (10km/px) cannot discriminate between individual candidate regions. Not used in science scoring or accessibility screening.
6870,0.2,22656.921875,16238.234375000004,33.734,87.2227,Regional geophysical context only. 73 unique values across entire study area. GRAIL (10km/px) cannot discriminate between individual candidate regions. Not used in science scoring or accessibility screening.
6875,0.32125,20990.06420233463,16680.94747081712,33.734,87.2227,Regional geophysical context only. 73 unique values across entire study area. GRAIL (10km/px) cannot discriminate between individual candidate regions. Not used in science scoring or accessibility screening.
6876,0.20375,23125.190184049075,16485.085889570553,33.734,87.2227,Regional geophysical context only. 73 unique values across entire study area. GRAIL (10km/px) cannot discriminate between individual candidate regions. Not used in science scoring or accessibility screening.
6906,0.67375,17325.195732838583,16511.56215213358,33.734,87.2227,Regional geophysical context only. 73 unique values across entire study area. GRAIL (10km/px) cannot discriminate between individual candidate regions. Not used in science scoring or accessibility screening.
6912,0.083125,9467.357142857143,16386.77819548872,53.7768,91.9349,Regional geophysical context only. 73 unique values across entire study area. GRAIL (10km/px) cannot discriminate between individual candidate regions. Not used in science scoring or accessibility screening.
6950,1.416875,-5659.631010145567,16655.67203352448,-19.4926,68.1002,Regional geophysical context only. 73 unique values across entire study area. GRAIL (10km/px) cannot discriminate between individual candidate regions. Not used in science scoring or accessibility screening.
6951,0.156875,19189.04183266932,16142.830677290836,33.734,87.2227,Regional geophysical context only. 73 unique values across entire study area. GRAIL (10km/px) cannot discriminate between individual candidate regions. Not used in science scoring or accessibility screening.
6976,0.399375,-2275.304381846632,15943.183881064164,33.7027,75.9158,Regional geophysical context only. 73 unique values across entire study area. GRAIL (10km/px) cannot discriminate between individual candidate regions. Not used in science scoring or accessibility screening.
6979,0.079375,19413.87007874016,16321.562992125986,33.734,87.2227,Regional geophysical context only. 73 unique values across entire study area. GRAIL (10km/px) cannot discriminate between individual candidate regions. Not used in science scoring or accessibility screening.
6981,0.208125,30295.220720720725,16232.932432432432,-50.1159,79.0402,Regional geophysical context only. 73 unique values across entire study area. GRAIL (10km/px) cannot discriminate between individual candidate regions. Not used in science scoring or accessibility screening.
6988,0.164375,23152.731939163496,16094.036121673002,33.734,87.2227,Regional geophysical context only. 73 unique values across entire study area. GRAIL (10km/px) cannot discriminate between individual candidate regions. Not used in science scoring or accessibility screening.
7022,0.663125,20620.54147031103,16309.995758718193,33.734,87.2227,Regional geophysical context only. 73 unique values across entire study area. GRAIL (10km/px) cannot discriminate between individual candidate regions. Not used in science scoring or accessibility screening.
7023,0.410625,22026.440639269407,16092.661339421617,33.734,87.2227,Regional geophysical context only. 73 unique values across entire study area. GRAIL (10km/px) cannot discriminate between individual candidate regions. Not used in science scoring or accessibility screening.
7024,0.14625,23693.623931623923,16162.358974358973,33.734,87.2227,Regional geophysical context only. 73 unique values across entire study area. GRAIL (10km/px) cannot discriminate between individual candidate regions. Not used in science scoring or accessibility screening.
7039,0.269375,8640.915313225058,15910.302784222738,53.7768,91.9349,Regional geophysical context only. 73 unique values across entire study area. GRAIL (10km/px) cannot discriminate between individual candidate regions. Not used in science scoring or accessibility screening.
7049,0.15375,-6543.487804878052,16105.27642276423,-19.4926,68.1002,Regional geophysical context only. 73 unique values across entire study area. GRAIL (10km/px) cannot discriminate between individual candidate regions. Not used in science scoring or accessibility screening.
7056,0.104375,15757.284431137728,15999.452095808383,33.734,87.2227,Regional geophysical context only. 73 unique values across entire study area. GRAIL (10km/px) cannot discriminate between individual candidate regions. Not used in science scoring or accessibility screening.
7076,0.3075,22992.99593495934,15782.05487804878,33.734,87.2227,Regional geophysical context only. 73 unique values across entire study area. GRAIL (10km/px) cannot discriminate between individual candidate regions. Not used in science scoring or accessibility screening.
7086,0.2625,18763.130952380947,15742.166666666668,33.734,87.2227,Regional geophysical context only. 73 unique values across entire study area. GRAIL (10km/px) cannot discriminate between individual candidate regions. Not used in science scoring or accessibility screening.
7090,1.165,-8289.864270386264,15955.93186695279,-19.4926,68.1002,Regional geophysical context only. 73 unique values across entire study area. GRAIL (10km/px) cannot discriminate between individual candidate regions. Not used in science scoring or accessibility screening.
7098,0.363125,-7457.771944922548,15935.697934595526,-19.4926,68.1002,Regional geophysical context only. 73 unique values across entire study area. GRAIL (10km/px) cannot discriminate between individual candidate regions. Not used in science scoring or accessibility screening.
7099,1.319375,-5003.283041212693,15636.28872572241,33.7027,75.9158,Regional geophysical context only. 73 unique values across entire study area. GRAIL (10km/px) cannot discriminate between individual candidate regions. Not used in science scoring or accessibility screening.
7111,0.083125,-17739.03383458647,15973.996240601504,-14.3965,65.3367,Regional geophysical context only. 73 unique values across entire study area. GRAIL (10km/px) cannot discriminate between individual candidate regions. Not used in science scoring or accessibility screening.
7116,0.94125,21288.311420982733,15886.240371845954,33.734,87.2227,Regional geophysical context only. 73 unique values across entire study area. GRAIL (10km/px) cannot discriminate between individual candidate regions. Not used in science scoring or accessibility screening.
7121,0.415,-6021.320783132527,15782.164156626506,-19.4926,68.1002,Regional geophysical context only. 73 unique values across entire study area. GRAIL (10km/px) cannot discriminate between individual candidate regions. Not used in science scoring or accessibility screening.
7124,0.876875,24827.600498930857,15664.505702067,-50.1159,79.0402,Regional geophysical context only. 73 unique values across entire study area. GRAIL (10km/px) cannot discriminate between individual candidate regions. Not used in science scoring or accessibility screening.
7136,0.894375,12550.495807127882,15684.916491963664,53.7768,91.9349,Regional geophysical context only. 73 unique values across entire study area. GRAIL (10km/px) cannot discriminate between individual candidate regions. Not used in science scoring or accessibility screening.
7168,0.455,22034.321428571435,15448.37087912088,33.5851,91.8903,Regional geophysical context only. 73 unique values across entire study area. GRAIL (10km/px) cannot discriminate between individual candidate regions. Not used in science scoring or accessibility screening.
7217,1.171875,-10988.326666666668,15639.86,-19.4926,68.1002,Regional geophysical context only. 73 unique values across entire study area. GRAIL (10km/px) cannot discriminate between individual candidate regions. Not used in science scoring or accessibility screening.
7218,0.0925,-7922.96621621622,15631.75,-19.4926,68.1002,Regional geophysical context only. 73 unique values across entire study area. GRAIL (10km/px) cannot discriminate between individual candidate regions. Not used in science scoring or accessibility screening.
7226,2.24125,-1355.1151701059644,15041.89709983268,85.0522,75.7671,Regional geophysical context only. 73 unique values across entire study area. GRAIL (10km/px) cannot discriminate between individual candidate regions. Not used in science scoring or accessibility screening.
7231,0.289375,-38920.856371490285,15602.875809935204,242.8669,107.6454,Regional geophysical context only. 73 unique values across entire study area. GRAIL (10km/px) cannot discriminate between individual candidate regions. Not used in science scoring or accessibility screening.
7263,1.139375,-13081.21859572134,15826.816511245195,-19.4926,68.1002,Regional geophysical context only. 73 unique values across entire study area. GRAIL (10km/px) cannot discriminate between individual candidate regions. Not used in science scoring or accessibility screening.
7266,0.275625,18232.266439909305,15609.45691609977,33.734,87.2227,Regional geophysical context only. 73 unique values across entire study area. GRAIL (10km/px) cannot discriminate between individual candidate regions. Not used in science scoring or accessibility screening.
7272,0.735625,-6808.592608326253,15425.372557349194,0.5626,56.8385,Regional geophysical context only. 73 unique values across entire study area. GRAIL (10km/px) cannot discriminate between individual candidate regions. Not used in science scoring or accessibility screening.
7288,0.275625,21707.77664399093,14987.40476190476,33.5851,91.8903,Regional geophysical context only. 73 unique values across entire study area. GRAIL (10km/px) cannot discriminate between individual candidate regions. Not used in science scoring or accessibility screening.
7289,0.105,22162.446428571435,15401.392857142857,33.5851,91.8903,Regional geophysical context only. 73 unique values across entire study area. GRAIL (10km/px) cannot discriminate between individual candidate regions. Not used in science scoring or accessibility screening.
7303,0.443125,-9395.034555712273,15354.167136812412,0.5626,56.8385,Regional geophysical context only. 73 unique values across entire study area. GRAIL (10km/px) cannot discriminate between individual candidate regions. Not used in science scoring or accessibility screening.
7304,0.233125,-5263.167560321715,15194.467828418234,85.0522,75.7671,Regional geophysical context only. 73 unique values across entire study area. GRAIL (10km/px) cannot discriminate between individual candidate regions. Not used in science scoring or accessibility screening.
7339,0.08625,32703.84782608696,15207.202898550724,25.3927,84.5067,Regional geophysical context only. 73 unique values across entire study area. GRAIL (10km/px) cannot discriminate between individual candidate regions. Not used in science scoring or accessibility screening.
7365,0.201875,13727.5959752322,15042.063467492262,86.6499,88.4185,Regional geophysical context only. 73 unique values across entire study area. GRAIL (10km/px) cannot discriminate between individual candidate regions. Not used in science scoring or accessibility screening.
7385,0.101875,21385.389570552143,15080.407975460124,33.5851,91.8903,Regional geophysical context only. 73 unique values across entire study area. GRAIL (10km/px) cannot discriminate between individual candidate regions. Not used in science scoring or accessibility screening.
7412,0.1325,-12972.198113207549,15076.797169811323,0.5626,56.8385,Regional geophysical context only. 73 unique values across entire study area. GRAIL (10km/px) cannot discriminate between individual candidate regions. Not used in science scoring or accessibility screening.
7446,0.10375,-1909.234939759037,14892.21686746988,85.0522,75.7671,Regional geophysical context only. 73 unique values across entire study area. GRAIL (10km/px) cannot discriminate between individual candidate regions. Not used in science scoring or accessibility screening.
7482,0.673125,9491.236304549668,15496.739554317548,53.7768,91.9349,Regional geophysical context only. 73 unique values across entire study area. GRAIL (10km/px) cannot discriminate between individual candidate regions. Not used in science scoring or accessibility screening.
7497,1.313125,-26064.63612565445,14762.791765825796,162.995,83.983,Regional geophysical context only. 73 unique values across entire study area. GRAIL (10km/px) cannot discriminate between individual candidate regions. Not used in science scoring or accessibility screening.
7502,0.190625,21279.5,14691.975409836068,33.5851,91.8903,Regional geophysical context only. 73 unique values across entire study area. GRAIL (10km/px) cannot discriminate between individual candidate regions. Not used in science scoring or accessibility screening.
7521,0.09,12539.77777777778,14889.909722222224,86.6499,88.4185,Regional geophysical context only. 73 unique values across entire study area. GRAIL (10km/px) cannot discriminate between individual candidate regions. Not used in science scoring or accessibility screening.
7543,0.290625,32090.467741935485,15049.478494623658,25.3927,84.5067,Regional geophysical context only. 73 unique values across entire study area. GRAIL (10km/px) cannot discriminate between individual candidate regions. Not used in science scoring or accessibility screening.
7545,0.694375,-16460.76102610261,15219.424392439243,50.752,65.3557,Regional geophysical context only. 73 unique values across entire study area. GRAIL (10km/px) cannot discriminate between individual candidate regions. Not used in science scoring or accessibility screening.
7561,0.12625,-13730.202970297029,14531.316831683172,0.5626,56.8385,Regional geophysical context only. 73 unique values across entire study area. GRAIL (10km/px) cannot discriminate between individual candidate regions. Not used in science scoring or accessibility screening.
7583,0.2425,-5511.389175257733,14651.337628865982,0.5626,56.8385,Regional geophysical context only. 73 unique values across entire study area. GRAIL (10km/px) cannot discriminate between individual candidate regions. Not used in science scoring or accessibility screening.
7589,0.61625,-5845.606490872211,14309.348884381336,0.5626,56.8385,Regional geophysical context only. 73 unique values across entire study area. GRAIL (10km/px) cannot discriminate between individual candidate regions. Not used in science scoring or accessibility screening.
7611,0.70625,-10031.407079646016,14985.566371681416,0.5626,56.8385,Regional geophysical context only. 73 unique values across entire study area. GRAIL (10km/px) cannot discriminate between individual candidate regions. Not used in science scoring or accessibility screening.
7624,0.34125,3633.06227106227,14539.327838827838,85.0522,75.7671,Regional geophysical context only. 73 unique values across entire study area. GRAIL (10km/px) cannot discriminate between individual candidate regions. Not used in science scoring or accessibility screening.
7635,1.226875,-17506.447529291898,14726.913652572592,50.752,65.3557,Regional geophysical context only. 73 unique values across entire study area. GRAIL (10km/px) cannot discriminate between individual candidate regions. Not used in science scoring or accessibility screening.
7649,0.97125,-13135.28120978121,14245.850707850706,0.5626,56.8385,Regional geophysical context only. 73 unique values across entire study area. GRAIL (10km/px) cannot discriminate between individual candidate regions. Not used in science scoring or accessibility screening.
7654,0.47375,32221.30079155673,14112.934036939318,25.3927,84.5067,Regional geophysical context only. 73 unique values across entire study area. GRAIL (10km/px) cannot discriminate between individual candidate regions. Not used in science scoring or accessibility screening.
7664,0.549375,32402.57167235496,14602.035836177474,25.3927,84.5067,Regional geophysical context only. 73 unique values across entire study area. GRAIL (10km/px) cannot discriminate between individual candidate regions. Not used in science scoring or accessibility screening.
7687,0.115625,23231.797297297293,14079.824324324323,33.5851,91.8903,Regional geophysical context only. 73 unique values across entire study area. GRAIL (10km/px) cannot discriminate between individual candidate regions. Not used in science scoring or accessibility screening.
7751,1.82625,-377.80150581793714,14452.014373716633,85.0522,75.7671,Regional geophysical context only. 73 unique values across entire study area. GRAIL (10km/px) cannot discriminate between individual candidate regions. Not used in science scoring or accessibility screening.
7755,0.1125,20990.61111111111,14198.555555555557,33.5851,91.8903,Regional geophysical context only. 73 unique values across entire study area. GRAIL (10km/px) cannot discriminate between individual candidate regions. Not used in science scoring or accessibility screening.
7770,0.23,4231.157608695648,14283.040760869564,85.0522,75.7671,Regional geophysical context only. 73 unique values across entire study area. GRAIL (10km/px) cannot discriminate between individual candidate regions. Not used in science scoring or accessibility screening.
7775,0.29375,-11251.98936170213,13780.5,0.5626,56.8385,Regional geophysical context only. 73 unique values across entire study area. GRAIL (10km/px) cannot discriminate between individual candidate regions. Not used in science scoring or accessibility screening.
7790,0.5525,3834.483031674208,13929.685520361989,85.0522,75.7671,Regional geophysical context only. 73 unique values across entire study area. GRAIL (10km/px) cannot discriminate between individual candidate regions. Not used in science scoring or accessibility screening.
7808,0.195625,14648.062300319483,14088.99840255591,33.5851,91.8903,Regional geophysical context only. 73 unique values across entire study area. GRAIL (10km/px) cannot discriminate between individual candidate regions. Not used in science scoring or accessibility screening.
7842,0.51125,35109.55501222494,13834.790953545236,31.5436,77.8519,Regional geophysical context only. 73 unique values across entire study area. GRAIL (10km/px) cannot discriminate between individual candidate regions. Not used in science scoring or accessibility screening.
7844,0.405625,-25522.03312788906,14037.749614791988,162.995,83.983,Regional geophysical context only. 73 unique values across entire study area. GRAIL (10km/px) cannot discriminate between individual candidate regions. Not used in science scoring or accessibility screening.
7864,0.1225,36840.95408163265,13947.948979591838,31.5436,77.8519,Regional geophysical context only. 73 unique values across entire study area. GRAIL (10km/px) cannot discriminate between individual candidate regions. Not used in science scoring or accessibility screening.
7876,0.79375,-2978.531496062991,13526.090551181103,85.0522,75.7671,Regional geophysical context only. 73 unique values across entire study area. GRAIL (10km/px) cannot discriminate between individual candidate regions. Not used in science scoring or accessibility screening.
7893,0.6125,16718.8112244898,13498.790816326527,33.5851,91.8903,Regional geophysical context only. 73 unique values across entire study area. GRAIL (10km/px) cannot discriminate between individual candidate regions. Not used in science scoring or accessibility screening.
7916,0.4275,488.9736842105267,13988.950292397658,85.0522,75.7671,Regional geophysical context only. 73 unique values across entire study area. GRAIL (10km/px) cannot discriminate between individual candidate regions. Not used in science scoring or accessibility screening.
7990,0.17875,11875.54895104895,13726.11188811189,86.6499,88.4185,Regional geophysical context only. 73 unique values across entire study area. GRAIL (10km/px) cannot discriminate between individual candidate regions. Not used in science scoring or accessibility screening.
8001,0.288125,35806.71258134491,13772.896963123649,31.5436,77.8519,Regional geophysical context only. 73 unique values across entire study area. GRAIL (10km/px) cannot discriminate between individual candidate regions. Not used in science scoring or accessibility screening.
8035,0.418125,21469.529895366213,13701.060538116595,33.5851,91.8903,Regional geophysical context only. 73 unique values across entire study area. GRAIL (10km/px) cannot discriminate between individual candidate regions. Not used in science scoring or accessibility screening.
8093,0.175625,-19446.40747330961,13141.069395017792,50.752,65.3557,Regional geophysical context only. 73 unique values across entire study area. GRAIL (10km/px) cannot discriminate between individual candidate regions. Not used in science scoring or accessibility screening.
8105,0.230625,31341.708672086723,13104.429539295394,25.3927,84.5067,Regional geophysical context only. 73 unique values across entire study area. GRAIL (10km/px) cannot discriminate between individual candidate regions. Not used in science scoring or accessibility screening.
8107,0.1625,-25318.865384615383,13223.769230769234,50.752,65.3557,Regional geophysical context only. 73 unique values across entire study area. GRAIL (10km/px) cannot discriminate between individual candidate regions. Not used in science scoring or accessibility screening.
8109,0.220625,-10168.34702549575,13592.21388101983,0.5626,56.8385,Regional geophysical context only. 73 unique values across entire study area. GRAIL (10km/px) cannot discriminate between individual candidate regions. Not used in science scoring or accessibility screening.
8115,0.25625,10458.402439024394,12925.439024390244,86.6499,88.4185,Regional geophysical context only. 73 unique values across entire study area. GRAIL (10km/px) cannot discriminate between individual candidate regions. Not used in science scoring or accessibility screening.
8118,0.18125,-12986.017241379312,13152.310344827583,0.5626,56.8385,Regional geophysical context only. 73 unique values across entire study area. GRAIL (10km/px) cannot discriminate between individual candidate regions. Not used in science scoring or accessibility screening.
8119,0.864375,-11526.638828633404,13126.711135213303,0.5626,56.8385,Regional geophysical context only. 73 unique values across entire study area. GRAIL (10km/px) cannot discriminate between individual candidate regions. Not used in science scoring or accessibility screening.
8120,0.08375,-6973.447761194031,13268.59701492537,0.5626,56.8385,Regional geophysical context only. 73 unique values across entire study area. GRAIL (10km/px) cannot discriminate between individual candidate regions. Not used in science scoring or accessibility screening.
8128,0.11125,35877.30898876405,13340.106741573032,31.5436,77.8519,Regional geophysical context only. 73 unique values across entire study area. GRAIL (10km/px) cannot discriminate between individual candidate regions. Not used in science scoring or accessibility screening.
8136,0.25,34372.125,13194.75,25.3927,84.5067,Regional geophysical context only. 73 unique values across entire study area. GRAIL (10km/px) cannot discriminate between individual candidate regions. Not used in science scoring or accessibility screening.
8137,0.904375,36501.05494125778,12590.68659295093,31.5436,77.8519,Regional geophysical context only. 73 unique values across entire study area. GRAIL (10km/px) cannot discriminate between individual candidate regions. Not used in science scoring or accessibility screening.
8148,0.1675,15596.235074626864,13060.667910447764,33.5851,91.8903,Regional geophysical context only. 73 unique values across entire study area. GRAIL (10km/px) cannot discriminate between individual candidate regions. Not used in science scoring or accessibility screening.
8179,0.47375,-18465.77044854881,12865.803430079157,50.752,65.3557,Regional geophysical context only. 73 unique values across entire study area. GRAIL (10km/px) cannot discriminate between individual candidate regions. Not used in science scoring or accessibility screening.
8190,0.446875,16181.702797202794,13260.185314685315,33.5851,91.8903,Regional geophysical context only. 73 unique values across entire study area. GRAIL (10km/px) cannot discriminate between individual candidate regions. Not used in science scoring or accessibility screening.
8208,0.36,33973.67534722222,13189.215277777776,25.3927,84.5067,Regional geophysical context only. 73 unique values across entire study area. GRAIL (10km/px) cannot discriminate between individual candidate regions. Not used in science scoring or accessibility screening.
8209,0.78625,38583.06518282989,12923.512718600956,31.5436,77.8519,Regional geophysical context only. 73 unique values across entire study area. GRAIL (10km/px) cannot discriminate between individual candidate regions. Not used in science scoring or accessibility screening.
8233,0.653125,18033.18421052632,12509.925837320574,33.5851,91.8903,Regional geophysical context only. 73 unique values across entire study area. GRAIL (10km/px) cannot discriminate between individual candidate regions. Not used in science scoring or accessibility screening.
8236,1.10125,16.22814982973796,13181.303064699205,85.0522,75.7671,Regional geophysical context only. 73 unique values across entire study area. GRAIL (10km/px) cannot discriminate between individual candidate regions. Not used in science scoring or accessibility screening.
8247,1.12375,17062.848164627358,12408.383759733042,33.5851,91.8903,Regional geophysical context only. 73 unique values across entire study area. GRAIL (10km/px) cannot discriminate between individual candidate regions. Not used in science scoring or accessibility screening.
8249,0.76125,25331.93021346469,12951.977832512312,25.3927,84.5067,Regional geophysical context only. 73 unique values across entire study area. GRAIL (10km/px) cannot discriminate between individual candidate regions. Not used in science scoring or accessibility screening.
8266,0.245625,-10092.039440203567,13030.016539440205,0.5626,56.8385,Regional geophysical context only. 73 unique values across entire study area. GRAIL (10km/px) cannot discriminate between individual candidate regions. Not used in science scoring or accessibility screening.
8268,2.758125,-6665.801382279635,12691.83242692046,0.5626,56.8385,Regional geophysical context only. 73 unique values across entire study area. GRAIL (10km/px) cannot discriminate between individual candidate regions. Not used in science scoring or accessibility screening.
8298,0.715,-3547.375,12748.861013986016,85.0522,75.7671,Regional geophysical context only. 73 unique values across entire study area. GRAIL (10km/px) cannot discriminate between individual candidate regions. Not used in science scoring or accessibility screening.
8305,0.1875,-9878.333333333328,12724.5,0.5626,56.8385,Regional geophysical context only. 73 unique values across entire study area. GRAIL (10km/px) cannot discriminate between individual candidate regions. Not used in science scoring or accessibility screening.
8312,0.53875,18622.585846867754,12927.385150812064,33.5851,91.8903,Regional geophysical context only. 73 unique values across entire study area. GRAIL (10km/px) cannot discriminate between individual candidate regions. Not used in science scoring or accessibility screening.
8315,0.155,39273.18951612903,12589.209677419356,31.5436,77.8519,Regional geophysical context only. 73 unique values across entire study area. GRAIL (10km/px) cannot discriminate between individual candidate regions. Not used in science scoring or accessibility screening.
8381,1.505,22118.55107973421,12607.777823920267,33.5851,91.8903,Regional geophysical context only. 73 unique values across entire study area. GRAIL (10km/px) cannot discriminate between individual candidate regions. Not used in science scoring or accessibility screening.
8384,0.085,-31443.69852941177,12448.294117647063,162.995,83.983,Regional geophysical context only. 73 unique values across entire study area. GRAIL (10km/px) cannot discriminate between individual candidate regions. Not used in science scoring or accessibility screening.
8408,0.16375,22885.6641221374,12440.576335877864,33.5851,91.8903,Regional geophysical context only. 73 unique values across entire study area. GRAIL (10km/px) cannot discriminate between individual candidate regions. Not used in science scoring or accessibility screening.
8415,0.278125,-5318.983146067418,12306.45505617978,85.0522,75.7671,Regional geophysical context only. 73 unique values across entire study area. GRAIL (10km/px) cannot discriminate between individual candidate regions. Not used in science scoring or accessibility screening.
8420,0.13,16233.27403846154,12313.24038461539,33.5851,91.8903,Regional geophysical context only. 73 unique values across entire study area. GRAIL (10km/px) cannot discriminate between individual candidate regions. Not used in science scoring or accessibility screening.
8422,0.59625,24629.033542976933,12472.171907756812,25.3927,84.5067,Regional geophysical context only. 73 unique values across entire study area. GRAIL (10km/px) cannot discriminate between individual candidate regions. Not used in science scoring or accessibility screening.
8458,0.416875,-10425.237631184404,12403.311094452773,0.5626,56.8385,Regional geophysical context only. 73 unique values across entire study area. GRAIL (10km/px) cannot discriminate between individual candidate regions. Not used in science scoring or accessibility screening.
8470,0.54375,-8353.373563218389,11685.442528735635,0.5626,56.8385,Regional geophysical context only. 73 unique values across entire study area. GRAIL (10km/px) cannot discriminate between individual candidate regions. Not used in science scoring or accessibility screening.
8475,0.1575,39000.88888888889,12179.666666666672,31.5436,77.8519,Regional geophysical context only. 73 unique values across entire study area. GRAIL (10km/px) cannot discriminate between individual candidate regions. Not used in science scoring or accessibility screening.
8482,0.12125,25110.71134020618,12302.948453608244,25.3927,84.5067,Regional geophysical context only. 73 unique values across entire study area. GRAIL (10km/px) cannot discriminate between individual candidate regions. Not used in science scoring or accessibility screening.
8486,0.088125,-23291.989361702126,12052.627659574464,50.752,65.3557,Regional geophysical context only. 73 unique values across entire study area. GRAIL (10km/px) cannot discriminate between individual candidate regions. Not used in science scoring or accessibility screening.
8499,1.053125,-8403.333827893177,12528.037091988132,0.5626,56.8385,Regional geophysical context only. 73 unique values across entire study area. GRAIL (10km/px) cannot discriminate between individual candidate regions. Not used in science scoring or accessibility screening.
8503,0.800625,-11779.305620608897,12554.071428571428,0.5626,56.8385,Regional geophysical context only. 73 unique values across entire study area. GRAIL (10km/px) cannot discriminate between individual candidate regions. Not used in science scoring or accessibility screening.
8508,0.10625,14655.5294117647,12015.5,33.5851,91.8903,Regional geophysical context only. 73 unique values across entire study area. GRAIL (10km/px) cannot discriminate between individual candidate regions. Not used in science scoring or accessibility screening.
8525,0.93375,25561.548192771093,12153.19410977242,25.3927,84.5067,Regional geophysical context only. 73 unique values across entire study area. GRAIL (10km/px) cannot discriminate between individual candidate regions. Not used in science scoring or accessibility screening.
8528,0.12625,39327.47029702971,12125.5,31.5436,77.8519,Regional geophysical context only. 73 unique values across entire study area. GRAIL (10km/px) cannot discriminate between individual candidate regions. Not used in science scoring or accessibility screening.
8582,0.4375,-10947.428571428572,11967.75,0.5626,56.8385,Regional geophysical context only. 73 unique values across entire study area. GRAIL (10km/px) cannot discriminate between individual candidate regions. Not used in science scoring or accessibility screening.
8592,0.725,20913.89655172413,12023.043103448275,33.5851,91.8903,Regional geophysical context only. 73 unique values across entire study area. GRAIL (10km/px) cannot discriminate between individual candidate regions. Not used in science scoring or accessibility screening.
8600,1.6875,-4523.981481481482,11578.518518518518,85.0522,75.7671,Regional geophysical context only. 73 unique values across entire study area. GRAIL (10km/px) cannot discriminate between individual candidate regions. Not used in science scoring or accessibility screening.
8608,0.48125,-19219.62337662337,12317.155844155845,50.752,65.3557,Regional geophysical context only. 73 unique values across entire study area. GRAIL (10km/px) cannot discriminate between individual candidate regions. Not used in science scoring or accessibility screening.
8624,0.299375,38768.08037578288,11937.45198329854,31.5436,77.8519,Regional geophysical context only. 73 unique values across entire study area. GRAIL (10km/px) cannot discriminate between individual candidate regions. Not used in science scoring or accessibility screening.
8631,0.53,12727.418632075469,12056.39622641509,86.6499,88.4185,Regional geophysical context only. 73 unique values across entire study area. GRAIL (10km/px) cannot discriminate between individual candidate regions. Not used in science scoring or accessibility screening.
8639,0.355625,17530.431458699466,11756.25571177504,33.5851,91.8903,Regional geophysical context only. 73 unique values across entire study area. GRAIL (10km/px) cannot discriminate between individual candidate regions. Not used in science scoring or accessibility screening.
8648,0.19125,20401.95098039216,11904.503267973858,33.5851,91.8903,Regional geophysical context only. 73 unique values across entire study area. GRAIL (10km/px) cannot discriminate between individual candidate regions. Not used in science scoring or accessibility screening.
8664,1.354375,18671.385094600824,11697.235117674209,33.5851,91.8903,Regional geophysical context only. 73 unique values across entire study area. GRAIL (10km/px) cannot discriminate between individual candidate regions. Not used in science scoring or accessibility screening.
8702,0.10375,33191.21686746988,11442.216867469884,25.3927,84.5067,Regional geophysical context only. 73 unique values across entire study area. GRAIL (10km/px) cannot discriminate between individual candidate regions. Not used in science scoring or accessibility screening.
8707,0.99875,40479.66270337922,11838.250312891112,31.5436,77.8519,Regional geophysical context only. 73 unique values across entire study area. GRAIL (10km/px) cannot discriminate between individual candidate regions. Not used in science scoring or accessibility screening.
8714,0.091875,35552.901360544216,11812.74489795918,31.5436,77.8519,Regional geophysical context only. 73 unique values across entire study area. GRAIL (10km/px) cannot discriminate between individual candidate regions. Not used in science scoring or accessibility screening.
8754,0.321875,16997.800970873788,11650.2572815534,33.5851,91.8903,Regional geophysical context only. 73 unique values across entire study area. GRAIL (10km/px) cannot discriminate between individual candidate regions. Not used in science scoring or accessibility screening.
8771,0.3,14156.635416666664,11465.604166666672,86.6499,88.4185,Regional geophysical context only. 73 unique values across entire study area. GRAIL (10km/px) cannot discriminate between individual candidate regions. Not used in science scoring or accessibility screening.
8797,0.150625,41074.08506224067,11383.798755186726,31.5436,77.8519,Regional geophysical context only. 73 unique values across entire study area. GRAIL (10km/px) cannot discriminate between individual candidate regions. Not used in science scoring or accessibility screening.
8804,0.13125,-20488.95238095238,11451.928571428572,50.752,65.3557,Regional geophysical context only. 73 unique values across entire study area. GRAIL (10km/px) cannot discriminate between individual candidate regions. Not used in science scoring or accessibility screening.
8822,0.10375,15510.343373493984,11511.192771084336,33.5851,91.8903,Regional geophysical context only. 73 unique values across entire study area. GRAIL (10km/px) cannot discriminate between individual candidate regions. Not used in science scoring or accessibility screening.
8826,0.154375,-41806.77530364373,11371.653846153844,124.8132,107.6433,Regional geophysical context only. 73 unique values across entire study area. GRAIL (10km/px) cannot discriminate between individual candidate regions. Not used in science scoring or accessibility screening.
8842,0.10625,21372.588235294126,11408.147058823532,33.5851,91.8903,Regional geophysical context only. 73 unique values across entire study area. GRAIL (10km/px) cannot discriminate between individual candidate regions. Not used in science scoring or accessibility screening.
8871,0.4,24892.703125,11361.0859375,25.3927,84.5067,Regional geophysical context only. 73 unique values across entire study area. GRAIL (10km/px) cannot discriminate between individual candidate regions. Not used in science scoring or accessibility screening.
8904,0.2825,-1469.194690265489,11301.219026548672,85.0522,75.7671,Regional geophysical context only. 73 unique values across entire study area. GRAIL (10km/px) cannot discriminate between individual candidate regions. Not used in science scoring or accessibility screening.
8906,0.194375,12963.808681672024,11339.48713826367,86.6499,88.4185,Regional geophysical context only. 73 unique values across entire study area. GRAIL (10km/px) cannot discriminate between individual candidate regions. Not used in science scoring or accessibility screening.
8908,0.345,18030.297101449272,11123.416666666672,33.5851,91.8903,Regional geophysical context only. 73 unique values across entire study area. GRAIL (10km/px) cannot discriminate between individual candidate regions. Not used in science scoring or accessibility screening.
8929,0.8075,5144.817337461303,10898.700464396286,86.6499,88.4185,Regional geophysical context only. 73 unique values across entire study area. GRAIL (10km/px) cannot discriminate between individual candidate regions. Not used in science scoring or accessibility screening.
8933,0.3175,21052.00984251968,11038.688976377956,33.5851,91.8903,Regional geophysical context only. 73 unique values across entire study area. GRAIL (10km/px) cannot discriminate between individual candidate regions. Not used in science scoring or accessibility screening.
8941,0.570625,-8025.089266155534,11065.532858707556,0.5626,56.8385,Regional geophysical context only. 73 unique values across entire study area. GRAIL (10km/px) cannot discriminate between individual candidate regions. Not used in science scoring or accessibility screening.
8945,0.159375,38964.009803921566,11120.69607843137,31.5436,77.8519,Regional geophysical context only. 73 unique values across entire study area. GRAIL (10km/px) cannot discriminate between individual candidate regions. Not used in science scoring or accessibility screening.
8961,1.469375,19862.994257762657,11708.549766056996,33.5851,91.8903,Regional geophysical context only. 73 unique values across entire study area. GRAIL (10km/px) cannot discriminate between individual candidate regions. Not used in science scoring or accessibility screening.
8971,0.391875,18910.70414673046,11039.21610845295,33.5851,91.8903,Regional geophysical context only. 73 unique values across entire study area. GRAIL (10km/px) cannot discriminate between individual candidate regions. Not used in science scoring or accessibility screening.
8972,0.525625,19664.45243757432,10868.098097502974,33.5851,91.8903,Regional geophysical context only. 73 unique values across entire study area. GRAIL (10km/px) cannot discriminate between individual candidate regions. Not used in science scoring or accessibility screening.
8991,0.30625,-10222.336734693876,11132.744897959186,0.5626,56.8385,Regional geophysical context only. 73 unique values across entire study area. GRAIL (10km/px) cannot discriminate between individual candidate regions. Not used in science scoring or accessibility screening.
8995,0.18125,27264.75862068965,11008.948275862072,25.3927,84.5067,Regional geophysical context only. 73 unique values across entire study area. GRAIL (10km/px) cannot discriminate between individual candidate regions. Not used in science scoring or accessibility screening.
9004,0.186875,-20397.65719063545,11015.55016722408,50.752,65.3557,Regional geophysical context only. 73 unique values across entire study area. GRAIL (10km/px) cannot discriminate between individual candidate regions. Not used in science scoring or accessibility screening.
9014,0.0875,22976.46428571429,11026.392857142857,33.5851,91.8903,Regional geophysical context only. 73 unique values across entire study area. GRAIL (10km/px) cannot discriminate between individual candidate regions. Not used in science scoring or accessibility screening.
9018,0.3125,-23027.4,11055.700000000004,50.752,65.3557,Regional geophysical context only. 73 unique values across entire study area. GRAIL (10km/px) cannot discriminate between individual candidate regions. Not used in science scoring or accessibility screening.
9035,0.349375,21666.04740608229,10971.609123434704,33.5851,91.8903,Regional geophysical context only. 73 unique values across entire study area. GRAIL (10km/px) cannot discriminate between individual candidate regions. Not used in science scoring or accessibility screening.
9036,0.89875,21839.22531293462,11514.877607788592,33.5851,91.8903,Regional geophysical context only. 73 unique values across entire study area. GRAIL (10km/px) cannot discriminate between individual candidate regions. Not used in science scoring or accessibility screening.
9053,0.125625,42814.30099502487,11031.967661691546,31.5436,77.8519,Regional geophysical context only. 73 unique values across entire study area. GRAIL (10km/px) cannot discriminate between individual candidate regions. Not used in science scoring or accessibility screening.
9064,0.13875,30623.37387387388,10721.108108108108,25.3927,84.5067,Regional geophysical context only. 73 unique values across entire study area. GRAIL (10km/px) cannot discriminate between individual candidate regions. Not used in science scoring or accessibility screening.
9067,1.1725,-42560.694562899786,11115.758528784643,124.8132,107.6433,Regional geophysical context only. 73 unique values across entire study area. GRAIL (10km/px) cannot discriminate between individual candidate regions. Not used in science scoring or accessibility screening.
9108,0.145,-6835.629310344826,10846.728448275862,0.5626,56.8385,Regional geophysical context only. 73 unique values across entire study area. GRAIL (10km/px) cannot discriminate between individual candidate regions. Not used in science scoring or accessibility screening.
9112,0.72,24478.731770833343,10880.643229166672,33.5851,91.8903,Regional geophysical context only. 73 unique values across entire study area. GRAIL (10km/px) cannot discriminate between individual candidate regions. Not used in science scoring or accessibility screening.
9130,0.23625,3506.3121693121648,10640.513227513227,85.0522,75.7671,Regional geophysical context only. 73 unique values across entire study area. GRAIL (10km/px) cannot discriminate between individual candidate regions. Not used in science scoring or accessibility screening.
9134,1.311875,38616.05550262029,10987.505717008098,31.5436,77.8519,Regional geophysical context only. 73 unique values across entire study area. GRAIL (10km/px) cannot discriminate between individual candidate regions. Not used in science scoring or accessibility screening.
9135,0.08625,43532.47101449275,10689.992753623184,31.5436,77.8519,Regional geophysical context only. 73 unique values across entire study area. GRAIL (10km/px) cannot discriminate between individual candidate regions. Not used in science scoring or accessibility screening.
9145,0.27,-3156.692129629628,10863.347222222226,85.0522,75.7671,Regional geophysical context only. 73 unique values across entire study area. GRAIL (10km/px) cannot discriminate between individual candidate regions. Not used in science scoring or accessibility screening.
9148,1.521875,17288.760780287477,10708.898357289523,33.5851,91.8903,Regional geophysical context only. 73 unique values across entire study area. GRAIL (10km/px) cannot discriminate between individual candidate regions. Not used in science scoring or accessibility screening.
9150,0.1225,25090.0612244898,10720.90816326531,25.3927,84.5067,Regional geophysical context only. 73 unique values across entire study area. GRAIL (10km/px) cannot discriminate between individual candidate regions. Not used in science scoring or accessibility screening.
9153,0.158125,-43399.41304347826,10776.092885375496,124.8132,107.6433,Regional geophysical context only. 73 unique values across entire study area. GRAIL (10km/px) cannot discriminate between individual candidate regions. Not used in science scoring or accessibility screening.
9162,0.159375,26946.36274509804,10808.147058823532,25.3927,84.5067,Regional geophysical context only. 73 unique values across entire study area. GRAIL (10km/px) cannot discriminate between individual candidate regions. Not used in science scoring or accessibility screening.
9174,0.12125,20267.02577319587,10695.345360824744,33.5851,91.8903,Regional geophysical context only. 73 unique values across entire study area. GRAIL (10km/px) cannot discriminate between individual candidate regions. Not used in science scoring or accessibility screening.
9221,1.719375,18487.849691021445,10043.756997455472,33.5851,91.8903,Regional geophysical context only. 73 unique values across entire study area. GRAIL (10km/px) cannot discriminate between individual candidate regions. Not used in science scoring or accessibility screening.
9224,0.36125,27679.3875432526,10745.828719723184,25.3927,84.5067,Regional geophysical context only. 73 unique values across entire study area. GRAIL (10km/px) cannot discriminate between individual candidate regions. Not used in science scoring or accessibility screening.
9227,1.16625,-42319.95337620579,10304.31832797428,124.8132,107.6433,Regional geophysical context only. 73 unique values across entire study area. GRAIL (10km/px) cannot discriminate between individual candidate regions. Not used in science scoring or accessibility screening.
9247,0.1875,18282.833333333336,10629.083333333336,33.5851,91.8903,Regional geophysical context only. 73 unique values across entire study area. GRAIL (10km/px) cannot discriminate between individual candidate regions. Not used in science scoring or accessibility screening.
9250,0.276875,-41079.33747178329,10361.335214446954,124.8132,107.6433,Regional geophysical context only. 73 unique values across entire study area. GRAIL (10km/px) cannot discriminate between individual candidate regions. Not used in science scoring or accessibility screening.
9279,1.100625,3056.513060760932,10130.539750141965,85.0522,75.7671,Regional geophysical context only. 73 unique values across entire study area. GRAIL (10km/px) cannot discriminate between individual candidate regions. Not used in science scoring or accessibility screening.
9280,0.319375,20514.91095890412,10229.364970645796,33.5851,91.8903,Regional geophysical context only. 73 unique values across entire study area. GRAIL (10km/px) cannot discriminate between individual candidate regions. Not used in science scoring or accessibility screening.
9300,0.545,28449.95871559633,10348.8371559633,25.3927,84.5067,Regional geophysical context only. 73 unique values across entire study area. GRAIL (10km/px) cannot discriminate between individual candidate regions. Not used in science scoring or accessibility screening.
9306,0.16125,29326.34108527132,10393.232558139534,25.3927,84.5067,Regional geophysical context only. 73 unique values across entire study area. GRAIL (10km/px) cannot discriminate between individual candidate regions. Not used in science scoring or accessibility screening.
9326,0.21375,36392.40935672514,10423.087719298244,31.5436,77.8519,Regional geophysical context only. 73 unique values across entire study area. GRAIL (10km/px) cannot discriminate between individual candidate regions. Not used in science scoring or accessibility screening.
9350,0.170625,-32405.35347985348,10160.206959706964,162.995,83.983,Regional geophysical context only. 73 unique values across entire study area. GRAIL (10km/px) cannot discriminate between individual candidate regions. Not used in science scoring or accessibility screening.
9358,0.09,-31270.465277777777,10397.375,162.995,83.983,Regional geophysical context only. 73 unique values across entire study area. GRAIL (10km/px) cannot discriminate between individual candidate regions. Not used in science scoring or accessibility screening.
9375,0.31125,19827.56224899598,10276.202811244975,33.5851,91.8903,Regional geophysical context only. 73 unique values across entire study area. GRAIL (10km/px) cannot discriminate between individual candidate regions. Not used in science scoring or accessibility screening.
9378,0.339375,31217.087476979752,10320.15930018416,25.3927,84.5067,Regional geophysical context only. 73 unique values across entire study area. GRAIL (10km/px) cannot discriminate between individual candidate regions. Not used in science scoring or accessibility screening.
9433,0.218125,-40985.52865329513,9998.136103151868,124.8132,107.6433,Regional geophysical context only. 73 unique values across entire study area. GRAIL (10km/px) cannot discriminate between individual candidate regions. Not used in science scoring or accessibility screening.
9441,0.9525,30184.26049868765,9585.063648293966,25.3927,84.5067,Regional geophysical context only. 73 unique values across entire study area. GRAIL (10km/px) cannot discriminate between individual candidate regions. Not used in science scoring or accessibility screening.
9453,0.2125,27696.41176470589,10106.08823529412,25.3927,84.5067,Regional geophysical context only. 73 unique values across entire study area. GRAIL (10km/px) cannot discriminate between individual candidate regions. Not used in science scoring or accessibility screening.
9467,0.123125,36047.3426395939,10034.383248730965,31.5436,77.8519,Regional geophysical context only. 73 unique values across entire study area. GRAIL (10km/px) cannot discriminate between individual candidate regions. Not used in science scoring or accessibility screening.
9481,1.88875,25353.26406353408,10136.858371939115,25.3927,84.5067,Regional geophysical context only. 73 unique values across entire study area. GRAIL (10km/px) cannot discriminate between individual candidate regions. Not used in science scoring or accessibility screening.
9492,0.356875,25837.503502626976,9750.718914185636,25.3927,84.5067,Regional geophysical context only. 73 unique values across entire study area. GRAIL (10km/px) cannot discriminate between individual candidate regions. Not used in science scoring or accessibility screening.
9495,0.136875,-42465.56849315069,9752.554794520547,124.8132,107.6433,Regional geophysical context only. 73 unique values across entire study area. GRAIL (10km/px) cannot discriminate between individual candidate regions. Not used in science scoring or accessibility screening.
9509,0.7375,-10838.953389830507,10083.529661016952,0.5626,56.8385,Regional geophysical context only. 73 unique values across entire study area. GRAIL (10km/px) cannot discriminate between individual candidate regions. Not used in science scoring or accessibility screening.
9545,0.183125,20072.45221843003,9778.315699658706,33.5851,91.8903,Regional geophysical context only. 73 unique values across entire study area. GRAIL (10km/px) cannot discriminate between individual candidate regions. Not used in science scoring or accessibility screening.
9600,1.56,29365.175080128203,9461.788060897436,25.3927,84.5067,Regional geophysical context only. 73 unique values across entire study area. GRAIL (10km/px) cannot discriminate between individual candidate regions. Not used in science scoring or accessibility screening.
9611,0.601875,22644.671339563865,9594.606957424716,33.5851,91.8903,Regional geophysical context only. 73 unique values across entire study area. GRAIL (10km/px) cannot discriminate between individual candidate regions. Not used in science scoring or accessibility screening.
9639,1.848125,37067.80402434901,9038.021136286778,31.5436,77.8519,Regional geophysical context only. 73 unique values across entire study area. GRAIL (10km/px) cannot discriminate between individual candidate regions. Not used in science scoring or accessibility screening.
9661,0.555,-14066.181306306304,9608.917792792796,0.5626,56.8385,Regional geophysical context only. 73 unique values across entire study area. GRAIL (10km/px) cannot discriminate between individual candidate regions. Not used in science scoring or accessibility screening.
9682,1.38,24154.41394927536,9864.83423913044,33.5851,91.8903,Regional geophysical context only. 73 unique values across entire study area. GRAIL (10km/px) cannot discriminate between individual candidate regions. Not used in science scoring or accessibility screening.
9703,0.953125,-8030.270491803276,9043.614754098358,0.5626,56.8385,Regional geophysical context only. 73 unique values across entire study area. GRAIL (10km/px) cannot discriminate between individual candidate regions. Not used in science scoring or accessibility screening.
9708,0.56125,36019.099109131406,9546.96436525612,31.5436,77.8519,Regional geophysical context only. 73 unique values across entire study area. GRAIL (10km/px) cannot discriminate between individual candidate regions. Not used in science scoring or accessibility screening.
9710,0.77375,42163.7972536349,9674.086429725365,31.5436,77.8519,Regional geophysical context only. 73 unique values across entire study area. GRAIL (10km/px) cannot discriminate between individual candidate regions. Not used in science scoring or accessibility screening.
9714,0.27,-16611.4375,9661.495370370372,50.752,65.3557,Regional geophysical context only. 73 unique values across entire study area. GRAIL (10km/px) cannot discriminate between individual candidate regions. Not used in science scoring or accessibility screening.
9718,0.17375,19014.24820143885,9548.07194244604,33.5851,91.8903,Regional geophysical context only. 73 unique values across entire study area. GRAIL (10km/px) cannot discriminate between individual candidate regions. Not used in science scoring or accessibility screening.
9719,0.379375,27503.618616144973,9655.07166392092,25.3927,84.5067,Regional geophysical context only. 73 unique values across entire study area. GRAIL (10km/px) cannot discriminate between individual candidate regions. Not used in science scoring or accessibility screening.
9720,0.143125,28157.25109170306,9656.613537117904,25.3927,84.5067,Regional geophysical context only. 73 unique values across entire study area. GRAIL (10km/px) cannot discriminate between individual candidate regions. Not used in science scoring or accessibility screening.
9725,1.334375,-8801.75292740047,9970.019906323185,0.5626,56.8385,Regional geophysical context only. 73 unique values across entire study area. GRAIL (10km/px) cannot discriminate between individual candidate regions. Not used in science scoring or accessibility screening.
9736,0.368125,32270.51018675721,9535.474533106955,25.3927,84.5067,Regional geophysical context only. 73 unique values across entire study area. GRAIL (10km/px) cannot discriminate between individual candidate regions. Not used in science scoring or accessibility screening.
9737,0.145,37711.24568965517,9401.46982758621,31.5436,77.8519,Regional geophysical context only. 73 unique values across entire study area. GRAIL (10km/px) cannot discriminate between individual candidate regions. Not used in science scoring or accessibility screening.
9772,0.103125,-2379.742424242424,9375.196969696968,85.0522,75.7671,Regional geophysical context only. 73 unique values across entire study area. GRAIL (10km/px) cannot discriminate between individual candidate regions. Not used in science scoring or accessibility screening.
9782,0.1375,-14999.590909090912,9152.659090909088,0.5626,56.8385,Regional geophysical context only. 73 unique values across entire study area. GRAIL (10km/px) cannot discriminate between individual candidate regions. Not used in science scoring or accessibility screening.
9807,0.195625,-33856.33067092652,9099.940894568696,162.995,83.983,Regional geophysical context only. 73 unique values across entire study area. GRAIL (10km/px) cannot discriminate between individual candidate regions. Not used in science scoring or accessibility screening.
9809,0.288125,-5014.43709327549,9378.26572668113,85.0522,75.7671,Regional geophysical context only. 73 unique values across entire study area. GRAIL (10km/px) cannot discriminate between individual candidate regions. Not used in science scoring or accessibility screening.
9837,0.449375,27832.149513212804,9126.125869262862,25.3927,84.5067,Regional geophysical context only. 73 unique values across entire study area. GRAIL (10km/px) cannot discriminate between individual candidate regions. Not used in science scoring or accessibility screening.
9885,0.26625,37418.98356807513,8985.476525821592,31.5436,77.8519,Regional geophysical context only. 73 unique values across entire study area. GRAIL (10km/px) cannot discriminate between individual candidate regions. Not used in science scoring or accessibility screening.
9897,0.135625,37928.6474654378,9092.66589861751,31.5436,77.8519,Regional geophysical context only. 73 unique values across entire study area. GRAIL (10km/px) cannot discriminate between individual candidate regions. Not used in science scoring or accessibility screening.
9920,0.71625,23717.89005235601,8856.826352530537,33.5851,91.8903,Regional geophysical context only. 73 unique values across entire study area. GRAIL (10km/px) cannot discriminate between individual candidate regions. Not used in science scoring or accessibility screening.
9941,1.15,-10275.119565217392,9523.543478260872,0.5626,56.8385,Regional geophysical context only. 73 unique values across entire study area. GRAIL (10km/px) cannot discriminate between individual candidate regions. Not used in science scoring or accessibility screening.
9992,0.393125,-9029.236089030208,8662.701907790142,0.5626,56.8385,Regional geophysical context only. 73 unique values across entire study area. GRAIL (10km/px) cannot discriminate between individual candidate regions. Not used in science scoring or accessibility screening.
9997,0.6175,18780.674089068823,9160.874493927127,33.5851,91.8903,Regional geophysical context only. 73 unique values across entire study area. GRAIL (10km/px) cannot discriminate between individual candidate regions. Not used in science scoring or accessibility screening.
9999,0.2575,20859.39077669903,8842.126213592237,33.5851,91.8903,Regional geophysical context only. 73 unique values across entire study area. GRAIL (10km/px) cannot discriminate between individual candidate regions. Not used in science scoring or accessibility screening.
10003,0.58375,39959.24304068522,8636.233404710918,31.5436,77.8519,Regional geophysical context only. 73 unique values across entire study area. GRAIL (10km/px) cannot discriminate between individual candidate regions. Not used in science scoring or accessibility screening.
10057,0.801875,20396.88893219018,9184.13211223694,33.5851,91.8903,Regional geophysical context only. 73 unique values across entire study area. GRAIL (10km/px) cannot discriminate between individual candidate regions. Not used in science scoring or accessibility screening.
10065,0.128125,-30593.18292682927,8671.719512195123,162.995,83.983,Regional geophysical context only. 73 unique values across entire study area. GRAIL (10km/px) cannot discriminate between individual candidate regions. Not used in science scoring or accessibility screening.
10074,0.171875,-33661.13636363637,8562.409090909088,162.995,83.983,Regional geophysical context only. 73 unique values across entire study area. GRAIL (10km/px) cannot discriminate between individual candidate regions. Not used in science scoring or accessibility screening.
10090,0.2475,26021.59595959596,8598.164141414141,25.3927,84.5067,Regional geophysical context only. 73 unique values across entire study area. GRAIL (10km/px) cannot discriminate between individual candidate regions. Not used in science scoring or accessibility screening.
10091,0.09875,29325.1329113924,8625.0253164557,25.3927,84.5067,Regional geophysical context only. 73 unique values across entire study area. GRAIL (10km/px) cannot discriminate between individual candidate regions. Not used in science scoring or accessibility screening.
10101,0.22125,25132.9745762712,8587.505649717517,25.3927,84.5067,Regional geophysical context only. 73 unique values across entire study area. GRAIL (10km/px) cannot discriminate between individual candidate regions. Not used in science scoring or accessibility screening.
10103,0.21,-42445.51488095238,8701.020833333328,124.8132,107.6433,Regional geophysical context only. 73 unique values across entire study area. GRAIL (10km/px) cannot discriminate between individual candidate regions. Not used in science scoring or accessibility screening.
10112,0.154375,25559.41902834008,8478.435222672066,25.3927,84.5067,Regional geophysical context only. 73 unique values across entire study area. GRAIL (10km/px) cannot discriminate between individual candidate regions. Not used in science scoring or accessibility screening.
10151,0.159375,4475.2843137254895,8333.539215686273,85.0522,75.7671,Regional geophysical context only. 73 unique values across entire study area. GRAIL (10km/px) cannot discriminate between individual candidate regions. Not used in science scoring or accessibility screening.
10155,0.139375,-41673.48206278027,8565.522421524664,124.8132,107.6433,Regional geophysical context only. 73 unique values across entire study area. GRAIL (10km/px) cannot discriminate between individual candidate regions. Not used in science scoring or accessibility screening.
10169,0.09375,20442.83333333333,8407.166666666664,33.5851,91.8903,Regional geophysical context only. 73 unique values across entire study area. GRAIL (10km/px) cannot discriminate between individual candidate regions. Not used in science scoring or accessibility screening.
10189,0.109375,-42081.07142857143,8386.5,124.8132,107.6433,Regional geophysical context only. 73 unique values across entire study area. GRAIL (10km/px) cannot discriminate between individual candidate regions. Not used in science scoring or accessibility screening.
10234,1.54625,-19072.003637833463,8546.8116410671,50.752,65.3557,Regional geophysical context only. 73 unique values across entire study area. GRAIL (10km/px) cannot discriminate between individual candidate regions. Not used in science scoring or accessibility screening.
10240,0.250625,39850.310473815465,8054.053615960103,31.5436,77.8519,Regional geophysical context only. 73 unique values across entire study area. GRAIL (10km/px) cannot discriminate between individual candidate regions. Not used in science scoring or accessibility screening.
10250,0.399375,-41363.95852895149,8397.526604068858,124.8132,107.6433,Regional geophysical context only. 73 unique values across entire study area. GRAIL (10km/px) cannot discriminate between individual candidate regions. Not used in science scoring or accessibility screening.
10264,0.29625,35762.0,8434.466244725743,31.5436,77.8519,Regional geophysical context only. 73 unique values across entire study area. GRAIL (10km/px) cannot discriminate between individual candidate regions. Not used in science scoring or accessibility screening.
10385,0.103125,31987.378787878784,7993.227272727272,25.3927,84.5067,Regional geophysical context only. 73 unique values across entire study area. GRAIL (10km/px) cannot discriminate between individual candidate regions. Not used in science scoring or accessibility screening.
10386,0.130625,33464.09330143541,8012.342105263153,25.3927,84.5067,Regional geophysical context only. 73 unique values across entire study area. GRAIL (10km/px) cannot discriminate between individual candidate regions. Not used in science scoring or accessibility screening.
10387,0.08625,39275.58695652174,7904.485507246376,31.5436,77.8519,Regional geophysical context only. 73 unique values across entire study area. GRAIL (10km/px) cannot discriminate between individual candidate regions. Not used in science scoring or accessibility screening.
10415,1.00375,-18362.984433374844,7827.352428393526,50.752,65.3557,Regional geophysical context only. 73 unique values across entire study area. GRAIL (10km/px) cannot discriminate between individual candidate regions. Not used in science scoring or accessibility screening.
10444,0.225625,-19165.389196675897,7586.303324099717,50.752,65.3557,Regional geophysical context only. 73 unique values across entire study area. GRAIL (10km/px) cannot discriminate between individual candidate regions. Not used in science scoring or accessibility screening.
10501,0.533125,25280.478898007044,7412.106096131298,25.3927,84.5067,Regional geophysical context only. 73 unique values across entire study area. GRAIL (10km/px) cannot discriminate between individual candidate regions. Not used in science scoring or accessibility screening.
10503,0.456875,32996.285225718195,7702.312585499319,25.3927,84.5067,Regional geophysical context only. 73 unique values across entire study area. GRAIL (10km/px) cannot discriminate between individual candidate regions. Not used in science scoring or accessibility screening.
10515,0.39125,25629.89137380192,7814.397763578272,25.3927,84.5067,Regional geophysical context only. 73 unique values across entire study area. GRAIL (10km/px) cannot discriminate between individual candidate regions. Not used in science scoring or accessibility screening.
10657,0.341875,-7972.712065813524,6969.42138939671,0.5626,56.8385,Regional geophysical context only. 73 unique values across entire study area. GRAIL (10km/px) cannot discriminate between individual candidate regions. Not used in science scoring or accessibility screening.
10704,0.113125,25286.654696132595,6904.919889502766,25.3927,84.5067,Regional geophysical context only. 73 unique values across entire study area. GRAIL (10km/px) cannot discriminate between individual candidate regions. Not used in science scoring or accessibility screening.
10718,0.269375,-44315.69721577726,6758.098607888634,124.8132,107.6433,Regional geophysical context only. 73 unique values across entire study area. GRAIL (10km/px) cannot discriminate between individual candidate regions. Not used in science scoring or accessibility screening.
10753,0.55875,19242.900447427288,7314.314317673379,33.5851,91.8903,Regional geophysical context only. 73 unique values across entire study area. GRAIL (10km/px) cannot discriminate between individual candidate regions. Not used in science scoring or accessibility screening.
10761,0.1625,-34628.480769230766,6966.653846153844,162.995,83.983,Regional geophysical context only. 73 unique values across entire study area. GRAIL (10km/px) cannot discriminate between individual candidate regions. Not used in science scoring or accessibility screening.
10771,0.264375,43738.68439716313,7187.970449172579,31.5436,77.8519,Regional geophysical context only. 73 unique values across entire study area. GRAIL (10km/px) cannot discriminate between individual candidate regions. Not used in science scoring or accessibility screening.
10790,0.12,43503.66666666666,6918.9895833333285,31.5436,77.8519,Regional geophysical context only. 73 unique values across entire study area. GRAIL (10km/px) cannot discriminate between individual candidate regions. Not used in science scoring or accessibility screening.
10803,1.135,33238.61068281939,6418.313876651984,25.3927,84.5067,Regional geophysical context only. 73 unique values across entire study area. GRAIL (10km/px) cannot discriminate between individual candidate regions. Not used in science scoring or accessibility screening.
10806,0.458125,-25301.01159618008,6690.745566166443,50.752,65.3557,Regional geophysical context only. 73 unique values across entire study area. GRAIL (10km/px) cannot discriminate between individual candidate regions. Not used in science scoring or accessibility screening.
10854,0.08125,36614.884615384624,6922.807692307695,31.5436,77.8519,Regional geophysical context only. 73 unique values across entire study area. GRAIL (10km/px) cannot discriminate between individual candidate regions. Not used in science scoring or accessibility screening.
10934,0.768125,32244.8213995118,6662.176159479255,25.3927,84.5067,Regional geophysical context only. 73 unique values across entire study area. GRAIL (10km/px) cannot discriminate between individual candidate regions. Not used in science scoring or accessibility screening.
10986,0.163125,26303.52298850575,6604.714559386972,25.3927,84.5067,Regional geophysical context only. 73 unique values across entire study area. GRAIL (10km/px) cannot discriminate between individual candidate regions. Not used in science scoring or accessibility screening.
10987,0.125625,33684.57462686568,6379.604477611938,25.3927,84.5067,Regional geophysical context only. 73 unique values across entire study area. GRAIL (10km/px) cannot discriminate between individual candidate regions. Not used in science scoring or accessibility screening.
11002,0.375625,-24040.59983361065,6500.832778702163,50.752,65.3557,Regional geophysical context only. 73 unique values across entire study area. GRAIL (10km/px) cannot discriminate between individual candidate regions. Not used in science scoring or accessibility screening.
11008,0.205,39604.75914634146,6295.850609756097,31.5436,77.8519,Regional geophysical context only. 73 unique values across entire study area. GRAIL (10km/px) cannot discriminate between individual candidate regions. Not used in science scoring or accessibility screening.
11029,0.445625,31091.330294530155,6217.154978962135,25.3927,84.5067,Regional geophysical context only. 73 unique values across entire study area. GRAIL (10km/px) cannot discriminate between individual candidate regions. Not used in science scoring or accessibility screening.
11054,0.096875,37965.467741935485,6221.629032258061,31.5436,77.8519,Regional geophysical context only. 73 unique values across entire study area. GRAIL (10km/px) cannot discriminate between individual candidate regions. Not used in science scoring or accessibility screening.
11060,0.32375,33938.49613899614,6161.310810810814,25.3927,84.5067,Regional geophysical context only. 73 unique values across entire study area. GRAIL (10km/px) cannot discriminate between individual candidate regions. Not used in science scoring or accessibility screening.
11074,0.63375,28487.41913214989,6550.105522682447,25.3927,84.5067,Regional geophysical context only. 73 unique values across entire study area. GRAIL (10km/px) cannot discriminate between individual candidate regions. Not used in science scoring or accessibility screening.
11084,0.10125,40050.11728395062,6217.01234567901,31.5436,77.8519,Regional geophysical context only. 73 unique values across entire study area. GRAIL (10km/px) cannot discriminate between individual candidate regions. Not used in science scoring or accessibility screening.
11101,0.25,31881.25,5940.0625,25.3927,84.5067,Regional geophysical context only. 73 unique values across entire study area. GRAIL (10km/px) cannot discriminate between individual candidate regions. Not used in science scoring or accessibility screening.
11110,0.863125,26518.833816075305,5896.734612599568,25.3927,84.5067,Regional geophysical context only. 73 unique values across entire study area. GRAIL (10km/px) cannot discriminate between individual candidate regions. Not used in science scoring or accessibility screening.
11112,0.81125,41162.0,5896.956086286591,31.5436,77.8519,Regional geophysical context only. 73 unique values across entire study area. GRAIL (10km/px) cannot discriminate between individual candidate regions. Not used in science scoring or accessibility screening.
11147,0.26875,-30059.162790697672,6035.965116279069,162.995,83.983,Regional geophysical context only. 73 unique values across entire study area. GRAIL (10km/px) cannot discriminate between individual candidate regions. Not used in science scoring or accessibility screening.
11159,0.080625,39691.94186046512,6054.375968992244,31.5436,77.8519,Regional geophysical context only. 73 unique values across entire study area. GRAIL (10km/px) cannot discriminate between individual candidate regions. Not used in science scoring or accessibility screening.
11257,0.33375,30707.73970037453,5558.037453183526,25.3927,84.5067,Regional geophysical context only. 73 unique values across entire study area. GRAIL (10km/px) cannot discriminate between individual candidate regions. Not used in science scoring or accessibility screening.
11258,0.349375,31365.28711985689,5869.730769230766,25.3927,84.5067,Regional geophysical context only. 73 unique values across entire study area. GRAIL (10km/px) cannot discriminate between individual candidate regions. Not used in science scoring or accessibility screening.
11270,0.291875,35671.5556745182,5899.108137044968,31.5436,77.8519,Regional geophysical context only. 73 unique values across entire study area. GRAIL (10km/px) cannot discriminate between individual candidate regions. Not used in science scoring or accessibility screening.
11301,0.4125,39176.81060606061,5778.265151515152,31.5436,77.8519,Regional geophysical context only. 73 unique values across entire study area. GRAIL (10km/px) cannot discriminate between individual candidate regions. Not used in science scoring or accessibility screening.
11306,0.215,-20468.23255813953,5453.625,131.1381,81.2218,Regional geophysical context only. 73 unique values across entire study area. GRAIL (10km/px) cannot discriminate between individual candidate regions. Not used in science scoring or accessibility screening.
11321,0.2125,34030.67647058822,5594.691176470587,25.3927,84.5067,Regional geophysical context only. 73 unique values across entire study area. GRAIL (10km/px) cannot discriminate between individual candidate regions. Not used in science scoring or accessibility screening.
11333,0.174375,42657.29569892473,5479.71146953405,63.3495,86.7715,Regional geophysical context only. 73 unique values across entire study area. GRAIL (10km/px) cannot discriminate between individual candidate regions. Not used in science scoring or accessibility screening.
11352,0.26,-20051.28125,5506.870192307688,50.752,65.3557,Regional geophysical context only. 73 unique values across entire study area. GRAIL (10km/px) cannot discriminate between individual candidate regions. Not used in science scoring or accessibility screening.
11381,0.88,27713.3671875,5798.884232954544,25.3927,84.5067,Regional geophysical context only. 73 unique values across entire study area. GRAIL (10km/px) cannot discriminate between individual candidate regions. Not used in science scoring or accessibility screening.
11438,1.10375,28786.377123442813,5405.936013590035,66.0189,90.6798,Regional geophysical context only. 73 unique values across entire study area. GRAIL (10km/px) cannot discriminate between individual candidate regions. Not used in science scoring or accessibility screening.
11460,0.484375,39078.14516129032,5288.080645161288,63.3495,86.7715,Regional geophysical context only. 73 unique values across entire study area. GRAIL (10km/px) cannot discriminate between individual candidate regions. Not used in science scoring or accessibility screening.
11559,1.78875,26077.959119496853,4220.363731656187,66.0189,90.6798,Regional geophysical context only. 73 unique values across entire study area. GRAIL (10km/px) cannot discriminate between individual candidate regions. Not used in science scoring or accessibility screening.
11634,0.33875,-4378.313653136531,4484.771217712179,87.7915,75.1252,Regional geophysical context only. 73 unique values across entire study area. GRAIL (10km/px) cannot discriminate between individual candidate regions. Not used in science scoring or accessibility screening.
11661,0.32625,39721.00383141762,4801.649425287353,63.3495,86.7715,Regional geophysical context only. 73 unique values across entire study area. GRAIL (10km/px) cannot discriminate between individual candidate regions. Not used in science scoring or accessibility screening.
11778,0.156875,-42807.27290836653,4248.408366533862,35.5577,101.3636,Regional geophysical context only. 73 unique values across entire study area. GRAIL (10km/px) cannot discriminate between individual candidate regions. Not used in science scoring or accessibility screening.
11833,0.12125,41171.79381443298,4216.737113402065,63.3495,86.7715,Regional geophysical context only. 73 unique values across entire study area. GRAIL (10km/px) cannot discriminate between individual candidate regions. Not used in science scoring or accessibility screening.
11869,0.518125,25596.03196622437,3917.538600723769,66.0189,90.6798,Regional geophysical context only. 73 unique values across entire study area. GRAIL (10km/px) cannot discriminate between individual candidate regions. Not used in science scoring or accessibility screening.
11881,0.188125,42394.35049833887,3761.131229235878,63.3495,86.7715,Regional geophysical context only. 73 unique values across entire study area. GRAIL (10km/px) cannot discriminate between individual candidate regions. Not used in science scoring or accessibility screening.
11898,0.27,31241.050925925927,4023.2430555555534,66.0189,90.6798,Regional geophysical context only. 73 unique values across entire study area. GRAIL (10km/px) cannot discriminate between individual candidate regions. Not used in science scoring or accessibility screening.
11927,0.19,-43723.11513157895,3825.74671052632,35.5577,101.3636,Regional geophysical context only. 73 unique values across entire study area. GRAIL (10km/px) cannot discriminate between individual candidate regions. Not used in science scoring or accessibility screening.
11939,1.043125,36877.51078490114,3413.366986219291,63.3495,86.7715,Regional geophysical context only. 73 unique values across entire study area. GRAIL (10km/px) cannot discriminate between individual candidate regions. Not used in science scoring or accessibility screening.
11943,0.1025,-30271.53658536585,3791.658536585368,197.9616,97.7418,Regional geophysical context only. 73 unique values across entire study area. GRAIL (10km/px) cannot discriminate between individual candidate regions. Not used in science scoring or accessibility screening.
11955,0.12875,-4497.22330097088,3783.873786407763,87.7915,75.1252,Regional geophysical context only. 73 unique values across entire study area. GRAIL (10km/px) cannot discriminate between individual candidate regions. Not used in science scoring or accessibility screening.
11964,0.27875,4871.0246636771335,3570.7354260089705,115.8281,80.8172,Regional geophysical context only. 73 unique values across entire study area. GRAIL (10km/px) cannot discriminate between individual candidate regions. Not used in science scoring or accessibility screening.
11972,0.23875,33993.08638743455,3720.198952879582,66.0189,90.6798,Regional geophysical context only. 73 unique values across entire study area. GRAIL (10km/px) cannot discriminate between individual candidate regions. Not used in science scoring or accessibility screening.
11994,0.434375,26748.13309352517,3636.147482014392,66.0189,90.6798,Regional geophysical context only. 73 unique values across entire study area. GRAIL (10km/px) cannot discriminate between individual candidate regions. Not used in science scoring or accessibility screening.
11996,0.16125,39113.5503875969,3702.5348837209312,63.3495,86.7715,Regional geophysical context only. 73 unique values across entire study area. GRAIL (10km/px) cannot discriminate between individual candidate regions. Not used in science scoring or accessibility screening.
12006,0.474375,-15128.036231884056,3199.347167325432,121.4156,78.1985,Regional geophysical context only. 73 unique values across entire study area. GRAIL (10km/px) cannot discriminate between individual candidate regions. Not used in science scoring or accessibility screening.
12012,0.554375,27830.9261555806,3249.372604284108,66.0189,90.6798,Regional geophysical context only. 73 unique values across entire study area. GRAIL (10km/px) cannot discriminate between individual candidate regions. Not used in science scoring or accessibility screening.
12013,0.19125,30818.04575163398,3586.6928104575127,66.0189,90.6798,Regional geophysical context only. 73 unique values across entire study area. GRAIL (10km/px) cannot discriminate between individual candidate regions. Not used in science scoring or accessibility screening.
12056,0.1825,-41590.39726027397,3518.993150684932,35.5577,101.3636,Regional geophysical context only. 73 unique values across entire study area. GRAIL (10km/px) cannot discriminate between individual candidate regions. Not used in science scoring or accessibility screening.
12057,0.083125,-40929.44736842105,3547.3045112781983,35.5577,101.3636,Regional geophysical context only. 73 unique values across entire study area. GRAIL (10km/px) cannot discriminate between individual candidate regions. Not used in science scoring or accessibility screening.
12091,0.5,38845.71875,3213.5625,63.3495,86.7715,Regional geophysical context only. 73 unique values across entire study area. GRAIL (10km/px) cannot discriminate between individual candidate regions. Not used in science scoring or accessibility screening.
12094,0.131875,11763.007109004742,3261.4004739336524,115.8281,80.8172,Regional geophysical context only. 73 unique values across entire study area. GRAIL (10km/px) cannot discriminate between individual candidate regions. Not used in science scoring or accessibility screening.
12130,0.2525,28221.59158415842,3025.561881188114,66.0189,90.6798,Regional geophysical context only. 73 unique values across entire study area. GRAIL (10km/px) cannot discriminate between individual candidate regions. Not used in science scoring or accessibility screening.
12139,1.29375,39969.04106280193,2620.016908212565,63.3495,86.7715,Regional geophysical context only. 73 unique values across entire study area. GRAIL (10km/px) cannot discriminate between individual candidate regions. Not used in science scoring or accessibility screening.
12157,0.88,28703.9921875,3029.867897727272,66.0189,90.6798,Regional geophysical context only. 73 unique values across entire study area. GRAIL (10km/px) cannot discriminate between individual candidate regions. Not used in science scoring or accessibility screening.
12164,0.164375,39396.36311787073,3265.5190114068464,63.3495,86.7715,Regional geophysical context only. 73 unique values across entire study area. GRAIL (10km/px) cannot discriminate between individual candidate regions. Not used in science scoring or accessibility screening.
12167,0.304375,-15848.44661190965,3047.625256673513,131.1381,81.2218,Regional geophysical context only. 73 unique values across entire study area. GRAIL (10km/px) cannot discriminate between individual candidate regions. Not used in science scoring or accessibility screening.
12191,0.155,40415.62903225806,3281.951612903227,63.3495,86.7715,Regional geophysical context only. 73 unique values across entire study area. GRAIL (10km/px) cannot discriminate between individual candidate regions. Not used in science scoring or accessibility screening.
12252,0.241875,-4504.440568475453,2982.347545219636,87.7915,75.1252,Regional geophysical context only. 73 unique values across entire study area. GRAIL (10km/px) cannot discriminate between individual candidate regions. Not used in science scoring or accessibility screening.
12264,2.288125,30051.316443594653,2687.8190385140697,66.0189,90.6798,Regional geophysical context only. 73 unique values across entire study area. GRAIL (10km/px) cannot discriminate between individual candidate regions. Not used in science scoring or accessibility screening.
12265,0.25125,38664.611940298506,2732.340796019904,63.3495,86.7715,Regional geophysical context only. 73 unique values across entire study area. GRAIL (10km/px) cannot discriminate between individual candidate regions. Not used in science scoring or accessibility screening.
12269,0.109375,-4254.785714285717,2821.2142857142826,87.7915,75.1252,Regional geophysical context only. 73 unique values across entire study area. GRAIL (10km/px) cannot discriminate between individual candidate regions. Not used in science scoring or accessibility screening.
12271,1.703125,24035.46330275229,3364.490825688073,109.6418,85.181,Regional geophysical context only. 73 unique values across entire study area. GRAIL (10km/px) cannot discriminate between individual candidate regions. Not used in science scoring or accessibility screening.
12317,0.36625,11622.025597269623,2911.2081911262794,115.8281,80.8172,Regional geophysical context only. 73 unique values across entire study area. GRAIL (10km/px) cannot discriminate between individual candidate regions. Not used in science scoring or accessibility screening.
12321,0.45375,25764.823691460057,2655.871900826445,66.0189,90.6798,Regional geophysical context only. 73 unique values across entire study area. GRAIL (10km/px) cannot discriminate between individual candidate regions. Not used in science scoring or accessibility screening.
12422,0.16,32740.61328125,2300.59765625,66.0189,90.6798,Regional geophysical context only. 73 unique values across entire study area. GRAIL (10km/px) cannot discriminate between individual candidate regions. Not used in science scoring or accessibility screening.
12423,0.158125,33148.80830039526,2305.5395256916963,66.0189,90.6798,Regional geophysical context only. 73 unique values across entire study area. GRAIL (10km/px) cannot discriminate between individual candidate regions. Not used in science scoring or accessibility screening.
12448,0.380625,-42119.13711001642,1915.319376026273,35.5577,101.3636,Regional geophysical context only. 73 unique values across entire study area. GRAIL (10km/px) cannot discriminate between individual candidate regions. Not used in science scoring or accessibility screening.
12480,0.188125,-15428.988372093025,1988.2076411960152,121.4156,78.1985,Regional geophysical context only. 73 unique values across entire study area. GRAIL (10km/px) cannot discriminate between individual candidate regions. Not used in science scoring or accessibility screening.
12488,0.166875,-12586.267790262173,2268.38389513109,121.4156,78.1985,Regional geophysical context only. 73 unique values across entire study area. GRAIL (10km/px) cannot discriminate between individual candidate regions. Not used in science scoring or accessibility screening.
12499,0.0825,-33420.38636363637,2194.439393939392,197.9616,97.7418,Regional geophysical context only. 73 unique values across entire study area. GRAIL (10km/px) cannot discriminate between individual candidate regions. Not used in science scoring or accessibility screening.
12520,0.0875,-29888.89285714286,1999.0714285714275,197.9616,97.7418,Regional geophysical context only. 73 unique values across entire study area. GRAIL (10km/px) cannot discriminate between individual candidate regions. Not used in science scoring or accessibility screening.
12537,0.115,13362.543478260872,2023.4619565217365,115.8281,80.8172,Regional geophysical context only. 73 unique values across entire study area. GRAIL (10km/px) cannot discriminate between individual candidate regions. Not used in science scoring or accessibility screening.
12550,0.149375,31378.26569037656,1835.12343096234,66.0189,90.6798,Regional geophysical context only. 73 unique values across entire study area. GRAIL (10km/px) cannot discriminate between individual candidate regions. Not used in science scoring or accessibility screening.
12553,0.231875,-43978.667115902965,1999.4218328841016,35.5577,101.3636,Regional geophysical context only. 73 unique values across entire study area. GRAIL (10km/px) cannot discriminate between individual candidate regions. Not used in science scoring or accessibility screening.
12612,0.1525,22858.41393442624,1692.9180327868817,109.6418,85.181,Regional geophysical context only. 73 unique values across entire study area. GRAIL (10km/px) cannot discriminate between individual candidate regions. Not used in science scoring or accessibility screening.
12620,0.171875,43511.86363636363,1659.045454545456,63.3495,86.7715,Regional geophysical context only. 73 unique values across entire study area. GRAIL (10km/px) cannot discriminate between individual candidate regions. Not used in science scoring or accessibility screening.
12643,0.09625,-14133.12987012987,1697.0909090909045,121.4156,78.1985,Regional geophysical context only. 73 unique values across entire study area. GRAIL (10km/px) cannot discriminate between individual candidate regions. Not used in science scoring or accessibility screening.
12669,0.6575,31917.08555133079,1697.363117870722,66.0189,90.6798,Regional geophysical context only. 73 unique values across entire study area. GRAIL (10km/px) cannot discriminate between individual candidate regions. Not used in science scoring or accessibility screening.
12671,0.183125,-42793.07679180888,1295.3805460750882,35.5577,101.3636,Regional geophysical context only. 73 unique values across entire study area. GRAIL (10km/px) cannot discriminate between individual candidate regions. Not used in science scoring or accessibility screening.
12681,0.525,24398.33928571429,1647.732142857145,109.6418,85.181,Regional geophysical context only. 73 unique values across entire study area. GRAIL (10km/px) cannot discriminate between individual candidate regions. Not used in science scoring or accessibility screening.
12711,1.574375,-14973.316593886462,1342.3221516474805,121.4156,78.1985,Regional geophysical context only. 73 unique values across entire study area. GRAIL (10km/px) cannot discriminate between individual candidate regions. Not used in science scoring or accessibility screening.
12713,0.313125,-44428.743512974055,1173.454091816362,35.5577,101.3636,Regional geophysical context only. 73 unique values across entire study area. GRAIL (10km/px) cannot discriminate between individual candidate regions. Not used in science scoring or accessibility screening.
12727,0.20375,-38060.23926380368,1024.503067484664,35.5577,101.3636,Regional geophysical context only. 73 unique values across entire study area. GRAIL (10km/px) cannot discriminate between individual candidate regions. Not used in science scoring or accessibility screening.
12757,0.560625,-43809.251393534,936.508918617612,35.5577,101.3636,Regional geophysical context only. 73 unique values across entire study area. GRAIL (10km/px) cannot discriminate between individual candidate regions. Not used in science scoring or accessibility screening.
12758,1.12625,-40467.0371809101,1688.6243063263028,35.5577,101.3636,Regional geophysical context only. 73 unique values across entire study area. GRAIL (10km/px) cannot discriminate between individual candidate regions. Not used in science scoring or accessibility screening.
12790,0.1275,42636.75490196078,1120.23039215686,63.3495,86.7715,Regional geophysical context only. 73 unique values across entire study area. GRAIL (10km/px) cannot discriminate between individual candidate regions. Not used in science scoring or accessibility screening.
12802,0.889375,-41755.875966268446,1277.7663387210123,35.5577,101.3636,Regional geophysical context only. 73 unique values across entire study area. GRAIL (10km/px) cannot discriminate between individual candidate regions. Not used in science scoring or accessibility screening.
12835,1.14375,-41701.10109289618,470.6775956284182,35.5577,101.3636,Regional geophysical context only. 73 unique values across entire study area. GRAIL (10km/px) cannot discriminate between individual candidate regions. Not used in science scoring or accessibility screening.
12843,0.983125,29015.79052765417,983.6055308327996,66.0189,90.6798,Regional geophysical context only. 73 unique values across entire study area. GRAIL (10km/px) cannot discriminate between individual candidate regions. Not used in science scoring or accessibility screening.
12900,0.3875,40981.35483870968,660.7419354838712,63.3495,86.7715,Regional geophysical context only. 73 unique values across entire study area. GRAIL (10km/px) cannot discriminate between individual candidate regions. Not used in science scoring or accessibility screening.
12924,0.08,30780.5546875,645.421875,66.0189,90.6798,Regional geophysical context only. 73 unique values across entire study area. GRAIL (10km/px) cannot discriminate between individual candidate regions. Not used in science scoring or accessibility screening.
12925,0.183125,32466.05290102388,363.8959044368603,66.0189,90.6798,Regional geophysical context only. 73 unique values across entire study area. GRAIL (10km/px) cannot discriminate between individual candidate regions. Not used in science scoring or accessibility screening.
12935,0.145,24879.887931034493,443.7112068965507,66.0189,90.6798,Regional geophysical context only. 73 unique values across entire study area. GRAIL (10km/px) cannot discriminate between individual candidate regions. Not used in science scoring or accessibility screening.
12942,0.300625,27548.82432432432,481.113305613304,66.0189,90.6798,Regional geophysical context only. 73 unique values across entire study area. GRAIL (10km/px) cannot discriminate between individual candidate regions. Not used in science scoring or accessibility screening.
12947,0.481875,43934.77885862517,891.6802853437111,63.3495,86.7715,Regional geophysical context only. 73 unique values across entire study area. GRAIL (10km/px) cannot discriminate between individual candidate regions. Not used in science scoring or accessibility screening.
12985,0.549375,26120.40443686006,595.4374288964755,66.0189,90.6798,Regional geophysical context only. 73 unique values across entire study area. GRAIL (10km/px) cannot discriminate between individual candidate regions. Not used in science scoring or accessibility screening.
13008,0.451875,28250.295297372068,490.1957123098255,66.0189,90.6798,Regional geophysical context only. 73 unique values across entire study area. GRAIL (10km/px) cannot discriminate between individual candidate regions. Not used in science scoring or accessibility screening.
13024,0.3425,-42467.42518248176,204.468978102188,35.5577,101.3636,Regional geophysical context only. 73 unique values across entire study area. GRAIL (10km/px) cannot discriminate between individual candidate regions. Not used in science scoring or accessibility screening.
13043,1.868125,32968.059718969555,134.1316493810591,66.0189,90.6798,Regional geophysical context only. 73 unique values across entire study area. GRAIL (10km/px) cannot discriminate between individual candidate regions. Not used in science scoring or accessibility screening.
13055,1.883125,-39553.0307002987,156.74792565549433,35.5577,101.3636,Regional geophysical context only. 73 unique values across entire study area. GRAIL (10km/px) cannot discriminate between individual candidate regions. Not used in science scoring or accessibility screening.
13098,0.088125,29779.46453900709,68.76241134751763,66.0189,90.6798,Regional geophysical context only. 73 unique values across entire study area. GRAIL (10km/px) cannot discriminate between individual candidate regions. Not used in science scoring or accessibility screening.
13099,1.011875,40893.61673872761,-92.72112415071024,63.3495,86.7715,Regional geophysical context only. 73 unique values across entire study area. GRAIL (10km/px) cannot discriminate between individual candidate regions. Not used in science scoring or accessibility screening.
13115,0.186875,-40852.84113712375,-104.93478260869595,35.5577,101.3636,Regional geophysical context only. 73 unique values across entire study area. GRAIL (10km/px) cannot discriminate between individual candidate regions. Not used in science scoring or accessibility screening.
13141,0.670625,-43002.38723205964,80.95200372787076,35.5577,101.3636,Regional geophysical context only. 73 unique values across entire study area. GRAIL (10km/px) cannot discriminate between individual candidate regions. Not used in science scoring or accessibility screening.
13146,0.31125,41350.905622489954,-356.07630522087857,63.3495,86.7715,Regional geophysical context only. 73 unique values across entire study area. GRAIL (10km/px) cannot discriminate between individual candidate regions. Not used in science scoring or accessibility screening.
13159,0.905,27131.941298342543,-86.896408839777,66.0189,90.6798,Regional geophysical context only. 73 unique values across entire study area. GRAIL (10km/px) cannot discriminate between individual candidate regions. Not used in science scoring or accessibility screening.
13163,0.138125,-22329.798642533937,-394.6357466063346,131.1381,81.2218,Regional geophysical context only. 73 unique values across entire study area. GRAIL (10km/px) cannot discriminate between individual candidate regions. Not used in science scoring or accessibility screening.
13174,2.513125,34153.73402138772,-292.5925142999258,66.0189,90.6798,Regional geophysical context only. 73 unique values across entire study area. GRAIL (10km/px) cannot discriminate between individual candidate regions. Not used in science scoring or accessibility screening.
13179,0.159375,15717.931372549014,-222.73529411765048,109.6418,85.181,Regional geophysical context only. 73 unique values across entire study area. GRAIL (10km/px) cannot discriminate between individual candidate regions. Not used in science scoring or accessibility screening.
13180,0.140625,34930.05555555555,-319.277777777781,63.3495,86.7715,Regional geophysical context only. 73 unique values across entire study area. GRAIL (10km/px) cannot discriminate between individual candidate regions. Not used in science scoring or accessibility screening.
13201,0.0975,-42341.84615384616,-327.3846153846098,35.5577,101.3636,Regional geophysical context only. 73 unique values across entire study area. GRAIL (10km/px) cannot discriminate between individual candidate regions. Not used in science scoring or accessibility screening.
13202,0.331875,-40657.562146892655,-593.4265536723178,35.5577,101.3636,Regional geophysical context only. 73 unique values across entire study area. GRAIL (10km/px) cannot discriminate between individual candidate regions. Not used in science scoring or accessibility screening.
13214,0.169375,-41081.865313653136,-479.942804428043,35.5577,101.3636,Regional geophysical context only. 73 unique values across entire study area. GRAIL (10km/px) cannot discriminate between individual candidate regions. Not used in science scoring or accessibility screening.
13245,0.100625,-41785.59316770187,-612.2329192546604,35.5577,101.3636,Regional geophysical context only. 73 unique values across entire study area. GRAIL (10km/px) cannot discriminate between individual candidate regions. Not used in science scoring or accessibility screening.
13273,0.166875,40074.5,-763.6385767790271,63.3495,86.7715,Regional geophysical context only. 73 unique values across entire study area. GRAIL (10km/px) cannot discriminate between individual candidate regions. Not used in science scoring or accessibility screening.
13290,0.165,29399.405303030304,-927.625,66.0189,90.6798,Regional geophysical context only. 73 unique values across entire study area. GRAIL (10km/px) cannot discriminate between individual candidate regions. Not used in science scoring or accessibility screening.
13332,0.215,41344.34011627907,-992.450581395351,63.3495,86.7715,Regional geophysical context only. 73 unique values across entire study area. GRAIL (10km/px) cannot discriminate between individual candidate regions. Not used in science scoring or accessibility screening.
13341,0.44,45016.154829545456,-994.741477272728,63.3495,86.7715,Regional geophysical context only. 73 unique values across entire study area. GRAIL (10km/px) cannot discriminate between individual candidate regions. Not used in science scoring or accessibility screening.
13358,0.14875,40533.53361344538,-987.105042016803,63.3495,86.7715,Regional geophysical context only. 73 unique values across entire study area. GRAIL (10km/px) cannot discriminate between individual candidate regions. Not used in science scoring or accessibility screening.
13361,0.439375,-41104.69630156472,-1150.8513513513462,35.5577,101.3636,Regional geophysical context only. 73 unique values across entire study area. GRAIL (10km/px) cannot discriminate between individual candidate regions. Not used in science scoring or accessibility screening.
13365,0.191875,40891.11237785016,-1207.48045602606,63.3495,86.7715,Regional geophysical context only. 73 unique values across entire study area. GRAIL (10km/px) cannot discriminate between individual candidate regions. Not used in science scoring or accessibility screening.
13462,0.133125,-41238.17605633803,-1642.8098591549278,35.5577,101.3636,Regional geophysical context only. 73 unique values across entire study area. GRAIL (10km/px) cannot discriminate between individual candidate regions. Not used in science scoring or accessibility screening.
13470,1.050625,33275.80874479476,-1606.579119571681,66.0189,90.6798,Regional geophysical context only. 73 unique values across entire study area. GRAIL (10km/px) cannot discriminate between individual candidate regions. Not used in science scoring or accessibility screening.
13500,0.459375,32379.5,-1632.7312925170045,66.0189,90.6798,Regional geophysical context only. 73 unique values across entire study area. GRAIL (10km/px) cannot discriminate between individual candidate regions. Not used in science scoring or accessibility screening.
13517,0.2325,-29885.983870967742,-1773.7607526881693,197.9616,97.7418,Regional geophysical context only. 73 unique values across entire study area. GRAIL (10km/px) cannot discriminate between individual candidate regions. Not used in science scoring or accessibility screening.
13583,0.3275,-40451.12022900763,-2251.2175572519045,35.5577,101.3636,Regional geophysical context only. 73 unique values across entire study area. GRAIL (10km/px) cannot discriminate between individual candidate regions. Not used in science scoring or accessibility screening.
13593,0.394375,-38250.93581616482,-2129.492076069735,35.5577,101.3636,Regional geophysical context only. 73 unique values across entire study area. GRAIL (10km/px) cannot discriminate between individual candidate regions. Not used in science scoring or accessibility screening.
13602,0.100625,30550.43167701864,-2045.462732919252,66.0189,90.6798,Regional geophysical context only. 73 unique values across entire study area. GRAIL (10km/px) cannot discriminate between individual candidate regions. Not used in science scoring or accessibility screening.
13603,0.16375,31402.83969465649,-1786.2366412213742,66.0189,90.6798,Regional geophysical context only. 73 unique values across entire study area. GRAIL (10km/px) cannot discriminate between individual candidate regions. Not used in science scoring or accessibility screening.
13608,0.25,31924.0625,-1900.1875,66.0189,90.6798,Regional geophysical context only. 73 unique values across entire study area. GRAIL (10km/px) cannot discriminate between individual candidate regions. Not used in science scoring or accessibility screening.
13631,0.178125,40093.62280701754,-1727.5701754385957,63.3495,86.7715,Regional geophysical context only. 73 unique values across entire study area. GRAIL (10km/px) cannot discriminate between individual candidate regions. Not used in science scoring or accessibility screening.
13632,0.16625,40723.27819548872,-1946.8684210526333,63.3495,86.7715,Regional geophysical context only. 73 unique values across entire study area. GRAIL (10km/px) cannot discriminate between individual candidate regions. Not used in science scoring or accessibility screening.
13637,0.2775,-39649.43018018018,-2029.454954954956,35.5577,101.3636,Regional geophysical context only. 73 unique values across entire study area. GRAIL (10km/px) cannot discriminate between individual candidate regions. Not used in science scoring or accessibility screening.
13683,0.900625,-23941.894864677302,-1776.8074253990271,131.1381,81.2218,Regional geophysical context only. 73 unique values across entire study area. GRAIL (10km/px) cannot discriminate between individual candidate regions. Not used in science scoring or accessibility screening.
13699,0.20375,-43397.509202453984,-2303.0276073619607,35.5577,101.3636,Regional geophysical context only. 73 unique values across entire study area. GRAIL (10km/px) cannot discriminate between individual candidate regions. Not used in science scoring or accessibility screening.
13707,0.889375,-40127.09873506676,-2678.066408995081,35.5577,101.3636,Regional geophysical context only. 73 unique values across entire study area. GRAIL (10km/px) cannot discriminate between individual candidate regions. Not used in science scoring or accessibility screening.
13732,0.143125,41699.93668122271,-2503.866812227076,63.3495,86.7715,Regional geophysical context only. 73 unique values across entire study area. GRAIL (10km/px) cannot discriminate between individual candidate regions. Not used in science scoring or accessibility screening.
13798,0.35625,40425.72807017545,-2846.0350877192977,63.3495,86.7715,Regional geophysical context only. 73 unique values across entire study area. GRAIL (10km/px) cannot discriminate between individual candidate regions. Not used in science scoring or accessibility screening.
13807,1.34875,24742.72289156627,-2869.9355885078767,66.0189,90.6798,Regional geophysical context only. 73 unique values across entire study area. GRAIL (10km/px) cannot discriminate between individual candidate regions. Not used in science scoring or accessibility screening.
13833,0.08375,24332.70895522388,-2773.567164179105,109.6418,85.181,Regional geophysical context only. 73 unique values across entire study area. GRAIL (10km/px) cannot discriminate between individual candidate regions. Not used in science scoring or accessibility screening.
13866,0.119375,-39570.78795811519,-2923.1910994764403,35.5577,101.3636,Regional geophysical context only. 73 unique values across entire study area. GRAIL (10km/px) cannot discriminate between individual candidate regions. Not used in science scoring or accessibility screening.
13883,0.134375,-29453.988372093023,-3219.5,197.9616,97.7418,Regional geophysical context only. 73 unique values across entire study area. GRAIL (10km/px) cannot discriminate between individual candidate regions. Not used in science scoring or accessibility screening.
13898,1.598125,26147.270825185755,-3422.25127102073,66.0189,90.6798,Regional geophysical context only. 73 unique values across entire study area. GRAIL (10km/px) cannot discriminate between individual candidate regions. Not used in science scoring or accessibility screening.
13918,0.376875,-39941.5447761194,-3258.662520729682,35.5577,101.3636,Regional geophysical context only. 73 unique values across entire study area. GRAIL (10km/px) cannot discriminate between individual candidate regions. Not used in science scoring or accessibility screening.
13950,0.09125,-40839.3698630137,-3348.3013698630166,35.5577,101.3636,Regional geophysical context only. 73 unique values across entire study area. GRAIL (10km/px) cannot discriminate between individual candidate regions. Not used in science scoring or accessibility screening.
13963,0.08,17704.1875,-3494.03125,109.6418,85.181,Regional geophysical context only. 73 unique values across entire study area. GRAIL (10km/px) cannot discriminate between individual candidate regions. Not used in science scoring or accessibility screening.
13973,0.125,-42558.875,-3310.0,35.5577,101.3636,Regional geophysical context only. 73 unique values across entire study area. GRAIL (10km/px) cannot discriminate between individual candidate regions. Not used in science scoring or accessibility screening.
14030,0.138125,-41151.970588235294,-3557.5316742081413,35.5577,101.3636,Regional geophysical context only. 73 unique values across entire study area. GRAIL (10km/px) cannot discriminate between individual candidate regions. Not used in science scoring or accessibility screening.
14034,0.319375,27346.66242661448,-3380.4197651663417,66.0189,90.6798,Regional geophysical context only. 73 unique values across entire study area. GRAIL (10km/px) cannot discriminate between individual candidate regions. Not used in science scoring or accessibility screening.
14046,0.4775,-43268.0719895288,-3591.7447643979103,35.5577,101.3636,Regional geophysical context only. 73 unique values across entire study area. GRAIL (10km/px) cannot discriminate between individual candidate regions. Not used in science scoring or accessibility screening.
14052,0.0975,40639.08333333334,-3629.948717948719,63.3495,86.7715,Regional geophysical context only. 73 unique values across entire study area. GRAIL (10km/px) cannot discriminate between individual candidate regions. Not used in science scoring or accessibility screening.
14119,0.651875,-40428.66395014382,-3806.043624161073,35.5577,101.3636,Regional geophysical context only. 73 unique values across entire study area. GRAIL (10km/px) cannot discriminate between individual candidate regions. Not used in science scoring or accessibility screening.
14135,0.1275,7247.049019607846,-4093.004901960783,115.8281,80.8172,Regional geophysical context only. 73 unique values across entire study area. GRAIL (10km/px) cannot discriminate between individual candidate regions. Not used in science scoring or accessibility screening.
14136,0.085,22345.63970588235,-3969.9044117647054,109.6418,85.181,Regional geophysical context only. 73 unique values across entire study area. GRAIL (10km/px) cannot discriminate between individual candidate regions. Not used in science scoring or accessibility screening.
14140,0.685,-39571.91879562044,-3782.255474452555,35.5577,101.3636,Regional geophysical context only. 73 unique values across entire study area. GRAIL (10km/px) cannot discriminate between individual candidate regions. Not used in science scoring or accessibility screening.
14155,0.381875,9855.10556464811,-3956.251227495908,115.8281,80.8172,Regional geophysical context only. 73 unique values across entire study area. GRAIL (10km/px) cannot discriminate between individual candidate regions. Not used in science scoring or accessibility screening.
14169,0.74875,-41765.79632721202,-3751.6285475792974,35.5577,101.3636,Regional geophysical context only. 73 unique values across entire study area. GRAIL (10km/px) cannot discriminate between individual candidate regions. Not used in science scoring or accessibility screening.
14234,0.600625,-29816.108740894902,-3938.417793964618,197.9616,97.7418,Regional geophysical context only. 73 unique values across entire study area. GRAIL (10km/px) cannot discriminate between individual candidate regions. Not used in science scoring or accessibility screening.
14243,0.14625,7248.858974358969,-4484.756410256407,115.8281,80.8172,Regional geophysical context only. 73 unique values across entire study area. GRAIL (10km/px) cannot discriminate between individual candidate regions. Not used in science scoring or accessibility screening.
14249,0.233125,9838.172922252008,-4620.009383378012,-15.0742,77.5565,Regional geophysical context only. 73 unique values across entire study area. GRAIL (10km/px) cannot discriminate between individual candidate regions. Not used in science scoring or accessibility screening.
14289,0.220625,9562.88526912182,-4370.179886685553,115.8281,80.8172,Regional geophysical context only. 73 unique values across entire study area. GRAIL (10km/px) cannot discriminate between individual candidate regions. Not used in science scoring or accessibility screening.
14298,0.165625,-41609.08490566038,-4422.8962264150905,35.5577,101.3636,Regional geophysical context only. 73 unique values across entire study area. GRAIL (10km/px) cannot discriminate between individual candidate regions. Not used in science scoring or accessibility screening.
14329,0.29125,-41264.44849785408,-4634.5321888412,57.7818,98.3332,Regional geophysical context only. 73 unique values across entire study area. GRAIL (10km/px) cannot discriminate between individual candidate regions. Not used in science scoring or accessibility screening.
14364,0.203125,-9305.192307692305,-4638.653846153844,268.3,83.5558,Regional geophysical context only. 73 unique values across entire study area. GRAIL (10km/px) cannot discriminate between individual candidate regions. Not used in science scoring or accessibility screening.
14368,0.158125,35938.92687747035,-4676.27865612648,71.5812,82.9217,Regional geophysical context only. 73 unique values across entire study area. GRAIL (10km/px) cannot discriminate between individual candidate regions. Not used in science scoring or accessibility screening.
14387,0.595,24402.49369747899,-4906.537815126052,159.2376,82.1903,Regional geophysical context only. 73 unique values across entire study area. GRAIL (10km/px) cannot discriminate between individual candidate regions. Not used in science scoring or accessibility screening.
14396,0.16875,5712.648148148153,-5221.444444444445,-15.0742,77.5565,Regional geophysical context only. 73 unique values across entire study area. GRAIL (10km/px) cannot discriminate between individual candidate regions. Not used in science scoring or accessibility screening.
14404,0.10375,-39260.43975903615,-4993.777108433729,57.7818,98.3332,Regional geophysical context only. 73 unique values across entire study area. GRAIL (10km/px) cannot discriminate between individual candidate regions. Not used in science scoring or accessibility screening.
14425,0.149375,7409.541841004182,-4863.307531380749,-15.0742,77.5565,Regional geophysical context only. 73 unique values across entire study area. GRAIL (10km/px) cannot discriminate between individual candidate regions. Not used in science scoring or accessibility screening.
14436,0.674375,-41494.84661723818,-5363.633456904543,57.7818,98.3332,Regional geophysical context only. 73 unique values across entire study area. GRAIL (10km/px) cannot discriminate between individual candidate regions. Not used in science scoring or accessibility screening.
14454,0.215,34804.73255813954,-4821.811046511626,71.5812,82.9217,Regional geophysical context only. 73 unique values across entire study area. GRAIL (10km/px) cannot discriminate between individual candidate regions. Not used in science scoring or accessibility screening.
14485,0.304375,-40872.471252566735,-4998.832648870637,57.7818,98.3332,Regional geophysical context only. 73 unique values across entire study area. GRAIL (10km/px) cannot discriminate between individual candidate regions. Not used in science scoring or accessibility screening.
14498,0.210625,-43872.08753709199,-5054.767062314539,57.7818,98.3332,Regional geophysical context only. 73 unique values across entire study area. GRAIL (10km/px) cannot discriminate between individual candidate regions. Not used in science scoring or accessibility screening.
14524,0.14125,39803.26106194689,-5235.451327433628,71.5812,82.9217,Regional geophysical context only. 73 unique values across entire study area. GRAIL (10km/px) cannot discriminate between individual candidate regions. Not used in science scoring or accessibility screening.
14533,0.15375,-41875.29674796748,-5291.674796747968,57.7818,98.3332,Regional geophysical context only. 73 unique values across entire study area. GRAIL (10km/px) cannot discriminate between individual candidate regions. Not used in science scoring or accessibility screening.
14553,0.24875,7084.675879396978,-5211.057788944723,-15.0742,77.5565,Regional geophysical context only. 73 unique values across entire study area. GRAIL (10km/px) cannot discriminate between individual candidate regions. Not used in science scoring or accessibility screening.
14567,0.1,43229.65625,-5339.8125,71.5812,82.9217,Regional geophysical context only. 73 unique values across entire study area. GRAIL (10km/px) cannot discriminate between individual candidate regions. Not used in science scoring or accessibility screening.
14628,0.379375,-40307.7899505766,-5392.292421746293,57.7818,98.3332,Regional geophysical context only. 73 unique values across entire study area. GRAIL (10km/px) cannot discriminate between individual candidate regions. Not used in science scoring or accessibility screening.
14665,0.100625,-26826.74223602485,-5876.208074534159,117.2382,89.0249,Regional geophysical context only. 73 unique values across entire study area. GRAIL (10km/px) cannot discriminate between individual candidate regions. Not used in science scoring or accessibility screening.
14668,0.389375,25614.989566613163,-5925.503210272873,127.1508,86.7202,Regional geophysical context only. 73 unique values across entire study area. GRAIL (10km/px) cannot discriminate between individual candidate regions. Not used in science scoring or accessibility screening.
14679,0.248125,7113.039042821161,-5868.3287153652345,-15.0742,77.5565,Regional geophysical context only. 73 unique values across entire study area. GRAIL (10km/px) cannot discriminate between individual candidate regions. Not used in science scoring or accessibility screening.
14692,0.098125,39241.6974522293,-5685.168789808915,71.5812,82.9217,Regional geophysical context only. 73 unique values across entire study area. GRAIL (10km/px) cannot discriminate between individual candidate regions. Not used in science scoring or accessibility screening.
14707,0.2475,7892.808080808085,-6084.8535353535335,-15.0742,77.5565,Regional geophysical context only. 73 unique values across entire study area. GRAIL (10km/px) cannot discriminate between individual candidate regions. Not used in science scoring or accessibility screening.
14711,0.285,-40667.44078947369,-5683.54605263158,57.7818,98.3332,Regional geophysical context only. 73 unique values across entire study area. GRAIL (10km/px) cannot discriminate between individual candidate regions. Not used in science scoring or accessibility screening.
14720,0.1175,26213.329787234048,-5796.973404255325,127.1508,86.7202,Regional geophysical context only. 73 unique values across entire study area. GRAIL (10km/px) cannot discriminate between individual candidate regions. Not used in science scoring or accessibility screening.
14732,0.163125,-41802.89463601533,-5915.879310344826,57.7818,98.3332,Regional geophysical context only. 73 unique values across entire study area. GRAIL (10km/px) cannot discriminate between individual candidate regions. Not used in science scoring or accessibility screening.
14734,0.335625,-26203.432960893857,-6021.194599627561,117.2382,89.0249,Regional geophysical context only. 73 unique values across entire study area. GRAIL (10km/px) cannot discriminate between individual candidate regions. Not used in science scoring or accessibility screening.
14742,0.319375,-43027.06555772994,-5786.82876712329,57.7818,98.3332,Regional geophysical context only. 73 unique values across entire study area. GRAIL (10km/px) cannot discriminate between individual candidate regions. Not used in science scoring or accessibility screening.
14750,0.180625,-41129.47923875433,-5889.119377162628,57.7818,98.3332,Regional geophysical context only. 73 unique values across entire study area. GRAIL (10km/px) cannot discriminate between individual candidate regions. Not used in science scoring or accessibility screening.
14756,0.21375,-25222.429824561405,-6040.508771929817,202.389,88.4478,Regional geophysical context only. 73 unique values across entire study area. GRAIL (10km/px) cannot discriminate between individual candidate regions. Not used in science scoring or accessibility screening.
14769,0.329375,-26596.79981024668,-6299.025616698295,117.2382,89.0249,Regional geophysical context only. 73 unique values across entire study area. GRAIL (10km/px) cannot discriminate between individual candidate regions. Not used in science scoring or accessibility screening.
14783,0.29,35449.06896551725,-6095.728448275862,71.5812,82.9217,Regional geophysical context only. 73 unique values across entire study area. GRAIL (10km/px) cannot discriminate between individual candidate regions. Not used in science scoring or accessibility screening.
14803,0.14125,-42512.22566371682,-6140.982300884956,57.7818,98.3332,Regional geophysical context only. 73 unique values across entire study area. GRAIL (10km/px) cannot discriminate between individual candidate regions. Not used in science scoring or accessibility screening.
14805,0.48125,7442.8441558441555,-6196.058441558445,-15.0742,77.5565,Regional geophysical context only. 73 unique values across entire study area. GRAIL (10km/px) cannot discriminate between individual candidate regions. Not used in science scoring or accessibility screening.
14810,0.14875,36345.29831932773,-6083.113445378149,71.5812,82.9217,Regional geophysical context only. 73 unique values across entire study area. GRAIL (10km/px) cannot discriminate between individual candidate regions. Not used in science scoring or accessibility screening.
14820,0.67125,23467.4469273743,-5883.159217877095,159.2376,82.1903,Regional geophysical context only. 73 unique values across entire study area. GRAIL (10km/px) cannot discriminate between individual candidate regions. Not used in science scoring or accessibility screening.
14829,0.335625,27956.203910614524,-6173.848230912474,127.1508,86.7202,Regional geophysical context only. 73 unique values across entire study area. GRAIL (10km/px) cannot discriminate between individual candidate regions. Not used in science scoring or accessibility screening.
14837,0.1325,8236.764150943396,-6357.518867924533,-15.0742,77.5565,Regional geophysical context only. 73 unique values across entire study area. GRAIL (10km/px) cannot discriminate between individual candidate regions. Not used in science scoring or accessibility screening.
14846,0.086875,-2751.0395683453244,-6217.485611510791,64.0351,75.5516,Regional geophysical context only. 73 unique values across entire study area. GRAIL (10km/px) cannot discriminate between individual candidate regions. Not used in science scoring or accessibility screening.
14848,0.220625,40670.60481586402,-6271.950424929186,71.5812,82.9217,Regional geophysical context only. 73 unique values across entire study area. GRAIL (10km/px) cannot discriminate between individual candidate regions. Not used in science scoring or accessibility screening.
14873,0.2625,35013.25,-6734.321428571435,71.5812,82.9217,Regional geophysical context only. 73 unique values across entire study area. GRAIL (10km/px) cannot discriminate between individual candidate regions. Not used in science scoring or accessibility screening.
14886,0.2625,-41267.04761904762,-6342.53571428571,57.7818,98.3332,Regional geophysical context only. 73 unique values across entire study area. GRAIL (10km/px) cannot discriminate between individual candidate regions. Not used in science scoring or accessibility screening.
14891,0.90375,26645.506224066383,-6140.699861687412,127.1508,86.7202,Regional geophysical context only. 73 unique values across entire study area. GRAIL (10km/px) cannot discriminate between individual candidate regions. Not used in science scoring or accessibility screening.
14895,0.31,-25089.5120967742,-6473.189516129038,202.389,88.4478,Regional geophysical context only. 73 unique values across entire study area. GRAIL (10km/px) cannot discriminate between individual candidate regions. Not used in science scoring or accessibility screening.
14906,0.28,10147.267857142857,-6792.915178571435,-15.0742,77.5565,Regional geophysical context only. 73 unique values across entire study area. GRAIL (10km/px) cannot discriminate between individual candidate regions. Not used in science scoring or accessibility screening.
14910,0.093125,-42661.57382550336,-6392.117449664431,57.7818,98.3332,Regional geophysical context only. 73 unique values across entire study area. GRAIL (10km/px) cannot discriminate between individual candidate regions. Not used in science scoring or accessibility screening.
14933,0.309375,8057.631313131307,-6783.641414141413,-15.0742,77.5565,Regional geophysical context only. 73 unique values across entire study area. GRAIL (10km/px) cannot discriminate between individual candidate regions. Not used in science scoring or accessibility screening.
14946,0.78875,-43419.87400950872,-6408.354992076071,57.7818,98.3332,Regional geophysical context only. 73 unique values across entire study area. GRAIL (10km/px) cannot discriminate between individual candidate regions. Not used in science scoring or accessibility screening.
14960,0.49,-42937.330357142855,-6843.409438775503,57.7818,98.3332,Regional geophysical context only. 73 unique values across entire study area. GRAIL (10km/px) cannot discriminate between individual candidate regions. Not used in science scoring or accessibility screening.
14980,0.49625,40348.838790932,-6706.710327455912,71.5812,82.9217,Regional geophysical context only. 73 unique values across entire study area. GRAIL (10km/px) cannot discriminate between individual candidate regions. Not used in science scoring or accessibility screening.
14992,0.108125,41810.91618497109,-6677.96820809249,71.5812,82.9217,Regional geophysical context only. 73 unique values across entire study area. GRAIL (10km/px) cannot discriminate between individual candidate regions. Not used in science scoring or accessibility screening.
15008,0.113125,9844.113259668506,-6876.571823204416,-15.0742,77.5565,Regional geophysical context only. 73 unique values across entire study area. GRAIL (10km/px) cannot discriminate between individual candidate regions. Not used in science scoring or accessibility screening.
15010,0.084375,-40574.759259259255,-6795.2407407407445,57.7818,98.3332,Regional geophysical context only. 73 unique values across entire study area. GRAIL (10km/px) cannot discriminate between individual candidate regions. Not used in science scoring or accessibility screening.
15015,0.625625,35754.91958041958,-6962.012487512489,71.5812,82.9217,Regional geophysical context only. 73 unique values across entire study area. GRAIL (10km/px) cannot discriminate between individual candidate regions. Not used in science scoring or accessibility screening.
15056,0.73875,27516.547377326555,-6835.096446700503,127.1508,86.7202,Regional geophysical context only. 73 unique values across entire study area. GRAIL (10km/px) cannot discriminate between individual candidate regions. Not used in science scoring or accessibility screening.
15082,0.626875,-42023.9297108674,-7097.206879361918,57.7818,98.3332,Regional geophysical context only. 73 unique values across entire study area. GRAIL (10km/px) cannot discriminate between individual candidate regions. Not used in science scoring or accessibility screening.
15104,0.088125,32622.54964539007,-7040.634751773054,127.1508,86.7202,Regional geophysical context only. 73 unique values across entire study area. GRAIL (10km/px) cannot discriminate between individual candidate regions. Not used in science scoring or accessibility screening.
15107,0.09375,-44645.333333333336,-7177.666666666664,57.7818,98.3332,Regional geophysical context only. 73 unique values across entire study area. GRAIL (10km/px) cannot discriminate between individual candidate regions. Not used in science scoring or accessibility screening.
15118,0.54875,34453.05922551252,-6754.625284738038,127.1508,86.7202,Regional geophysical context only. 73 unique values across entire study area. GRAIL (10km/px) cannot discriminate between individual candidate regions. Not used in science scoring or accessibility screening.
15119,0.116875,41511.66577540107,-6943.350267379683,71.5812,82.9217,Regional geophysical context only. 73 unique values across entire study area. GRAIL (10km/px) cannot discriminate between individual candidate regions. Not used in science scoring or accessibility screening.
15141,0.218125,-43689.32521489971,-7146.849570200575,57.7818,98.3332,Regional geophysical context only. 73 unique values across entire study area. GRAIL (10km/px) cannot discriminate between individual candidate regions. Not used in science scoring or accessibility screening.
15206,0.08875,7057.950704225354,-7406.3661971831025,-15.0742,77.5565,Regional geophysical context only. 73 unique values across entire study area. GRAIL (10km/px) cannot discriminate between individual candidate regions. Not used in science scoring or accessibility screening.
15212,0.156875,35937.04980079681,-7588.743027888449,71.5812,82.9217,Regional geophysical context only. 73 unique values across entire study area. GRAIL (10km/px) cannot discriminate between individual candidate regions. Not used in science scoring or accessibility screening.
15213,0.3225,40631.08914728682,-7746.980620155031,71.5812,82.9217,Regional geophysical context only. 73 unique values across entire study area. GRAIL (10km/px) cannot discriminate between individual candidate regions. Not used in science scoring or accessibility screening.
15216,0.68625,-43002.594717668486,-7453.689435336979,57.7818,98.3332,Regional geophysical context only. 73 unique values across entire study area. GRAIL (10km/px) cannot discriminate between individual candidate regions. Not used in science scoring or accessibility screening.
15261,0.935625,34206.96492985972,-7554.493319973277,127.1508,86.7202,Regional geophysical context only. 73 unique values across entire study area. GRAIL (10km/px) cannot discriminate between individual candidate regions. Not used in science scoring or accessibility screening.
15278,0.550625,32434.403518728723,-7803.586265607257,127.1508,86.7202,Regional geophysical context only. 73 unique values across entire study area. GRAIL (10km/px) cannot discriminate between individual candidate regions. Not used in science scoring or accessibility screening.
15285,1.356875,25383.70082911101,-7324.3502994012015,127.1508,86.7202,Regional geophysical context only. 73 unique values across entire study area. GRAIL (10km/px) cannot discriminate between individual candidate regions. Not used in science scoring or accessibility screening.
15324,0.38625,6621.708737864079,-7673.205501618118,-15.0742,77.5565,Regional geophysical context only. 73 unique values across entire study area. GRAIL (10km/px) cannot discriminate between individual candidate regions. Not used in science scoring or accessibility screening.
15326,0.1825,-42963.25684931507,-7863.969178082196,57.7818,98.3332,Regional geophysical context only. 73 unique values across entire study area. GRAIL (10km/px) cannot discriminate between individual candidate regions. Not used in science scoring or accessibility screening.
15357,0.29875,34791.39330543933,-8022.041841004182,71.5812,82.9217,Regional geophysical context only. 73 unique values across entire study area. GRAIL (10km/px) cannot discriminate between individual candidate regions. Not used in science scoring or accessibility screening.
15378,1.5875,28185.01181102362,-7387.364173228343,127.1508,86.7202,Regional geophysical context only. 73 unique values across entire study area. GRAIL (10km/px) cannot discriminate between individual candidate regions. Not used in science scoring or accessibility screening.
15393,0.466875,31835.6780455154,-7849.935073627843,127.1508,86.7202,Regional geophysical context only. 73 unique values across entire study area. GRAIL (10km/px) cannot discriminate between individual candidate regions. Not used in science scoring or accessibility screening.
15474,0.1575,29160.21428571429,-8096.523809523809,127.1508,86.7202,Regional geophysical context only. 73 unique values across entire study area. GRAIL (10km/px) cannot discriminate between individual candidate regions. Not used in science scoring or accessibility screening.
15491,0.136875,25389.340182648404,-8123.929223744286,127.1508,86.7202,Regional geophysical context only. 73 unique values across entire study area. GRAIL (10km/px) cannot discriminate between individual candidate regions. Not used in science scoring or accessibility screening.
15494,0.436875,36664.41416309013,-8163.627324749643,71.5812,82.9217,Regional geophysical context only. 73 unique values across entire study area. GRAIL (10km/px) cannot discriminate between individual candidate regions. Not used in science scoring or accessibility screening.
15527,0.165,24975.636363636368,-8232.265151515152,127.1508,86.7202,Regional geophysical context only. 73 unique values across entire study area. GRAIL (10km/px) cannot discriminate between individual candidate regions. Not used in science scoring or accessibility screening.
15536,0.101875,32529.25460122699,-8466.064417177913,127.1508,86.7202,Regional geophysical context only. 73 unique values across entire study area. GRAIL (10km/px) cannot discriminate between individual candidate regions. Not used in science scoring or accessibility screening.
15544,0.195625,29384.40415335464,-8331.20926517572,127.1508,86.7202,Regional geophysical context only. 73 unique values across entire study area. GRAIL (10km/px) cannot discriminate between individual candidate regions. Not used in science scoring or accessibility screening.
15548,1.36375,-42871.82218148487,-8135.395967002747,57.7818,98.3332,Regional geophysical context only. 73 unique values across entire study area. GRAIL (10km/px) cannot discriminate between individual candidate regions. Not used in science scoring or accessibility screening.
15562,3.0725,35344.50610252237,-8567.522782750202,71.5812,82.9217,Regional geophysical context only. 73 unique values across entire study area. GRAIL (10km/px) cannot discriminate between individual candidate regions. Not used in science scoring or accessibility screening.
15570,0.115,26871.510869565216,-8358.467391304352,127.1508,86.7202,Regional geophysical context only. 73 unique values across entire study area. GRAIL (10km/px) cannot discriminate between individual candidate regions. Not used in science scoring or accessibility screening.
15595,0.438125,29807.59557774608,-8785.840941512128,127.1508,86.7202,Regional geophysical context only. 73 unique values across entire study area. GRAIL (10km/px) cannot discriminate between individual candidate regions. Not used in science scoring or accessibility screening.
15599,0.65875,-42299.64611005693,-8514.893738140418,57.7818,98.3332,Regional geophysical context only. 73 unique values across entire study area. GRAIL (10km/px) cannot discriminate between individual candidate regions. Not used in science scoring or accessibility screening.
15625,0.181875,25657.231958762888,-8471.235395189004,127.1508,86.7202,Regional geophysical context only. 73 unique values across entire study area. GRAIL (10km/px) cannot discriminate between individual candidate regions. Not used in science scoring or accessibility screening.
15641,0.200625,34864.29750778816,-8593.736760124615,71.5812,82.9217,Regional geophysical context only. 73 unique values across entire study area. GRAIL (10km/px) cannot discriminate between individual candidate regions. Not used in science scoring or accessibility screening.
15647,0.11375,30533.153846153844,-8681.780219780216,127.1508,86.7202,Regional geophysical context only. 73 unique values across entire study area. GRAIL (10km/px) cannot discriminate between individual candidate regions. Not used in science scoring or accessibility screening.
15648,0.20125,36919.142857142855,-8702.838509316767,71.5812,82.9217,Regional geophysical context only. 73 unique values across entire study area. GRAIL (10km/px) cannot discriminate between individual candidate regions. Not used in science scoring or accessibility screening.
15654,0.1625,-22012.903846153848,-8675.461538461539,202.389,88.4478,Regional geophysical context only. 73 unique values across entire study area. GRAIL (10km/px) cannot discriminate between individual candidate regions. Not used in science scoring or accessibility screening.
15678,0.209375,-43204.90298507463,-8809.5,57.7818,98.3332,Regional geophysical context only. 73 unique values across entire study area. GRAIL (10km/px) cannot discriminate between individual candidate regions. Not used in science scoring or accessibility screening.
15693,0.0825,36589.27272727272,-8747.037878787873,71.5812,82.9217,Regional geophysical context only. 73 unique values across entire study area. GRAIL (10km/px) cannot discriminate between individual candidate regions. Not used in science scoring or accessibility screening.
15701,0.115,24958.875,-8757.108695652176,127.1508,86.7202,Regional geophysical context only. 73 unique values across entire study area. GRAIL (10km/px) cannot discriminate between individual candidate regions. Not used in science scoring or accessibility screening.
15703,0.258125,-17125.742130750605,-8467.599273607746,202.389,88.4478,Regional geophysical context only. 73 unique values across entire study area. GRAIL (10km/px) cannot discriminate between individual candidate regions. Not used in science scoring or accessibility screening.
15714,0.2025,39330.518518518526,-8729.746913580246,71.5812,82.9217,Regional geophysical context only. 73 unique values across entire study area. GRAIL (10km/px) cannot discriminate between individual candidate regions. Not used in science scoring or accessibility screening.
15739,0.11375,-43583.46703296703,-8944.005494505494,57.7818,98.3332,Regional geophysical context only. 73 unique values across entire study area. GRAIL (10km/px) cannot discriminate between individual candidate regions. Not used in science scoring or accessibility screening.
15755,2.859375,26274.18306010929,-8772.390710382511,127.1508,86.7202,Regional geophysical context only. 73 unique values across entire study area. GRAIL (10km/px) cannot discriminate between individual candidate regions. Not used in science scoring or accessibility screening.
15756,0.08375,37785.13432835821,-9014.611940298506,71.5812,82.9217,Regional geophysical context only. 73 unique values across entire study area. GRAIL (10km/px) cannot discriminate between individual candidate regions. Not used in science scoring or accessibility screening.
15777,0.09,-16465.777777777777,-9164.430555555557,202.389,88.4478,Regional geophysical context only. 73 unique values across entire study area. GRAIL (10km/px) cannot discriminate between individual candidate regions. Not used in science scoring or accessibility screening.
15855,0.68625,29206.763205828785,-9390.938979963576,127.1508,86.7202,Regional geophysical context only. 73 unique values across entire study area. GRAIL (10km/px) cannot discriminate between individual candidate regions. Not used in science scoring or accessibility screening.
15869,0.1125,38745.88888888889,-9398.805555555557,71.5812,82.9217,Regional geophysical context only. 73 unique values across entire study area. GRAIL (10km/px) cannot discriminate between individual candidate regions. Not used in science scoring or accessibility screening.
15882,0.43375,40040.566282420754,-9670.033141210375,71.5812,82.9217,Regional geophysical context only. 73 unique values across entire study area. GRAIL (10km/px) cannot discriminate between individual candidate regions. Not used in science scoring or accessibility screening.
15922,0.085625,36554.97445255474,-9652.96715328467,71.5812,82.9217,Regional geophysical context only. 73 unique values across entire study area. GRAIL (10km/px) cannot discriminate between individual candidate regions. Not used in science scoring or accessibility screening.
16012,0.226875,25408.86639118458,-9670.849862258954,127.1508,86.7202,Regional geophysical context only. 73 unique values across entire study area. GRAIL (10km/px) cannot discriminate between individual candidate regions. Not used in science scoring or accessibility screening.
16026,1.136875,41519.24986256185,-9900.79191863662,71.5812,82.9217,Regional geophysical context only. 73 unique values across entire study area. GRAIL (10km/px) cannot discriminate between individual candidate regions. Not used in science scoring or accessibility screening.
16062,0.154375,39098.08299595141,-10139.682186234815,71.5812,82.9217,Regional geophysical context only. 73 unique values across entire study area. GRAIL (10km/px) cannot discriminate between individual candidate regions. Not used in science scoring or accessibility screening.
16067,0.193125,35335.34142394822,-10239.872168284784,71.5812,82.9217,Regional geophysical context only. 73 unique values across entire study area. GRAIL (10km/px) cannot discriminate between individual candidate regions. Not used in science scoring or accessibility screening.
16076,0.264375,34887.02955082743,-9922.313238770686,71.5812,82.9217,Regional geophysical context only. 73 unique values across entire study area. GRAIL (10km/px) cannot discriminate between individual candidate regions. Not used in science scoring or accessibility screening.
16089,0.219375,35889.457264957266,-10220.867521367516,71.5812,82.9217,Regional geophysical context only. 73 unique values across entire study area. GRAIL (10km/px) cannot discriminate between individual candidate regions. Not used in science scoring or accessibility screening.
16107,0.28875,38356.80519480519,-10197.66017316017,71.5812,82.9217,Regional geophysical context only. 73 unique values across entire study area. GRAIL (10km/px) cannot discriminate between individual candidate regions. Not used in science scoring or accessibility screening.
16135,0.3175,39522.67913385827,-10033.309055118116,71.5812,82.9217,Regional geophysical context only. 73 unique values across entire study area. GRAIL (10km/px) cannot discriminate between individual candidate regions. Not used in science scoring or accessibility screening.
16139,0.288125,37582.68872017354,-10138.05748373102,71.5812,82.9217,Regional geophysical context only. 73 unique values across entire study area. GRAIL (10km/px) cannot discriminate between individual candidate regions. Not used in science scoring or accessibility screening.
16145,0.294375,41831.29405520171,-10763.884288747351,71.5812,82.9217,Regional geophysical context only. 73 unique values across entire study area. GRAIL (10km/px) cannot discriminate between individual candidate regions. Not used in science scoring or accessibility screening.
16166,2.075625,26721.270551038848,-10474.2591087022,127.1508,86.7202,Regional geophysical context only. 73 unique values across entire study area. GRAIL (10km/px) cannot discriminate between individual candidate regions. Not used in science scoring or accessibility screening.
16170,0.235,37265.32446808511,-10534.273936170212,71.5812,82.9217,Regional geophysical context only. 73 unique values across entire study area. GRAIL (10km/px) cannot discriminate between individual candidate regions. Not used in science scoring or accessibility screening.
16190,0.68625,23249.841530054648,-10717.874316939888,159.2376,82.1903,Regional geophysical context only. 73 unique values across entire study area. GRAIL (10km/px) cannot discriminate between individual candidate regions. Not used in science scoring or accessibility screening.
16199,0.426875,41183.65080527087,-10551.769399707176,71.5812,82.9217,Regional geophysical context only. 73 unique values across entire study area. GRAIL (10km/px) cannot discriminate between individual candidate regions. Not used in science scoring or accessibility screening.
16201,0.303125,21144.5,-10744.13917525774,159.2376,82.1903,Regional geophysical context only. 73 unique values across entire study area. GRAIL (10km/px) cannot discriminate between individual candidate regions. Not used in science scoring or accessibility screening.
16206,0.8975,40502.32033426185,-10529.722841225625,71.5812,82.9217,Regional geophysical context only. 73 unique values across entire study area. GRAIL (10km/px) cannot discriminate between individual candidate regions. Not used in science scoring or accessibility screening.
16224,0.31375,39261.551792828686,-10645.316733067724,71.5812,82.9217,Regional geophysical context only. 73 unique values across entire study area. GRAIL (10km/px) cannot discriminate between individual candidate regions. Not used in science scoring or accessibility screening.
16241,0.143125,-8401.482532751092,-10718.823144104805,268.3,83.5558,Regional geophysical context only. 73 unique values across entire study area. GRAIL (10km/px) cannot discriminate between individual candidate regions. Not used in science scoring or accessibility screening.
16256,0.28125,37696.38888888889,-10663.333333333328,71.5812,82.9217,Regional geophysical context only. 73 unique values across entire study area. GRAIL (10km/px) cannot discriminate between individual candidate regions. Not used in science scoring or accessibility screening.
16316,0.189375,27203.70792079208,-11073.42739273928,127.1508,86.7202,Regional geophysical context only. 73 unique values across entire study area. GRAIL (10km/px) cannot discriminate between individual candidate regions. Not used in science scoring or accessibility screening.
16350,0.303125,39419.60309278351,-11415.221649484534,71.5812,82.9217,Regional geophysical context only. 73 unique values across entire study area. GRAIL (10km/px) cannot discriminate between individual candidate regions. Not used in science scoring or accessibility screening.
16385,0.084375,38717.0925925926,-11364.5,71.5812,82.9217,Regional geophysical context only. 73 unique values across entire study area. GRAIL (10km/px) cannot discriminate between individual candidate regions. Not used in science scoring or accessibility screening.
16394,0.138125,41082.87104072399,-11209.228506787324,71.5812,82.9217,Regional geophysical context only. 73 unique values across entire study area. GRAIL (10km/px) cannot discriminate between individual candidate regions. Not used in science scoring or accessibility screening.
16403,0.36,42350.75868055555,-11411.869791666664,71.5812,82.9217,Regional geophysical context only. 73 unique values across entire study area. GRAIL (10km/px) cannot discriminate between individual candidate regions. Not used in science scoring or accessibility screening.
16444,0.081875,35576.40839694657,-11561.713740458012,71.5812,82.9217,Regional geophysical context only. 73 unique values across entire study area. GRAIL (10km/px) cannot discriminate between individual candidate regions. Not used in science scoring or accessibility screening.
16466,0.439375,28032.181365576107,-11628.909672830729,127.1508,86.7202,Regional geophysical context only. 73 unique values across entire study area. GRAIL (10km/px) cannot discriminate between individual candidate regions. Not used in science scoring or accessibility screening.
16524,0.094375,38446.68543046358,-11863.407284768213,71.5812,82.9217,Regional geophysical context only. 73 unique values across entire study area. GRAIL (10km/px) cannot discriminate between individual candidate regions. Not used in science scoring or accessibility screening.
16531,0.525,21550.035714285725,-12354.619047619051,159.2376,82.1903,Regional geophysical context only. 73 unique values across entire study area. GRAIL (10km/px) cannot discriminate between individual candidate regions. Not used in science scoring or accessibility screening.
16603,0.08875,34825.73239436619,-12161.471830985916,71.5812,82.9217,Regional geophysical context only. 73 unique values across entire study area. GRAIL (10km/px) cannot discriminate between individual candidate regions. Not used in science scoring or accessibility screening.
16614,0.220625,38755.803116147305,-12143.48016997167,71.5812,82.9217,Regional geophysical context only. 73 unique values across entire study area. GRAIL (10km/px) cannot discriminate between individual candidate regions. Not used in science scoring or accessibility screening.
16640,0.125625,21819.524875621893,-12085.19651741293,159.2376,82.1903,Regional geophysical context only. 73 unique values across entire study area. GRAIL (10km/px) cannot discriminate between individual candidate regions. Not used in science scoring or accessibility screening.
16723,0.468125,-36440.353137516686,-12428.972630173565,57.7818,98.3332,Regional geophysical context only. 73 unique values across entire study area. GRAIL (10km/px) cannot discriminate between individual candidate regions. Not used in science scoring or accessibility screening.
16797,0.101875,-36663.38343558282,-12778.180981595098,57.7818,98.3332,Regional geophysical context only. 73 unique values across entire study area. GRAIL (10km/px) cannot discriminate between individual candidate regions. Not used in science scoring or accessibility screening.
16879,0.101875,-123.81288343558845,-12997.506134969328,64.0351,75.5516,Regional geophysical context only. 73 unique values across entire study area. GRAIL (10km/px) cannot discriminate between individual candidate regions. Not used in science scoring or accessibility screening.
17161,0.6125,-32339.658163265307,-13765.877551020414,117.2382,89.0249,Regional geophysical context only. 73 unique values across entire study area. GRAIL (10km/px) cannot discriminate between individual candidate regions. Not used in science scoring or accessibility screening.
17207,0.23,-31488.339673913044,-13930.75,117.2382,89.0249,Regional geophysical context only. 73 unique values across entire study area. GRAIL (10km/px) cannot discriminate between individual candidate regions. Not used in science scoring or accessibility screening.
17307,0.084375,-12976.055555555557,-14465.7962962963,268.3,83.5558,Regional geophysical context only. 73 unique values across entire study area. GRAIL (10km/px) cannot discriminate between individual candidate regions. Not used in science scoring or accessibility screening.
17327,0.19875,18488.02201257862,-14627.723270440256,206.9462,82.5201,Regional geophysical context only. 73 unique values across entire study area. GRAIL (10km/px) cannot discriminate between individual candidate regions. Not used in science scoring or accessibility screening.
17360,0.366875,18067.0468483816,-14310.019591141398,159.2376,82.1903,Regional geophysical context only. 73 unique values across entire study area. GRAIL (10km/px) cannot discriminate between individual candidate regions. Not used in science scoring or accessibility screening.
17418,0.178125,18986.166666666664,-14794.412280701748,206.9462,82.5201,Regional geophysical context only. 73 unique values across entire study area. GRAIL (10km/px) cannot discriminate between individual candidate regions. Not used in science scoring or accessibility screening.
17426,0.16,21400.37890625,-14771.1796875,206.9462,82.5201,Regional geophysical context only. 73 unique values across entire study area. GRAIL (10km/px) cannot discriminate between individual candidate regions. Not used in science scoring or accessibility screening.
17562,0.855,19656.29824561404,-15715.36257309941,206.9462,82.5201,Regional geophysical context only. 73 unique values across entire study area. GRAIL (10km/px) cannot discriminate between individual candidate regions. Not used in science scoring or accessibility screening.
17586,1.09875,18703.15472127418,-15478.965301478958,206.9462,82.5201,Regional geophysical context only. 73 unique values across entire study area. GRAIL (10km/px) cannot discriminate between individual candidate regions. Not used in science scoring or accessibility screening.
17662,0.119375,18142.03926701571,-15571.489528795812,206.9462,82.5201,Regional geophysical context only. 73 unique values across entire study area. GRAIL (10km/px) cannot discriminate between individual candidate regions. Not used in science scoring or accessibility screening.
17730,0.21,-8945.886904761901,-15837.297619047618,170.0244,80.4071,Regional geophysical context only. 73 unique values across entire study area. GRAIL (10km/px) cannot discriminate between individual candidate regions. Not used in science scoring or accessibility screening.
17765,0.17,3571.926470588238,-15912.643382352937,147.9055,80.9548,Regional geophysical context only. 73 unique values across entire study area. GRAIL (10km/px) cannot discriminate between individual candidate regions. Not used in science scoring or accessibility screening.
17796,0.31125,23911.698795180724,-15762.0,206.9462,82.5201,Regional geophysical context only. 73 unique values across entire study area. GRAIL (10km/px) cannot discriminate between individual candidate regions. Not used in science scoring or accessibility screening.
17851,0.435,-8321.297413793101,-15789.550287356324,170.0244,80.4071,Regional geophysical context only. 73 unique values across entire study area. GRAIL (10km/px) cannot discriminate between individual candidate regions. Not used in science scoring or accessibility screening.
17872,0.285625,16191.34901531729,-16085.933260393867,206.9462,82.5201,Regional geophysical context only. 73 unique values across entire study area. GRAIL (10km/px) cannot discriminate between individual candidate regions. Not used in science scoring or accessibility screening.
17885,0.088125,32065.812056737588,-16344.890070921989,224.1259,75.5495,Regional geophysical context only. 73 unique values across entire study area. GRAIL (10km/px) cannot discriminate between individual candidate regions. Not used in science scoring or accessibility screening.
17943,0.106875,31663.535087719298,-16469.96783625731,224.1259,75.5495,Regional geophysical context only. 73 unique values across entire study area. GRAIL (10km/px) cannot discriminate between individual candidate regions. Not used in science scoring or accessibility screening.
17949,0.596875,20307.798429319373,-16581.280104712037,206.9462,82.5201,Regional geophysical context only. 73 unique values across entire study area. GRAIL (10km/px) cannot discriminate between individual candidate regions. Not used in science scoring or accessibility screening.
17966,0.278125,37456.01685393258,-16219.050561797754,56.2741,70.7399,Regional geophysical context only. 73 unique values across entire study area. GRAIL (10km/px) cannot discriminate between individual candidate regions. Not used in science scoring or accessibility screening.
18071,0.091875,-7565.806122448979,-17006.642857142855,170.0244,80.4071,Regional geophysical context only. 73 unique values across entire study area. GRAIL (10km/px) cannot discriminate between individual candidate regions. Not used in science scoring or accessibility screening.
18124,0.109375,15824.5,-16898.071428571428,206.9462,82.5201,Regional geophysical context only. 73 unique values across entire study area. GRAIL (10km/px) cannot discriminate between individual candidate regions. Not used in science scoring or accessibility screening.
18135,0.243125,-10707.376606683809,-17106.8264781491,170.0244,80.4071,Regional geophysical context only. 73 unique values across entire study area. GRAIL (10km/px) cannot discriminate between individual candidate regions. Not used in science scoring or accessibility screening.
18141,0.081875,22454.46183206106,-16909.423664122143,206.9462,82.5201,Regional geophysical context only. 73 unique values across entire study area. GRAIL (10km/px) cannot discriminate between individual candidate regions. Not used in science scoring or accessibility screening.
18153,2.568125,24057.257361888536,-16933.023971769282,206.9462,82.5201,Regional geophysical context only. 73 unique values across entire study area. GRAIL (10km/px) cannot discriminate between individual candidate regions. Not used in science scoring or accessibility screening.
18154,0.32375,27777.78185328185,-17082.270270270274,224.1259,75.5495,Regional geophysical context only. 73 unique values across entire study area. GRAIL (10km/px) cannot discriminate between individual candidate regions. Not used in science scoring or accessibility screening.
18209,0.0925,29394.0945945946,-17132.608108108107,224.1259,75.5495,Regional geophysical context only. 73 unique values across entire study area. GRAIL (10km/px) cannot discriminate between individual candidate regions. Not used in science scoring or accessibility screening.
18220,0.2025,21227.58641975309,-17213.08024691358,206.9462,82.5201,Regional geophysical context only. 73 unique values across entire study area. GRAIL (10km/px) cannot discriminate between individual candidate regions. Not used in science scoring or accessibility screening.
18263,0.126875,25072.16009852217,-17342.357142857145,224.1259,75.5495,Regional geophysical context only. 73 unique values across entire study area. GRAIL (10km/px) cannot discriminate between individual candidate regions. Not used in science scoring or accessibility screening.
18277,0.188125,-17500.33388704319,-17325.911960132893,16.8397,79.5214,Regional geophysical context only. 73 unique values across entire study area. GRAIL (10km/px) cannot discriminate between individual candidate regions. Not used in science scoring or accessibility screening.
18317,0.49625,24642.47858942065,-17467.226700251886,224.1259,75.5495,Regional geophysical context only. 73 unique values across entire study area. GRAIL (10km/px) cannot discriminate between individual candidate regions. Not used in science scoring or accessibility screening.
18366,0.26,17093.370192307688,-17493.189903846156,206.9462,82.5201,Regional geophysical context only. 73 unique values across entire study area. GRAIL (10km/px) cannot discriminate between individual candidate regions. Not used in science scoring or accessibility screening.
18378,0.18625,22298.9966442953,-17819.13087248322,206.9462,82.5201,Regional geophysical context only. 73 unique values across entire study area. GRAIL (10km/px) cannot discriminate between individual candidate regions. Not used in science scoring or accessibility screening.
18404,0.2525,23105.873762376228,-17631.55445544554,206.9462,82.5201,Regional geophysical context only. 73 unique values across entire study area. GRAIL (10km/px) cannot discriminate between individual candidate regions. Not used in science scoring or accessibility screening.
18494,0.1325,-29815.830188679247,-18172.96698113207,-42.3675,82.1954,Regional geophysical context only. 73 unique values across entire study area. GRAIL (10km/px) cannot discriminate between individual candidate regions. Not used in science scoring or accessibility screening.
18599,0.088125,18528.75531914893,-18221.66312056737,206.9462,82.5201,Regional geophysical context only. 73 unique values across entire study area. GRAIL (10km/px) cannot discriminate between individual candidate regions. Not used in science scoring or accessibility screening.
18647,0.08125,16498.92307692307,-18236.03846153846,206.9462,82.5201,Regional geophysical context only. 73 unique values across entire study area. GRAIL (10km/px) cannot discriminate between individual candidate regions. Not used in science scoring or accessibility screening.
18932,0.085625,-32701.22992700729,-19316.288321167885,-42.3675,82.1954,Regional geophysical context only. 73 unique values across entire study area. GRAIL (10km/px) cannot discriminate between individual candidate regions. Not used in science scoring or accessibility screening.
18961,1.26875,10518.7118226601,-18837.689655172413,150.2524,84.7415,Regional geophysical context only. 73 unique values across entire study area. GRAIL (10km/px) cannot discriminate between individual candidate regions. Not used in science scoring or accessibility screening.
18970,0.115,14905.206521739128,-19128.84782608696,206.9462,82.5201,Regional geophysical context only. 73 unique values across entire study area. GRAIL (10km/px) cannot discriminate between individual candidate regions. Not used in science scoring or accessibility screening.
18972,0.561875,-29610.51112347052,-19309.45550611792,-42.3675,82.1954,Regional geophysical context only. 73 unique values across entire study area. GRAIL (10km/px) cannot discriminate between individual candidate regions. Not used in science scoring or accessibility screening.
18981,0.153125,25119.19387755102,-19506.84693877552,224.1259,75.5495,Regional geophysical context only. 73 unique values across entire study area. GRAIL (10km/px) cannot discriminate between individual candidate regions. Not used in science scoring or accessibility screening.
19032,0.481875,24818.04734111544,-19131.43904020752,224.1259,75.5495,Regional geophysical context only. 73 unique values across entire study area. GRAIL (10km/px) cannot discriminate between individual candidate regions. Not used in science scoring or accessibility screening.
19118,0.106875,8917.043859649115,-19831.51754385965,150.2524,84.7415,Regional geophysical context only. 73 unique values across entire study area. GRAIL (10km/px) cannot discriminate between individual candidate regions. Not used in science scoring or accessibility screening.
19245,0.31125,9382.88353413654,-19894.78112449799,150.2524,84.7415,Regional geophysical context only. 73 unique values across entire study area. GRAIL (10km/px) cannot discriminate between individual candidate regions. Not used in science scoring or accessibility screening.
19270,1.92375,-33398.57504873294,-19630.047433398307,-42.3675,82.1954,Regional geophysical context only. 73 unique values across entire study area. GRAIL (10km/px) cannot discriminate between individual candidate regions. Not used in science scoring or accessibility screening.
19299,0.24125,-31689.10103626943,-20193.08808290155,-42.3675,82.1954,Regional geophysical context only. 73 unique values across entire study area. GRAIL (10km/px) cannot discriminate between individual candidate regions. Not used in science scoring or accessibility screening.
19320,0.236875,24505.040897097628,-20339.671503957783,206.9462,82.5201,Regional geophysical context only. 73 unique values across entire study area. GRAIL (10km/px) cannot discriminate between individual candidate regions. Not used in science scoring or accessibility screening.
19394,0.209375,-32865.94776119403,-20398.604477611952,-42.3675,82.1954,Regional geophysical context only. 73 unique values across entire study area. GRAIL (10km/px) cannot discriminate between individual candidate regions. Not used in science scoring or accessibility screening.
19430,0.140625,7121.833333333336,-20623.83333333333,150.2524,84.7415,Regional geophysical context only. 73 unique values across entire study area. GRAIL (10km/px) cannot discriminate between individual candidate regions. Not used in science scoring or accessibility screening.
19447,1.446875,-31727.508639308857,-20889.921166306696,-42.3675,82.1954,Regional geophysical context only. 73 unique values across entire study area. GRAIL (10km/px) cannot discriminate between individual candidate regions. Not used in science scoring or accessibility screening.
19608,1.41375,19794.703359858533,-20838.17152961981,206.9462,82.5201,Regional geophysical context only. 73 unique values across entire study area. GRAIL (10km/px) cannot discriminate between individual candidate regions. Not used in science scoring or accessibility screening.
19676,0.87,2580.6961206896594,-20962.08979885057,147.9055,80.9548,Regional geophysical context only. 73 unique values across entire study area. GRAIL (10km/px) cannot discriminate between individual candidate regions. Not used in science scoring or accessibility screening.
19701,0.121875,-31166.52564102564,-21277.705128205125,-42.3675,82.1954,Regional geophysical context only. 73 unique values across entire study area. GRAIL (10km/px) cannot discriminate between individual candidate regions. Not used in science scoring or accessibility screening.
19774,0.953125,-3375.7131147541004,-21934.336065573763,147.9055,80.9548,Regional geophysical context only. 73 unique values across entire study area. GRAIL (10km/px) cannot discriminate between individual candidate regions. Not used in science scoring or accessibility screening.
19776,0.22625,9504.679558011048,-21402.19337016574,150.2524,84.7415,Regional geophysical context only. 73 unique values across entire study area. GRAIL (10km/px) cannot discriminate between individual candidate regions. Not used in science scoring or accessibility screening.
19797,0.27125,10086.769585253453,-21206.873271889403,150.2524,84.7415,Regional geophysical context only. 73 unique values across entire study area. GRAIL (10km/px) cannot discriminate between individual candidate regions. Not used in science scoring or accessibility screening.
19814,0.339375,2915.15377532228,-21428.50552486188,147.9055,80.9548,Regional geophysical context only. 73 unique values across entire study area. GRAIL (10km/px) cannot discriminate between individual candidate regions. Not used in science scoring or accessibility screening.
19826,0.134375,8576.01162790697,-21814.03488372093,150.2524,84.7415,Regional geophysical context only. 73 unique values across entire study area. GRAIL (10km/px) cannot discriminate between individual candidate regions. Not used in science scoring or accessibility screening.
19849,0.150625,-32693.86099585062,-21342.65352697096,-42.3675,82.1954,Regional geophysical context only. 73 unique values across entire study area. GRAIL (10km/px) cannot discriminate between individual candidate regions. Not used in science scoring or accessibility screening.
19861,0.454375,-30773.196011004125,-21434.781980742773,-42.3675,82.1954,Regional geophysical context only. 73 unique values across entire study area. GRAIL (10km/px) cannot discriminate between individual candidate regions. Not used in science scoring or accessibility screening.
19866,1.4425,5482.905545927213,-21849.153379549403,150.2524,84.7415,Regional geophysical context only. 73 unique values across entire study area. GRAIL (10km/px) cannot discriminate between individual candidate regions. Not used in science scoring or accessibility screening.
19946,0.201875,22431.69814241485,-21790.98606811145,206.9462,82.5201,Regional geophysical context only. 73 unique values across entire study area. GRAIL (10km/px) cannot discriminate between individual candidate regions. Not used in science scoring or accessibility screening.
19955,0.243125,20914.795629820044,-21694.230077120825,206.9462,82.5201,Regional geophysical context only. 73 unique values across entire study area. GRAIL (10km/px) cannot discriminate between individual candidate regions. Not used in science scoring or accessibility screening.
19964,0.280625,3130.290645879737,-21941.482182628068,147.9055,80.9548,Regional geophysical context only. 73 unique values across entire study area. GRAIL (10km/px) cannot discriminate between individual candidate regions. Not used in science scoring or accessibility screening.
19970,0.739375,-28518.1246830093,-21882.276838546062,-42.3675,82.1954,Regional geophysical context only. 73 unique values across entire study area. GRAIL (10km/px) cannot discriminate between individual candidate regions. Not used in science scoring or accessibility screening.
19983,0.2675,1924.091121495323,-21511.64953271029,147.9055,80.9548,Regional geophysical context only. 73 unique values across entire study area. GRAIL (10km/px) cannot discriminate between individual candidate regions. Not used in science scoring or accessibility screening.
20005,1.27,1419.6279527559018,-21495.53838582677,147.9055,80.9548,Regional geophysical context only. 73 unique values across entire study area. GRAIL (10km/px) cannot discriminate between individual candidate regions. Not used in science scoring or accessibility screening.
20014,0.223125,-32078.37114845938,-22155.87254901961,-42.3675,82.1954,Regional geophysical context only. 73 unique values across entire study area. GRAIL (10km/px) cannot discriminate between individual candidate regions. Not used in science scoring or accessibility screening.
20087,0.12125,-14362.097938144332,-22034.551546391755,170.0244,80.4071,Regional geophysical context only. 73 unique values across entire study area. GRAIL (10km/px) cannot discriminate between individual candidate regions. Not used in science scoring or accessibility screening.
20100,0.959375,-33845.190553745924,-22195.363192182413,-42.3675,82.1954,Regional geophysical context only. 73 unique values across entire study area. GRAIL (10km/px) cannot discriminate between individual candidate regions. Not used in science scoring or accessibility screening.
20143,0.133125,-28357.894366197183,-22384.12441314553,-42.3675,82.1954,Regional geophysical context only. 73 unique values across entire study area. GRAIL (10km/px) cannot discriminate between individual candidate regions. Not used in science scoring or accessibility screening.
20253,0.125625,-36356.843283582086,-22648.13184079602,-3.2933,98.4107,Regional geophysical context only. 73 unique values across entire study area. GRAIL (10km/px) cannot discriminate between individual candidate regions. Not used in science scoring or accessibility screening.
20254,0.556875,-32601.67845117845,-22487.12626262626,-42.3675,82.1954,Regional geophysical context only. 73 unique values across entire study area. GRAIL (10km/px) cannot discriminate between individual candidate regions. Not used in science scoring or accessibility screening.
20270,0.233125,-26594.46782841823,-22401.44369973192,-42.3675,82.1954,Regional geophysical context only. 73 unique values across entire study area. GRAIL (10km/px) cannot discriminate between individual candidate regions. Not used in science scoring or accessibility screening.
20302,0.13,26954.54807692308,-22643.490384615376,224.1259,75.5495,Regional geophysical context only. 73 unique values across entire study area. GRAIL (10km/px) cannot discriminate between individual candidate regions. Not used in science scoring or accessibility screening.
20335,0.144375,-32679.720779220777,-22916.166666666657,-42.3675,82.1954,Regional geophysical context only. 73 unique values across entire study area. GRAIL (10km/px) cannot discriminate between individual candidate regions. Not used in science scoring or accessibility screening.
20353,0.3075,-34764.37195121951,-22988.47357723578,-42.3675,82.1954,Regional geophysical context only. 73 unique values across entire study area. GRAIL (10km/px) cannot discriminate between individual candidate regions. Not used in science scoring or accessibility screening.
20387,1.60625,-25750.94747081712,-23140.122568093386,-42.3675,82.1954,Regional geophysical context only. 73 unique values across entire study area. GRAIL (10km/px) cannot discriminate between individual candidate regions. Not used in science scoring or accessibility screening.
20451,2.14125,-33812.46001167542,-23246.8292469352,-42.3675,82.1954,Regional geophysical context only. 73 unique values across entire study area. GRAIL (10km/px) cannot discriminate between individual candidate regions. Not used in science scoring or accessibility screening.
20457,0.25875,202.2777777777737,-23020.333333333343,147.9055,80.9548,Regional geophysical context only. 73 unique values across entire study area. GRAIL (10km/px) cannot discriminate between individual candidate regions. Not used in science scoring or accessibility screening.
20469,0.16125,-1876.468992248061,-23282.25193798449,147.9055,80.9548,Regional geophysical context only. 73 unique values across entire study area. GRAIL (10km/px) cannot discriminate between individual candidate regions. Not used in science scoring or accessibility screening.
20497,0.4025,6667.745341614907,-23230.28416149068,150.2524,84.7415,Regional geophysical context only. 73 unique values across entire study area. GRAIL (10km/px) cannot discriminate between individual candidate regions. Not used in science scoring or accessibility screening.
20678,0.16875,-33896.61111111111,-23832.0,-42.3675,82.1954,Regional geophysical context only. 73 unique values across entire study area. GRAIL (10km/px) cannot discriminate between individual candidate regions. Not used in science scoring or accessibility screening.
20716,0.2825,-26776.772123893803,-23830.584070796467,-42.3675,82.1954,Regional geophysical context only. 73 unique values across entire study area. GRAIL (10km/px) cannot discriminate between individual candidate regions. Not used in science scoring or accessibility screening.
20721,0.2125,3060.161764705881,-23712.95588235295,147.9055,80.9548,Regional geophysical context only. 73 unique values across entire study area. GRAIL (10km/px) cannot discriminate between individual candidate regions. Not used in science scoring or accessibility screening.
20722,0.08125,4294.884615384617,-23862.76923076924,147.9055,80.9548,Regional geophysical context only. 73 unique values across entire study area. GRAIL (10km/px) cannot discriminate between individual candidate regions. Not used in science scoring or accessibility screening.
20802,0.313125,-32255.58982035928,-24146.75548902196,-42.3675,82.1954,Regional geophysical context only. 73 unique values across entire study area. GRAIL (10km/px) cannot discriminate between individual candidate regions. Not used in science scoring or accessibility screening.
20807,0.77125,1583.0696920583505,-23779.99027552674,147.9055,80.9548,Regional geophysical context only. 73 unique values across entire study area. GRAIL (10km/px) cannot discriminate between individual candidate regions. Not used in science scoring or accessibility screening.
20818,0.248125,-26784.69395465995,-24352.77455919396,-42.3675,82.1954,Regional geophysical context only. 73 unique values across entire study area. GRAIL (10km/px) cannot discriminate between individual candidate regions. Not used in science scoring or accessibility screening.
20824,0.22125,13432.97457627119,-24106.844632768363,150.2524,84.7415,Regional geophysical context only. 73 unique values across entire study area. GRAIL (10km/px) cannot discriminate between individual candidate regions. Not used in science scoring or accessibility screening.
20830,0.213125,-27162.01026392962,-24292.755131964805,-42.3675,82.1954,Regional geophysical context only. 73 unique values across entire study area. GRAIL (10km/px) cannot discriminate between individual candidate regions. Not used in science scoring or accessibility screening.
20942,0.079375,-1431.0118110236217,-24446.94094488189,147.9055,80.9548,Regional geophysical context only. 73 unique values across entire study area. GRAIL (10km/px) cannot discriminate between individual candidate regions. Not used in science scoring or accessibility screening.
20949,0.85625,28929.90145985401,-24643.93430656934,160.1585,85.0259,Regional geophysical context only. 73 unique values across entire study area. GRAIL (10km/px) cannot discriminate between individual candidate regions. Not used in science scoring or accessibility screening.
20996,0.365,-27642.494863013697,-24836.443493150684,-96.3518,96.3954,Regional geophysical context only. 73 unique values across entire study area. GRAIL (10km/px) cannot discriminate between individual candidate regions. Not used in science scoring or accessibility screening.
21007,0.260625,-33129.03717026379,-24488.28896882494,-42.3675,82.1954,Regional geophysical context only. 73 unique values across entire study area. GRAIL (10km/px) cannot discriminate between individual candidate regions. Not used in science scoring or accessibility screening.
21038,0.989375,-4306.48547062539,-24769.856917245736,73.237,102.5391,Regional geophysical context only. 73 unique values across entire study area. GRAIL (10km/px) cannot discriminate between individual candidate regions. Not used in science scoring or accessibility screening.
21095,0.2175,-27062.6408045977,-24849.42816091953,-96.3518,96.3954,Regional geophysical context only. 73 unique values across entire study area. GRAIL (10km/px) cannot discriminate between individual candidate regions. Not used in science scoring or accessibility screening.
21112,0.24875,-37425.5,-25024.43718592965,-69.3437,109.3478,Regional geophysical context only. 73 unique values across entire study area. GRAIL (10km/px) cannot discriminate between individual candidate regions. Not used in science scoring or accessibility screening.
21129,1.22125,5555.155066530191,-24569.190378710337,84.0064,107.1887,Regional geophysical context only. 73 unique values across entire study area. GRAIL (10km/px) cannot discriminate between individual candidate regions. Not used in science scoring or accessibility screening.
21159,0.0875,-6679.785714285717,-24991.82142857142,62.9466,93.772,Regional geophysical context only. 73 unique values across entire study area. GRAIL (10km/px) cannot discriminate between individual candidate regions. Not used in science scoring or accessibility screening.
21278,0.115,-28167.07608695652,-25233.19565217392,-96.3518,96.3954,Regional geophysical context only. 73 unique values across entire study area. GRAIL (10km/px) cannot discriminate between individual candidate regions. Not used in science scoring or accessibility screening.
21282,0.739375,13608.988588334738,-25388.32079459002,84.0064,107.1887,Regional geophysical context only. 73 unique values across entire study area. GRAIL (10km/px) cannot discriminate between individual candidate regions. Not used in science scoring or accessibility screening.
21301,0.145625,29881.474248927043,-25317.0965665236,160.1585,85.0259,Regional geophysical context only. 73 unique values across entire study area. GRAIL (10km/px) cannot discriminate between individual candidate regions. Not used in science scoring or accessibility screening.
21392,0.2925,-36279.13247863248,-25706.92521367522,-69.3437,109.3478,Regional geophysical context only. 73 unique values across entire study area. GRAIL (10km/px) cannot discriminate between individual candidate regions. Not used in science scoring or accessibility screening.
21394,0.5125,-25930.13414634146,-25516.35975609756,-96.3518,96.3954,Regional geophysical context only. 73 unique values across entire study area. GRAIL (10km/px) cannot discriminate between individual candidate regions. Not used in science scoring or accessibility screening.
21423,0.645,14987.21802325581,-25937.67829457364,121.4255,96.4448,Regional geophysical context only. 73 unique values across entire study area. GRAIL (10km/px) cannot discriminate between individual candidate regions. Not used in science scoring or accessibility screening.
21476,0.314375,-33679.47614314115,-25839.01292246522,-96.3518,96.3954,Regional geophysical context only. 73 unique values across entire study area. GRAIL (10km/px) cannot discriminate between individual candidate regions. Not used in science scoring or accessibility screening.
21477,0.395625,-23281.22669826224,-25574.77646129542,-46.7006,94.2531,Regional geophysical context only. 73 unique values across entire study area. GRAIL (10km/px) cannot discriminate between individual candidate regions. Not used in science scoring or accessibility screening.
21501,0.106875,-32721.40643274854,-25824.5,-96.3518,96.3954,Regional geophysical context only. 73 unique values across entire study area. GRAIL (10km/px) cannot discriminate between individual candidate regions. Not used in science scoring or accessibility screening.
21549,0.518125,-35669.61942098914,-25942.232207478883,-69.3437,109.3478,Regional geophysical context only. 73 unique values across entire study area. GRAIL (10km/px) cannot discriminate between individual candidate regions. Not used in science scoring or accessibility screening.
21553,0.170625,97.4853479853482,-26350.873626373635,73.237,102.5391,Regional geophysical context only. 73 unique values across entire study area. GRAIL (10km/px) cannot discriminate between individual candidate regions. Not used in science scoring or accessibility screening.
21555,0.146875,15537.478723404252,-26150.56382978724,121.4255,96.4448,Regional geophysical context only. 73 unique values across entire study area. GRAIL (10km/px) cannot discriminate between individual candidate regions. Not used in science scoring or accessibility screening.
21568,0.175,16123.964285714284,-26260.57142857142,121.4255,96.4448,Regional geophysical context only. 73 unique values across entire study area. GRAIL (10km/px) cannot discriminate between individual candidate regions. Not used in science scoring or accessibility screening.
21651,1.220625,16555.081157194058,-26487.710445468503,121.4255,96.4448,Regional geophysical context only. 73 unique values across entire study area. GRAIL (10km/px) cannot discriminate between individual candidate regions. Not used in science scoring or accessibility screening.
21695,0.0825,15833.969696969696,-26468.060606060608,121.4255,96.4448,Regional geophysical context only. 73 unique values across entire study area. GRAIL (10km/px) cannot discriminate between individual candidate regions. Not used in science scoring or accessibility screening.
21704,0.48625,-33532.95501285347,-26371.415167095125,-96.3518,96.3954,Regional geophysical context only. 73 unique values across entire study area. GRAIL (10km/px) cannot discriminate between individual candidate regions. Not used in science scoring or accessibility screening.
21791,0.139375,13272.706278026904,-26706.450672645733,84.0064,107.1887,Regional geophysical context only. 73 unique values across entire study area. GRAIL (10km/px) cannot discriminate between individual candidate regions. Not used in science scoring or accessibility screening.
21792,0.170625,15540.159340659338,-26601.42307692308,121.4255,96.4448,Regional geophysical context only. 73 unique values across entire study area. GRAIL (10km/px) cannot discriminate between individual candidate regions. Not used in science scoring or accessibility screening.
21810,0.108125,-22410.326589595374,-26590.395953757223,-46.7006,94.2531,Regional geophysical context only. 73 unique values across entire study area. GRAIL (10km/px) cannot discriminate between individual candidate regions. Not used in science scoring or accessibility screening.
21846,0.60125,15072.706860706863,-26549.13617463618,121.4255,96.4448,Regional geophysical context only. 73 unique values across entire study area. GRAIL (10km/px) cannot discriminate between individual candidate regions. Not used in science scoring or accessibility screening.
21880,0.23375,-35753.77540106952,-26690.00802139037,-69.3437,109.3478,Regional geophysical context only. 73 unique values across entire study area. GRAIL (10km/px) cannot discriminate between individual candidate regions. Not used in science scoring or accessibility screening.
21897,0.081875,-30428.553435114503,-26975.645038167942,-96.3518,96.3954,Regional geophysical context only. 73 unique values across entire study area. GRAIL (10km/px) cannot discriminate between individual candidate regions. Not used in science scoring or accessibility screening.
21924,0.3125,-31733.6,-27268.550000000003,-96.3518,96.3954,Regional geophysical context only. 73 unique values across entire study area. GRAIL (10km/px) cannot discriminate between individual candidate regions. Not used in science scoring or accessibility screening.
21937,0.48125,-26600.175324675325,-27189.82467532468,-96.3518,96.3954,Regional geophysical context only. 73 unique values across entire study area. GRAIL (10km/px) cannot discriminate between individual candidate regions. Not used in science scoring or accessibility screening.
22013,0.221875,35230.06338028169,-27164.5,38.2714,72.2664,Regional geophysical context only. 73 unique values across entire study area. GRAIL (10km/px) cannot discriminate between individual candidate regions. Not used in science scoring or accessibility screening.
22023,0.39625,15719.216088328074,-27268.900630914824,121.4255,96.4448,Regional geophysical context only. 73 unique values across entire study area. GRAIL (10km/px) cannot discriminate between individual candidate regions. Not used in science scoring or accessibility screening.
22032,1.2525,-32252.57085828344,-27082.683632734523,-96.3518,96.3954,Regional geophysical context only. 73 unique values across entire study area. GRAIL (10km/px) cannot discriminate between individual candidate regions. Not used in science scoring or accessibility screening.
22033,0.215625,-27146.876811594204,-27197.543478260865,-96.3518,96.3954,Regional geophysical context only. 73 unique values across entire study area. GRAIL (10km/px) cannot discriminate between individual candidate regions. Not used in science scoring or accessibility screening.
22123,1.258125,16656.392697466472,-27614.30377545952,121.4255,96.4448,Regional geophysical context only. 73 unique values across entire study area. GRAIL (10km/px) cannot discriminate between individual candidate regions. Not used in science scoring or accessibility screening.
22150,0.345625,15396.74231464738,-27810.666365280296,121.4255,96.4448,Regional geophysical context only. 73 unique values across entire study area. GRAIL (10km/px) cannot discriminate between individual candidate regions. Not used in science scoring or accessibility screening.
22156,0.286875,14690.67647058823,-27779.61982570807,121.4255,96.4448,Regional geophysical context only. 73 unique values across entire study area. GRAIL (10km/px) cannot discriminate between individual candidate regions. Not used in science scoring or accessibility screening.
22161,0.0975,-12650.820512820515,-27620.17307692308,62.9466,93.772,Regional geophysical context only. 73 unique values across entire study area. GRAIL (10km/px) cannot discriminate between individual candidate regions. Not used in science scoring or accessibility screening.
22164,0.8575,6780.039358600581,-27248.57069970845,84.0064,107.1887,Regional geophysical context only. 73 unique values across entire study area. GRAIL (10km/px) cannot discriminate between individual candidate regions. Not used in science scoring or accessibility screening.
22175,0.10375,-32128.81325301205,-27689.56024096385,-96.3518,96.3954,Regional geophysical context only. 73 unique values across entire study area. GRAIL (10km/px) cannot discriminate between individual candidate regions. Not used in science scoring or accessibility screening.
22193,0.2075,-27816.840361445786,-27990.162650602404,-96.3518,96.3954,Regional geophysical context only. 73 unique values across entire study area. GRAIL (10km/px) cannot discriminate between individual candidate regions. Not used in science scoring or accessibility screening.
22198,0.3725,-31144.0822147651,-27772.69630872483,-96.3518,96.3954,Regional geophysical context only. 73 unique values across entire study area. GRAIL (10km/px) cannot discriminate between individual candidate regions. Not used in science scoring or accessibility screening.
22215,0.32875,-31802.63878326996,-27907.48479087453,-96.3518,96.3954,Regional geophysical context only. 73 unique values across entire study area. GRAIL (10km/px) cannot discriminate between individual candidate regions. Not used in science scoring or accessibility screening.
22231,0.276875,15892.784424379235,-27841.48645598194,121.4255,96.4448,Regional geophysical context only. 73 unique values across entire study area. GRAIL (10km/px) cannot discriminate between individual candidate regions. Not used in science scoring or accessibility screening.
22234,0.105,-28299.904761904763,-27834.0238095238,-96.3518,96.3954,Regional geophysical context only. 73 unique values across entire study area. GRAIL (10km/px) cannot discriminate between individual candidate regions. Not used in science scoring or accessibility screening.
22258,0.275625,-34108.946712018136,-28125.12358276645,-96.3518,96.3954,Regional geophysical context only. 73 unique values across entire study area. GRAIL (10km/px) cannot discriminate between individual candidate regions. Not used in science scoring or accessibility screening.
22273,0.21375,-28746.333333333336,-27989.192982456138,-96.3518,96.3954,Regional geophysical context only. 73 unique values across entire study area. GRAIL (10km/px) cannot discriminate between individual candidate regions. Not used in science scoring or accessibility screening.
22289,0.118125,-31531.58465608465,-28193.54761904762,-96.3518,96.3954,Regional geophysical context only. 73 unique values across entire study area. GRAIL (10km/px) cannot discriminate between individual candidate regions. Not used in science scoring or accessibility screening.
22303,0.441875,-30173.8026874116,-28246.88330975955,-96.3518,96.3954,Regional geophysical context only. 73 unique values across entire study area. GRAIL (10km/px) cannot discriminate between individual candidate regions. Not used in science scoring or accessibility screening.
22319,0.356875,14977.126970227677,-27809.657618213663,121.4255,96.4448,Regional geophysical context only. 73 unique values across entire study area. GRAIL (10km/px) cannot discriminate between individual candidate regions. Not used in science scoring or accessibility screening.
22351,0.360625,-30881.17590987869,-28217.30762564992,-96.3518,96.3954,Regional geophysical context only. 73 unique values across entire study area. GRAIL (10km/px) cannot discriminate between individual candidate regions. Not used in science scoring or accessibility screening.
22355,0.239375,-1068.9725848563976,-28222.67232375979,73.237,102.5391,Regional geophysical context only. 73 unique values across entire study area. GRAIL (10km/px) cannot discriminate between individual candidate regions. Not used in science scoring or accessibility screening.
22360,0.415,-33977.8719879518,-28475.02710843373,-96.3518,96.3954,Regional geophysical context only. 73 unique values across entire study area. GRAIL (10km/px) cannot discriminate between individual candidate regions. Not used in science scoring or accessibility screening.
22361,0.3425,-28334.25912408759,-28315.558394160587,-96.3518,96.3954,Regional geophysical context only. 73 unique values across entire study area. GRAIL (10km/px) cannot discriminate between individual candidate regions. Not used in science scoring or accessibility screening.
22377,1.336875,-27408.237260402057,-28891.93805516596,-96.3518,96.3954,Regional geophysical context only. 73 unique values across entire study area. GRAIL (10km/px) cannot discriminate between individual candidate regions. Not used in science scoring or accessibility screening.
22379,0.14625,-325.2863247863206,-28357.08547008547,73.237,102.5391,Regional geophysical context only. 73 unique values across entire study area. GRAIL (10km/px) cannot discriminate between individual candidate regions. Not used in science scoring or accessibility screening.
22383,0.105,-31840.67857142857,-28427.625,-96.3518,96.3954,Regional geophysical context only. 73 unique values across entire study area. GRAIL (10km/px) cannot discriminate between individual candidate regions. Not used in science scoring or accessibility screening.
22384,0.603125,-29243.634715025903,-28421.46891191709,-96.3518,96.3954,Regional geophysical context only. 73 unique values across entire study area. GRAIL (10km/px) cannot discriminate between individual candidate regions. Not used in science scoring or accessibility screening.
22402,0.124375,-31080.14824120603,-28564.19849246231,-96.3518,96.3954,Regional geophysical context only. 73 unique values across entire study area. GRAIL (10km/px) cannot discriminate between individual candidate regions. Not used in science scoring or accessibility screening.
22403,0.14375,-30627.02173913044,-28568.413043478256,-96.3518,96.3954,Regional geophysical context only. 73 unique values across entire study area. GRAIL (10km/px) cannot discriminate between individual candidate regions. Not used in science scoring or accessibility screening.
22409,0.08125,5399.884615384617,-28317.0,84.0064,107.1887,Regional geophysical context only. 73 unique values across entire study area. GRAIL (10km/px) cannot discriminate between individual candidate regions. Not used in science scoring or accessibility screening.
22421,0.425,22528.94852941176,-28042.367647058825,121.4255,96.4448,Regional geophysical context only. 73 unique values across entire study area. GRAIL (10km/px) cannot discriminate between individual candidate regions. Not used in science scoring or accessibility screening.
22442,0.121875,-31473.57692307692,-28555.39743589744,-96.3518,96.3954,Regional geophysical context only. 73 unique values across entire study area. GRAIL (10km/px) cannot discriminate between individual candidate regions. Not used in science scoring or accessibility screening.
22443,0.27125,-27695.25806451613,-28368.163594470054,-96.3518,96.3954,Regional geophysical context only. 73 unique values across entire study area. GRAIL (10km/px) cannot discriminate between individual candidate regions. Not used in science scoring or accessibility screening.
22491,0.355625,16997.962214411244,-28504.816344463965,121.4255,96.4448,Regional geophysical context only. 73 unique values across entire study area. GRAIL (10km/px) cannot discriminate between individual candidate regions. Not used in science scoring or accessibility screening.
22493,0.31375,-32293.77689243028,-28762.14940239044,-96.3518,96.3954,Regional geophysical context only. 73 unique values across entire study area. GRAIL (10km/px) cannot discriminate between individual candidate regions. Not used in science scoring or accessibility screening.
22495,0.70625,-2666.407079646022,-27909.45575221238,73.237,102.5391,Regional geophysical context only. 73 unique values across entire study area. GRAIL (10km/px) cannot discriminate between individual candidate regions. Not used in science scoring or accessibility screening.
22496,0.180625,5476.66262975779,-28596.039792387543,84.0064,107.1887,Regional geophysical context only. 73 unique values across entire study area. GRAIL (10km/px) cannot discriminate between individual candidate regions. Not used in science scoring or accessibility screening.
22504,0.2,17493.015625,-28767.9375,121.4255,96.4448,Regional geophysical context only. 73 unique values across entire study area. GRAIL (10km/px) cannot discriminate between individual candidate regions. Not used in science scoring or accessibility screening.
22527,0.1125,15665.611111111117,-28724.22222222222,121.4255,96.4448,Regional geophysical context only. 73 unique values across entire study area. GRAIL (10km/px) cannot discriminate between individual candidate regions. Not used in science scoring or accessibility screening.
22529,0.554375,-33049.3726042841,-28948.59808342728,-96.3518,96.3954,Regional geophysical context only. 73 unique values across entire study area. GRAIL (10km/px) cannot discriminate between individual candidate regions. Not used in science scoring or accessibility screening.
22532,0.1625,-28152.03846153846,-28783.73076923077,-96.3518,96.3954,Regional geophysical context only. 73 unique values across entire study area. GRAIL (10km/px) cannot discriminate between individual candidate regions. Not used in science scoring or accessibility screening.
22541,0.63375,-29613.049309664697,-28879.80078895464,-96.3518,96.3954,Regional geophysical context only. 73 unique values across entire study area. GRAIL (10km/px) cannot discriminate between individual candidate regions. Not used in science scoring or accessibility screening.
22546,0.14375,16017.65217391304,-28697.0,121.4255,96.4448,Regional geophysical context only. 73 unique values across entire study area. GRAIL (10km/px) cannot discriminate between individual candidate regions. Not used in science scoring or accessibility screening.
22547,0.468125,16350.668224299065,-28604.03938584779,121.4255,96.4448,Regional geophysical context only. 73 unique values across entire study area. GRAIL (10km/px) cannot discriminate between individual candidate regions. Not used in science scoring or accessibility screening.
22566,0.135625,16770.8133640553,-28885.559907834104,121.4255,96.4448,Regional geophysical context only. 73 unique values across entire study area. GRAIL (10km/px) cannot discriminate between individual candidate regions. Not used in science scoring or accessibility screening.
22606,0.146875,22992.37234042553,-29084.712765957447,121.4255,96.4448,Regional geophysical context only. 73 unique values across entire study area. GRAIL (10km/px) cannot discriminate between individual candidate regions. Not used in science scoring or accessibility screening.
22625,0.234375,28183.03333333333,-28801.966666666674,160.1585,85.0259,Regional geophysical context only. 73 unique values across entire study area. GRAIL (10km/px) cannot discriminate between individual candidate regions. Not used in science scoring or accessibility screening.
22646,0.351875,-28797.52486678508,-29157.27087033748,-96.3518,96.3954,Regional geophysical context only. 73 unique values across entire study area. GRAIL (10km/px) cannot discriminate between individual candidate regions. Not used in science scoring or accessibility screening.
22702,0.184375,12750.09322033899,-28920.60169491525,84.0064,107.1887,Regional geophysical context only. 73 unique values across entire study area. GRAIL (10km/px) cannot discriminate between individual candidate regions. Not used in science scoring or accessibility screening.
22739,0.10875,-25388.14367816092,-29260.706896551725,-46.7006,94.2531,Regional geophysical context only. 73 unique values across entire study area. GRAIL (10km/px) cannot discriminate between individual candidate regions. Not used in science scoring or accessibility screening.
22752,0.156875,-12649.205179282872,-29173.90239043825,62.9466,93.772,Regional geophysical context only. 73 unique values across entire study area. GRAIL (10km/px) cannot discriminate between individual candidate regions. Not used in science scoring or accessibility screening.
22756,0.17375,17428.546762589925,-29261.730215827338,121.4255,96.4448,Regional geophysical context only. 73 unique values across entire study area. GRAIL (10km/px) cannot discriminate between individual candidate regions. Not used in science scoring or accessibility screening.
22792,1.1275,-21819.25,-28893.05598669623,-46.7006,94.2531,Regional geophysical context only. 73 unique values across entire study area. GRAIL (10km/px) cannot discriminate between individual candidate regions. Not used in science scoring or accessibility screening.
22826,0.12125,16758.262886597935,-29489.577319587625,121.4255,96.4448,Regional geophysical context only. 73 unique values across entire study area. GRAIL (10km/px) cannot discriminate between individual candidate regions. Not used in science scoring or accessibility screening.
22843,0.17125,-5306.430656934303,-29760.175182481747,73.237,102.5391,Regional geophysical context only. 73 unique values across entire study area. GRAIL (10km/px) cannot discriminate between individual candidate regions. Not used in science scoring or accessibility screening.
22854,1.085,4138.32488479263,-29407.190092165896,73.237,102.5391,Regional geophysical context only. 73 unique values across entire study area. GRAIL (10km/px) cannot discriminate between individual candidate regions. Not used in science scoring or accessibility screening.
22876,0.5475,-13886.601598173516,-29926.26940639269,62.9466,93.772,Regional geophysical context only. 73 unique values across entire study area. GRAIL (10km/px) cannot discriminate between individual candidate regions. Not used in science scoring or accessibility screening.
22892,0.083125,4528.071428571428,-29601.37969924812,84.0064,107.1887,Regional geophysical context only. 73 unique values across entire study area. GRAIL (10km/px) cannot discriminate between individual candidate regions. Not used in science scoring or accessibility screening.
22927,0.251875,13824.127791563276,-30008.37096774194,84.0064,107.1887,Regional geophysical context only. 73 unique values across entire study area. GRAIL (10km/px) cannot discriminate between individual candidate regions. Not used in science scoring or accessibility screening.
22956,0.564375,-11650.721483942412,-30283.414728682168,62.9466,93.772,Regional geophysical context only. 73 unique values across entire study area. GRAIL (10km/px) cannot discriminate between individual candidate regions. Not used in science scoring or accessibility screening.
22962,0.319375,-33371.243639921726,-30177.92465753424,-96.3518,96.3954,Regional geophysical context only. 73 unique values across entire study area. GRAIL (10km/px) cannot discriminate between individual candidate regions. Not used in science scoring or accessibility screening.
23035,0.41,16227.167682926824,-29904.949695121963,121.4255,96.4448,Regional geophysical context only. 73 unique values across entire study area. GRAIL (10km/px) cannot discriminate between individual candidate regions. Not used in science scoring or accessibility screening.
23070,0.518125,-28156.04885404101,-29945.0066344994,-96.3518,96.3954,Regional geophysical context only. 73 unique values across entire study area. GRAIL (10km/px) cannot discriminate between individual candidate regions. Not used in science scoring or accessibility screening.
23080,0.820625,-9957.678217821784,-30435.48629093678,62.9466,93.772,Regional geophysical context only. 73 unique values across entire study area. GRAIL (10km/px) cannot discriminate between individual candidate regions. Not used in science scoring or accessibility screening.
23093,0.795,-26696.66745283019,-30320.431603773584,-96.3518,96.3954,Regional geophysical context only. 73 unique values across entire study area. GRAIL (10km/px) cannot discriminate between individual candidate regions. Not used in science scoring or accessibility screening.
23145,0.1425,-27084.27192982456,-30619.236842105267,-96.3518,96.3954,Regional geophysical context only. 73 unique values across entire study area. GRAIL (10km/px) cannot discriminate between individual candidate regions. Not used in science scoring or accessibility screening.
23149,0.19375,-6904.693548387098,-30753.612903225803,62.9466,93.772,Regional geophysical context only. 73 unique values across entire study area. GRAIL (10km/px) cannot discriminate between individual candidate regions. Not used in science scoring or accessibility screening.
23262,2.11375,-9431.354523950322,-31225.10615020698,62.9466,93.772,Regional geophysical context only. 73 unique values across entire study area. GRAIL (10km/px) cannot discriminate between individual candidate regions. Not used in science scoring or accessibility screening.
23316,0.1475,14718.885593220344,-31175.45338983051,121.4255,96.4448,Regional geophysical context only. 73 unique values across entire study area. GRAIL (10km/px) cannot discriminate between individual candidate regions. Not used in science scoring or accessibility screening.
23321,0.455625,-2904.5123456790097,-31166.78395061729,73.237,102.5391,Regional geophysical context only. 73 unique values across entire study area. GRAIL (10km/px) cannot discriminate between individual candidate regions. Not used in science scoring or accessibility screening.
23327,0.101875,-8283.015337423312,-31164.99079754601,62.9466,93.772,Regional geophysical context only. 73 unique values across entire study area. GRAIL (10km/px) cannot discriminate between individual candidate regions. Not used in science scoring or accessibility screening.
23395,2.878125,-1160.9234527687297,-31108.457654723126,73.237,102.5391,Regional geophysical context only. 73 unique values across entire study area. GRAIL (10km/px) cannot discriminate between individual candidate regions. Not used in science scoring or accessibility screening.
23415,0.275625,-8651.577097505666,-31303.41156462585,62.9466,93.772,Regional geophysical context only. 73 unique values across entire study area. GRAIL (10km/px) cannot discriminate between individual candidate regions. Not used in science scoring or accessibility screening.
23455,0.151875,-6376.323045267491,-31575.32304526749,62.9466,93.772,Regional geophysical context only. 73 unique values across entire study area. GRAIL (10km/px) cannot discriminate between individual candidate regions. Not used in science scoring or accessibility screening.
23522,0.124375,1850.253768844217,-32147.615577889446,73.237,102.5391,Regional geophysical context only. 73 unique values across entire study area. GRAIL (10km/px) cannot discriminate between individual candidate regions. Not used in science scoring or accessibility screening.
23583,0.210625,-8820.232937685461,-32109.663204747776,62.9466,93.772,Regional geophysical context only. 73 unique values across entire study area. GRAIL (10km/px) cannot discriminate between individual candidate regions. Not used in science scoring or accessibility screening.
23610,0.10125,-23183.21604938272,-32143.944444444453,-46.7006,94.2531,Regional geophysical context only. 73 unique values across entire study area. GRAIL (10km/px) cannot discriminate between individual candidate regions. Not used in science scoring or accessibility screening.
23614,0.2575,1346.2839805825206,-32132.995145631063,73.237,102.5391,Regional geophysical context only. 73 unique values across entire study area. GRAIL (10km/px) cannot discriminate between individual candidate regions. Not used in science scoring or accessibility screening.
23627,0.746875,2509.792887029289,-32081.90585774058,73.237,102.5391,Regional geophysical context only. 73 unique values across entire study area. GRAIL (10km/px) cannot discriminate between individual candidate regions. Not used in science scoring or accessibility screening.
23628,0.1375,17038.250000000007,-32324.84090909091,121.4255,96.4448,Regional geophysical context only. 73 unique values across entire study area. GRAIL (10km/px) cannot discriminate between individual candidate regions. Not used in science scoring or accessibility screening.
23663,2.9075,-6820.55051590714,-31772.742691315565,62.9466,93.772,Regional geophysical context only. 73 unique values across entire study area. GRAIL (10km/px) cannot discriminate between individual candidate regions. Not used in science scoring or accessibility screening.
23664,0.638125,-1053.4872673849168,-32436.179725759062,73.237,102.5391,Regional geophysical context only. 73 unique values across entire study area. GRAIL (10km/px) cannot discriminate between individual candidate regions. Not used in science scoring or accessibility screening.
23778,0.081875,-1434.2786259541972,-32967.82061068702,73.237,102.5391,Regional geophysical context only. 73 unique values across entire study area. GRAIL (10km/px) cannot discriminate between individual candidate regions. Not used in science scoring or accessibility screening.
23904,0.095625,-228.2777777777737,-33230.7091503268,73.237,102.5391,Regional geophysical context only. 73 unique values across entire study area. GRAIL (10km/px) cannot discriminate between individual candidate regions. Not used in science scoring or accessibility screening.
23911,0.19125,-6543.718954248368,-33403.01307189543,62.9466,93.772,Regional geophysical context only. 73 unique values across entire study area. GRAIL (10km/px) cannot discriminate between individual candidate regions. Not used in science scoring or accessibility screening.
23915,0.080625,-315.8100775193816,-33492.523255813954,73.237,102.5391,Regional geophysical context only. 73 unique values across entire study area. GRAIL (10km/px) cannot discriminate between individual candidate regions. Not used in science scoring or accessibility screening.
23960,0.15875,8656.586614173226,-33657.86614173227,84.0064,107.1887,Regional geophysical context only. 73 unique values across entire study area. GRAIL (10km/px) cannot discriminate between individual candidate regions. Not used in science scoring or accessibility screening.
24000,0.0875,7868.071428571435,-33814.857142857145,84.0064,107.1887,Regional geophysical context only. 73 unique values across entire study area. GRAIL (10km/px) cannot discriminate between individual candidate regions. Not used in science scoring or accessibility screening.
24017,1.31125,9405.493803622492,-34012.98903717825,84.0064,107.1887,Regional geophysical context only. 73 unique values across entire study area. GRAIL (10km/px) cannot discriminate between individual candidate regions. Not used in science scoring or accessibility screening.
24032,0.91,-26714.01304945055,-34188.03021978022,-96.3518,96.3954,Regional geophysical context only. 73 unique values across entire study area. GRAIL (10km/px) cannot discriminate between individual candidate regions. Not used in science scoring or accessibility screening.
24038,0.310625,21211.170020120728,-33993.061368209266,121.4255,96.4448,Regional geophysical context only. 73 unique values across entire study area. GRAIL (10km/px) cannot discriminate between individual candidate regions. Not used in science scoring or accessibility screening.
24045,0.1275,6826.950980392154,-33885.03921568628,84.0064,107.1887,Regional geophysical context only. 73 unique values across entire study area. GRAIL (10km/px) cannot discriminate between individual candidate regions. Not used in science scoring or accessibility screening.
24063,0.53375,8365.249414519902,-33774.90983606556,84.0064,107.1887,Regional geophysical context only. 73 unique values across entire study area. GRAIL (10km/px) cannot discriminate between individual candidate regions. Not used in science scoring or accessibility screening.
24069,0.08125,-10613.769230769234,-34137.769230769234,62.9466,93.772,Regional geophysical context only. 73 unique values across entire study area. GRAIL (10km/px) cannot discriminate between individual candidate regions. Not used in science scoring or accessibility screening.
24086,0.106875,-2692.1666666666715,-34071.72222222222,73.237,102.5391,Regional geophysical context only. 73 unique values across entire study area. GRAIL (10km/px) cannot discriminate between individual candidate regions. Not used in science scoring or accessibility screening.
24096,0.096875,10287.080645161288,-34285.14516129032,84.0064,107.1887,Regional geophysical context only. 73 unique values across entire study area. GRAIL (10km/px) cannot discriminate between individual candidate regions. Not used in science scoring or accessibility screening.
24102,0.1125,-5725.916666666664,-34166.30555555556,62.9466,93.772,Regional geophysical context only. 73 unique values across entire study area. GRAIL (10km/px) cannot discriminate between individual candidate regions. Not used in science scoring or accessibility screening.
24116,0.930625,6328.445601074542,-34070.75587642714,84.0064,107.1887,Regional geophysical context only. 73 unique values across entire study area. GRAIL (10km/px) cannot discriminate between individual candidate regions. Not used in science scoring or accessibility screening.
24117,0.093125,7995.640939597317,-34159.90268456376,84.0064,107.1887,Regional geophysical context only. 73 unique values across entire study area. GRAIL (10km/px) cannot discriminate between individual candidate regions. Not used in science scoring or accessibility screening.
24118,0.2325,-27149.827956989247,-34450.30645161291,-96.3518,96.3954,Regional geophysical context only. 73 unique values across entire study area. GRAIL (10km/px) cannot discriminate between individual candidate regions. Not used in science scoring or accessibility screening.
24132,0.349375,7128.927549194988,-34295.29606440071,84.0064,107.1887,Regional geophysical context only. 73 unique values across entire study area. GRAIL (10km/px) cannot discriminate between individual candidate regions. Not used in science scoring or accessibility screening.
24134,0.36375,-28557.759450171823,-33973.812714776635,-96.3518,96.3954,Regional geophysical context only. 73 unique values across entire study area. GRAIL (10km/px) cannot discriminate between individual candidate regions. Not used in science scoring or accessibility screening.
24164,0.359375,-2818.5869565217363,-34591.41304347826,64.5725,120.1906,Regional geophysical context only. 73 unique values across entire study area. GRAIL (10km/px) cannot discriminate between individual candidate regions. Not used in science scoring or accessibility screening.
24165,0.220625,-24806.024079320112,-34470.17988668555,-46.7006,94.2531,Regional geophysical context only. 73 unique values across entire study area. GRAIL (10km/px) cannot discriminate between individual candidate regions. Not used in science scoring or accessibility screening.
24213,0.71875,-25794.78260869565,-34345.19565217392,-96.3518,96.3954,Regional geophysical context only. 73 unique values across entire study area. GRAIL (10km/px) cannot discriminate between individual candidate regions. Not used in science scoring or accessibility screening.
24214,0.104375,-25852.59580838324,-34626.59580838322,-101.9481,118.7877,Regional geophysical context only. 73 unique values across entire study area. GRAIL (10km/px) cannot discriminate between individual candidate regions. Not used in science scoring or accessibility screening.
24219,0.31625,8300.833992094864,-34573.56126482214,66.8985,121.9192,Regional geophysical context only. 73 unique values across entire study area. GRAIL (10km/px) cannot discriminate between individual candidate regions. Not used in science scoring or accessibility screening.
24223,0.136875,-3100.271689497713,-34693.33561643836,64.5725,120.1906,Regional geophysical context only. 73 unique values across entire study area. GRAIL (10km/px) cannot discriminate between individual candidate regions. Not used in science scoring or accessibility screening.
24224,0.486875,5690.129011553276,-35054.57060333762,66.8985,121.9192,Regional geophysical context only. 73 unique values across entire study area. GRAIL (10km/px) cannot discriminate between individual candidate regions. Not used in science scoring or accessibility screening.
24238,0.079375,-3340.8543307086657,-34636.31102362204,64.5725,120.1906,Regional geophysical context only. 73 unique values across entire study area. GRAIL (10km/px) cannot discriminate between individual candidate regions. Not used in science scoring or accessibility screening.
24245,0.22375,5678.061452513968,-34457.460893854746,84.0064,107.1887,Regional geophysical context only. 73 unique values across entire study area. GRAIL (10km/px) cannot discriminate between individual candidate regions. Not used in science scoring or accessibility screening.
24246,0.235625,10323.969496021222,-34739.75198938993,66.8985,121.9192,Regional geophysical context only. 73 unique values across entire study area. GRAIL (10km/px) cannot discriminate between individual candidate regions. Not used in science scoring or accessibility screening.
24269,0.155,-24877.516129032258,-34841.53629032259,-93.9919,109.8179,Regional geophysical context only. 73 unique values across entire study area. GRAIL (10km/px) cannot discriminate between individual candidate regions. Not used in science scoring or accessibility screening.
24275,0.110625,-3764.906779661018,-34914.471751412435,64.5725,120.1906,Regional geophysical context only. 73 unique values across entire study area. GRAIL (10km/px) cannot discriminate between individual candidate regions. Not used in science scoring or accessibility screening.
24279,0.535,10708.758177570096,-34857.443925233645,66.8985,121.9192,Regional geophysical context only. 73 unique values across entire study area. GRAIL (10km/px) cannot discriminate between individual candidate regions. Not used in science scoring or accessibility screening.
24281,0.08375,-24692.4776119403,-34824.5,-93.9919,109.8179,Regional geophysical context only. 73 unique values across entire study area. GRAIL (10km/px) cannot discriminate between individual candidate regions. Not used in science scoring or accessibility screening.
24289,0.280625,7053.731625835186,-34846.270601336306,66.8985,121.9192,Regional geophysical context only. 73 unique values across entire study area. GRAIL (10km/px) cannot discriminate between individual candidate regions. Not used in science scoring or accessibility screening.
24294,0.54,-24271.82523148148,-35367.179398148146,-93.9919,109.8179,Regional geophysical context only. 73 unique values across entire study area. GRAIL (10km/px) cannot discriminate between individual candidate regions. Not used in science scoring or accessibility screening.
24305,0.214375,9774.281341107868,-34605.84110787172,66.8985,121.9192,Regional geophysical context only. 73 unique values across entire study area. GRAIL (10km/px) cannot discriminate between individual candidate regions. Not used in science scoring or accessibility screening.
24311,0.1,-26494.25,-34780.125,-101.9481,118.7877,Regional geophysical context only. 73 unique values across entire study area. GRAIL (10km/px) cannot discriminate between individual candidate regions. Not used in science scoring or accessibility screening.
24312,0.9575,7730.031984334208,-34883.883159268924,66.8985,121.9192,Regional geophysical context only. 73 unique values across entire study area. GRAIL (10km/px) cannot discriminate between individual candidate regions. Not used in science scoring or accessibility screening.
24313,0.124375,9515.07788944724,-34862.31407035176,66.8985,121.9192,Regional geophysical context only. 73 unique values across entire study area. GRAIL (10km/px) cannot discriminate between individual candidate regions. Not used in science scoring or accessibility screening.
24316,0.14125,-25752.82300884956,-35004.58849557521,-101.9481,118.7877,Regional geophysical context only. 73 unique values across entire study area. GRAIL (10km/px) cannot discriminate between individual candidate regions. Not used in science scoring or accessibility screening.
24325,0.334375,-681.6214953271046,-35117.58411214953,64.5725,120.1906,Regional geophysical context only. 73 unique values across entire study area. GRAIL (10km/px) cannot discriminate between individual candidate regions. Not used in science scoring or accessibility screening.
24330,0.11875,26522.65789473684,-35076.21052631579,128.0053,107.0997,Regional geophysical context only. 73 unique values across entire study area. GRAIL (10km/px) cannot discriminate between individual candidate regions. Not used in science scoring or accessibility screening.
24337,0.459375,-10246.214285714284,-34781.6768707483,16.5674,112.9342,Regional geophysical context only. 73 unique values across entire study area. GRAIL (10km/px) cannot discriminate between individual candidate regions. Not used in science scoring or accessibility screening.
24340,0.43875,5039.70655270655,-34716.05982905983,66.8985,121.9192,Regional geophysical context only. 73 unique values across entire study area. GRAIL (10km/px) cannot discriminate between individual candidate regions. Not used in science scoring or accessibility screening.
24343,0.245625,-4581.034351145034,-35042.756997455464,64.5725,120.1906,Regional geophysical context only. 73 unique values across entire study area. GRAIL (10km/px) cannot discriminate between individual candidate regions. Not used in science scoring or accessibility screening.
24365,0.339375,-25096.264272559853,-35071.921731123395,-93.9919,109.8179,Regional geophysical context only. 73 unique values across entire study area. GRAIL (10km/px) cannot discriminate between individual candidate regions. Not used in science scoring or accessibility screening.
24367,0.088125,-3848.372340425536,-35200.56382978724,64.5725,120.1906,Regional geophysical context only. 73 unique values across entire study area. GRAIL (10km/px) cannot discriminate between individual candidate regions. Not used in science scoring or accessibility screening.
24372,0.3,-27017.010416666668,-35125.85416666667,-101.9481,118.7877,Regional geophysical context only. 73 unique values across entire study area. GRAIL (10km/px) cannot discriminate between individual candidate regions. Not used in science scoring or accessibility screening.
24419,0.29125,5134.8540772532215,-35471.38841201717,66.8985,121.9192,Regional geophysical context only. 73 unique values across entire study area. GRAIL (10km/px) cannot discriminate between individual candidate regions. Not used in science scoring or accessibility screening.
24422,0.285625,-21281.24398249453,-35252.78227571116,-93.9919,109.8179,Regional geophysical context only. 73 unique values across entire study area. GRAIL (10km/px) cannot discriminate between individual candidate regions. Not used in science scoring or accessibility screening.
24449,0.74875,-25895.616861435727,-35299.353923205344,-101.9481,118.7877,Regional geophysical context only. 73 unique values across entire study area. GRAIL (10km/px) cannot discriminate between individual candidate regions. Not used in science scoring or accessibility screening.
24452,0.53,8620.018867924533,-34893.78066037735,66.8985,121.9192,Regional geophysical context only. 73 unique values across entire study area. GRAIL (10km/px) cannot discriminate between individual candidate regions. Not used in science scoring or accessibility screening.
24468,0.19625,10242.891719745225,-35349.4203821656,66.8985,121.9192,Regional geophysical context only. 73 unique values across entire study area. GRAIL (10km/px) cannot discriminate between individual candidate regions. Not used in science scoring or accessibility screening.
24472,0.09625,-2627.123376623378,-35655.344155844155,64.5725,120.1906,Regional geophysical context only. 73 unique values across entire study area. GRAIL (10km/px) cannot discriminate between individual candidate regions. Not used in science scoring or accessibility screening.
24475,0.0875,-2316.0357142857174,-35609.5,64.5725,120.1906,Regional geophysical context only. 73 unique values across entire study area. GRAIL (10km/px) cannot discriminate between individual candidate regions. Not used in science scoring or accessibility screening.
24486,0.0825,6796.659090909088,-35511.621212121216,66.8985,121.9192,Regional geophysical context only. 73 unique values across entire study area. GRAIL (10km/px) cannot discriminate between individual candidate regions. Not used in science scoring or accessibility screening.
24487,0.2275,8783.909340659338,-35387.206043956045,66.8985,121.9192,Regional geophysical context only. 73 unique values across entire study area. GRAIL (10km/px) cannot discriminate between individual candidate regions. Not used in science scoring or accessibility screening.
24488,0.48875,9273.157289002564,-35223.34910485933,66.8985,121.9192,Regional geophysical context only. 73 unique values across entire study area. GRAIL (10km/px) cannot discriminate between individual candidate regions. Not used in science scoring or accessibility screening.
24489,0.563125,11331.82519422863,-35170.72641509434,66.8985,121.9192,Regional geophysical context only. 73 unique values across entire study area. GRAIL (10km/px) cannot discriminate between individual candidate regions. Not used in science scoring or accessibility screening.
24497,0.080625,7808.220930232565,-35487.678294573634,66.8985,121.9192,Regional geophysical context only. 73 unique values across entire study area. GRAIL (10km/px) cannot discriminate between individual candidate regions. Not used in science scoring or accessibility screening.
24503,1.0625,-3621.455882352937,-35513.5294117647,64.5725,120.1906,Regional geophysical context only. 73 unique values across entire study area. GRAIL (10km/px) cannot discriminate between individual candidate regions. Not used in science scoring or accessibility screening.
24521,0.10125,-27030.28395061728,-35757.83333333334,-101.9481,118.7877,Regional geophysical context only. 73 unique values across entire study area. GRAIL (10km/px) cannot discriminate between individual candidate regions. Not used in science scoring or accessibility screening.
24525,0.775,4475.608870967742,-34958.89516129032,64.5725,120.1906,Regional geophysical context only. 73 unique values across entire study area. GRAIL (10km/px) cannot discriminate between individual candidate regions. Not used in science scoring or accessibility screening.
24527,0.418125,-27397.09940209268,-35540.12032884902,-101.9481,118.7877,Regional geophysical context only. 73 unique values across entire study area. GRAIL (10km/px) cannot discriminate between individual candidate regions. Not used in science scoring or accessibility screening.
24529,0.1175,-2900.7659574468125,-35834.207446808505,64.5725,120.1906,Regional geophysical context only. 73 unique values across entire study area. GRAIL (10km/px) cannot discriminate between individual candidate regions. Not used in science scoring or accessibility screening.
24530,0.34875,7150.306451612902,-35578.5770609319,66.8985,121.9192,Regional geophysical context only. 73 unique values across entire study area. GRAIL (10km/px) cannot discriminate between individual candidate regions. Not used in science scoring or accessibility screening.
24537,0.339375,10987.207182320446,-35647.059852670354,66.8985,121.9192,Regional geophysical context only. 73 unique values across entire study area. GRAIL (10km/px) cannot discriminate between individual candidate regions. Not used in science scoring or accessibility screening.
24546,0.166875,24977.02808988764,-35893.32022471911,128.0053,107.0997,Regional geophysical context only. 73 unique values across entire study area. GRAIL (10km/px) cannot discriminate between individual candidate regions. Not used in science scoring or accessibility screening.
24547,0.219375,-23245.514245014245,-35733.18945868946,-93.9919,109.8179,Regional geophysical context only. 73 unique values across entire study area. GRAIL (10km/px) cannot discriminate between individual candidate regions. Not used in science scoring or accessibility screening.
24556,0.094375,935.427152317876,-35693.04304635762,64.5725,120.1906,Regional geophysical context only. 73 unique values across entire study area. GRAIL (10km/px) cannot discriminate between individual candidate regions. Not used in science scoring or accessibility screening.
24558,0.175,-25406.39285714285,-35789.678571428565,-93.9919,109.8179,Regional geophysical context only. 73 unique values across entire study area. GRAIL (10km/px) cannot discriminate between individual candidate regions. Not used in science scoring or accessibility screening.
24560,0.214375,24384.2667638484,-35916.62827988337,130.151,122.7969,Regional geophysical context only. 73 unique values across entire study area. GRAIL (10km/px) cannot discriminate between individual candidate regions. Not used in science scoring or accessibility screening.
24569,0.33875,8120.4409594096,-35804.06642066421,66.8985,121.9192,Regional geophysical context only. 73 unique values across entire study area. GRAIL (10km/px) cannot discriminate between individual candidate regions. Not used in science scoring or accessibility screening.
24578,0.156875,-994.2250996015936,-35809.85856573706,64.5725,120.1906,Regional geophysical context only. 73 unique values across entire study area. GRAIL (10km/px) cannot discriminate between individual candidate regions. Not used in science scoring or accessibility screening.
24579,0.16125,6818.007751937992,-36021.3992248062,66.8985,121.9192,Regional geophysical context only. 73 unique values across entire study area. GRAIL (10km/px) cannot discriminate between individual candidate regions. Not used in science scoring or accessibility screening.
24584,0.284375,-26554.84065934065,-35861.58791208791,-101.9481,118.7877,Regional geophysical context only. 73 unique values across entire study area. GRAIL (10km/px) cannot discriminate between individual candidate regions. Not used in science scoring or accessibility screening.
24587,0.45375,8789.169421487597,-36008.900826446275,66.8985,121.9192,Regional geophysical context only. 73 unique values across entire study area. GRAIL (10km/px) cannot discriminate between individual candidate regions. Not used in science scoring or accessibility screening.
24603,0.0875,-2588.892857142855,-36014.5,64.5725,120.1906,Regional geophysical context only. 73 unique values across entire study area. GRAIL (10km/px) cannot discriminate between individual candidate regions. Not used in science scoring or accessibility screening.
24608,0.109375,-24802.64285714286,-35982.928571428565,-93.9919,109.8179,Regional geophysical context only. 73 unique values across entire study area. GRAIL (10km/px) cannot discriminate between individual candidate regions. Not used in science scoring or accessibility screening.
24627,0.541875,10122.885236447515,-35584.64994232987,66.8985,121.9192,Regional geophysical context only. 73 unique values across entire study area. GRAIL (10km/px) cannot discriminate between individual candidate regions. Not used in science scoring or accessibility screening.
24628,0.115,12336.72826086956,-36085.233695652176,66.8985,121.9192,Regional geophysical context only. 73 unique values across entire study area. GRAIL (10km/px) cannot discriminate between individual candidate regions. Not used in science scoring or accessibility screening.
24643,0.594375,9463.143533123024,-35942.034174553104,66.8985,121.9192,Regional geophysical context only. 73 unique values across entire study area. GRAIL (10km/px) cannot discriminate between individual candidate regions. Not used in science scoring or accessibility screening.
24653,0.605625,3613.560887512896,-35729.2987616099,64.5725,120.1906,Regional geophysical context only. 73 unique values across entire study area. GRAIL (10km/px) cannot discriminate between individual candidate regions. Not used in science scoring or accessibility screening.
24664,0.373125,-26056.65577889448,-36311.64405360134,-101.9481,118.7877,Regional geophysical context only. 73 unique values across entire study area. GRAIL (10km/px) cannot discriminate between individual candidate regions. Not used in science scoring or accessibility screening.
24678,0.180625,6189.465397923879,-36354.08477508651,66.8985,121.9192,Regional geophysical context only. 73 unique values across entire study area. GRAIL (10km/px) cannot discriminate between individual candidate regions. Not used in science scoring or accessibility screening.
24679,0.22125,12106.491525423737,-36485.16384180791,66.8985,121.9192,Regional geophysical context only. 73 unique values across entire study area. GRAIL (10km/px) cannot discriminate between individual candidate regions. Not used in science scoring or accessibility screening.
24682,0.09625,-20660.889610389608,-36116.22077922078,-93.9919,109.8179,Regional geophysical context only. 73 unique values across entire study area. GRAIL (10km/px) cannot discriminate between individual candidate regions. Not used in science scoring or accessibility screening.
24689,0.148125,12431.778481012654,-36465.85021097046,66.8985,121.9192,Regional geophysical context only. 73 unique values across entire study area. GRAIL (10km/px) cannot discriminate between individual candidate regions. Not used in science scoring or accessibility screening.
24699,0.09625,21619.954545454544,-36365.57142857144,130.151,122.7969,Regional geophysical context only. 73 unique values across entire study area. GRAIL (10km/px) cannot discriminate between individual candidate regions. Not used in science scoring or accessibility screening.
24706,0.355,11706.190140845072,-36318.47007042254,66.8985,121.9192,Regional geophysical context only. 73 unique values across entire study area. GRAIL (10km/px) cannot discriminate between individual candidate regions. Not used in science scoring or accessibility screening.
24711,0.780625,10705.744995996793,-36232.38630904725,66.8985,121.9192,Regional geophysical context only. 73 unique values across entire study area. GRAIL (10km/px) cannot discriminate between individual candidate regions. Not used in science scoring or accessibility screening.
24716,0.676875,23940.474145891043,-36237.24238227148,130.151,122.7969,Regional geophysical context only. 73 unique values across entire study area. GRAIL (10km/px) cannot discriminate between individual candidate regions. Not used in science scoring or accessibility screening.
24725,0.290625,5685.252688172048,-36293.47849462366,66.8985,121.9192,Regional geophysical context only. 73 unique values across entire study area. GRAIL (10km/px) cannot discriminate between individual candidate regions. Not used in science scoring or accessibility screening.
24726,0.28875,13479.370129870127,-36666.87012987013,66.8985,121.9192,Regional geophysical context only. 73 unique values across entire study area. GRAIL (10km/px) cannot discriminate between individual candidate regions. Not used in science scoring or accessibility screening.
24742,0.560625,5020.124303233002,-36131.4397993311,66.8985,121.9192,Regional geophysical context only. 73 unique values across entire study area. GRAIL (10km/px) cannot discriminate between individual candidate regions. Not used in science scoring or accessibility screening.
24744,0.105,8060.21428571429,-36373.01190476191,66.8985,121.9192,Regional geophysical context only. 73 unique values across entire study area. GRAIL (10km/px) cannot discriminate between individual candidate regions. Not used in science scoring or accessibility screening.
24745,0.23125,9874.837837837831,-36445.37837837839,66.8985,121.9192,Regional geophysical context only. 73 unique values across entire study area. GRAIL (10km/px) cannot discriminate between individual candidate regions. Not used in science scoring or accessibility screening.
24747,0.0875,26298.78571428571,-36484.142857142855,128.0053,107.0997,Regional geophysical context only. 73 unique values across entire study area. GRAIL (10km/px) cannot discriminate between individual candidate regions. Not used in science scoring or accessibility screening.
24753,0.1175,6525.962765957447,-36334.60638297872,66.8985,121.9192,Regional geophysical context only. 73 unique values across entire study area. GRAIL (10km/px) cannot discriminate between individual candidate regions. Not used in science scoring or accessibility screening.
24754,0.531875,12925.146298472384,-36485.16392479435,66.8985,121.9192,Regional geophysical context only. 73 unique values across entire study area. GRAIL (10km/px) cannot discriminate between individual candidate regions. Not used in science scoring or accessibility screening.
24756,0.29625,18301.29324894515,-36312.9493670886,130.151,122.7969,Regional geophysical context only. 73 unique values across entire study area. GRAIL (10km/px) cannot discriminate between individual candidate regions. Not used in science scoring or accessibility screening.
24758,0.50125,-332.170822942644,-36603.365336658346,64.5725,120.1906,Regional geophysical context only. 73 unique values across entire study area. GRAIL (10km/px) cannot discriminate between individual candidate regions. Not used in science scoring or accessibility screening.
24761,0.981875,-24401.948122215148,-36374.5,-93.9919,109.8179,Regional geophysical context only. 73 unique values across entire study area. GRAIL (10km/px) cannot discriminate between individual candidate regions. Not used in science scoring or accessibility screening.
24763,0.328125,-2509.3095238095266,-36476.59523809524,64.5725,120.1906,Regional geophysical context only. 73 unique values across entire study area. GRAIL (10km/px) cannot discriminate between individual candidate regions. Not used in science scoring or accessibility screening.
24765,0.755625,7462.899503722088,-36322.32878411911,66.8985,121.9192,Regional geophysical context only. 73 unique values across entire study area. GRAIL (10km/px) cannot discriminate between individual candidate regions. Not used in science scoring or accessibility screening.
24779,0.798125,-1260.3277212216126,-36525.30266249021,64.5725,120.1906,Regional geophysical context only. 73 unique values across entire study area. GRAIL (10km/px) cannot discriminate between individual candidate regions. Not used in science scoring or accessibility screening.
24783,0.083125,-24410.274436090225,-36705.8909774436,-93.9919,109.8179,Regional geophysical context only. 73 unique values across entire study area. GRAIL (10km/px) cannot discriminate between individual candidate regions. Not used in science scoring or accessibility screening.
24788,0.12875,11309.20873786408,-36478.14077669903,66.8985,121.9192,Regional geophysical context only. 73 unique values across entire study area. GRAIL (10km/px) cannot discriminate between individual candidate regions. Not used in science scoring or accessibility screening.
24794,0.37375,3732.484949832775,-36708.739130434784,64.5725,120.1906,Regional geophysical context only. 73 unique values across entire study area. GRAIL (10km/px) cannot discriminate between individual candidate regions. Not used in science scoring or accessibility screening.
24796,0.3825,21175.80718954248,-36326.62418300654,130.151,122.7969,Regional geophysical context only. 73 unique values across entire study area. GRAIL (10km/px) cannot discriminate between individual candidate regions. Not used in science scoring or accessibility screening.
24802,0.25125,-21384.7039800995,-36813.74129353234,-93.9919,109.8179,Regional geophysical context only. 73 unique values across entire study area. GRAIL (10km/px) cannot discriminate between individual candidate regions. Not used in science scoring or accessibility screening.
24813,0.275,24813.64772727272,-36531.545454545456,128.0053,107.0997,Regional geophysical context only. 73 unique values across entire study area. GRAIL (10km/px) cannot discriminate between individual candidate regions. Not used in science scoring or accessibility screening.
24823,0.18,10460.524305555557,-36818.25,66.8985,121.9192,Regional geophysical context only. 73 unique values across entire study area. GRAIL (10km/px) cannot discriminate between individual candidate regions. Not used in science scoring or accessibility screening.
24838,0.294375,10985.646496815289,-37111.70806794055,66.8985,121.9192,Regional geophysical context only. 73 unique values across entire study area. GRAIL (10km/px) cannot discriminate between individual candidate regions. Not used in science scoring or accessibility screening.
24844,0.2275,-1309.2912087912118,-37170.79120879121,64.5725,120.1906,Regional geophysical context only. 73 unique values across entire study area. GRAIL (10km/px) cannot discriminate between individual candidate regions. Not used in science scoring or accessibility screening.
24845,0.175625,68.27224199288321,-37043.89501779359,64.5725,120.1906,Regional geophysical context only. 73 unique values across entire study area. GRAIL (10km/px) cannot discriminate between individual candidate regions. Not used in science scoring or accessibility screening.
24859,0.746875,4840.294979079496,-37142.805439330536,66.8985,121.9192,Regional geophysical context only. 73 unique values across entire study area. GRAIL (10km/px) cannot discriminate between individual candidate regions. Not used in science scoring or accessibility screening.
24875,0.119375,6341.253926701575,-36870.3115183246,66.8985,121.9192,Regional geophysical context only. 73 unique values across entire study area. GRAIL (10km/px) cannot discriminate between individual candidate regions. Not used in science scoring or accessibility screening.
24878,0.20375,12513.61042944785,-36914.68404907976,66.8985,121.9192,Regional geophysical context only. 73 unique values across entire study area. GRAIL (10km/px) cannot discriminate between individual candidate regions. Not used in science scoring or accessibility screening.
24883,0.129375,-23071.997584541063,-36824.016908212565,-93.9919,109.8179,Regional geophysical context only. 73 unique values across entire study area. GRAIL (10km/px) cannot discriminate between individual candidate regions. Not used in science scoring or accessibility screening.
24886,0.0925,20407.439189189183,-36976.86486486487,130.151,122.7969,Regional geophysical context only. 73 unique values across entire study area. GRAIL (10km/px) cannot discriminate between individual candidate regions. Not used in science scoring or accessibility screening.
24890,0.335,7861.95335820895,-36926.7854477612,66.8985,121.9192,Regional geophysical context only. 73 unique values across entire study area. GRAIL (10km/px) cannot discriminate between individual candidate regions. Not used in science scoring or accessibility screening.
24892,0.248125,11336.149874055409,-36900.57052896725,66.8985,121.9192,Regional geophysical context only. 73 unique values across entire study area. GRAIL (10km/px) cannot discriminate between individual candidate regions. Not used in science scoring or accessibility screening.
24914,0.235,4167.917553191488,-37135.33776595745,64.5725,120.1906,Regional geophysical context only. 73 unique values across entire study area. GRAIL (10km/px) cannot discriminate between individual candidate regions. Not used in science scoring or accessibility screening.
24915,0.29125,8443.008583690986,-37171.656652360514,66.8985,121.9192,Regional geophysical context only. 73 unique values across entire study area. GRAIL (10km/px) cannot discriminate between individual candidate regions. Not used in science scoring or accessibility screening.
24936,0.55375,-24573.468397291195,-37220.831828442446,-93.9919,109.8179,Regional geophysical context only. 73 unique values across entire study area. GRAIL (10km/px) cannot discriminate between individual candidate regions. Not used in science scoring or accessibility screening.
24940,0.90625,12433.896551724138,-37490.77586206896,66.8985,121.9192,Regional geophysical context only. 73 unique values across entire study area. GRAIL (10km/px) cannot discriminate between individual candidate regions. Not used in science scoring or accessibility screening.
24943,0.41,-24013.19054878049,-37378.692073170736,-93.9919,109.8179,Regional geophysical context only. 73 unique values across entire study area. GRAIL (10km/px) cannot discriminate between individual candidate regions. Not used in science scoring or accessibility screening.
24951,0.45375,6574.086776859505,-37083.5564738292,66.8985,121.9192,Regional geophysical context only. 73 unique values across entire study area. GRAIL (10km/px) cannot discriminate between individual candidate regions. Not used in science scoring or accessibility screening.
24963,0.105625,5831.896449704138,-37370.2100591716,66.8985,121.9192,Regional geophysical context only. 73 unique values across entire study area. GRAIL (10km/px) cannot discriminate between individual candidate regions. Not used in science scoring or accessibility screening.
24967,0.09625,-21342.05844155844,-37365.08441558442,-93.9919,109.8179,Regional geophysical context only. 73 unique values across entire study area. GRAIL (10km/px) cannot discriminate between individual candidate regions. Not used in science scoring or accessibility screening.
24969,0.18375,6179.517006802722,-37204.3469387755,66.8985,121.9192,Regional geophysical context only. 73 unique values across entire study area. GRAIL (10km/px) cannot discriminate between individual candidate regions. Not used in science scoring or accessibility screening.
24974,0.581875,5679.655746509132,-36915.23576799141,66.8985,121.9192,Regional geophysical context only. 73 unique values across entire study area. GRAIL (10km/px) cannot discriminate between individual candidate regions. Not used in science scoring or accessibility screening.
24978,0.275625,-682.8696145124704,-37294.68140589568,64.5725,120.1906,Regional geophysical context only. 73 unique values across entire study area. GRAIL (10km/px) cannot discriminate between individual candidate regions. Not used in science scoring or accessibility screening.
24990,1.1175,7428.037472035794,-37825.04530201343,66.8985,121.9192,Regional geophysical context only. 73 unique values across entire study area. GRAIL (10km/px) cannot discriminate between individual candidate regions. Not used in science scoring or accessibility screening.
24995,0.20375,13390.450920245392,-37415.987730061344,66.8985,121.9192,Regional geophysical context only. 73 unique values across entire study area. GRAIL (10km/px) cannot discriminate between individual candidate regions. Not used in science scoring or accessibility screening.
25006,0.303125,12880.376288659798,-37228.36597938144,66.8985,121.9192,Regional geophysical context only. 73 unique values across entire study area. GRAIL (10km/px) cannot discriminate between individual candidate regions. Not used in science scoring or accessibility screening.
25016,0.1225,-1557.770408163262,-37532.2806122449,64.5725,120.1906,Regional geophysical context only. 73 unique values across entire study area. GRAIL (10km/px) cannot discriminate between individual candidate regions. Not used in science scoring or accessibility screening.
25018,0.728125,10365.40128755365,-37201.98927038626,66.8985,121.9192,Regional geophysical context only. 73 unique values across entire study area. GRAIL (10km/px) cannot discriminate between individual candidate regions. Not used in science scoring or accessibility screening.
25024,0.10375,4338.9578313253005,-37512.30120481928,64.5725,120.1906,Regional geophysical context only. 73 unique values across entire study area. GRAIL (10km/px) cannot discriminate between individual candidate regions. Not used in science scoring or accessibility screening.
25025,0.4025,5341.464285714283,-37716.19254658386,66.8985,121.9192,Regional geophysical context only. 73 unique values across entire study area. GRAIL (10km/px) cannot discriminate between individual candidate regions. Not used in science scoring or accessibility screening.
25026,0.1775,11237.968309859149,-37704.69366197183,66.8985,121.9192,Regional geophysical context only. 73 unique values across entire study area. GRAIL (10km/px) cannot discriminate between individual candidate regions. Not used in science scoring or accessibility screening.
25033,0.445625,-2012.386395511916,-37501.56872370267,64.5725,120.1906,Regional geophysical context only. 73 unique values across entire study area. GRAIL (10km/px) cannot discriminate between individual candidate regions. Not used in science scoring or accessibility screening.
25036,0.34375,11693.090909090904,-37460.5,66.8985,121.9192,Regional geophysical context only. 73 unique values across entire study area. GRAIL (10km/px) cannot discriminate between individual candidate regions. Not used in science scoring or accessibility screening.
25044,0.21875,-453.57142857142753,-37684.357142857145,64.5725,120.1906,Regional geophysical context only. 73 unique values across entire study area. GRAIL (10km/px) cannot discriminate between individual candidate regions. Not used in science scoring or accessibility screening.
25046,1.001875,9088.504990642548,-37290.56363069246,66.8985,121.9192,Regional geophysical context only. 73 unique values across entire study area. GRAIL (10km/px) cannot discriminate between individual candidate regions. Not used in science scoring or accessibility screening.
25052,0.208125,-1029.328828828831,-37640.04054054055,64.5725,120.1906,Regional geophysical context only. 73 unique values across entire study area. GRAIL (10km/px) cannot discriminate between individual candidate regions. Not used in science scoring or accessibility screening.
25055,0.1,-24416.28125,-37771.0625,-93.9919,109.8179,Regional geophysical context only. 73 unique values across entire study area. GRAIL (10km/px) cannot discriminate between individual candidate regions. Not used in science scoring or accessibility screening.
25056,1.763125,-21459.17600141793,-37703.71836228288,-93.9919,109.8179,Regional geophysical context only. 73 unique values across entire study area. GRAIL (10km/px) cannot discriminate between individual candidate regions. Not used in science scoring or accessibility screening.
25071,0.095625,-23264.5522875817,-37742.96405228759,-93.9919,109.8179,Regional geophysical context only. 73 unique values across entire study area. GRAIL (10km/px) cannot discriminate between individual candidate regions. Not used in science scoring or accessibility screening.
25072,0.08,4854.3828125,-37704.1875,66.8985,121.9192,Regional geophysical context only. 73 unique values across entire study area. GRAIL (10km/px) cannot discriminate between individual candidate regions. Not used in science scoring or accessibility screening.
25076,0.23625,20195.531746031746,-37706.708994709,130.151,122.7969,Regional geophysical context only. 73 unique values across entire study area. GRAIL (10km/px) cannot discriminate between individual candidate regions. Not used in science scoring or accessibility screening.
25082,0.11375,4834.939560439561,-37943.5934065934,66.8985,121.9192,Regional geophysical context only. 73 unique values across entire study area. GRAIL (10km/px) cannot discriminate between individual candidate regions. Not used in science scoring or accessibility screening.
25083,0.380625,6962.882594417075,-37329.63136288998,66.8985,121.9192,Regional geophysical context only. 73 unique values across entire study area. GRAIL (10km/px) cannot discriminate between individual candidate regions. Not used in science scoring or accessibility screening.
25100,0.824375,13842.942001516303,-38201.43328278999,66.8985,121.9192,Regional geophysical context only. 73 unique values across entire study area. GRAIL (10km/px) cannot discriminate between individual candidate regions. Not used in science scoring or accessibility screening.
25105,0.400625,6230.194227769105,-38038.15054602183,66.8985,121.9192,Regional geophysical context only. 73 unique values across entire study area. GRAIL (10km/px) cannot discriminate between individual candidate regions. Not used in science scoring or accessibility screening.
25116,0.23375,8323.163101604281,-37857.38770053476,66.8985,121.9192,Regional geophysical context only. 73 unique values across entire study area. GRAIL (10km/px) cannot discriminate between individual candidate regions. Not used in science scoring or accessibility screening.
25117,0.404375,9847.606646058724,-37581.8802163833,66.8985,121.9192,Regional geophysical context only. 73 unique values across entire study area. GRAIL (10km/px) cannot discriminate between individual candidate regions. Not used in science scoring or accessibility screening.
25118,0.233125,13520.478552278822,-37853.4544235925,66.8985,121.9192,Regional geophysical context only. 73 unique values across entire study area. GRAIL (10km/px) cannot discriminate between individual candidate regions. Not used in science scoring or accessibility screening.
25137,0.395625,5703.370458135862,-38044.918641390206,66.8985,121.9192,Regional geophysical context only. 73 unique values across entire study area. GRAIL (10km/px) cannot discriminate between individual candidate regions. Not used in science scoring or accessibility screening.
25141,0.20875,9957.508982035928,-38153.017964071856,66.8985,121.9192,Regional geophysical context only. 73 unique values across entire study area. GRAIL (10km/px) cannot discriminate between individual candidate regions. Not used in science scoring or accessibility screening.
25153,0.155625,-21301.102409638555,-38062.95381526103,-93.9919,109.8179,Regional geophysical context only. 73 unique values across entire study area. GRAIL (10km/px) cannot discriminate between individual candidate regions. Not used in science scoring or accessibility screening.
25163,0.235,9540.1914893617,-37905.284574468096,66.8985,121.9192,Regional geophysical context only. 73 unique values across entire study area. GRAIL (10km/px) cannot discriminate between individual candidate regions. Not used in science scoring or accessibility screening.
25166,0.27,12327.567129629628,-37945.043981481474,66.8985,121.9192,Regional geophysical context only. 73 unique values across entire study area. GRAIL (10km/px) cannot discriminate between individual candidate regions. Not used in science scoring or accessibility screening.
25168,0.363125,470.0249569707376,-38301.22117039586,64.5725,120.1906,Regional geophysical context only. 73 unique values across entire study area. GRAIL (10km/px) cannot discriminate between individual candidate regions. Not used in science scoring or accessibility screening.
25180,1.01125,3877.636588380716,-37890.89369592088,64.5725,120.1906,Regional geophysical context only. 73 unique values across entire study area. GRAIL (10km/px) cannot discriminate between individual candidate regions. Not used in science scoring or accessibility screening.
25181,0.098125,8121.792993630574,-38135.487261146496,66.8985,121.9192,Regional geophysical context only. 73 unique values across entire study area. GRAIL (10km/px) cannot discriminate between individual candidate regions. Not used in science scoring or accessibility screening.
25194,0.15375,13098.382113821142,-38291.87804878049,66.8985,121.9192,Regional geophysical context only. 73 unique values across entire study area. GRAIL (10km/px) cannot discriminate between individual candidate regions. Not used in science scoring or accessibility screening.
25202,1.45,11149.392241379312,-38258.95043103449,66.8985,121.9192,Regional geophysical context only. 73 unique values across entire study area. GRAIL (10km/px) cannot discriminate between individual candidate regions. Not used in science scoring or accessibility screening.
25204,0.71375,-22679.76882661997,-38293.69877408056,-93.9919,109.8179,Regional geophysical context only. 73 unique values across entire study area. GRAIL (10km/px) cannot discriminate between individual candidate regions. Not used in science scoring or accessibility screening.
25205,0.191875,-20074.35993485342,-38167.82247557002,-93.9919,109.8179,Regional geophysical context only. 73 unique values across entire study area. GRAIL (10km/px) cannot discriminate between individual candidate regions. Not used in science scoring or accessibility screening.
25211,0.431875,6706.301736613605,-38122.43777134588,66.8985,121.9192,Regional geophysical context only. 73 unique values across entire study area. GRAIL (10km/px) cannot discriminate between individual candidate regions. Not used in science scoring or accessibility screening.
25250,0.195625,4784.883386581467,-38387.35942492013,66.8985,121.9192,Regional geophysical context only. 73 unique values across entire study area. GRAIL (10km/px) cannot discriminate between individual candidate regions. Not used in science scoring or accessibility screening.
25264,0.245,7626.923469387759,-38696.94897959184,66.8985,121.9192,Regional geophysical context only. 73 unique values across entire study area. GRAIL (10km/px) cannot discriminate between individual candidate regions. Not used in science scoring or accessibility screening.
25276,0.1575,12165.571428571437,-38335.21428571429,66.8985,121.9192,Regional geophysical context only. 73 unique values across entire study area. GRAIL (10km/px) cannot discriminate between individual candidate regions. Not used in science scoring or accessibility screening.
25297,0.329375,4480.145161290326,-38636.64421252372,64.5725,120.1906,Regional geophysical context only. 73 unique values across entire study area. GRAIL (10km/px) cannot discriminate between individual candidate regions. Not used in science scoring or accessibility screening.
25298,0.489375,5304.768199233717,-38676.671136653895,66.8985,121.9192,Regional geophysical context only. 73 unique values across entire study area. GRAIL (10km/px) cannot discriminate between individual candidate regions. Not used in science scoring or accessibility screening.
25311,0.221875,-19870.00704225352,-38861.47183098592,-93.9919,109.8179,Regional geophysical context only. 73 unique values across entire study area. GRAIL (10km/px) cannot discriminate between individual candidate regions. Not used in science scoring or accessibility screening.
25321,0.16375,7042.248091603047,-38796.923664122136,66.8985,121.9192,Regional geophysical context only. 73 unique values across entire study area. GRAIL (10km/px) cannot discriminate between individual candidate regions. Not used in science scoring or accessibility screening.
25322,0.706875,8939.707780725017,-38546.073828470384,66.8985,121.9192,Regional geophysical context only. 73 unique values across entire study area. GRAIL (10km/px) cannot discriminate between individual candidate regions. Not used in science scoring or accessibility screening.
25323,0.123125,11169.80456852792,-38766.251269035536,66.8985,121.9192,Regional geophysical context only. 73 unique values across entire study area. GRAIL (10km/px) cannot discriminate between individual candidate regions. Not used in science scoring or accessibility screening.
25336,0.609375,-20621.166666666668,-38881.32051282052,-93.9919,109.8179,Regional geophysical context only. 73 unique values across entire study area. GRAIL (10km/px) cannot discriminate between individual candidate regions. Not used in science scoring or accessibility screening.
25349,0.48625,6334.975578406171,-38835.93958868896,66.8985,121.9192,Regional geophysical context only. 73 unique values across entire study area. GRAIL (10km/px) cannot discriminate between individual candidate regions. Not used in science scoring or accessibility screening.
25358,0.225,4828.944444444445,-39116.375,66.8985,121.9192,Regional geophysical context only. 73 unique values across entire study area. GRAIL (10km/px) cannot discriminate between individual candidate regions. Not used in science scoring or accessibility screening.
25359,0.18,10288.99652777778,-38912.60763888889,66.8985,121.9192,Regional geophysical context only. 73 unique values across entire study area. GRAIL (10km/px) cannot discriminate between individual candidate regions. Not used in science scoring or accessibility screening.
25372,0.094375,-22834.274834437085,-38866.552980132445,-93.9919,109.8179,Regional geophysical context only. 73 unique values across entire study area. GRAIL (10km/px) cannot discriminate between individual candidate regions. Not used in science scoring or accessibility screening.
25377,0.3375,5830.101851851847,-38963.66666666667,66.8985,121.9192,Regional geophysical context only. 73 unique values across entire study area. GRAIL (10km/px) cannot discriminate between individual candidate regions. Not used in science scoring or accessibility screening.
25384,0.1125,8708.527777777781,-39249.63888888889,66.8985,121.9192,Regional geophysical context only. 73 unique values across entire study area. GRAIL (10km/px) cannot discriminate between individual candidate regions. Not used in science scoring or accessibility screening.
25389,0.3225,6662.920542635664,-39320.43023255814,66.8985,121.9192,Regional geophysical context only. 73 unique values across entire study area. GRAIL (10km/px) cannot discriminate between individual candidate regions. Not used in science scoring or accessibility screening.
25394,0.125625,7860.445273631842,-39063.30597014926,66.8985,121.9192,Regional geophysical context only. 73 unique values across entire study area. GRAIL (10km/px) cannot discriminate between individual candidate regions. Not used in science scoring or accessibility screening.
25399,0.079375,-380.0275590551173,-39291.625984251965,64.5725,120.1906,Regional geophysical context only. 73 unique values across entire study area. GRAIL (10km/px) cannot discriminate between individual candidate regions. Not used in science scoring or accessibility screening.
25401,0.236875,7319.091029023752,-39110.12005277045,66.8985,121.9192,Regional geophysical context only. 73 unique values across entire study area. GRAIL (10km/px) cannot discriminate between individual candidate regions. Not used in science scoring or accessibility screening.
25411,0.543125,12711.49654775604,-38815.81185270425,66.8985,121.9192,Regional geophysical context only. 73 unique values across entire study area. GRAIL (10km/px) cannot discriminate between individual candidate regions. Not used in science scoring or accessibility screening.
25417,0.14375,-19323.217391304348,-39156.13043478261,-93.9919,109.8179,Regional geophysical context only. 73 unique values across entire study area. GRAIL (10km/px) cannot discriminate between individual candidate regions. Not used in science scoring or accessibility screening.
25422,0.2475,10600.762626262622,-39115.28282828283,66.8985,121.9192,Regional geophysical context only. 73 unique values across entire study area. GRAIL (10km/px) cannot discriminate between individual candidate regions. Not used in science scoring or accessibility screening.
25428,1.499375,11044.32075864944,-39525.90683618173,66.8985,121.9192,Regional geophysical context only. 73 unique values across entire study area. GRAIL (10km/px) cannot discriminate between individual candidate regions. Not used in science scoring or accessibility screening.
25439,1.17875,12025.441145281016,-39476.647401908805,66.8985,121.9192,Regional geophysical context only. 73 unique values across entire study area. GRAIL (10km/px) cannot discriminate between individual candidate regions. Not used in science scoring or accessibility screening.
25447,0.581875,-20099.18421052632,-39288.46348012889,-93.9919,109.8179,Regional geophysical context only. 73 unique values across entire study area. GRAIL (10km/px) cannot discriminate between individual candidate regions. Not used in science scoring or accessibility screening.
25464,0.729375,8328.741645244212,-39876.57797772065,66.8985,121.9192,Regional geophysical context only. 73 unique values across entire study area. GRAIL (10km/px) cannot discriminate between individual candidate regions. Not used in science scoring or accessibility screening.
25469,1.668125,-398.2894342450381,-40037.557324840775,64.5725,120.1906,Regional geophysical context only. 73 unique values across entire study area. GRAIL (10km/px) cannot discriminate between individual candidate regions. Not used in science scoring or accessibility screening.
25480,0.480625,9832.20481144343,-39395.046163849154,66.8985,121.9192,Regional geophysical context only. 73 unique values across entire study area. GRAIL (10km/px) cannot discriminate between individual candidate regions. Not used in science scoring or accessibility screening.
25482,0.18125,-19071.189655172413,-39609.3275862069,-93.9919,109.8179,Regional geophysical context only. 73 unique values across entire study area. GRAIL (10km/px) cannot discriminate between individual candidate regions. Not used in science scoring or accessibility screening.
25497,0.395625,-1230.2393364928869,-39406.727488151664,64.5725,120.1906,Regional geophysical context only. 73 unique values across entire study area. GRAIL (10km/px) cannot discriminate between individual candidate regions. Not used in science scoring or accessibility screening.
25499,0.255625,8003.350855745724,-39360.93031784841,66.8985,121.9192,Regional geophysical context only. 73 unique values across entire study area. GRAIL (10km/px) cannot discriminate between individual candidate regions. Not used in science scoring or accessibility screening.
25522,1.6825,-1849.4691679049065,-40099.20282317979,64.5725,120.1906,Regional geophysical context only. 73 unique values across entire study area. GRAIL (10km/px) cannot discriminate between individual candidate regions. Not used in science scoring or accessibility screening.
25523,0.080625,5890.779069767435,-39664.61627906977,66.8985,121.9192,Regional geophysical context only. 73 unique values across entire study area. GRAIL (10km/px) cannot discriminate between individual candidate regions. Not used in science scoring or accessibility screening.
25527,0.35125,7367.249110320292,-39661.19928825623,66.8985,121.9192,Regional geophysical context only. 73 unique values across entire study area. GRAIL (10km/px) cannot discriminate between individual candidate regions. Not used in science scoring or accessibility screening.
25531,0.164375,-1598.2186311787082,-39687.99809885932,64.5725,120.1906,Regional geophysical context only. 73 unique values across entire study area. GRAIL (10km/px) cannot discriminate between individual candidate regions. Not used in science scoring or accessibility screening.
25534,0.530625,9352.562426383984,-39941.10777385159,66.8985,121.9192,Regional geophysical context only. 73 unique values across entire study area. GRAIL (10km/px) cannot discriminate between individual candidate regions. Not used in science scoring or accessibility screening.
25545,0.13625,8799.041284403662,-39865.21100917431,66.8985,121.9192,Regional geophysical context only. 73 unique values across entire study area. GRAIL (10km/px) cannot discriminate between individual candidate regions. Not used in science scoring or accessibility screening.
25552,0.229375,6932.197547683929,-39602.76975476839,66.8985,121.9192,Regional geophysical context only. 73 unique values across entire study area. GRAIL (10km/px) cannot discriminate between individual candidate regions. Not used in science scoring or accessibility screening.
25567,0.080625,4611.903100775191,-40064.42248062015,66.8985,121.9192,Regional geophysical context only. 73 unique values across entire study area. GRAIL (10km/px) cannot discriminate between individual candidate regions. Not used in science scoring or accessibility screening.
25590,0.64375,-19541.64077669903,-40045.66504854368,-93.9919,109.8179,Regional geophysical context only. 73 unique values across entire study area. GRAIL (10km/px) cannot discriminate between individual candidate regions. Not used in science scoring or accessibility screening.
25599,0.10125,6742.555555555555,-40093.79012345678,66.8985,121.9192,Regional geophysical context only. 73 unique values across entire study area. GRAIL (10km/px) cannot discriminate between individual candidate regions. Not used in science scoring or accessibility screening.
25600,0.414375,7534.303921568629,-40001.80015082956,66.8985,121.9192,Regional geophysical context only. 73 unique values across entire study area. GRAIL (10km/px) cannot discriminate between individual candidate regions. Not used in science scoring or accessibility screening.
25623,0.110625,5008.257062146891,-40162.07062146893,66.8985,121.9192,Regional geophysical context only. 73 unique values across entire study area. GRAIL (10km/px) cannot discriminate between individual candidate regions. Not used in science scoring or accessibility screening.
25624,1.195,5980.972280334732,-39899.55230125523,66.8985,121.9192,Regional geophysical context only. 73 unique values across entire study area. GRAIL (10km/px) cannot discriminate between individual candidate regions. Not used in science scoring or accessibility screening.
25657,0.194375,-19046.80225080386,-40211.55787781351,-93.9919,109.8179,Regional geophysical context only. 73 unique values across entire study area. GRAIL (10km/px) cannot discriminate between individual candidate regions. Not used in science scoring or accessibility screening.
25690,0.08875,17370.802816901414,-40447.21126760563,130.151,122.7969,Regional geophysical context only. 73 unique values across entire study area. GRAIL (10km/px) cannot discriminate between individual candidate regions. Not used in science scoring or accessibility screening.
25698,0.105,6452.625,-40559.32142857144,66.8985,121.9192,Regional geophysical context only. 73 unique values across entire study area. GRAIL (10km/px) cannot discriminate between individual candidate regions. Not used in science scoring or accessibility screening.
25735,0.09,19311.131944444445,-40685.26388888889,130.151,122.7969,Regional geophysical context only. 73 unique values across entire study area. GRAIL (10km/px) cannot discriminate between individual candidate regions. Not used in science scoring or accessibility screening.
25781,0.114375,785.5655737704947,-41199.77322404372,64.5725,120.1906,Regional geophysical context only. 73 unique values across entire study area. GRAIL (10km/px) cannot discriminate between individual candidate regions. Not used in science scoring or accessibility screening.
25824,0.26375,896.4194312796244,-41697.07109004739,64.5725,120.1906,Regional geophysical context only. 73 unique values across entire study area. GRAIL (10km/px) cannot discriminate between individual candidate regions. Not used in science scoring or accessibility screening.
25871,1.85375,-1649.3705327039788,-41485.91267700607,64.5725,120.1906,Regional geophysical context only. 73 unique values across entire study area. GRAIL (10km/px) cannot discriminate between individual candidate regions. Not used in science scoring or accessibility screening.
25872,0.1025,-1136.32317073171,-41817.64024390244,64.5725,120.1906,Regional geophysical context only. 73 unique values across entire study area. GRAIL (10km/px) cannot discriminate between individual candidate regions. Not used in science scoring or accessibility screening.
25885,0.203125,-2808.653846153844,-41901.34615384616,64.5725,120.1906,Regional geophysical context only. 73 unique values across entire study area. GRAIL (10km/px) cannot discriminate between individual candidate regions. Not used in science scoring or accessibility screening.
25903,0.1,-9225.1875,-42208.25,16.5674,112.9342,Regional geophysical context only. 73 unique values across entire study area. GRAIL (10km/px) cannot discriminate between individual candidate regions. Not used in science scoring or accessibility screening.
25910,0.444375,-578.6997187060479,-41649.5,64.5725,120.1906,Regional geophysical context only. 73 unique values across entire study area. GRAIL (10km/px) cannot discriminate between individual candidate regions. Not used in science scoring or accessibility screening.
25914,0.091875,-3228.3911564625814,-42153.921768707485,64.5725,120.1906,Regional geophysical context only. 73 unique values across entire study area. GRAIL (10km/px) cannot discriminate between individual candidate regions. Not used in science scoring or accessibility screening.
25922,0.189375,-3727.397689768972,-42288.77392739274,64.5725,120.1906,Regional geophysical context only. 73 unique values across entire study area. GRAIL (10km/px) cannot discriminate between individual candidate regions. Not used in science scoring or accessibility screening.
25923,0.239375,-2122.497389033939,-42128.02480417755,64.5725,120.1906,Regional geophysical context only. 73 unique values across entire study area. GRAIL (10km/px) cannot discriminate between individual candidate regions. Not used in science scoring or accessibility screening.
25937,0.238125,-2627.3372703412097,-42224.4343832021,64.5725,120.1906,Regional geophysical context only. 73 unique values across entire study area. GRAIL (10km/px) cannot discriminate between individual candidate regions. Not used in science scoring or accessibility screening.
25941,0.18875,-5108.364238410592,-42219.86423841059,64.5725,120.1906,Regional geophysical context only. 73 unique values across entire study area. GRAIL (10km/px) cannot discriminate between individual candidate regions. Not used in science scoring or accessibility screening.
25953,0.11625,-606.0107526881693,-42248.82795698925,64.5725,120.1906,Regional geophysical context only. 73 unique values across entire study area. GRAIL (10km/px) cannot discriminate between individual candidate regions. Not used in science scoring or accessibility screening.
25970,0.24375,-2589.538461538461,-42597.1282051282,64.5725,120.1906,Regional geophysical context only. 73 unique values across entire study area. GRAIL (10km/px) cannot discriminate between individual candidate regions. Not used in science scoring or accessibility screening.
25971,2.09875,168.67063728409994,-42009.25282906492,64.5725,120.1906,Regional geophysical context only. 73 unique values across entire study area. GRAIL (10km/px) cannot discriminate between individual candidate regions. Not used in science scoring or accessibility screening.
25982,0.19125,-3481.954248366012,-42548.51960784313,64.5725,120.1906,Regional geophysical context only. 73 unique values across entire study area. GRAIL (10km/px) cannot discriminate between individual candidate regions. Not used in science scoring or accessibility screening.
25983,0.2325,-2013.9408602150504,-42648.35752688172,64.5725,120.1906,Regional geophysical context only. 73 unique values across entire study area. GRAIL (10km/px) cannot discriminate between individual candidate regions. Not used in science scoring or accessibility screening.
25990,0.274375,-3975.386104783596,-42652.176537585416,64.5725,120.1906,Regional geophysical context only. 73 unique values across entire study area. GRAIL (10km/px) cannot discriminate between individual candidate regions. Not used in science scoring or accessibility screening.
25996,0.18125,-745.9310344827609,-42809.1551724138,64.5725,120.1906,Regional geophysical context only. 73 unique values across entire study area. GRAIL (10km/px) cannot discriminate between individual candidate regions. Not used in science scoring or accessibility screening.
25998,0.214375,-1139.6399416909626,-42710.28717201165,64.5725,120.1906,Regional geophysical context only. 73 unique values across entire study area. GRAIL (10km/px) cannot discriminate between individual candidate regions. Not used in science scoring or accessibility screening.
26006,0.13125,-3100.023809523809,-42696.5238095238,64.5725,120.1906,Regional geophysical context only. 73 unique values across entire study area. GRAIL (10km/px) cannot discriminate between individual candidate regions. Not used in science scoring or accessibility screening.
26015,0.20875,-4351.922155688626,-42759.00598802396,64.5725,120.1906,Regional geophysical context only. 73 unique values across entire study area. GRAIL (10km/px) cannot discriminate between individual candidate regions. Not used in science scoring or accessibility screening.
26042,0.285,-4122.539473684206,-43214.41228070176,64.5725,120.1906,Regional geophysical context only. 73 unique values across entire study area. GRAIL (10km/px) cannot discriminate between individual candidate regions. Not used in science scoring or accessibility screening.
26050,0.416875,-7040.4925037481225,-43295.227136431786,16.5674,112.9342,Regional geophysical context only. 73 unique values across entire study area. GRAIL (10km/px) cannot discriminate between individual candidate regions. Not used in science scoring or accessibility screening.
26061,0.301875,-1510.5414078674949,-43250.1728778468,64.5725,120.1906,Regional geophysical context only. 73 unique values across entire study area. GRAIL (10km/px) cannot discriminate between individual candidate regions. Not used in science scoring or accessibility screening.
26068,0.095,-5093.427631578947,-43395.55263157895,64.5725,120.1906,Regional geophysical context only. 73 unique values across entire study area. GRAIL (10km/px) cannot discriminate between individual candidate regions. Not used in science scoring or accessibility screening.
26070,0.320625,-4789.0477582846,-43142.48245614035,64.5725,120.1906,Regional geophysical context only. 73 unique values across entire study area. GRAIL (10km/px) cannot discriminate between individual candidate regions. Not used in science scoring or accessibility screening.
26076,0.326875,-1164.7925430210307,-43498.9741873805,64.5725,120.1906,Regional geophysical context only. 73 unique values across entire study area. GRAIL (10km/px) cannot discriminate between individual candidate regions. Not used in science scoring or accessibility screening.
26088,0.2,-4510.65625,-43488.5625,64.5725,120.1906,Regional geophysical context only. 73 unique values across entire study area. GRAIL (10km/px) cannot discriminate between individual candidate regions. Not used in science scoring or accessibility screening.
26089,0.143125,-4963.054585152837,-43720.89737991267,64.5725,120.1906,Regional geophysical context only. 73 unique values across entire study area. GRAIL (10km/px) cannot discriminate between individual candidate regions. Not used in science scoring or accessibility screening.
26099,0.290625,4111.005376344088,-43873.10215053764,64.5725,120.1906,Regional geophysical context only. 73 unique values across entire study area. GRAIL (10km/px) cannot discriminate between individual candidate regions. Not used in science scoring or accessibility screening.
26102,0.135625,-783.7949308755778,-43782.6797235023,64.5725,120.1906,Regional geophysical context only. 73 unique values across entire study area. GRAIL (10km/px) cannot discriminate between individual candidate regions. Not used in science scoring or accessibility screening.
26104,0.10625,-1777.705882352937,-43839.79411764706,64.5725,120.1906,Regional geophysical context only. 73 unique values across entire study area. GRAIL (10km/px) cannot discriminate between individual candidate regions. Not used in science scoring or accessibility screening.
26118,0.524375,-4580.654946364717,-44297.74195470799,64.5725,120.1906,Regional geophysical context only. 73 unique values across entire study area. GRAIL (10km/px) cannot discriminate between individual candidate regions. Not used in science scoring or accessibility screening.
26119,0.1125,-3006.1944444444453,-43908.38888888889,64.5725,120.1906,Regional geophysical context only. 73 unique values across entire study area. GRAIL (10km/px) cannot discriminate between individual candidate regions. Not used in science scoring or accessibility screening.
26126,0.12,-2519.640625,-43867.72916666666,64.5725,120.1906,Regional geophysical context only. 73 unique values across entire study area. GRAIL (10km/px) cannot discriminate between individual candidate regions. Not used in science scoring or accessibility screening.
26131,0.1475,-455.79661016949103,-44101.19491525424,64.5725,120.1906,Regional geophysical context only. 73 unique values across entire study area. GRAIL (10km/px) cannot discriminate between individual candidate regions. Not used in science scoring or accessibility screening.
26140,0.17375,-1148.2517985611485,-44217.03597122303,64.5725,120.1906,Regional geophysical context only. 73 unique values across entire study area. GRAIL (10km/px) cannot discriminate between individual candidate regions. Not used in science scoring or accessibility screening.
26141,0.451875,-2566.267634854776,-44314.95643153526,64.5725,120.1906,Regional geophysical context only. 73 unique values across entire study area. GRAIL (10km/px) cannot discriminate between individual candidate regions. Not used in science scoring or accessibility screening.
26145,0.74875,-4019.531719532555,-43997.66360601001,64.5725,120.1906,Regional geophysical context only. 73 unique values across entire study area. GRAIL (10km/px) cannot discriminate between individual candidate regions. Not used in science scoring or accessibility screening.
26146,0.20625,-1997.166666666664,-44200.25757575757,64.5725,120.1906,Regional geophysical context only. 73 unique values across entire study area. GRAIL (10km/px) cannot discriminate between individual candidate regions. Not used in science scoring or accessibility screening.
26148,0.3525,-3479.843971631206,-44038.64007092199,64.5725,120.1906,Regional geophysical context only. 73 unique values across entire study area. GRAIL (10km/px) cannot discriminate between individual candidate regions. Not used in science scoring or accessibility screening.
26159,0.15375,-478.3455284552838,-44490.35365853658,64.5725,120.1906,Regional geophysical context only. 73 unique values across entire study area. GRAIL (10km/px) cannot discriminate between individual candidate regions. Not used in science scoring or accessibility screening.
26162,0.20375,-5174.349693251534,-44294.74539877301,64.5725,120.1906,Regional geophysical context only. 73 unique values across entire study area. GRAIL (10km/px) cannot discriminate between individual candidate regions. Not used in science scoring or accessibility screening.
26164,0.155,-6278.120967741932,-44223.592741935485,16.5674,112.9342,Regional geophysical context only. 73 unique values across entire study area. GRAIL (10km/px) cannot discriminate between individual candidate regions. Not used in science scoring or accessibility screening.
26176,0.09375,-2878.5,-44605.0,64.5725,120.1906,Regional geophysical context only. 73 unique values across entire study area. GRAIL (10km/px) cannot discriminate between individual candidate regions. Not used in science scoring or accessibility screening.
26187,0.15125,-3167.9586776859505,-44650.53305785124,64.5725,120.1906,Regional geophysical context only. 73 unique values across entire study area. GRAIL (10km/px) cannot discriminate between individual candidate regions. Not used in science scoring or accessibility screening.
26191,0.6725,-970.713754646844,-44388.30111524163,64.5725,120.1906,Regional geophysical context only. 73 unique values across entire study area. GRAIL (10km/px) cannot discriminate between individual candidate regions. Not used in science scoring or accessibility screening.
26193,0.49875,-1467.824561403504,-44581.23558897244,64.5725,120.1906,Regional geophysical context only. 73 unique values across entire study area. GRAIL (10km/px) cannot discriminate between individual candidate regions. Not used in science scoring or accessibility screening.
26208,0.11625,-292.7043010752677,-44968.58602150538,64.5725,120.1906,Regional geophysical context only. 73 unique values across entire study area. GRAIL (10km/px) cannot discriminate between individual candidate regions. Not used in science scoring or accessibility screening.
26213,0.19875,-2744.603773584909,-44937.78616352202,64.5725,120.1906,Regional geophysical context only. 73 unique values across entire study area. GRAIL (10km/px) cannot discriminate between individual candidate regions. Not used in science scoring or accessibility screening.
26229,0.23625,-901.75661375661,-45213.52116402117,64.5725,120.1906,Regional geophysical context only. 73 unique values across entire study area. GRAIL (10km/px) cannot discriminate between individual candidate regions. Not used in science scoring or accessibility screening.
