region_id,geo_x,geo_y,area_km2,dfsar_cpr_mean,dfsar_cpr_median,dfsar_cpr_std,dfsar_valid_pct,dfsar_cov_mean,dfsar_valid,dfsar_cpr_class,minirf_s1_log_mean,minirf_s1_log_median,minirf_s1_log_std,minirf_valid_pct,minirf_cov_mean,minirf_valid,radar_flag
17,-141.87426900584978,45079.301169590646,0.106875,,,,0.0,0.0,False,no_data,0.062509,0.061463,0.006944,1.0,1.0,True,S1_ONLY
89,6105.210172744715,43861.20057581574,0.325625,0.210042,0.184327,0.098162,1.0,1.0,True,normal_low,0.114219,0.109979,0.020607,1.0,1.0,True,BOTH
122,-5710.533444816057,43871.57023411372,0.186875,,,,0.0,0.0,False,no_data,0.050387,0.049187,0.005604,1.0,1.0,True,S1_ONLY
123,-3357.1198224852124,43674.994575936886,1.2675,,,,0.0,0.0,False,no_data,0.049463,0.048784,0.004545,1.0,1.0,True,S1_ONLY
135,-6067.930555555555,43695.84722222222,0.225,,,,0.0,0.0,False,no_data,0.054699,0.051541,0.013576,1.0,1.0,True,S1_ONLY
169,-5700.386877828052,43399.93438914027,0.138125,,,,0.0,0.0,False,no_data,0.057102,0.05399,0.009385,1.0,1.0,True,S1_ONLY
210,10133.22881355932,43277.36440677966,0.184375,0.299573,0.272952,0.095339,1.0,1.0,True,normal_low,0.070897,0.069891,0.006077,1.0,1.0,True,BOTH
254,12680.028846153844,42787.08653846154,0.325,0.230982,0.199178,0.093086,1.0,1.0,True,normal_low,0.118579,0.107378,0.034195,1.0,1.0,True,BOTH
270,11350.879310344826,42607.137931034486,0.18125,0.423646,0.443276,0.201196,1.0,1.0,True,normal_low,0.069227,0.065707,0.011444,1.0,1.0,True,BOTH
292,11560.303237858032,42806.78891656289,0.501875,0.388239,0.36768,0.16521,1.0,1.0,True,normal_low,0.07619,0.072744,0.015314,1.0,1.0,True,BOTH
298,8201.940147329653,42644.23848987109,0.339375,0.241633,0.220309,0.123638,1.0,1.0,True,normal_low,0.115936,0.108654,0.039426,1.0,1.0,True,BOTH
362,11328.247433264893,41699.883983572894,0.304375,0.215355,0.200543,0.066382,1.0,1.0,True,normal_low,0.067486,0.067226,0.008612,1.0,1.0,True,BOTH
372,10602.79457364342,42080.151162790695,0.080625,0.214319,0.210095,0.038247,1.0,1.0,True,normal_low,0.058709,0.058141,0.003087,1.0,1.0,True,BOTH
417,-16035.041984732825,41551.454198473286,0.081875,,,,0.0,0.0,False,no_data,0.087918,0.082535,0.013295,1.0,1.0,True,S1_ONLY
426,10238.209677419356,41388.8870967742,0.096875,0.25924,0.266194,0.059453,1.0,1.0,True,normal_low,0.065332,0.065527,0.007655,1.0,1.0,True,BOTH
450,9250.436987584922,41776.37842586086,2.668125,0.276866,0.223871,0.14145,1.0,1.0,True,normal_low,0.136134,0.122642,0.063906,1.0,1.0,True,BOTH
493,3411.515503875969,40728.6007751938,0.080625,0.206363,0.20166,0.055485,1.0,1.0,True,normal_low,0.088961,0.091145,0.013324,1.0,1.0,True,BOTH
500,8656.826007326003,40971.56227106227,0.170625,0.238279,0.219393,0.07735,1.0,1.0,True,normal_low,0.090465,0.087364,0.016439,1.0,1.0,True,BOTH
501,12474.704081632648,40727.642857142855,0.153125,0.448962,0.43091,0.184155,1.0,1.0,True,normal_low,0.140005,0.14563,0.03747,1.0,1.0,True,BOTH
544,8764.9052443385,40507.085220500594,0.524375,0.238648,0.22513,0.092536,1.0,1.0,True,normal_low,0.160526,0.11426,0.146992,1.0,1.0,True,BOTH
557,3725.5989010989,40473.08241758242,0.284375,0.286285,0.28182,0.060889,1.0,1.0,True,normal_low,0.067682,0.059398,0.020975,1.0,1.0,True,BOTH
575,2376.929805615546,40258.49136069114,0.289375,0.341697,0.339058,0.049857,1.0,1.0,True,normal_low,0.072315,0.070822,0.008255,1.0,1.0,True,BOTH
590,4466.57317073171,40136.06910569106,0.15375,0.298982,0.294321,0.034177,1.0,1.0,True,normal_low,0.058466,0.058579,0.004009,1.0,1.0,True,BOTH
595,-1800.457627118638,40280.58474576271,0.36875,,,,0.0,0.0,False,no_data,0.057814,0.057188,0.005209,1.0,1.0,True,S1_ONLY
622,-18587.960815047023,39786.706896551725,0.199375,0.633535,0.635507,0.16378,1.0,1.0,True,typical,0.138489,0.137156,0.023677,1.0,1.0,True,BOTH
642,-2388.5376344086035,39931.81720430108,0.34875,,,,0.0,0.0,False,no_data,0.059728,0.059568,0.004675,1.0,1.0,True,S1_ONLY
646,10320.21428571429,39678.78571428571,0.21875,0.175765,0.166964,0.056831,1.0,1.0,True,normal_low,0.090747,0.081674,0.024828,1.0,1.0,True,BOTH
699,8819.950680272108,39399.05442176871,0.3675,0.194745,0.173872,0.066931,1.0,1.0,True,normal_low,0.113376,0.099033,0.043092,1.0,1.0,True,BOTH
701,14212.1893939394,39186.295454545456,0.0825,0.335535,0.319329,0.118704,1.0,1.0,True,normal_low,0.06964,0.07076,0.007287,1.0,1.0,True,BOTH
703,12271.229651162786,39013.79941860465,0.215,0.134169,0.133679,0.037074,0.813953,0.813953,True,normal_low,0.085663,0.081039,0.016101,1.0,1.0,True,BOTH
715,9409.156153050671,39060.76370217167,1.20875,0.203025,0.183263,0.075713,1.0,1.0,True,normal_low,0.072437,0.069039,0.022692,1.0,1.0,True,BOTH
718,6923.136363636368,39908.0,0.9625,0.36078,0.314598,0.135367,1.0,1.0,True,normal_low,0.073363,0.066996,0.020629,1.0,1.0,True,BOTH
749,13372.71428571429,38733.23809523809,0.42,0.168741,0.159396,0.044108,1.0,1.0,True,normal_low,0.088817,0.087405,0.012461,1.0,1.0,True,BOTH
759,-3865.272727272728,38748.606060606064,0.0825,,,,0.0,0.0,False,no_data,0.110082,0.109426,0.013901,1.0,1.0,True,S1_ONLY
766,-19382.98299319728,38874.64965986395,0.091875,0.437006,0.391114,0.156066,1.0,1.0,True,normal_low,0.130964,0.11772,0.048531,1.0,1.0,True,BOTH
773,-20351.198324022345,38631.64525139665,0.111875,0.325993,0.29307,0.122439,1.0,1.0,True,normal_low,0.127642,0.130316,0.016166,1.0,1.0,True,BOTH
804,13632.895522388062,38475.96641791045,0.1675,0.270598,0.225377,0.155699,1.0,1.0,True,normal_low,0.094938,0.092633,0.011697,1.0,1.0,True,BOTH
885,10219.03125,37972.375,0.08,0.231958,0.229356,0.057239,1.0,1.0,True,normal_low,0.096858,0.079802,0.029262,1.0,1.0,True,BOTH
886,10748.209677419356,37789.34408602151,0.58125,0.165595,0.16042,0.026706,0.069892,0.069892,False,normal_low,0.083289,0.07806,0.023163,1.0,1.0,True,S1_ONLY
902,-19308.46296296296,37788.09259259259,0.16875,0.344166,0.313112,0.14374,0.985185,0.985185,True,normal_low,0.160857,0.158263,0.020213,1.0,1.0,True,BOTH
910,-18970.7743902439,37647.45121951219,0.1025,0.243855,0.205365,0.083204,0.097561,0.097561,False,normal_low,0.164423,0.164504,0.016809,1.0,1.0,True,S1_ONLY
914,11557.485151933704,37346.76208563536,1.81,,,,0.0,0.0,False,no_data,0.078806,0.069253,0.031387,1.0,1.0,True,S1_ONLY
969,10127.78719723184,37610.79411764706,0.180625,0.205025,0.196536,0.02863,0.238754,0.238754,True,normal_low,0.087318,0.082527,0.013967,1.0,1.0,True,BOTH
977,7089.787769784176,37642.40647482014,0.17375,0.167407,0.166704,0.024869,1.0,1.0,True,normal_low,0.088924,0.085306,0.020097,1.0,1.0,True,BOTH
981,-2123.6164383561627,37592.62328767123,0.09125,0.266622,0.257071,0.036329,0.910959,0.910959,True,normal_low,0.097852,0.094268,0.011254,1.0,1.0,True,BOTH
1002,-19765.17889908257,37261.62385321101,0.13625,0.573725,0.511839,0.209008,1.0,1.0,True,typical,0.097172,0.092859,0.018653,1.0,1.0,True,BOTH
1047,2464.205882352937,37093.049019607846,0.159375,0.216432,0.229268,0.059553,1.0,1.0,True,normal_low,0.098941,0.098263,0.017307,1.0,1.0,True,BOTH
1048,6302.539832285118,36760.196016771486,0.59625,0.196649,0.178102,0.081745,1.0,1.0,True,normal_low,0.128178,0.123959,0.020195,1.0,1.0,True,BOTH
1057,-17650.86525974026,36985.280844155845,0.385,,,,0.0,0.0,False,no_data,0.076996,0.072798,0.018627,1.0,1.0,True,S1_ONLY
1072,15008.67721518987,36991.32278481012,0.09875,0.30398,0.218135,0.185783,1.0,1.0,True,normal_low,0.091357,0.090322,0.018126,1.0,1.0,True,BOTH
1076,9476.166666666664,36742.74489795919,0.459375,0.46851,0.454712,0.074924,0.029932,0.029932,False,normal_low,0.157938,0.148818,0.055722,1.0,1.0,True,S1_ONLY
1118,-21065.102272727272,36748.85227272727,0.275,0.440347,0.420285,0.112777,1.0,1.0,True,normal_low,0.105527,0.103435,0.016143,1.0,1.0,True,BOTH
1124,11146.511494252874,36711.41954022989,0.271875,,,,0.0,0.0,False,no_data,0.073227,0.067905,0.015084,1.0,1.0,True,S1_ONLY
1125,-20715.90404040404,36815.52525252525,0.12375,0.570811,0.567972,0.141339,1.0,1.0,True,typical,0.138609,0.129994,0.028005,1.0,1.0,True,BOTH
1131,15024.232620320858,36586.46256684492,0.23375,0.229899,0.208177,0.081465,1.0,1.0,True,normal_low,0.076921,0.069376,0.023237,1.0,1.0,True,BOTH
1133,-24768.31045751633,36139.797385620914,0.3825,0.275064,0.256458,0.097858,1.0,1.0,True,normal_low,0.06891,0.066647,0.009173,1.0,1.0,True,BOTH
1159,12855.984375,36758.703125,0.2,,,,0.0,0.0,False,no_data,0.073645,0.071341,0.011607,1.0,1.0,True,S1_ONLY
1173,3690.585271317832,36331.50775193799,0.080625,0.198776,0.191389,0.058746,1.0,1.0,True,normal_low,0.085073,0.086484,0.013566,1.0,1.0,True,BOTH
1191,12543.071428571437,36321.80952380953,0.13125,,,,0.0,0.0,False,no_data,0.069827,0.067401,0.012265,1.0,1.0,True,S1_ONLY
1204,14652.22108843537,36151.35034013605,0.091875,0.233783,0.228427,0.049065,1.0,1.0,True,normal_low,0.055433,0.05482,0.005019,1.0,1.0,True,BOTH
1218,10035.257575757576,36381.66477272727,1.65,0.367553,0.363203,0.047696,0.005303,0.005303,False,normal_low,0.138369,0.136109,0.047286,1.0,1.0,True,S1_ONLY
1237,-23272.77011494253,35843.45977011494,0.10875,0.452235,0.431939,0.134877,1.0,1.0,True,normal_low,0.066983,0.06162,0.01645,1.0,1.0,True,BOTH
1252,11244.515197568384,36293.828267477205,1.028125,,,,0.0,0.0,False,no_data,0.089947,0.081071,0.028332,1.0,1.0,True,S1_ONLY
1262,12048.825726141084,35716.63070539419,0.90375,,,,0.0,0.0,False,no_data,0.08386,0.074312,0.027951,1.0,1.0,True,S1_ONLY
1292,12682.788043478264,35516.158967391304,0.46,,,,0.0,0.0,False,no_data,0.101556,0.087543,0.04696,1.0,1.0,True,S1_ONLY
1320,7320.94351464435,35816.08577405858,0.149375,0.144669,0.142272,0.059105,0.983264,0.983264,True,normal_low,0.100587,0.100046,0.007233,1.0,1.0,True,BOTH
1325,-27033.767228557263,34914.62989588498,1.260625,0.287469,0.28002,0.066171,1.0,1.0,True,normal_low,0.086026,0.081632,0.016755,1.0,1.0,True,BOTH
1337,-16054.987179487176,35378.86538461538,0.0975,,,,0.0,0.0,False,no_data,0.066013,0.066274,0.004567,1.0,1.0,True,S1_ONLY
1398,-18564.812227074235,35333.513100436685,1.43125,,,,0.0,0.0,False,no_data,0.08227,0.079891,0.015691,1.0,1.0,True,S1_ONLY
1435,-17961.30910240202,35090.92351453856,0.494375,,,,0.0,0.0,False,no_data,0.075061,0.07508,0.009109,1.0,1.0,True,S1_ONLY
1462,14253.5,34726.92857142857,0.109375,,,,0.0,0.0,False,no_data,0.101775,0.103077,0.009044,1.0,1.0,True,S1_ONLY
1532,312.2536231884078,34582.60144927536,0.215625,0.17619,0.168188,0.041704,1.0,1.0,True,normal_low,0.092638,0.089956,0.014721,1.0,1.0,True,BOTH
1567,3471.230769230773,34284.153846153844,0.08125,0.094826,0.081568,0.035127,1.0,1.0,True,normal_low,0.07424,0.074115,0.006074,1.0,1.0,True,BOTH
1622,-22267.55426356589,33852.63178294574,0.080625,0.596994,0.610101,0.108548,0.635659,0.635659,True,typical,0.112974,0.114243,0.012737,1.0,1.0,True,BOTH
1632,-127.574898785424,34056.47165991903,0.92625,0.187389,0.179733,0.051502,1.0,1.0,True,normal_low,0.098961,0.09095,0.031893,1.0,1.0,True,BOTH
1660,-29031.84796238245,33910.923197492164,0.199375,0.24556,0.237351,0.061032,1.0,1.0,True,normal_low,0.087828,0.085662,0.010787,1.0,1.0,True,BOTH
1695,-27392.924242424244,33199.76470588235,0.70125,0.32372,0.319313,0.062282,1.0,1.0,True,normal_low,0.07332,0.073415,0.012485,1.0,1.0,True,BOTH
1708,-858.327788649709,33506.126223091975,0.319375,0.203881,0.187545,0.057115,1.0,1.0,True,normal_low,0.094976,0.088027,0.024661,1.0,1.0,True,BOTH
1742,-21143.113887660325,33110.37394957983,1.413125,,,,0.0,0.0,False,no_data,0.136349,0.125042,0.044673,1.0,1.0,True,S1_ONLY
1750,-22216.84615384616,33564.92307692308,0.14625,0.659946,0.660095,0.133892,0.123932,0.123932,True,typical,0.108597,0.109221,0.012049,1.0,1.0,True,BOTH
1757,-22852.73953261928,32882.19425511198,0.641875,0.324305,0.31353,0.080457,0.359299,0.359299,True,normal_low,0.091673,0.087879,0.014782,1.0,1.0,True,BOTH
1771,-24559.33233532934,33166.21856287425,0.104375,0.350004,0.328002,0.100545,1.0,1.0,True,normal_low,0.118377,0.117146,0.013469,1.0,1.0,True,BOTH
1772,-23811.229991204928,33443.68381706245,0.710625,0.315558,0.305776,0.079252,1.0,1.0,True,normal_low,0.119118,0.116549,0.01853,1.0,1.0,True,BOTH
1779,-26884.04271356784,33162.30904522613,0.124375,0.322455,0.30206,0.069306,1.0,1.0,True,normal_low,0.080322,0.079288,0.004788,1.0,1.0,True,BOTH
1780,-22416.801546391755,33335.35824742268,0.2425,0.542424,0.53353,0.104002,0.275773,0.275773,True,typical,0.090069,0.087793,0.010591,1.0,1.0,True,BOTH
1814,-17848.9375,32989.5625,0.08,,,,0.0,0.0,False,no_data,0.094069,0.09344,0.009905,1.0,1.0,True,S1_ONLY
1845,2639.3773006134943,32772.27914110429,0.101875,0.07835,0.0707,0.023555,1.0,1.0,True,normal_low,0.147095,0.144573,0.0147,1.0,1.0,True,BOTH
1861,731.770916334659,33000.71912350597,1.56875,0.17194,0.167975,0.055626,1.0,1.0,True,normal_low,0.110524,0.10742,0.018503,1.0,1.0,True,BOTH
1938,-19164.136363636364,32543.539772727272,0.11,,,,0.0,0.0,False,no_data,0.102255,0.099827,0.010773,1.0,1.0,True,S1_ONLY
1979,-25588.57339449541,32393.733944954125,0.13625,0.286938,0.279883,0.074475,1.0,1.0,True,normal_low,0.122069,0.122475,0.014186,1.0,1.0,True,BOTH
1994,-29501.68043844857,32159.56408094435,0.370625,0.247968,0.239242,0.047875,1.0,1.0,True,normal_low,0.072856,0.078656,0.019954,1.0,1.0,True,BOTH
1995,-27183.69672131148,32395.66393442623,0.190625,0.299549,0.294368,0.041649,1.0,1.0,True,normal_low,0.074389,0.07376,0.008955,1.0,1.0,True,BOTH
2004,-21535.94776119403,32172.88805970149,0.08375,,,,0.0,0.0,False,no_data,0.398556,0.428507,0.095605,1.0,1.0,True,S1_ONLY
2006,4101.5833333333285,32381.8286163522,0.3975,0.165831,0.150188,0.060614,0.339623,0.339623,True,normal_low,0.083932,0.081048,0.014175,1.0,1.0,True,BOTH
2015,-27927.60389610389,32449.00649350649,1.203125,0.286394,0.281887,0.049994,1.0,1.0,True,normal_low,0.069805,0.069097,0.009409,1.0,1.0,True,BOTH
2046,-26088.47619047619,32024.904761904763,0.13125,0.276659,0.277178,0.054743,1.0,1.0,True,normal_low,0.088462,0.08768,0.008119,1.0,1.0,True,BOTH
2169,30375.62940275652,31956.45329249617,0.81625,0.407139,0.371318,0.143515,0.892802,0.892802,True,normal_low,0.059507,0.061364,0.009957,1.0,1.0,True,BOTH
2181,6638.806135913786,31158.9671211788,2.841875,,,,0.0,0.0,False,no_data,0.069377,0.06971,0.018582,1.0,1.0,True,S1_ONLY
2239,4425.189655172413,31519.465517241377,0.090625,,,,0.0,0.0,False,no_data,0.191127,0.188362,0.087086,1.0,1.0,True,S1_ONLY
2253,1146.4945355191303,31479.7349726776,0.114375,0.173901,0.169955,0.051522,1.0,1.0,True,normal_low,0.089213,0.086971,0.010145,1.0,1.0,True,BOTH
2262,8846.75433526012,31351.65606936416,0.108125,,,,0.0,0.0,False,no_data,0.085601,0.085435,0.005273,1.0,1.0,True,S1_ONLY
2271,1426.3115942028962,31365.17391304348,0.08625,0.250015,0.250718,0.063417,1.0,1.0,True,normal_low,0.088656,0.089101,0.009732,1.0,1.0,True,BOTH
2275,11010.21428571429,31199.309523809527,0.21,,,,0.0,0.0,False,no_data,0.109125,0.10443,0.020924,1.0,1.0,True,S1_ONLY
2298,-25591.40909090909,31093.897129186604,0.653125,0.34409,0.328188,0.086264,1.0,1.0,True,normal_low,0.155258,0.159228,0.027879,1.0,1.0,True,BOTH
2324,-19795.564205457464,31229.35232744784,0.389375,,,,0.0,0.0,False,no_data,0.112794,0.109899,0.020875,1.0,1.0,True,S1_ONLY
2350,8041.905063291138,30865.848101265823,0.09875,,,,0.0,0.0,False,no_data,0.086757,0.087468,0.006419,1.0,1.0,True,S1_ONLY
2378,1058.8243243243269,31019.37387387388,0.346875,0.175674,0.16911,0.040905,0.886486,0.886486,True,normal_low,0.07377,0.072716,0.009499,1.0,1.0,True,BOTH
2380,8878.996402877703,30726.57913669065,0.086875,,,,0.0,0.0,False,no_data,0.094148,0.090835,0.013396,1.0,1.0,True,S1_ONLY
2381,10444.196969696975,30853.330940988835,0.391875,,,,0.0,0.0,False,no_data,0.084618,0.083371,0.009614,1.0,1.0,True,S1_ONLY
2382,11164.820665083142,30616.71140142518,0.52625,,,,0.0,0.0,False,no_data,0.094356,0.093825,0.016982,1.0,1.0,True,S1_ONLY
2408,8434.541716328968,31014.95172824792,0.524375,,,,0.0,0.0,False,no_data,0.087111,0.084919,0.012037,1.0,1.0,True,S1_ONLY
2429,1621.6631205673766,30771.776595744683,0.088125,,,,0.0,0.0,False,no_data,0.063625,0.062815,0.006625,1.0,1.0,True,S1_ONLY
2528,9591.39453125,30445.32421875,0.16,,,,0.0,0.0,False,no_data,0.133192,0.102341,0.074248,1.0,1.0,True,S1_ONLY
2529,11505.588560885612,30346.164206642068,0.169375,,,,0.0,0.0,False,no_data,0.099158,0.095047,0.01664,1.0,1.0,True,S1_ONLY
2557,9102.3801843318,30044.62442396313,0.135625,,,,0.0,0.0,False,no_data,0.109305,0.110518,0.013236,1.0,1.0,True,S1_ONLY
2594,5807.1433121019145,30082.34713375796,0.19625,,,,0.0,0.0,False,no_data,0.04703,0.044591,0.008597,1.0,1.0,True,S1_ONLY
2595,8447.57692307693,29936.35164835165,0.11375,,,,0.0,0.0,False,no_data,0.092055,0.08455,0.013467,1.0,1.0,True,S1_ONLY
2606,15560.550724637673,29909.557971014496,0.08625,,,,0.0,0.0,False,no_data,0.127901,0.121256,0.031478,1.0,1.0,True,S1_ONLY
2607,15792.319148936163,30096.909574468085,0.1175,,,,0.0,0.0,False,no_data,0.10907,0.10327,0.021253,1.0,1.0,True,S1_ONLY
2645,4358.039603960395,30153.42904290429,0.37875,,,,0.0,0.0,False,no_data,0.092765,0.093638,0.027224,1.0,1.0,True,S1_ONLY
2672,8832.936213991772,29749.779835390946,0.151875,,,,0.0,0.0,False,no_data,0.130844,0.117207,0.052924,1.0,1.0,True,S1_ONLY
2686,9524.246835443031,30016.19620253165,0.246875,,,,0.0,0.0,False,no_data,0.145203,0.146867,0.040891,1.0,1.0,True,S1_ONLY
2721,12632.800970873788,29515.20873786408,0.321875,,,,0.0,0.0,False,no_data,0.116226,0.109157,0.029652,1.0,1.0,True,S1_ONLY
2774,12074.357954545449,29606.25284090909,0.22,,,,0.0,0.0,False,no_data,0.113524,0.111422,0.022188,1.0,1.0,True,S1_ONLY
2786,7523.693548387098,29407.274193548383,0.096875,,,,0.0,0.0,False,no_data,0.067552,0.066338,0.006707,1.0,1.0,True,S1_ONLY
2793,9793.422018348618,29472.174311926603,0.2725,,,,0.0,0.0,False,no_data,0.107823,0.107404,0.015939,1.0,1.0,True,S1_ONLY
2804,9000.39820359282,29477.071856287424,0.20875,,,,0.0,0.0,False,no_data,0.116457,0.112228,0.020391,1.0,1.0,True,S1_ONLY
2812,860.3669833729218,28997.649643705463,0.263125,,,,0.0,0.0,False,no_data,0.063704,0.062529,0.009721,1.0,1.0,True,S1_ONLY
2848,12186.369747899167,29163.52521008403,0.14875,,,,0.0,0.0,False,no_data,0.135465,0.125201,0.049232,1.0,1.0,True,S1_ONLY
2853,491.4851380042455,29186.646496815287,0.294375,,,,0.0,0.0,False,no_data,0.067,0.064313,0.014103,1.0,1.0,True,S1_ONLY
2894,33900.035714285725,28968.35714285714,0.175,,,,0.0,0.0,False,no_data,0.055514,0.055293,0.004201,1.0,1.0,True,S1_ONLY
2924,9090.93081761006,29116.616352201258,0.19875,,,,0.0,0.0,False,no_data,0.102294,0.104809,0.014192,1.0,1.0,True,S1_ONLY
2946,7103.210644677667,29115.45502248876,0.416875,,,,0.0,0.0,False,no_data,0.062787,0.061765,0.007419,1.0,1.0,True,S1_ONLY
2953,6249.346278317149,29458.598705501616,1.93125,,,,0.0,0.0,False,no_data,0.063839,0.062991,0.013,1.0,1.0,True,S1_ONLY
2954,6245.367052023117,28405.58670520231,0.540625,,,,0.0,0.0,False,no_data,0.057112,0.058874,0.011729,1.0,1.0,True,S1_ONLY
2971,13339.606951871654,28577.23796791444,0.116875,,,,0.0,0.0,False,no_data,0.076394,0.076282,0.008807,1.0,1.0,True,S1_ONLY
2986,8101.732142857145,28754.183035714286,0.14,,,,0.0,0.0,False,no_data,0.080562,0.080508,0.009227,1.0,1.0,True,S1_ONLY
2990,-11599.644811858612,28413.669897377426,0.548125,0.168153,0.163984,0.057398,1.0,1.0,True,normal_low,0.108913,0.110155,0.012882,1.0,1.0,True,BOTH
3025,291.82456140350405,28856.530701754386,0.1425,,,,0.0,0.0,False,no_data,0.068083,0.070358,0.016346,1.0,1.0,True,S1_ONLY
3026,11088.179245283012,28732.84501347709,0.231875,,,,0.0,0.0,False,no_data,0.100535,0.095021,0.02268,1.0,1.0,True,S1_ONLY
3039,8525.016224188788,28616.797935103245,0.211875,,,,0.0,0.0,False,no_data,0.093843,0.084228,0.021796,1.0,1.0,True,S1_ONLY
3040,9822.20179372198,28594.89461883408,0.27875,,,,0.0,0.0,False,no_data,0.126416,0.112069,0.07502,1.0,1.0,True,S1_ONLY
3055,-14138.49342105263,28250.171052631576,0.285,,,,0.0,0.0,False,no_data,0.135526,0.131395,0.032122,1.0,1.0,True,S1_ONLY
3091,11795.416666666664,28423.666666666664,0.1875,,,,0.0,0.0,False,no_data,0.08589,0.087639,0.015006,1.0,1.0,True,S1_ONLY
3107,16756.09722222222,28248.069444444445,0.09,,,,0.0,0.0,False,no_data,0.100126,0.099688,0.009707,1.0,1.0,True,S1_ONLY
3116,-12010.266584766585,28177.281326781325,0.254375,0.189195,0.193044,0.045614,1.0,1.0,True,normal_low,0.113974,0.109935,0.024131,1.0,1.0,True,BOTH
3120,6482.9770114942585,28319.034482758623,0.10875,,,,0.0,0.0,False,no_data,0.061288,0.061849,0.004205,1.0,1.0,True,S1_ONLY
3132,-456.2098765432093,28298.802469135804,0.10125,,,,0.0,0.0,False,no_data,0.093071,0.079657,0.036918,1.0,1.0,True,S1_ONLY
3137,-10932.122516556294,28011.59271523179,0.094375,0.22103,0.214209,0.058954,1.0,1.0,True,normal_low,0.091412,0.089125,0.010802,1.0,1.0,True,BOTH
3151,-24466.313648293963,28059.88320209974,0.238125,,,,0.0,0.0,False,no_data,0.157737,0.14098,0.050673,1.0,1.0,True,S1_ONLY
3175,10495.65625,27905.125,0.5,,,,0.0,0.0,False,no_data,0.058988,0.057237,0.007905,1.0,1.0,True,S1_ONLY
3184,13366.166666666664,27911.67647058824,0.159375,,,,0.0,0.0,False,no_data,0.072296,0.070536,0.010046,1.0,1.0,True,S1_ONLY
3202,8640.249730312833,27898.47734627832,0.579375,,,,0.0,0.0,False,no_data,0.085671,0.082636,0.020314,1.0,1.0,True,S1_ONLY
3215,-9963.123762376244,28070.219471947195,0.189375,0.160902,0.15715,0.033711,1.0,1.0,True,normal_low,0.101497,0.102032,0.009871,1.0,1.0,True,BOTH
3224,11608.8253968254,27725.103174603173,0.07875,,,,0.0,0.0,False,no_data,0.07149,0.069988,0.008263,1.0,1.0,True,S1_ONLY
3248,12002.597587719298,27611.190789473683,0.57,,,,0.0,0.0,False,no_data,0.067948,0.067183,0.010618,1.0,1.0,True,S1_ONLY
3249,-28635.07602339181,28054.59356725146,0.4275,0.143539,0.130312,0.052424,1.0,1.0,True,normal_low,0.010999,0.010836,0.001806,1.0,1.0,True,BOTH
3253,-9103.608108108108,27711.986486486487,0.23125,0.182847,0.173548,0.040452,1.0,1.0,True,normal_low,0.083934,0.089008,0.025759,1.0,1.0,True,BOTH
3273,35018.45238095238,27630.38095238096,0.65625,,,,0.0,0.0,False,no_data,0.061976,0.061108,0.005691,1.0,1.0,True,S1_ONLY
3276,11337.0,27634.42857142857,0.09625,,,,0.0,0.0,False,no_data,0.071063,0.071589,0.007122,1.0,1.0,True,S1_ONLY
3291,9295.312807881768,27517.371921182264,0.126875,,,,0.0,0.0,False,no_data,0.047455,0.038331,0.019745,1.0,1.0,True,S1_ONLY
3335,-12884.277239709443,27515.754237288136,0.258125,0.239293,0.239625,0.056812,0.520581,0.520581,True,normal_low,0.099502,0.099686,0.013153,1.0,1.0,True,BOTH
3351,-27895.1882951654,27534.692111959288,0.49125,0.263112,0.257884,0.054895,1.0,1.0,True,normal_low,0.031902,0.008137,0.037083,1.0,1.0,True,BOTH
3360,34500.87867647059,27332.02573529412,0.17,,,,0.0,0.0,False,no_data,0.05585,0.055699,0.005966,1.0,1.0,True,S1_ONLY
3361,-25954.02422907489,27304.79515418502,0.141875,,,,0.0,0.0,False,no_data,0.091966,0.092785,0.006506,1.0,1.0,True,S1_ONLY
3364,-9349.852750809065,27280.23300970874,0.38625,0.235861,0.219222,0.068686,1.0,1.0,True,normal_low,0.088323,0.084804,0.016138,1.0,1.0,True,BOTH
3389,10628.968599033818,27274.69484702093,0.388125,,,,0.0,0.0,False,no_data,0.046218,0.048366,0.010719,1.0,1.0,True,S1_ONLY
3426,-26777.6472392638,26861.54294478528,0.101875,0.29247,0.279818,0.047062,0.791411,0.791411,True,normal_low,0.07835,0.078654,0.005111,1.0,1.0,True,BOTH
3434,16578.419491525427,27103.254237288136,0.1475,,,,0.0,0.0,False,no_data,0.074989,0.072493,0.017866,1.0,1.0,True,S1_ONLY
3456,-10909.323529411762,26864.32352941176,0.10625,0.247423,0.238389,0.057303,1.0,1.0,True,normal_low,0.118786,0.12117,0.013591,1.0,1.0,True,BOTH
3474,-12221.522727272728,26878.340909090908,0.1375,0.217607,0.212122,0.038732,1.0,1.0,True,normal_low,0.081174,0.081209,0.005713,1.0,1.0,True,BOTH
3500,-13661.619846261356,26248.61320754717,1.78875,,,,0.0,0.0,False,no_data,0.079147,0.082365,0.022664,1.0,1.0,True,S1_ONLY
3509,11874.982315112538,26930.805466237944,0.38875,,,,0.0,0.0,False,no_data,0.051054,0.050902,0.012819,1.0,1.0,True,S1_ONLY
3519,-28846.60849056604,26773.73113207547,0.1325,0.266234,0.259759,0.051367,1.0,1.0,True,normal_low,0.021335,0.021513,0.004211,1.0,1.0,True,BOTH
3520,-9734.6642228739,26820.66129032258,0.42625,0.203895,0.192466,0.047866,1.0,1.0,True,normal_low,0.084922,0.082628,0.012294,1.0,1.0,True,BOTH
3546,9664.142857142862,26673.80357142857,0.175,,,,0.0,0.0,False,no_data,0.033057,0.032465,0.002584,1.0,1.0,True,S1_ONLY
3598,10089.597856477165,26879.623951537746,0.670625,,,,0.0,0.0,False,no_data,0.035474,0.032984,0.008039,1.0,1.0,True,S1_ONLY
3599,10674.106299212595,26572.80971128609,0.238125,,,,0.0,0.0,False,no_data,0.033032,0.032923,0.002354,1.0,1.0,True,S1_ONLY
3637,10314.32371794872,25992.08653846154,0.39,,,,0.0,0.0,False,no_data,0.029987,0.029721,0.002879,0.998397,0.998397,True,S1_ONLY
3655,-11534.230158730155,26199.139455782315,0.275625,0.252676,0.246641,0.047321,1.0,1.0,True,normal_low,0.090353,0.083023,0.030611,1.0,1.0,True,BOTH
3674,-27429.69580419581,26303.996503496503,0.089375,0.355825,0.349353,0.063697,1.0,1.0,True,normal_low,0.068629,0.068678,0.006905,1.0,1.0,True,BOTH
3715,9943.17283950618,25957.5987654321,0.10125,,,,0.0,0.0,False,no_data,0.029819,0.029482,0.002278,1.0,1.0,True,S1_ONLY
3721,9649.90849673203,26118.22875816993,0.19125,,,,0.0,0.0,False,no_data,0.029068,0.027738,0.003659,0.986928,0.986928,True,S1_ONLY
3733,-14417.111842105269,26044.08552631579,0.285,,,,0.0,0.0,False,no_data,0.072363,0.072541,0.013871,1.0,1.0,True,S1_ONLY
3750,11165.94591611479,26050.08609271523,0.56625,,,,0.0,0.0,False,no_data,0.033233,0.032842,0.003289,1.0,1.0,True,S1_ONLY
3758,5925.816779533488,26372.30210684725,0.830625,,,,0.0,0.0,False,no_data,0.041949,0.040577,0.008587,1.0,1.0,True,S1_ONLY
3807,-12811.580586080585,25693.54029304029,0.170625,,,,0.0,0.0,False,no_data,0.062633,0.062834,0.005529,1.0,1.0,True,S1_ONLY
3897,2305.959330143545,25514.25598086125,0.130625,,,,0.0,0.0,False,no_data,0.071258,0.070874,0.005464,1.0,1.0,True,S1_ONLY
3898,3149.150837988825,25595.82122905028,0.22375,,,,0.0,0.0,False,no_data,0.061829,0.061376,0.00647,0.600559,0.600559,True,S1_ONLY
3928,-12644.947608200457,25076.78132118451,0.54875,0.219213,0.214631,0.044031,0.158314,0.158314,True,normal_low,0.054376,0.053921,0.004679,1.0,1.0,True,BOTH
3932,2594.115384615383,25364.73076923077,0.08125,,,,0.0,0.0,False,no_data,0.059536,0.059278,0.006133,1.0,1.0,True,S1_ONLY
3939,7899.261146496814,25231.7898089172,0.19625,,,,0.0,0.0,False,no_data,0.03209,0.031662,0.003179,1.0,1.0,True,S1_ONLY
3953,-11211.678168459724,24998.92561007609,2.381875,0.247558,0.240139,0.057121,0.784833,0.784833,True,normal_low,0.054153,0.05236,0.009105,1.0,1.0,True,BOTH
3959,-20136.791866028707,25384.47129186603,0.653125,,,,0.0,0.0,False,no_data,0.074894,0.077183,0.016045,1.0,1.0,True,S1_ONLY
3982,-12966.240740740735,25367.35185185185,0.084375,,,,0.0,0.0,False,no_data,0.054482,0.053949,0.003244,1.0,1.0,True,S1_ONLY
4017,-27960.27859778598,25286.33948339484,0.33875,0.250472,0.22977,0.07988,0.898524,0.898524,True,normal_low,0.026146,0.01055,0.030979,1.0,1.0,True,BOTH
4056,-11895.623966942148,24693.64049586777,0.378125,0.250612,0.242694,0.050571,0.824793,0.824793,True,normal_low,0.052932,0.051516,0.006215,1.0,1.0,True,BOTH
4071,-12890.54424778761,24629.349557522124,0.353125,0.364601,0.338716,0.140639,0.39469,0.39469,True,normal_low,0.051239,0.050062,0.005281,1.0,1.0,True,BOTH
4072,-1836.502178649236,24997.722222222223,0.286875,,,,0.0,0.0,False,no_data,0.04458,0.04418,0.003747,1.0,1.0,True,S1_ONLY
4074,2046.6774193548408,25141.89784946237,0.11625,,,,0.0,0.0,False,no_data,0.064513,0.063764,0.006717,1.0,1.0,True,S1_ONLY
4092,8211.107142857145,24821.92857142857,0.0875,,,,0.0,0.0,False,no_data,0.033694,0.034111,0.002346,0.978571,0.978571,True,S1_ONLY
4134,-9239.360369609858,24892.132443531827,0.304375,0.259355,0.256591,0.052699,1.0,1.0,True,normal_low,0.059348,0.05865,0.005429,1.0,1.0,True,BOTH
4164,-12730.39864864865,24697.29054054054,0.0925,0.197206,0.197206,0.00686,0.013514,0.013514,False,normal_low,0.054052,0.054878,0.003463,1.0,1.0,True,S1_ONLY
4174,-6571.971774193546,24725.09677419355,1.085,0.287788,0.275665,0.074468,1.0,1.0,True,normal_low,0.054137,0.05344,0.008331,1.0,1.0,True,BOTH
4194,-19394.6610738255,24661.40604026846,0.465625,,,,0.0,0.0,False,no_data,0.047521,0.047433,0.004793,1.0,1.0,True,S1_ONLY
4216,-32573.43388429752,24293.35123966942,0.378125,0.1856,0.180935,0.04919,1.0,1.0,True,normal_low,0.064983,0.058937,0.0216,1.0,1.0,True,BOTH
4227,17869.60309278351,24326.917525773195,0.12125,,,,0.0,0.0,False,no_data,0.057173,0.054348,0.022168,1.0,1.0,True,S1_ONLY
4232,3306.542910447766,24689.212686567163,0.335,,,,0.0,0.0,False,no_data,0.043435,0.044081,0.004316,0.233209,0.233209,True,S1_ONLY
4300,-12836.623110151188,24182.46544276458,0.289375,0.48723,0.468734,0.174191,0.794816,0.794816,True,normal_low,0.070405,0.061164,0.027179,1.0,1.0,True,BOTH
4315,-19414.439393939392,24235.65151515152,0.103125,,,,0.0,0.0,False,no_data,0.045249,0.045276,0.002846,1.0,1.0,True,S1_ONLY
4359,26302.378787878784,23945.80303030303,0.103125,0.202196,0.17939,0.070999,1.0,1.0,True,normal_low,0.030395,0.030515,0.005426,1.0,1.0,True,BOTH
4379,-11396.189655172411,24068.603448275862,0.090625,0.195714,0.196412,0.024724,1.0,1.0,True,normal_low,0.073271,0.07109,0.022651,1.0,1.0,True,BOTH
4387,-8168.253623188408,24150.13768115942,0.129375,0.323954,0.312546,0.087014,1.0,1.0,True,normal_low,0.041381,0.041276,0.00272,1.0,1.0,True,BOTH
4459,-11856.682795698922,23527.47132616488,0.871875,0.230075,0.216811,0.073312,1.0,1.0,True,normal_low,0.049978,0.045953,0.018997,1.0,1.0,True,BOTH
4490,-12208.294457274824,23932.45727482679,0.54125,0.258421,0.223859,0.117045,1.0,1.0,True,normal_low,0.075621,0.066182,0.036234,1.0,1.0,True,BOTH
4587,-17593.6592039801,23424.50497512438,0.125625,,,,0.0,0.0,False,no_data,0.038674,0.038788,0.002346,1.0,1.0,True,S1_ONLY
4593,-10392.52786377709,23517.760061919504,0.201875,0.23933,0.222636,0.068187,1.0,1.0,True,normal_low,0.04253,0.042715,0.003567,1.0,1.0,True,BOTH
4603,-10751.81578947368,23454.11842105264,0.095,0.261372,0.260291,0.038191,1.0,1.0,True,normal_low,0.037743,0.0373,0.00256,1.0,1.0,True,BOTH
4657,-22413.756606990624,22953.16410912191,0.733125,,,,0.0,0.0,False,no_data,0.032699,0.032866,0.002578,1.0,1.0,True,S1_ONLY
4681,-19759.30681818182,23178.767045454548,0.11,,,,0.0,0.0,False,no_data,0.037594,0.037491,0.003474,1.0,1.0,True,S1_ONLY
4701,-36593.97826086957,22982.565217391304,0.08625,0.187165,0.185852,0.026206,1.0,1.0,True,normal_low,0.046047,0.045899,0.005311,1.0,1.0,True,BOTH
4730,-36974.01973684211,23077.638157894737,0.095,0.192026,0.19142,0.021377,1.0,1.0,True,normal_low,0.038586,0.038575,0.003688,1.0,1.0,True,BOTH
4751,-18777.76781857452,22905.73758099352,0.57875,,,,0.0,0.0,False,no_data,0.036759,0.036691,0.003604,1.0,1.0,True,S1_ONLY
4798,-20340.04571927781,22622.13657542225,1.073125,,,,0.0,0.0,False,no_data,0.033229,0.033467,0.003151,1.0,1.0,True,S1_ONLY
4807,-18035.659362549803,22822.61155378486,0.156875,,,,0.0,0.0,False,no_data,0.037615,0.036274,0.00386,1.0,1.0,True,S1_ONLY
4821,-23876.07488207547,22956.853183962263,1.06,,,,0.0,0.0,False,no_data,0.038523,0.037768,0.004967,1.0,1.0,True,S1_ONLY
4823,-11115.18609865471,22752.293721973096,0.139375,0.195585,0.175996,0.064096,1.0,1.0,True,normal_low,0.034571,0.034635,0.002282,1.0,1.0,True,BOTH
4909,18324.5,22468.21186440678,0.184375,,,,0.0,0.0,False,no_data,0.056334,0.051737,0.012463,1.0,1.0,True,S1_ONLY
4921,-12300.08904109589,22725.70547945205,0.45625,0.256089,0.225793,0.102679,1.0,1.0,True,normal_low,0.03063,0.030635,0.002627,1.0,1.0,True,BOTH
4989,-23554.255364806868,22015.09227467811,0.145625,,,,0.0,0.0,False,no_data,0.032074,0.03161,0.001945,1.0,1.0,True,S1_ONLY
5000,2341.061938958708,21977.385098743267,0.348125,0.526269,0.439478,0.250369,1.0,1.0,True,typical,0.034274,0.033052,0.005071,0.987433,0.987433,True,BOTH
5042,18434.468354430384,21836.101265822785,0.79,,,,0.0,0.0,False,no_data,0.052129,0.050435,0.008478,1.0,1.0,True,S1_ONLY
5046,-22957.8,22071.5,0.15625,,,,0.0,0.0,False,no_data,0.031215,0.030923,0.002094,1.0,1.0,True,S1_ONLY
5057,-21347.75609756097,21898.823170731703,0.205,,,,0.0,0.0,False,no_data,0.03053,0.030468,0.001785,1.0,1.0,True,S1_ONLY
5066,-3201.5775862068986,21721.54885057472,0.435,0.300316,0.28411,0.115557,1.0,1.0,True,normal_low,0.032189,0.031901,0.002502,1.0,1.0,True,BOTH
5077,-21962.84265734266,22040.045454545456,0.446875,,,,0.0,0.0,False,no_data,0.030243,0.030296,0.001817,1.0,1.0,True,S1_ONLY
5082,17310.757309941517,21637.122807017546,0.21375,,,,0.0,0.0,False,no_data,0.061057,0.059467,0.015366,1.0,1.0,True,S1_ONLY
5099,21103.811091854423,21769.217504332755,0.72125,0.222646,0.217151,0.050179,0.891681,0.891681,True,normal_low,0.032466,0.031953,0.007143,1.0,1.0,True,BOTH
5103,-25589.62319644839,21803.7602663707,1.12625,,,,0.0,0.0,False,no_data,0.033061,0.031854,0.005703,0.847947,0.847947,True,S1_ONLY
5118,17799.724820143885,21605.22122302158,0.3475,,,,0.0,0.0,False,no_data,0.059546,0.058668,0.01374,1.0,1.0,True,S1_ONLY
5142,-22528.74427480916,21603.49890948745,0.573125,,,,0.0,0.0,False,no_data,0.028425,0.028294,0.002053,1.0,1.0,True,S1_ONLY
5146,18922.86488812392,21461.730636833046,0.363125,,,,0.0,0.0,False,no_data,0.045665,0.044138,0.008713,1.0,1.0,True,S1_ONLY
5147,21772.958149779734,21757.603524229075,0.28375,0.221259,0.219646,0.037073,1.0,1.0,True,normal_low,0.023924,0.023452,0.00339,1.0,1.0,True,BOTH
5157,15188.306179775282,21356.03370786517,1.1125,,,,0.0,0.0,False,no_data,0.05602,0.053096,0.017536,1.0,1.0,True,S1_ONLY
5167,19216.73684210526,21521.157894736843,0.11875,,,,0.0,0.0,False,no_data,0.041205,0.041087,0.004914,1.0,1.0,True,S1_ONLY
5184,-19993.914634146346,21410.378048780487,0.128125,,,,0.0,0.0,False,no_data,0.036227,0.035724,0.005336,1.0,1.0,True,S1_ONLY
5189,16867.44871794872,21092.05982905983,1.02375,,,,0.0,0.0,False,no_data,0.054418,0.052605,0.011498,1.0,1.0,True,S1_ONLY
5205,-23391.27075098814,21628.583003952568,0.790625,,,,0.0,0.0,False,no_data,0.028854,0.02866,0.002331,0.968379,0.968379,True,S1_ONLY
5217,-3296.6376404494367,21197.2345505618,0.445,0.211184,0.202999,0.050325,1.0,1.0,True,normal_low,0.029923,0.029833,0.002529,0.630618,0.630618,True,BOTH
5246,17733.755599472985,20897.502635046112,0.474375,,,,0.0,0.0,False,no_data,0.055324,0.052198,0.013599,1.0,1.0,True,S1_ONLY
5271,22106.16915052161,21343.756333830104,0.419375,0.201042,0.195357,0.037925,1.0,1.0,True,normal_low,0.026732,0.025919,0.005466,1.0,1.0,True,BOTH
5277,13362.981675392664,21159.924083769634,0.119375,,,,0.0,0.0,False,no_data,0.041227,0.029198,0.027438,1.0,1.0,True,S1_ONLY
5280,22623.90119760479,21272.80538922156,0.104375,0.202312,0.198031,0.038353,1.0,1.0,True,normal_low,0.026114,0.024532,0.006347,1.0,1.0,True,BOTH
5286,-21190.272727272728,21049.93181818182,0.1925,,,,0.0,0.0,False,no_data,0.027585,0.027248,0.002048,0.724026,0.724026,True,S1_ONLY
5290,18193.21859296482,21088.94221105528,0.124375,,,,0.0,0.0,False,no_data,0.049145,0.049249,0.006384,1.0,1.0,True,S1_ONLY
5320,19289.13934850052,20504.26163391934,2.4175,,,,0.0,0.0,False,no_data,0.046762,0.046013,0.01346,1.0,1.0,True,S1_ONLY
5349,19439.577989601392,20866.09792027729,0.360625,,,,0.0,0.0,False,no_data,0.05311,0.054482,0.014671,1.0,1.0,True,S1_ONLY
5354,-20297.74264705882,20870.26102941177,0.17,,,,0.0,0.0,False,no_data,0.028747,0.028535,0.001266,0.349265,0.349265,True,S1_ONLY
5360,-20696.41974752029,21485.39630297565,0.693125,,,,0.0,0.0,False,no_data,0.030389,0.029991,0.003627,0.950406,0.950406,True,S1_ONLY
5385,-14080.234281437122,20799.601796407187,0.835,0.264615,0.252998,0.062934,1.0,1.0,True,normal_low,0.029686,0.030126,0.00246,0.239521,0.239521,True,BOTH
5396,-2174.4549839228275,20500.5,0.194375,0.244307,0.234444,0.06461,1.0,1.0,True,normal_low,,,,0.0,0.0,False,CPR_ONLY
5401,-19208.394736842103,20968.30427631579,0.38,0.192386,0.191975,0.033186,0.439145,0.439145,True,normal_low,0.031868,0.031762,0.001576,0.580592,0.580592,True,BOTH
5404,19872.979729729726,21017.72972972973,0.0925,,,,0.0,0.0,False,no_data,0.040145,0.03832,0.008134,1.0,1.0,True,S1_ONLY
5431,-1576.4408602150506,20617.525089605737,0.34875,0.196785,0.193682,0.048276,1.0,1.0,True,normal_low,,,,0.0,0.0,False,CPR_ONLY
5509,15085.95104895105,20561.776223776225,0.17875,,,,0.0,0.0,False,no_data,0.058016,0.05755,0.015345,1.0,1.0,True,S1_ONLY
5519,-19669.15883306321,20137.75688816856,1.5425,0.253628,0.221204,0.092593,0.825365,0.825365,True,normal_low,,,,0.0,0.0,False,CPR_ONLY
5550,-22206.959380234504,20591.276800670017,1.4925,,,,0.0,0.0,False,no_data,0.026241,0.026359,0.002022,0.141122,0.141122,True,S1_ONLY
5555,-5058.434131736525,20173.70359281437,0.104375,0.180328,0.177369,0.030025,1.0,1.0,True,normal_low,,,,0.0,0.0,False,CPR_ONLY
5556,-2617.458256599137,20810.091774094537,1.018125,0.179108,0.172541,0.039889,1.0,1.0,True,normal_low,0.031402,0.030949,0.002899,0.341314,0.341314,True,BOTH
5580,-1741.537735849059,20252.85849056604,0.231875,0.186688,0.1786,0.04283,1.0,1.0,True,normal_low,,,,0.0,0.0,False,CPR_ONLY
5594,-2142.6409214092128,19974.82249322493,0.230625,0.226196,0.204378,0.054976,1.0,1.0,True,normal_low,,,,0.0,0.0,False,CPR_ONLY
5605,-523.4534005037785,20012.370277078087,0.49625,0.176778,0.171126,0.038901,1.0,1.0,True,normal_low,,,,0.0,0.0,False,CPR_ONLY
5637,12349.5,20110.83210332104,0.169375,0.358898,0.351777,0.051034,0.881919,0.881919,True,normal_low,0.034326,0.033379,0.005091,0.97786,0.97786,True,BOTH
5640,-18508.46338672769,20414.82494279176,1.365625,0.183879,0.180295,0.035876,0.835698,0.835698,True,normal_low,0.03032,0.030196,0.002027,0.246224,0.246224,True,BOTH
5677,-1514.457816377173,19794.2965260546,0.251875,0.180286,0.179484,0.03571,1.0,1.0,True,normal_low,,,,0.0,0.0,False,CPR_ONLY
5718,-6391.072033898301,19407.77905569008,1.0325,0.218603,0.194036,0.083223,1.0,1.0,True,normal_low,,,,0.0,0.0,False,CPR_ONLY
5728,-16778.491107518188,19559.857316087306,0.773125,0.190245,0.1842,0.037025,1.0,1.0,True,normal_low,,,,0.0,0.0,False,CPR_ONLY
5748,-1766.505291005291,19540.447089947087,0.118125,0.236156,0.22236,0.04454,1.0,1.0,True,normal_low,,,,0.0,0.0,False,CPR_ONLY
5751,16467.125,19577.78125,0.5,0.258497,0.2595,0.047365,0.00375,0.00375,False,normal_low,0.05631,0.05379,0.01493,1.0,1.0,True,S1_ONLY
5779,-18782.589552238805,19773.11194029851,0.209375,0.196708,0.193704,0.034044,1.0,1.0,True,normal_low,,,,0.0,0.0,False,CPR_ONLY
5792,-15354.53225806452,19819.13110008271,0.755625,0.198404,0.195213,0.03523,1.0,1.0,True,normal_low,,,,0.0,0.0,False,CPR_ONLY
5793,-5046.785714285717,19766.0,0.21875,0.178537,0.172273,0.035591,1.0,1.0,True,normal_low,,,,0.0,0.0,False,CPR_ONLY
5803,14811.9765478424,19253.267354596625,0.333125,0.237836,0.233134,0.047128,0.966229,0.966229,True,normal_low,0.053262,0.050539,0.011675,1.0,1.0,True,BOTH
5816,19772.791571753987,19503.689066059225,0.274375,,,,0.0,0.0,False,no_data,0.038756,0.038023,0.007353,1.0,1.0,True,S1_ONLY
5817,23713.607142857145,19540.85714285714,0.0875,0.213907,0.213391,0.03371,1.0,1.0,True,normal_low,0.019112,0.019163,0.001651,1.0,1.0,True,BOTH
5821,-14305.837078651684,19512.9531835206,0.166875,0.212641,0.201946,0.049128,1.0,1.0,True,normal_low,,,,0.0,0.0,False,CPR_ONLY
5841,-2685.4662162162203,19231.581081081084,0.0925,0.173122,0.165198,0.036533,1.0,1.0,True,normal_low,,,,0.0,0.0,False,CPR_ONLY
5853,23284.321428571435,18962.295112781954,0.3325,0.162081,0.153792,0.042833,1.0,1.0,True,normal_low,0.021128,0.020502,0.003584,1.0,1.0,True,BOTH
5859,-18714.42617449665,19401.674496644297,0.093125,0.21002,0.209243,0.024132,1.0,1.0,True,normal_low,,,,0.0,0.0,False,CPR_ONLY
5882,-15214.10824742268,19371.37628865979,0.303125,0.205656,0.200064,0.031209,1.0,1.0,True,normal_low,,,,0.0,0.0,False,CPR_ONLY
5897,20075.093824228024,19040.860253365005,0.789375,,,,0.0,0.0,False,no_data,0.03226,0.031097,0.007493,1.0,1.0,True,S1_ONLY
5911,-14720.41869918699,19214.863143631435,0.230625,0.182631,0.176357,0.032249,1.0,1.0,True,normal_low,,,,0.0,0.0,False,CPR_ONLY
5936,19098.7125984252,19361.32677165354,0.238125,,,,0.0,0.0,False,no_data,0.032317,0.032341,0.005744,1.0,1.0,True,S1_ONLY
5941,17425.44339622641,18985.22877358491,0.265,0.245574,0.245872,0.02718,0.431604,0.431604,True,normal_low,0.042427,0.04103,0.007056,1.0,1.0,True,BOTH
5944,-17480.973684210527,18908.605263157893,0.296875,0.170486,0.164102,0.034693,1.0,1.0,True,normal_low,,,,0.0,0.0,False,CPR_ONLY
5946,10731.401840490798,18944.64621676892,0.61125,0.428354,0.430912,0.106875,1.0,1.0,True,normal_low,,,,0.0,0.0,False,CPR_ONLY
5948,16016.85880398671,19075.250830564783,0.188125,0.223798,0.218818,0.029541,0.920266,0.920266,True,normal_low,0.054914,0.053715,0.008951,1.0,1.0,True,BOTH
5949,18144.14285714285,19083.29220779221,0.1925,,,,0.0,0.0,False,no_data,0.037693,0.035108,0.009311,1.0,1.0,True,S1_ONLY
5954,17116.69653179191,19251.56936416185,0.540625,0.231638,0.225066,0.049683,0.198844,0.198844,True,normal_low,0.052347,0.050615,0.013476,1.0,1.0,True,BOTH
5979,13913.091269841265,19083.93253968254,0.1575,0.205486,0.198736,0.032063,1.0,1.0,True,normal_low,0.041545,0.042186,0.005686,1.0,1.0,True,BOTH
5999,-14078.307646356036,19092.58482676225,0.523125,0.175209,0.162723,0.049199,1.0,1.0,True,normal_low,,,,0.0,0.0,False,CPR_ONLY
6009,22844.086614173222,18948.82677165354,0.15875,0.17182,0.166763,0.035253,1.0,1.0,True,normal_low,0.032977,0.030754,0.010326,1.0,1.0,True,BOTH
6013,-5974.378364905286,18691.45214356929,0.626875,0.181886,0.177421,0.034993,1.0,1.0,True,normal_low,,,,0.0,0.0,False,CPR_ONLY
6019,17667.120232172478,18571.768656716416,0.376875,0.22632,0.219185,0.03818,0.864013,0.864013,True,normal_low,0.040023,0.037046,0.012754,1.0,1.0,True,BOTH
6032,17171.94525547445,18677.14233576642,0.085625,0.21633,0.211583,0.033182,1.0,1.0,True,normal_low,0.041988,0.039328,0.00855,1.0,1.0,True,BOTH
6037,-15716.225806451615,18838.0,0.58125,0.199635,0.19832,0.040732,1.0,1.0,True,normal_low,,,,0.0,0.0,False,CPR_ONLY
6038,15814.636054421768,18844.88775510204,0.091875,0.229051,0.226756,0.03772,1.0,1.0,True,normal_low,0.059256,0.05622,0.011995,1.0,1.0,True,BOTH
6039,19531.05515370705,18663.587703435805,0.69125,0.219838,0.212102,0.040571,0.314647,0.314647,True,normal_low,0.037808,0.036636,0.011166,1.0,1.0,True,BOTH
6060,14376.269662921346,18808.252808988767,0.55625,0.254311,0.248594,0.060144,1.0,1.0,True,normal_low,0.05604,0.049505,0.022022,1.0,1.0,True,BOTH
6061,15504.097989949754,18756.304020100502,0.621875,0.244792,0.241514,0.048485,1.0,1.0,True,normal_low,0.058423,0.056704,0.016592,1.0,1.0,True,BOTH
6083,11264.1875,18731.28125,0.1,0.417069,0.415308,0.056148,1.0,1.0,True,normal_low,,,,0.0,0.0,False,CPR_ONLY
6088,-16737.377828054297,18439.527149321264,0.414375,0.200289,0.198353,0.03453,1.0,1.0,True,normal_low,,,,0.0,0.0,False,CPR_ONLY
6120,22874.360879243177,18634.75153032833,1.123125,0.170755,0.163655,0.042586,0.991096,0.991096,True,normal_low,0.021018,0.020444,0.004067,0.942126,0.942126,True,BOTH
6128,18536.39740420272,18611.00679851669,0.505625,0.225805,0.217323,0.060092,0.778739,0.778739,True,normal_low,0.029657,0.029336,0.004432,1.0,1.0,True,BOTH
6147,16929.703349282296,18513.5980861244,0.26125,0.210243,0.204451,0.036071,1.0,1.0,True,normal_low,0.043537,0.043874,0.006845,1.0,1.0,True,BOTH
6172,4697.795454545456,18532.460227272724,0.11,0.288763,0.274089,0.072871,1.0,1.0,True,normal_low,,,,0.0,0.0,False,CPR_ONLY
6194,14925.163716814151,18422.513274336285,0.14125,0.228783,0.224354,0.037525,1.0,1.0,True,normal_low,0.064601,0.054105,0.034518,1.0,1.0,True,BOTH
6202,18051.63133640553,18291.168202764977,0.27125,0.249044,0.252125,0.037349,1.0,1.0,True,normal_low,0.035402,0.033232,0.009016,1.0,1.0,True,BOTH
6206,-5527.347575057735,18321.86258660508,0.270625,0.192561,0.186757,0.0378,1.0,1.0,True,normal_low,,,,0.0,0.0,False,CPR_ONLY
6209,22371.53125,18265.8125,0.1,0.151044,0.153266,0.02212,0.9875,0.9875,True,normal_low,0.0222,0.02204,0.003351,1.0,1.0,True,BOTH
6216,-4884.770270270266,18652.14864864865,0.578125,0.193695,0.190025,0.034424,1.0,1.0,True,normal_low,,,,0.0,0.0,False,CPR_ONLY
6227,-7412.444444444445,18375.5,0.3375,0.195996,0.194387,0.036471,1.0,1.0,True,normal_low,,,,0.0,0.0,False,CPR_ONLY
6239,24271.763313609463,18344.878698224853,0.21125,0.199774,0.180884,0.073779,1.0,1.0,True,normal_low,,,,0.0,0.0,False,CPR_ONLY
6243,-23757.527276930192,18350.96232085067,1.351875,0.183959,0.179569,0.041422,0.50208,0.50208,True,normal_low,0.040134,0.039194,0.00503,0.155802,0.155802,True,BOTH
6246,10939.267441860466,18409.8023255814,0.26875,0.3942,0.402459,0.08783,1.0,1.0,True,normal_low,,,,0.0,0.0,False,CPR_ONLY
6277,-5080.753807106601,17713.164974619285,0.615625,0.189449,0.187202,0.029477,1.0,1.0,True,normal_low,,,,0.0,0.0,False,CPR_ONLY
6291,-19167.91516966068,18225.000998004,0.313125,0.182021,0.180712,0.040308,1.0,1.0,True,normal_low,,,,0.0,0.0,False,CPR_ONLY
6292,-11815.685676392568,18261.640583554377,0.235625,0.224304,0.221008,0.038823,1.0,1.0,True,normal_low,,,,0.0,0.0,False,CPR_ONLY
6294,-6966.601694915255,18109.25706214689,0.110625,0.173031,0.168214,0.034267,1.0,1.0,True,normal_low,,,,0.0,0.0,False,CPR_ONLY
6308,14900.523890784983,18147.172354948805,0.183125,0.245254,0.241474,0.038941,1.0,1.0,True,normal_low,0.041506,0.03969,0.009032,1.0,1.0,True,BOTH
6314,-6499.294642857145,17578.714285714283,1.05,0.165188,0.162323,0.031139,1.0,1.0,True,normal_low,,,,0.0,0.0,False,CPR_ONLY
6318,10392.555555555557,18060.222222222223,0.10125,0.404951,0.405031,0.093923,1.0,1.0,True,normal_low,,,,0.0,0.0,False,CPR_ONLY
6329,-10268.244807121664,18372.280415430265,1.053125,0.206268,0.201892,0.043132,1.0,1.0,True,normal_low,,,,0.0,0.0,False,CPR_ONLY
6355,-5676.504823151125,17793.10450160772,0.38875,0.164676,0.162279,0.024201,1.0,1.0,True,normal_low,,,,0.0,0.0,False,CPR_ONLY
6360,-17414.360103626947,17541.821243523314,0.120625,0.161644,0.15631,0.026328,1.0,1.0,True,normal_low,,,,0.0,0.0,False,CPR_ONLY
6363,12595.679624664874,17935.218498659517,0.233125,0.228972,0.217264,0.046446,1.0,1.0,True,normal_low,0.03695,0.035063,0.008774,0.981233,0.981233,True,BOTH
6365,13057.591286307055,17710.354771784234,0.150625,0.230526,0.224822,0.031111,1.0,1.0,True,normal_low,0.040867,0.03885,0.0078,0.854772,0.854772,True,BOTH
6381,14284.381342062195,18026.66612111293,0.76375,0.270351,0.266502,0.067245,1.0,1.0,True,normal_low,0.050582,0.047129,0.014004,1.0,1.0,True,BOTH
6393,20773.02941176472,17690.02205882353,0.085,0.222015,0.219604,0.034247,1.0,1.0,True,normal_low,0.02476,0.025276,0.004759,1.0,1.0,True,BOTH
6397,-11330.917422867518,17986.5889292196,1.721875,0.235883,0.226315,0.064887,1.0,1.0,True,normal_low,,,,0.0,0.0,False,CPR_ONLY
6402,9914.09603658536,18343.29725609756,0.41,0.292328,0.278816,0.079825,1.0,1.0,True,normal_low,,,,0.0,0.0,False,CPR_ONLY
6413,16953.953125,17942.9609375,0.4,0.25358,0.253698,0.050396,1.0,1.0,True,normal_low,0.052179,0.047682,0.020894,1.0,1.0,True,BOTH
6425,15134.140522875816,17860.95751633987,0.286875,0.254678,0.248351,0.045341,1.0,1.0,True,normal_low,0.061925,0.06039,0.018344,1.0,1.0,True,BOTH
6437,-8337.847188264059,17705.695599022005,2.55625,0.190981,0.1783,0.055598,1.0,1.0,True,normal_low,,,,0.0,0.0,False,CPR_ONLY
6438,-6739.424050632908,17791.79746835443,0.09875,0.177254,0.174324,0.02349,1.0,1.0,True,normal_low,,,,0.0,0.0,False,CPR_ONLY
6442,22727.65482502652,17920.648462354187,0.589375,0.164114,0.154612,0.049971,1.0,1.0,True,normal_low,0.020594,0.020031,0.003477,1.0,1.0,True,BOTH
6461,16539.579365079364,17733.634920634922,0.07875,0.247591,0.24294,0.036215,1.0,1.0,True,normal_low,0.053717,0.050933,0.013784,1.0,1.0,True,BOTH
6474,-19136.73978201635,17653.0204359673,0.229375,0.213883,0.21072,0.035969,1.0,1.0,True,normal_low,,,,0.0,0.0,False,CPR_ONLY
6481,15719.48777506112,17633.568459657705,0.255625,0.25074,0.246303,0.040576,1.0,1.0,True,normal_low,0.051263,0.049279,0.010801,1.0,1.0,True,BOTH
6499,-10401.074712643684,17451.10344827586,0.54375,0.169121,0.163975,0.038447,1.0,1.0,True,normal_low,,,,0.0,0.0,False,CPR_ONLY
6505,15348.337209302328,17552.825581395347,0.16125,0.262835,0.262868,0.053324,1.0,1.0,True,normal_low,0.069112,0.069573,0.018506,1.0,1.0,True,BOTH
6541,26895.63289760349,17495.053376906315,0.286875,0.349914,0.326379,0.132061,1.0,1.0,True,normal_low,,,,0.0,0.0,False,CPR_ONLY
6551,-19112.778106508875,17257.156804733728,0.105625,0.201486,0.19764,0.022495,1.0,1.0,True,normal_low,,,,0.0,0.0,False,CPR_ONLY
6555,19056.318181818184,17149.834811529934,0.845625,0.223435,0.21577,0.055142,1.0,1.0,True,normal_low,0.041458,0.03993,0.010745,1.0,1.0,True,BOTH
6566,-5857.095092024538,17322.815950920245,0.20375,0.146864,0.145836,0.022788,1.0,1.0,True,normal_low,,,,0.0,0.0,False,CPR_ONLY
6576,14326.141414141406,17285.474747474746,0.12375,0.342332,0.333763,0.056652,1.0,1.0,True,normal_low,0.047408,0.046627,0.004335,0.545455,0.545455,True,BOTH
6577,17269.015011547344,17627.69399538106,0.54125,0.209757,0.202034,0.044533,1.0,1.0,True,normal_low,0.04902,0.041394,0.028332,1.0,1.0,True,BOTH
6592,15223.040145985397,17090.13503649635,0.428125,0.249224,0.248674,0.041562,1.0,1.0,True,normal_low,0.057626,0.060385,0.012451,0.508029,0.508029,True,BOTH
6595,22055.02325581396,17464.162790697676,0.5375,0.245295,0.241006,0.046769,0.87907,0.87907,True,normal_low,0.019493,0.019241,0.002207,1.0,1.0,True,BOTH
6615,20859.53703703704,17205.01851851852,0.421875,0.25321,0.251281,0.036136,1.0,1.0,True,normal_low,0.033043,0.031975,0.00669,1.0,1.0,True,BOTH
6629,15709.0703125,17141.90625,0.08,0.286397,0.29417,0.042867,1.0,1.0,True,normal_low,0.058692,0.054334,0.015773,1.0,1.0,True,BOTH
6630,22942.50341296928,17193.418088737202,0.183125,0.226026,0.21985,0.039874,1.0,1.0,True,normal_low,0.020592,0.020529,0.003485,1.0,1.0,True,BOTH
6631,23382.13473053892,17073.70359281437,0.104375,0.187257,0.18527,0.019115,1.0,1.0,True,normal_low,0.016845,0.016904,0.001131,0.335329,0.335329,True,BOTH
6644,19066.791666666664,16848.104166666668,0.15,0.310521,0.275864,0.107851,1.0,1.0,True,normal_low,0.050932,0.049905,0.007474,1.0,1.0,True,BOTH
6659,25028.73151750973,16956.96887159533,0.32125,0.168623,0.164117,0.035272,1.0,1.0,True,normal_low,,,,0.0,0.0,False,CPR_ONLY
6668,13939.461013645225,17299.817738791422,2.244375,0.245585,0.237449,0.062312,1.0,1.0,True,normal_low,0.045127,0.042785,0.01301,0.440824,0.440824,True,BOTH
6670,18712.56451612903,17259.532258064515,0.096875,0.19252,0.187329,0.023419,1.0,1.0,True,normal_low,0.050234,0.051252,0.013563,1.0,1.0,True,BOTH
6675,-18968.74294038548,17070.603092783505,1.394375,0.195677,0.191627,0.035526,1.0,1.0,True,normal_low,0.062444,0.049553,0.028561,0.103093,0.103093,True,BOTH
6676,-7920.619047619053,16908.11904761905,0.13125,0.194879,0.182701,0.054078,1.0,1.0,True,normal_low,,,,0.0,0.0,False,CPR_ONLY
6688,-10573.768261964731,16878.018891687658,0.49625,0.189477,0.187971,0.042626,1.0,1.0,True,normal_low,,,,0.0,0.0,False,CPR_ONLY
6709,-6928.54054054054,16849.317567567567,0.0925,0.20416,0.202915,0.038766,1.0,1.0,True,normal_low,,,,0.0,0.0,False,CPR_ONLY
6728,24243.679894179902,17039.12433862434,0.118125,0.154667,0.153897,0.018206,1.0,1.0,True,normal_low,,,,0.0,0.0,False,CPR_ONLY
6736,15019.675438596496,16735.441520467833,0.106875,0.229155,0.228423,0.028045,1.0,1.0,True,normal_low,,,,0.0,0.0,False,CPR_ONLY
6746,19482.530726256984,16789.256983240222,0.22375,0.245839,0.24437,0.043786,1.0,1.0,True,normal_low,0.035923,0.037171,0.006565,1.0,1.0,True,BOTH
6752,24772.030864197528,16692.413580246917,0.253125,0.166444,0.162271,0.025618,1.0,1.0,True,normal_low,,,,0.0,0.0,False,CPR_ONLY
6765,21764.39547038327,16826.458188153312,0.179375,0.236643,0.232611,0.03763,1.0,1.0,True,normal_low,0.022641,0.022064,0.005006,1.0,1.0,True,BOTH
6768,-12026.304776739358,16122.8779854621,0.601875,0.321887,0.282721,0.110789,0.169263,0.169263,True,normal_low,,,,0.0,0.0,False,CPR_ONLY
6786,22255.627982646416,16550.337310195227,0.288125,0.235642,0.22967,0.047388,1.0,1.0,True,normal_low,0.020783,0.01986,0.003644,1.0,1.0,True,BOTH
6829,23560.08333333333,16487.5,0.1875,0.210673,0.213577,0.021381,1.0,1.0,True,normal_low,,,,0.0,0.0,False,CPR_ONLY
6837,-10951.170498084291,16461.89846743295,0.163125,0.196162,0.193376,0.041693,0.996169,0.996169,True,normal_low,,,,0.0,0.0,False,CPR_ONLY
6839,13555.681015452536,16343.987858719647,0.283125,0.237633,0.219638,0.071925,1.0,1.0,True,normal_low,,,,0.0,0.0,False,CPR_ONLY
6854,19054.03367875648,16447.779792746114,0.120625,0.240048,0.22317,0.065772,1.0,1.0,True,normal_low,0.04716,0.044209,0.0123,1.0,1.0,True,BOTH
6860,-6828.96598202824,16585.737483953784,0.486875,0.183373,0.175126,0.037891,1.0,1.0,True,normal_low,,,,0.0,0.0,False,CPR_ONLY
6863,2650.743093922654,16572.737569060773,0.113125,0.281668,0.280767,0.04368,1.0,1.0,True,normal_low,,,,0.0,0.0,False,CPR_ONLY
6866,7838.315789473687,16420.894736842103,0.095,0.221372,0.219038,0.027846,1.0,1.0,True,normal_low,,,,0.0,0.0,False,CPR_ONLY
6870,22656.921875,16238.234375000004,0.2,0.237747,0.232281,0.04306,1.0,1.0,True,normal_low,0.02131,0.020773,0.003441,1.0,1.0,True,BOTH
6875,20990.06420233463,16680.94747081712,0.32125,0.25211,0.245885,0.046241,1.0,1.0,True,normal_low,0.032875,0.034213,0.007925,1.0,1.0,True,BOTH
6876,23125.190184049075,16485.085889570553,0.20375,0.205308,0.197915,0.032886,1.0,1.0,True,normal_low,0.021464,0.021913,0.003787,0.555215,0.555215,True,BOTH
6906,17325.195732838583,16511.56215213358,0.67375,0.196872,0.193668,0.037875,1.0,1.0,True,normal_low,0.042297,0.04183,0.008599,0.426716,0.426716,True,BOTH
6912,9467.357142857143,16386.77819548872,0.083125,0.225236,0.221752,0.055259,1.0,1.0,True,normal_low,,,,0.0,0.0,False,CPR_ONLY
6950,-5659.631010145567,16655.67203352448,1.416875,0.166828,0.162651,0.033818,1.0,1.0,True,normal_low,,,,0.0,0.0,False,CPR_ONLY
6951,19189.04183266932,16142.830677290836,0.156875,0.217251,0.217665,0.02892,1.0,1.0,True,normal_low,0.044184,0.043286,0.0094,0.498008,0.498008,True,BOTH
6976,-2275.304381846632,15943.183881064164,0.399375,0.235256,0.217477,0.0634,1.0,1.0,True,normal_low,,,,0.0,0.0,False,CPR_ONLY
6979,19413.87007874016,16321.562992125986,0.079375,0.234032,0.242284,0.03762,1.0,1.0,True,normal_low,0.055301,0.051632,0.019504,0.992126,0.992126,True,BOTH
6981,30295.220720720725,16232.932432432432,0.208125,0.257604,0.253405,0.033967,1.0,1.0,True,normal_low,,,,0.0,0.0,False,CPR_ONLY
6988,23152.731939163496,16094.036121673002,0.164375,0.230425,0.224698,0.03918,1.0,1.0,True,normal_low,0.02093,0.020296,0.002742,0.365019,0.365019,True,BOTH
7022,20620.54147031103,16309.995758718193,0.663125,0.221401,0.212547,0.06119,1.0,1.0,True,normal_low,0.029179,0.028878,0.006687,0.952875,0.952875,True,BOTH
7023,22026.440639269407,16092.661339421617,0.410625,0.206771,0.20533,0.031439,1.0,1.0,True,normal_low,0.02293,0.022585,0.00351,1.0,1.0,True,BOTH
7024,23693.623931623923,16162.358974358973,0.14625,0.203736,0.201367,0.027901,1.0,1.0,True,normal_low,,,,0.0,0.0,False,CPR_ONLY
7039,8640.915313225058,15910.302784222738,0.269375,0.238745,0.231205,0.045653,1.0,1.0,True,normal_low,,,,0.0,0.0,False,CPR_ONLY
7049,-6543.487804878052,16105.27642276423,0.15375,0.164432,0.159744,0.029901,1.0,1.0,True,normal_low,,,,0.0,0.0,False,CPR_ONLY
7056,15757.284431137728,15999.452095808383,0.104375,0.187354,0.182329,0.030379,1.0,1.0,True,normal_low,,,,0.0,0.0,False,CPR_ONLY
7076,22992.99593495934,15782.05487804878,0.3075,0.225878,0.2241,0.042032,1.0,1.0,True,normal_low,0.018381,0.018924,0.002683,0.457317,0.457317,True,BOTH
7086,18763.130952380947,15742.166666666668,0.2625,0.264976,0.255685,0.057621,1.0,1.0,True,normal_low,,,,0.0,0.0,False,CPR_ONLY
7090,-8289.864270386264,15955.93186695279,1.165,0.238848,0.209554,0.105773,1.0,1.0,True,normal_low,,,,0.0,0.0,False,CPR_ONLY
7098,-7457.771944922548,15935.697934595526,0.363125,0.169527,0.167786,0.024437,1.0,1.0,True,normal_low,,,,0.0,0.0,False,CPR_ONLY
7099,-5003.283041212693,15636.28872572241,1.319375,0.185926,0.180648,0.046691,1.0,1.0,True,normal_low,,,,0.0,0.0,False,CPR_ONLY
7111,-17739.03383458647,15973.996240601504,0.083125,0.201429,0.196798,0.028691,0.947368,0.947368,True,normal_low,0.074926,0.073061,0.011209,0.924812,0.924812,True,BOTH
7116,21288.311420982733,15886.240371845954,0.94125,0.210416,0.201875,0.044938,1.0,1.0,True,normal_low,0.027649,0.026019,0.007373,0.623506,0.623506,True,BOTH
7121,-6021.320783132527,15782.164156626506,0.415,0.159702,0.154339,0.030943,1.0,1.0,True,normal_low,,,,0.0,0.0,False,CPR_ONLY
7124,24827.600498930857,15664.505702067,0.876875,0.214083,0.212622,0.031977,1.0,1.0,True,normal_low,,,,0.0,0.0,False,CPR_ONLY
7136,12550.495807127882,15684.916491963664,0.894375,0.231075,0.227302,0.045208,1.0,1.0,True,normal_low,,,,0.0,0.0,False,CPR_ONLY
7168,22034.321428571435,15448.37087912088,0.455,0.24601,0.240637,0.054505,1.0,1.0,True,normal_low,0.02264,0.022478,0.003449,0.520604,0.520604,True,BOTH
7217,-10988.326666666668,15639.86,1.171875,0.193757,0.192701,0.036565,0.275733,0.275733,True,normal_low,,,,0.0,0.0,False,CPR_ONLY
7218,-7922.96621621622,15631.75,0.0925,0.183828,0.178976,0.0263,1.0,1.0,True,normal_low,,,,0.0,0.0,False,CPR_ONLY
7226,-1355.1151701059644,15041.89709983268,2.24125,0.249764,0.22765,0.107991,1.0,1.0,True,normal_low,,,,0.0,0.0,False,CPR_ONLY
7231,-38920.856371490285,15602.875809935204,0.289375,0.18908,0.18855,0.052878,0.533477,0.533477,True,normal_low,0.039441,0.038351,0.007545,1.0,1.0,True,BOTH
7263,-13081.21859572134,15826.816511245195,1.139375,,,,0.0,0.0,False,no_data,0.038903,0.039126,0.006249,0.140976,0.140976,True,S1_ONLY
7266,18232.266439909305,15609.45691609977,0.275625,0.242813,0.240054,0.047952,1.0,1.0,True,normal_low,,,,0.0,0.0,False,CPR_ONLY
7272,-6808.592608326253,15425.372557349194,0.735625,0.182334,0.178778,0.034953,1.0,1.0,True,normal_low,,,,0.0,0.0,False,CPR_ONLY
7288,21707.77664399093,14987.40476190476,0.275625,0.221664,0.215152,0.042337,1.0,1.0,True,normal_low,,,,0.0,0.0,False,CPR_ONLY
7289,22162.446428571435,15401.392857142857,0.105,0.231823,0.225365,0.030923,1.0,1.0,True,normal_low,0.022208,0.022343,0.004176,0.327381,0.327381,True,BOTH
7303,-9395.034555712273,15354.167136812412,0.443125,0.236822,0.219615,0.064103,1.0,1.0,True,normal_low,,,,0.0,0.0,False,CPR_ONLY
7304,-5263.167560321715,15194.467828418234,0.233125,0.176975,0.174438,0.034572,1.0,1.0,True,normal_low,,,,0.0,0.0,False,CPR_ONLY
7339,32703.84782608696,15207.202898550724,0.08625,0.283213,0.27759,0.055211,1.0,1.0,True,normal_low,,,,0.0,0.0,False,CPR_ONLY
7365,13727.5959752322,15042.063467492262,0.201875,0.298808,0.277234,0.076586,1.0,1.0,True,normal_low,,,,0.0,0.0,False,CPR_ONLY
7385,21385.389570552143,15080.407975460124,0.101875,0.210801,0.207384,0.031621,1.0,1.0,True,normal_low,,,,0.0,0.0,False,CPR_ONLY
7412,-12972.198113207549,15076.797169811323,0.1325,,,,0.0,0.0,False,no_data,0.034465,0.033556,0.004909,1.0,1.0,True,S1_ONLY
7446,-1909.234939759037,14892.21686746988,0.10375,0.31821,0.309211,0.080158,1.0,1.0,True,normal_low,,,,0.0,0.0,False,CPR_ONLY
7482,9491.236304549668,15496.739554317548,0.673125,0.293489,0.285424,0.053453,1.0,1.0,True,normal_low,,,,0.0,0.0,False,CPR_ONLY
7497,-26064.63612565445,14762.791765825796,1.313125,0.176579,0.176555,0.019532,0.026178,0.026178,False,normal_low,0.068031,0.066841,0.023208,1.0,1.0,True,S1_ONLY
7502,21279.5,14691.975409836068,0.190625,0.224678,0.214428,0.044689,1.0,1.0,True,normal_low,,,,0.0,0.0,False,CPR_ONLY
7521,12539.77777777778,14889.909722222224,0.09,0.267269,0.264929,0.070246,1.0,1.0,True,normal_low,,,,0.0,0.0,False,CPR_ONLY
7543,32090.467741935485,15049.478494623658,0.290625,0.256426,0.253089,0.036682,1.0,1.0,True,normal_low,,,,0.0,0.0,False,CPR_ONLY
7545,-16460.76102610261,15219.424392439243,0.694375,,,,0.0,0.0,False,no_data,0.055345,0.055927,0.009836,1.0,1.0,True,S1_ONLY
7561,-13730.202970297029,14531.316831683172,0.12625,,,,0.0,0.0,False,no_data,0.068264,0.068284,0.01087,1.0,1.0,True,S1_ONLY
7583,-5511.389175257733,14651.337628865982,0.2425,0.191822,0.189033,0.039788,1.0,1.0,True,normal_low,,,,0.0,0.0,False,CPR_ONLY
7589,-5845.606490872211,14309.348884381336,0.61625,0.212076,0.205788,0.043046,0.60142,0.60142,True,normal_low,,,,0.0,0.0,False,CPR_ONLY
7611,-10031.407079646016,14985.566371681416,0.70625,0.220619,0.215675,0.039274,0.495575,0.495575,True,normal_low,0.032378,0.032378,0.0,0.000885,0.000885,False,CPR_ONLY
7624,3633.06227106227,14539.327838827838,0.34125,0.241358,0.238987,0.05002,1.0,1.0,True,normal_low,,,,0.0,0.0,False,CPR_ONLY
7635,-17506.447529291898,14726.913652572592,1.226875,,,,0.0,0.0,False,no_data,0.043438,0.040817,0.010458,1.0,1.0,True,S1_ONLY
7649,-13135.28120978121,14245.850707850706,0.97125,,,,0.0,0.0,False,no_data,0.070956,0.071794,0.019851,1.0,1.0,True,S1_ONLY
7654,32221.30079155673,14112.934036939318,0.47375,0.235949,0.221674,0.059804,1.0,1.0,True,normal_low,,,,0.0,0.0,False,CPR_ONLY
7664,32402.57167235496,14602.035836177474,0.549375,0.27898,0.269749,0.051364,1.0,1.0,True,normal_low,,,,0.0,0.0,False,CPR_ONLY
7687,23231.797297297293,14079.824324324323,0.115625,0.248993,0.249579,0.050257,1.0,1.0,True,normal_low,,,,0.0,0.0,False,CPR_ONLY
7751,-377.80150581793714,14452.014373716633,1.82625,0.199725,0.186942,0.061429,0.991786,0.991786,True,normal_low,,,,0.0,0.0,False,CPR_ONLY
7755,20990.61111111111,14198.555555555557,0.1125,0.22946,0.223321,0.03418,1.0,1.0,True,normal_low,,,,0.0,0.0,False,CPR_ONLY
7770,4231.157608695648,14283.040760869564,0.23,0.251946,0.249151,0.050685,1.0,1.0,True,normal_low,,,,0.0,0.0,False,CPR_ONLY
7775,-11251.98936170213,13780.5,0.29375,,,,0.0,0.0,False,no_data,0.055713,0.053974,0.010415,1.0,1.0,True,S1_ONLY
7790,3834.483031674208,13929.685520361989,0.5525,0.25998,0.26076,0.056062,0.986425,0.986425,True,normal_low,,,,0.0,0.0,False,CPR_ONLY
7808,14648.062300319483,14088.99840255591,0.195625,0.329486,0.326495,0.046577,1.0,1.0,True,normal_low,,,,0.0,0.0,False,CPR_ONLY
7842,35109.55501222494,13834.790953545236,0.51125,0.279797,0.277535,0.043243,1.0,1.0,True,normal_low,,,,0.0,0.0,False,CPR_ONLY
7844,-25522.03312788906,14037.749614791988,0.405625,0.20503,0.201172,0.038469,0.285054,0.285054,True,normal_low,0.048298,0.043916,0.013762,1.0,1.0,True,BOTH
7864,36840.95408163265,13947.948979591838,0.1225,0.224736,0.223499,0.032657,1.0,1.0,True,normal_low,,,,0.0,0.0,False,CPR_ONLY
7876,-2978.531496062991,13526.090551181103,0.79375,0.218868,0.208768,0.052477,0.277165,0.277165,True,normal_low,,,,0.0,0.0,False,CPR_ONLY
7893,16718.8112244898,13498.790816326527,0.6125,0.368136,0.357974,0.080108,1.0,1.0,True,normal_low,,,,0.0,0.0,False,CPR_ONLY
7916,488.9736842105267,13988.950292397658,0.4275,0.187239,0.182214,0.051198,0.951754,0.951754,True,normal_low,,,,0.0,0.0,False,CPR_ONLY
7990,11875.54895104895,13726.11188811189,0.17875,0.197347,0.191072,0.050116,1.0,1.0,True,normal_low,,,,0.0,0.0,False,CPR_ONLY
8001,35806.71258134491,13772.896963123649,0.288125,0.22894,0.226995,0.035938,1.0,1.0,True,normal_low,,,,0.0,0.0,False,CPR_ONLY
8035,21469.529895366213,13701.060538116595,0.418125,0.207474,0.200263,0.03924,1.0,1.0,True,normal_low,,,,0.0,0.0,False,CPR_ONLY
8093,-19446.40747330961,13141.069395017792,0.175625,,,,0.0,0.0,False,no_data,0.039971,0.039535,0.004315,1.0,1.0,True,S1_ONLY
8105,31341.708672086723,13104.429539295394,0.230625,0.242117,0.235578,0.041788,1.0,1.0,True,normal_low,,,,0.0,0.0,False,CPR_ONLY
8107,-25318.865384615383,13223.769230769234,0.1625,,,,0.0,0.0,False,no_data,0.038862,0.037504,0.007021,1.0,1.0,True,S1_ONLY
8109,-10168.34702549575,13592.21388101983,0.220625,,,,0.0,0.0,False,no_data,0.07282,0.07561,0.016039,1.0,1.0,True,S1_ONLY
8115,10458.402439024394,12925.439024390244,0.25625,0.249131,0.240811,0.057181,1.0,1.0,True,normal_low,,,,0.0,0.0,False,CPR_ONLY
8118,-12986.017241379312,13152.310344827583,0.18125,,,,0.0,0.0,False,no_data,0.126704,0.125911,0.019596,1.0,1.0,True,S1_ONLY
8119,-11526.638828633404,13126.711135213303,0.864375,,,,0.0,0.0,False,no_data,0.081323,0.071929,0.028782,1.0,1.0,True,S1_ONLY
8120,-6973.447761194031,13268.59701492537,0.08375,,,,0.0,0.0,False,no_data,0.054379,0.052583,0.006645,1.0,1.0,True,S1_ONLY
8128,35877.30898876405,13340.106741573032,0.11125,0.214493,0.213808,0.029322,1.0,1.0,True,normal_low,,,,0.0,0.0,False,CPR_ONLY
8136,34372.125,13194.75,0.25,0.279381,0.276921,0.037478,1.0,1.0,True,normal_low,,,,0.0,0.0,False,CPR_ONLY
8137,36501.05494125778,12590.68659295093,0.904375,0.197827,0.182857,0.056674,1.0,1.0,True,normal_low,,,,0.0,0.0,False,CPR_ONLY
8148,15596.235074626864,13060.667910447764,0.1675,0.362963,0.341127,0.090931,1.0,1.0,True,normal_low,,,,0.0,0.0,False,CPR_ONLY
8179,-18465.77044854881,12865.803430079157,0.47375,,,,0.0,0.0,False,no_data,0.048079,0.047238,0.007159,1.0,1.0,True,S1_ONLY
8190,16181.702797202794,13260.185314685315,0.446875,0.400105,0.400627,0.09654,1.0,1.0,True,normal_low,,,,0.0,0.0,False,CPR_ONLY
8208,33973.67534722222,13189.215277777776,0.36,0.273869,0.273102,0.042462,1.0,1.0,True,normal_low,,,,0.0,0.0,False,CPR_ONLY
8209,38583.06518282989,12923.512718600956,0.78625,0.238147,0.223355,0.060042,1.0,1.0,True,normal_low,,,,0.0,0.0,False,CPR_ONLY
8233,18033.18421052632,12509.925837320574,0.653125,0.316077,0.304453,0.069873,1.0,1.0,True,normal_low,,,,0.0,0.0,False,CPR_ONLY
8236,16.22814982973796,13181.303064699205,1.10125,0.20549,0.201292,0.047322,0.152667,0.152667,True,normal_low,,,,0.0,0.0,False,CPR_ONLY
8247,17062.848164627358,12408.383759733042,1.12375,0.360028,0.349264,0.079817,1.0,1.0,True,normal_low,,,,0.0,0.0,False,CPR_ONLY
8249,25331.93021346469,12951.977832512312,0.76125,0.257516,0.251274,0.044166,1.0,1.0,True,normal_low,,,,0.0,0.0,False,CPR_ONLY
8266,-10092.039440203567,13030.016539440205,0.245625,,,,0.0,0.0,False,no_data,0.073065,0.072341,0.010161,1.0,1.0,True,S1_ONLY
8268,-6665.801382279635,12691.83242692046,2.758125,,,,0.0,0.0,False,no_data,0.053878,0.051001,0.013223,0.88058,0.88058,True,S1_ONLY
8298,-3547.375,12748.861013986016,0.715,,,,0.0,0.0,False,no_data,0.056587,0.055394,0.008252,0.413462,0.413462,True,S1_ONLY
8305,-9878.333333333328,12724.5,0.1875,,,,0.0,0.0,False,no_data,0.086319,0.084841,0.012844,1.0,1.0,True,S1_ONLY
8312,18622.585846867754,12927.385150812064,0.53875,0.2626,0.257235,0.04877,1.0,1.0,True,normal_low,,,,0.0,0.0,False,CPR_ONLY
8315,39273.18951612903,12589.209677419356,0.155,0.214596,0.214351,0.0253,1.0,1.0,True,normal_low,,,,0.0,0.0,False,CPR_ONLY
8381,22118.55107973421,12607.777823920267,1.505,0.256944,0.256197,0.045324,1.0,1.0,True,normal_low,,,,0.0,0.0,False,CPR_ONLY
8384,-31443.69852941177,12448.294117647063,0.085,,,,0.0,0.0,False,no_data,0.316816,0.206833,0.2416,1.0,1.0,True,S1_ONLY
8408,22885.6641221374,12440.576335877864,0.16375,0.274191,0.266347,0.047874,1.0,1.0,True,normal_low,,,,0.0,0.0,False,CPR_ONLY
8415,-5318.983146067418,12306.45505617978,0.278125,,,,0.0,0.0,False,no_data,0.047883,0.046025,0.009356,1.0,1.0,True,S1_ONLY
8420,16233.27403846154,12313.24038461539,0.13,0.362676,0.351517,0.073257,1.0,1.0,True,normal_low,,,,0.0,0.0,False,CPR_ONLY
8422,24629.033542976933,12472.171907756812,0.59625,0.300979,0.292836,0.05534,1.0,1.0,True,normal_low,,,,0.0,0.0,False,CPR_ONLY
8458,-10425.237631184404,12403.311094452773,0.416875,,,,0.0,0.0,False,no_data,0.075933,0.074832,0.00953,1.0,1.0,True,S1_ONLY
8470,-8353.373563218389,11685.442528735635,0.54375,,,,0.0,0.0,False,no_data,0.060016,0.058809,0.009552,1.0,1.0,True,S1_ONLY
8475,39000.88888888889,12179.666666666672,0.1575,0.188611,0.189185,0.019779,1.0,1.0,True,normal_low,,,,0.0,0.0,False,CPR_ONLY
8482,25110.71134020618,12302.948453608244,0.12125,0.279595,0.263961,0.054284,1.0,1.0,True,normal_low,,,,0.0,0.0,False,CPR_ONLY
8486,-23291.989361702126,12052.627659574464,0.088125,,,,0.0,0.0,False,no_data,0.069662,0.063861,0.012796,1.0,1.0,True,S1_ONLY
8499,-8403.333827893177,12528.037091988132,1.053125,,,,0.0,0.0,False,no_data,0.067458,0.066553,0.012512,1.0,1.0,True,S1_ONLY
8503,-11779.305620608897,12554.071428571428,0.800625,,,,0.0,0.0,False,no_data,0.137865,0.127298,0.053193,1.0,1.0,True,S1_ONLY
8508,14655.5294117647,12015.5,0.10625,0.360501,0.345191,0.0767,1.0,1.0,True,normal_low,,,,0.0,0.0,False,CPR_ONLY
8525,25561.548192771093,12153.19410977242,0.93375,0.332144,0.296381,0.111607,1.0,1.0,True,normal_low,,,,0.0,0.0,False,CPR_ONLY
8528,39327.47029702971,12125.5,0.12625,0.187336,0.186294,0.031845,1.0,1.0,True,normal_low,,,,0.0,0.0,False,CPR_ONLY
8582,-10947.428571428572,11967.75,0.4375,,,,0.0,0.0,False,no_data,0.078949,0.078186,0.012448,1.0,1.0,True,S1_ONLY
8592,20913.89655172413,12023.043103448275,0.725,0.206063,0.202622,0.033097,1.0,1.0,True,normal_low,,,,0.0,0.0,False,CPR_ONLY
8600,-4523.981481481482,11578.518518518518,1.6875,,,,0.0,0.0,False,no_data,0.068036,0.065281,0.018292,1.0,1.0,True,S1_ONLY
8608,-19219.62337662337,12317.155844155845,0.48125,,,,0.0,0.0,False,no_data,0.046491,0.043788,0.011427,1.0,1.0,True,S1_ONLY
8624,38768.08037578288,11937.45198329854,0.299375,0.186966,0.18585,0.02462,1.0,1.0,True,normal_low,,,,0.0,0.0,False,CPR_ONLY
8631,12727.418632075469,12056.39622641509,0.53,0.32416,0.321278,0.075189,1.0,1.0,True,normal_low,0.045472,0.041304,0.013479,0.365566,0.365566,True,BOTH
8639,17530.431458699466,11756.25571177504,0.355625,0.410929,0.394974,0.111667,1.0,1.0,True,normal_low,,,,0.0,0.0,False,CPR_ONLY
8648,20401.95098039216,11904.503267973858,0.19125,0.185133,0.180633,0.034831,1.0,1.0,True,normal_low,,,,0.0,0.0,False,CPR_ONLY
8664,18671.385094600824,11697.235117674209,1.354375,0.264316,0.250887,0.07034,1.0,1.0,True,normal_low,,,,0.0,0.0,False,CPR_ONLY
8702,33191.21686746988,11442.216867469884,0.10375,0.290948,0.286542,0.053662,1.0,1.0,True,normal_low,,,,0.0,0.0,False,CPR_ONLY
8707,40479.66270337922,11838.250312891112,0.99875,0.217909,0.21431,0.053501,1.0,1.0,True,normal_low,,,,0.0,0.0,False,CPR_ONLY
8714,35552.901360544216,11812.74489795918,0.091875,0.180796,0.181738,0.019856,1.0,1.0,True,normal_low,,,,0.0,0.0,False,CPR_ONLY
8754,16997.800970873788,11650.2572815534,0.321875,0.383868,0.36001,0.095183,1.0,1.0,True,normal_low,,,,0.0,0.0,False,CPR_ONLY
8771,14156.635416666664,11465.604166666672,0.3,0.362165,0.353913,0.088498,1.0,1.0,True,normal_low,0.053145,0.051634,0.010973,0.825,0.825,True,BOTH
8797,41074.08506224067,11383.798755186726,0.150625,0.226214,0.198332,0.072299,1.0,1.0,True,normal_low,,,,0.0,0.0,False,CPR_ONLY
8804,-20488.95238095238,11451.928571428572,0.13125,,,,0.0,0.0,False,no_data,0.042417,0.041243,0.005096,1.0,1.0,True,S1_ONLY
8822,15510.343373493984,11511.192771084336,0.10375,0.470059,0.463788,0.082587,1.0,1.0,True,normal_low,,,,0.0,0.0,False,CPR_ONLY
8826,-41806.77530364373,11371.653846153844,0.154375,0.138939,0.135408,0.021277,1.0,1.0,True,normal_low,0.040974,0.03872,0.004023,0.060729,0.060729,False,CPR_ONLY
8842,21372.588235294126,11408.147058823532,0.10625,0.252009,0.251001,0.032555,1.0,1.0,True,normal_low,,,,0.0,0.0,False,CPR_ONLY
8871,24892.703125,11361.0859375,0.4,0.304527,0.298139,0.073312,1.0,1.0,True,normal_low,,,,0.0,0.0,False,CPR_ONLY
8904,-1469.194690265489,11301.219026548672,0.2825,,,,0.0,0.0,False,no_data,0.072236,0.070059,0.01879,1.0,1.0,True,S1_ONLY
8906,12963.808681672024,11339.48713826367,0.194375,0.38802,0.36762,0.113511,1.0,1.0,True,normal_low,0.05024,0.048709,0.012819,1.0,1.0,True,BOTH
8908,18030.297101449272,11123.416666666672,0.345,0.345415,0.351304,0.079459,1.0,1.0,True,normal_low,,,,0.0,0.0,False,CPR_ONLY
8929,5144.817337461303,10898.700464396286,0.8075,,,,0.0,0.0,False,no_data,0.049795,0.048901,0.010126,0.809598,0.809598,True,S1_ONLY
8933,21052.00984251968,11038.688976377956,0.3175,0.214576,0.212892,0.034545,1.0,1.0,True,normal_low,,,,0.0,0.0,False,CPR_ONLY
8941,-8025.089266155534,11065.532858707556,0.570625,,,,0.0,0.0,False,no_data,0.07695,0.071385,0.020154,1.0,1.0,True,S1_ONLY
8945,38964.009803921566,11120.69607843137,0.159375,0.204054,0.197968,0.041911,1.0,1.0,True,normal_low,,,,0.0,0.0,False,CPR_ONLY
8961,19862.994257762657,11708.549766056996,1.469375,0.222346,0.217988,0.04122,1.0,1.0,True,normal_low,,,,0.0,0.0,False,CPR_ONLY
8971,18910.70414673046,11039.21610845295,0.391875,0.221172,0.214588,0.053261,1.0,1.0,True,normal_low,,,,0.0,0.0,False,CPR_ONLY
8972,19664.45243757432,10868.098097502974,0.525625,0.214018,0.210758,0.037354,1.0,1.0,True,normal_low,,,,0.0,0.0,False,CPR_ONLY
8991,-10222.336734693876,11132.744897959186,0.30625,,,,0.0,0.0,False,no_data,0.065632,0.064345,0.010232,1.0,1.0,True,S1_ONLY
8995,27264.75862068965,11008.948275862072,0.18125,0.179951,0.176508,0.022106,1.0,1.0,True,normal_low,,,,0.0,0.0,False,CPR_ONLY
9004,-20397.65719063545,11015.55016722408,0.186875,,,,0.0,0.0,False,no_data,0.044234,0.043859,0.005145,1.0,1.0,True,S1_ONLY
9014,22976.46428571429,11026.392857142857,0.0875,0.257674,0.234728,0.075744,1.0,1.0,True,normal_low,,,,0.0,0.0,False,CPR_ONLY
9018,-23027.4,11055.700000000004,0.3125,,,,0.0,0.0,False,no_data,0.048539,0.046441,0.013318,1.0,1.0,True,S1_ONLY
9035,21666.04740608229,10971.609123434704,0.349375,0.210692,0.205521,0.038458,1.0,1.0,True,normal_low,,,,0.0,0.0,False,CPR_ONLY
9036,21839.22531293462,11514.877607788592,0.89875,0.242654,0.233746,0.047142,1.0,1.0,True,normal_low,,,,0.0,0.0,False,CPR_ONLY
9053,42814.30099502487,11031.967661691546,0.125625,0.158997,0.15606,0.024621,1.0,1.0,True,normal_low,,,,0.0,0.0,False,CPR_ONLY
9064,30623.37387387388,10721.108108108108,0.13875,0.198098,0.193965,0.023018,1.0,1.0,True,normal_low,,,,0.0,0.0,False,CPR_ONLY
9067,-42560.694562899786,11115.758528784643,1.1725,0.212618,0.18457,0.092866,1.0,1.0,True,normal_low,0.04584,0.048203,0.002728,0.003731,0.003731,False,CPR_ONLY
9108,-6835.629310344826,10846.728448275862,0.145,,,,0.0,0.0,False,no_data,0.065923,0.066329,0.009914,1.0,1.0,True,S1_ONLY
9112,24478.731770833343,10880.643229166672,0.72,0.274971,0.27102,0.062149,1.0,1.0,True,normal_low,,,,0.0,0.0,False,CPR_ONLY
9130,3506.3121693121648,10640.513227513227,0.23625,,,,0.0,0.0,False,no_data,0.049852,0.046649,0.010988,1.0,1.0,True,S1_ONLY
9134,38616.05550262029,10987.505717008098,1.311875,0.181673,0.176363,0.047159,1.0,1.0,True,normal_low,,,,0.0,0.0,False,CPR_ONLY
9135,43532.47101449275,10689.992753623184,0.08625,0.187855,0.176542,0.049456,1.0,1.0,True,normal_low,,,,0.0,0.0,False,CPR_ONLY
9145,-3156.692129629628,10863.347222222226,0.27,,,,0.0,0.0,False,no_data,0.094822,0.090929,0.021423,1.0,1.0,True,S1_ONLY
9148,17288.760780287477,10708.898357289523,1.521875,0.420642,0.404798,0.101697,1.0,1.0,True,normal_low,0.040381,0.038048,0.01461,0.621355,0.621355,True,BOTH
9150,25090.0612244898,10720.90816326531,0.1225,0.239473,0.231219,0.047071,1.0,1.0,True,normal_low,,,,0.0,0.0,False,CPR_ONLY
9153,-43399.41304347826,10776.092885375496,0.158125,0.307509,0.290507,0.119584,1.0,1.0,True,normal_low,,,,0.0,0.0,False,CPR_ONLY
9162,26946.36274509804,10808.147058823532,0.159375,0.201666,0.195662,0.0335,1.0,1.0,True,normal_low,,,,0.0,0.0,False,CPR_ONLY
9174,20267.02577319587,10695.345360824744,0.12125,0.248465,0.25231,0.045385,1.0,1.0,True,normal_low,,,,0.0,0.0,False,CPR_ONLY
9221,18487.849691021445,10043.756997455472,1.719375,0.28683,0.27254,0.081264,1.0,1.0,True,normal_low,0.027146,0.025605,0.006627,0.810978,0.810978,True,BOTH
9224,27679.3875432526,10745.828719723184,0.36125,0.222004,0.224022,0.044046,1.0,1.0,True,normal_low,,,,0.0,0.0,False,CPR_ONLY
9227,-42319.95337620579,10304.31832797428,1.16625,0.292435,0.277305,0.103164,1.0,1.0,True,normal_low,0.00752,0.007345,0.000897,0.079314,0.079314,False,CPR_ONLY
9247,18282.833333333336,10629.083333333336,0.1875,0.257553,0.248151,0.05519,1.0,1.0,True,normal_low,0.029448,0.030161,0.00505,0.38,0.38,True,BOTH
9250,-41079.33747178329,10361.335214446954,0.276875,0.231849,0.215036,0.094841,1.0,1.0,True,normal_low,,,,0.0,0.0,False,CPR_ONLY
9279,3056.513060760932,10130.539750141965,1.100625,,,,0.0,0.0,False,no_data,0.051171,0.049042,0.01191,0.993754,0.993754,True,S1_ONLY
9280,20514.91095890412,10229.364970645796,0.319375,0.239504,0.23566,0.060949,1.0,1.0,True,normal_low,0.024257,0.023318,0.004033,0.154599,0.154599,True,BOTH
9300,28449.95871559633,10348.8371559633,0.545,0.201974,0.184058,0.062757,1.0,1.0,True,normal_low,,,,0.0,0.0,False,CPR_ONLY
9306,29326.34108527132,10393.232558139534,0.16125,0.230462,0.22582,0.030767,1.0,1.0,True,normal_low,,,,0.0,0.0,False,CPR_ONLY
9326,36392.40935672514,10423.087719298244,0.21375,0.176557,0.171198,0.028462,1.0,1.0,True,normal_low,,,,0.0,0.0,False,CPR_ONLY
9350,-32405.35347985348,10160.206959706964,0.170625,,,,0.0,0.0,False,no_data,0.054142,0.052569,0.008861,1.0,1.0,True,S1_ONLY
9358,-31270.465277777777,10397.375,0.09,,,,0.0,0.0,False,no_data,0.071989,0.067572,0.013802,1.0,1.0,True,S1_ONLY
9375,19827.56224899598,10276.202811244975,0.31125,0.241213,0.239333,0.051162,1.0,1.0,True,normal_low,0.032464,0.029978,0.009337,0.323293,0.323293,True,BOTH
9378,31217.087476979752,10320.15930018416,0.339375,0.228331,0.221368,0.054885,1.0,1.0,True,normal_low,,,,0.0,0.0,False,CPR_ONLY
9433,-40985.52865329513,9998.136103151868,0.218125,0.286473,0.275777,0.079156,1.0,1.0,True,normal_low,,,,0.0,0.0,False,CPR_ONLY
9441,30184.26049868765,9585.063648293966,0.9525,0.264802,0.253837,0.050124,1.0,1.0,True,normal_low,,,,0.0,0.0,False,CPR_ONLY
9453,27696.41176470589,10106.08823529412,0.2125,0.264496,0.263461,0.047113,1.0,1.0,True,normal_low,,,,0.0,0.0,False,CPR_ONLY
9467,36047.3426395939,10034.383248730965,0.123125,0.182241,0.16963,0.054232,1.0,1.0,True,normal_low,,,,0.0,0.0,False,CPR_ONLY
9481,25353.26406353408,10136.858371939115,1.88875,0.223792,0.218071,0.082256,1.0,1.0,True,normal_low,,,,0.0,0.0,False,CPR_ONLY
9492,25837.503502626976,9750.718914185636,0.356875,0.199974,0.193197,0.054231,1.0,1.0,True,normal_low,,,,0.0,0.0,False,CPR_ONLY
9495,-42465.56849315069,9752.554794520547,0.136875,0.28147,0.259889,0.091372,1.0,1.0,True,normal_low,0.007596,0.007342,0.001281,0.552511,0.552511,True,BOTH
9509,-10838.953389830507,10083.529661016952,0.7375,,,,0.0,0.0,False,no_data,0.06396,0.062744,0.011134,1.0,1.0,True,S1_ONLY
9545,20072.45221843003,9778.315699658706,0.183125,0.27004,0.265778,0.049458,1.0,1.0,True,normal_low,0.02258,0.022035,0.003555,1.0,1.0,True,BOTH
9600,29365.175080128203,9461.788060897436,1.56,0.229502,0.22695,0.047132,1.0,1.0,True,normal_low,,,,0.0,0.0,False,CPR_ONLY
9611,22644.671339563865,9594.606957424716,0.601875,0.276531,0.269624,0.057134,1.0,1.0,True,normal_low,,,,0.0,0.0,False,CPR_ONLY
9639,37067.80402434901,9038.021136286778,1.848125,0.206031,0.197743,0.046389,1.0,1.0,True,normal_low,,,,0.0,0.0,False,CPR_ONLY
9661,-14066.181306306304,9608.917792792796,0.555,,,,0.0,0.0,False,no_data,0.04905,0.047104,0.010105,1.0,1.0,True,S1_ONLY
9682,24154.41394927536,9864.83423913044,1.38,0.26059,0.254631,0.061185,1.0,1.0,True,normal_low,,,,0.0,0.0,False,CPR_ONLY
9703,-8030.270491803276,9043.614754098358,0.953125,,,,0.0,0.0,False,no_data,0.078401,0.071947,0.025816,1.0,1.0,True,S1_ONLY
9708,36019.099109131406,9546.96436525612,0.56125,0.160484,0.155397,0.026602,1.0,1.0,True,normal_low,,,,0.0,0.0,False,CPR_ONLY
9710,42163.7972536349,9674.086429725365,0.77375,0.141573,0.135633,0.029262,1.0,1.0,True,normal_low,,,,0.0,0.0,False,CPR_ONLY
9714,-16611.4375,9661.495370370372,0.27,,,,0.0,0.0,False,no_data,0.034766,0.034276,0.006133,1.0,1.0,True,S1_ONLY
9718,19014.24820143885,9548.07194244604,0.17375,0.243421,0.23485,0.055128,1.0,1.0,True,normal_low,0.026342,0.02566,0.002969,1.0,1.0,True,BOTH
9719,27503.618616144973,9655.07166392092,0.379375,0.244918,0.240144,0.055036,1.0,1.0,True,normal_low,,,,0.0,0.0,False,CPR_ONLY
9720,28157.25109170306,9656.613537117904,0.143125,0.24346,0.258017,0.079015,1.0,1.0,True,normal_low,,,,0.0,0.0,False,CPR_ONLY
9725,-8801.75292740047,9970.019906323185,1.334375,,,,0.0,0.0,False,no_data,0.051478,0.046065,0.015696,1.0,1.0,True,S1_ONLY
9736,32270.51018675721,9535.474533106955,0.368125,0.259429,0.254883,0.061386,1.0,1.0,True,normal_low,,,,0.0,0.0,False,CPR_ONLY
9737,37711.24568965517,9401.46982758621,0.145,0.234672,0.231388,0.039726,1.0,1.0,True,normal_low,,,,0.0,0.0,False,CPR_ONLY
9772,-2379.742424242424,9375.196969696968,0.103125,,,,0.0,0.0,False,no_data,0.107911,0.082121,0.064273,1.0,1.0,True,S1_ONLY
9782,-14999.590909090912,9152.659090909088,0.1375,,,,0.0,0.0,False,no_data,0.050624,0.049602,0.011904,1.0,1.0,True,S1_ONLY
9807,-33856.33067092652,9099.940894568696,0.195625,0.29672,0.286734,0.068772,1.0,1.0,True,normal_low,0.055947,0.054927,0.00791,1.0,1.0,True,BOTH
9809,-5014.43709327549,9378.26572668113,0.288125,,,,0.0,0.0,False,no_data,0.077199,0.075909,0.015648,1.0,1.0,True,S1_ONLY
9837,27832.149513212804,9126.125869262862,0.449375,0.229932,0.22582,0.04351,1.0,1.0,True,normal_low,,,,0.0,0.0,False,CPR_ONLY
9885,37418.98356807513,8985.476525821592,0.26625,0.216603,0.209552,0.034131,1.0,1.0,True,normal_low,,,,0.0,0.0,False,CPR_ONLY
9897,37928.6474654378,9092.66589861751,0.135625,0.210987,0.206658,0.029395,1.0,1.0,True,normal_low,,,,0.0,0.0,False,CPR_ONLY
9920,23717.89005235601,8856.826352530537,0.71625,0.231477,0.225846,0.051913,1.0,1.0,True,normal_low,,,,0.0,0.0,False,CPR_ONLY
9941,-10275.119565217392,9523.543478260872,1.15,,,,0.0,0.0,False,no_data,0.048256,0.046694,0.009949,1.0,1.0,True,S1_ONLY
9992,-9029.236089030208,8662.701907790142,0.393125,,,,0.0,0.0,False,no_data,0.085727,0.074571,0.032911,1.0,1.0,True,S1_ONLY
9997,18780.674089068823,9160.874493927127,0.6175,0.269493,0.25937,0.059044,1.0,1.0,True,normal_low,0.026646,0.026326,0.003577,1.0,1.0,True,BOTH
9999,20859.39077669903,8842.126213592237,0.2575,0.238723,0.239126,0.035409,1.0,1.0,True,normal_low,0.021838,0.02135,0.002736,0.143204,0.143204,True,BOTH
10003,39959.24304068522,8636.233404710918,0.58375,0.142593,0.138984,0.021811,1.0,1.0,True,normal_low,,,,0.0,0.0,False,CPR_ONLY
10057,20396.88893219018,9184.13211223694,0.801875,0.244193,0.236039,0.055462,1.0,1.0,True,normal_low,0.021926,0.02107,0.004837,0.82463,0.82463,True,BOTH
10065,-30593.18292682927,8671.719512195123,0.128125,,,,0.0,0.0,False,no_data,0.073429,0.073461,0.008533,1.0,1.0,True,S1_ONLY
10074,-33661.13636363637,8562.409090909088,0.171875,0.250521,0.246126,0.04582,1.0,1.0,True,normal_low,0.043929,0.043063,0.005379,1.0,1.0,True,BOTH
10090,26021.59595959596,8598.164141414141,0.2475,0.218478,0.205416,0.056631,1.0,1.0,True,normal_low,,,,0.0,0.0,False,CPR_ONLY
10091,29325.1329113924,8625.0253164557,0.09875,0.296027,0.298338,0.058096,1.0,1.0,True,normal_low,,,,0.0,0.0,False,CPR_ONLY
10101,25132.9745762712,8587.505649717517,0.22125,0.274812,0.256754,0.069486,1.0,1.0,True,normal_low,,,,0.0,0.0,False,CPR_ONLY
10103,-42445.51488095238,8701.020833333328,0.21,0.31676,0.3038,0.073261,1.0,1.0,True,normal_low,0.020305,0.018056,0.006798,1.0,1.0,True,BOTH
10112,25559.41902834008,8478.435222672066,0.154375,0.238326,0.221601,0.062849,1.0,1.0,True,normal_low,,,,0.0,0.0,False,CPR_ONLY
10151,4475.2843137254895,8333.539215686273,0.159375,,,,0.0,0.0,False,no_data,0.056992,0.056686,0.009222,1.0,1.0,True,S1_ONLY
10155,-41673.48206278027,8565.522421524664,0.139375,0.48159,0.442699,0.159601,1.0,1.0,True,normal_low,0.018068,0.016052,0.006055,1.0,1.0,True,BOTH
10169,20442.83333333333,8407.166666666664,0.09375,0.204955,0.198827,0.037597,1.0,1.0,True,normal_low,0.020373,0.019942,0.001797,0.6,0.6,True,BOTH
10189,-42081.07142857143,8386.5,0.109375,0.571685,0.56183,0.144793,1.0,1.0,True,typical,0.018099,0.017141,0.003587,1.0,1.0,True,BOTH
10234,-19072.003637833463,8546.8116410671,1.54625,,,,0.0,0.0,False,no_data,0.038314,0.037699,0.005273,1.0,1.0,True,S1_ONLY
10240,39850.310473815465,8054.053615960103,0.250625,0.170995,0.168599,0.028938,1.0,1.0,True,normal_low,,,,0.0,0.0,False,CPR_ONLY
10250,-41363.95852895149,8397.526604068858,0.399375,0.387183,0.354344,0.172386,1.0,1.0,True,normal_low,0.0228,0.020012,0.011164,1.0,1.0,True,BOTH
10264,35762.0,8434.466244725743,0.29625,0.317571,0.253459,0.134888,1.0,1.0,True,normal_low,,,,0.0,0.0,False,CPR_ONLY
10385,31987.378787878784,7993.227272727272,0.103125,0.261765,0.264568,0.044804,1.0,1.0,True,normal_low,,,,0.0,0.0,False,CPR_ONLY
10386,33464.09330143541,8012.342105263153,0.130625,0.21339,0.204913,0.033759,1.0,1.0,True,normal_low,,,,0.0,0.0,False,CPR_ONLY
10387,39275.58695652174,7904.485507246376,0.08625,0.155624,0.155885,0.022602,1.0,1.0,True,normal_low,,,,0.0,0.0,False,CPR_ONLY
10415,-18362.984433374844,7827.352428393526,1.00375,,,,0.0,0.0,False,no_data,0.046349,0.042786,0.012205,1.0,1.0,True,S1_ONLY
10444,-19165.389196675897,7586.303324099717,0.225625,,,,0.0,0.0,False,no_data,0.050693,0.049215,0.008213,1.0,1.0,True,S1_ONLY
10501,25280.478898007044,7412.106096131298,0.533125,0.257538,0.228267,0.093743,1.0,1.0,True,normal_low,,,,0.0,0.0,False,CPR_ONLY
10503,32996.285225718195,7702.312585499319,0.456875,0.193826,0.178901,0.05502,1.0,1.0,True,normal_low,,,,0.0,0.0,False,CPR_ONLY
10515,25629.89137380192,7814.397763578272,0.39125,0.208784,0.201413,0.046923,1.0,1.0,True,normal_low,,,,0.0,0.0,False,CPR_ONLY
10657,-7972.712065813524,6969.42138939671,0.341875,,,,0.0,0.0,False,no_data,0.062345,0.060321,0.011258,1.0,1.0,True,S1_ONLY
10704,25286.654696132595,6904.919889502766,0.113125,0.251894,0.233638,0.05222,1.0,1.0,True,normal_low,,,,0.0,0.0,False,CPR_ONLY
10718,-44315.69721577726,6758.098607888634,0.269375,0.351336,0.310391,0.135239,1.0,1.0,True,normal_low,0.030957,0.029168,0.008345,1.0,1.0,True,BOTH
10753,19242.900447427288,7314.314317673379,0.55875,,,,0.0,0.0,False,no_data,0.025728,0.026368,0.00431,1.0,1.0,True,S1_ONLY
10761,-34628.480769230766,6966.653846153844,0.1625,0.222473,0.223286,0.028491,1.0,1.0,True,normal_low,0.037529,0.046029,0.020807,1.0,1.0,True,BOTH
10771,43738.68439716313,7187.970449172579,0.264375,0.147675,0.146961,0.019591,1.0,1.0,True,normal_low,,,,0.0,0.0,False,CPR_ONLY
10790,43503.66666666666,6918.9895833333285,0.12,0.157247,0.152993,0.023267,1.0,1.0,True,normal_low,,,,0.0,0.0,False,CPR_ONLY
10803,33238.61068281939,6418.313876651984,1.135,0.159382,0.152882,0.033896,1.0,1.0,True,normal_low,,,,0.0,0.0,False,CPR_ONLY
10806,-25301.01159618008,6690.745566166443,0.458125,,,,0.0,0.0,False,no_data,0.059184,0.054905,0.018787,0.963165,0.963165,True,S1_ONLY
10854,36614.884615384624,6922.807692307695,0.08125,0.117712,0.113939,0.016527,1.0,1.0,True,normal_low,,,,0.0,0.0,False,CPR_ONLY
10934,32244.8213995118,6662.176159479255,0.768125,0.183267,0.174381,0.042336,1.0,1.0,True,normal_low,,,,0.0,0.0,False,CPR_ONLY
10986,26303.52298850575,6604.714559386972,0.163125,0.190622,0.17702,0.045898,1.0,1.0,True,normal_low,,,,0.0,0.0,False,CPR_ONLY
10987,33684.57462686568,6379.604477611938,0.125625,0.161722,0.163341,0.022442,1.0,1.0,True,normal_low,,,,0.0,0.0,False,CPR_ONLY
11002,-24040.59983361065,6500.832778702163,0.375625,,,,0.0,0.0,False,no_data,0.035703,0.033798,0.011235,0.718802,0.718802,True,S1_ONLY
11008,39604.75914634146,6295.850609756097,0.205,0.195876,0.186032,0.04672,1.0,1.0,True,normal_low,,,,0.0,0.0,False,CPR_ONLY
11029,31091.330294530155,6217.154978962135,0.445625,0.168214,0.165559,0.027261,1.0,1.0,True,normal_low,,,,0.0,0.0,False,CPR_ONLY
11054,37965.467741935485,6221.629032258061,0.096875,0.206813,0.193712,0.06181,1.0,1.0,True,normal_low,,,,0.0,0.0,False,CPR_ONLY
11060,33938.49613899614,6161.310810810814,0.32375,0.18067,0.167555,0.043725,1.0,1.0,True,normal_low,,,,0.0,0.0,False,CPR_ONLY
11074,28487.41913214989,6550.105522682447,0.63375,0.206637,0.19959,0.049924,1.0,1.0,True,normal_low,,,,0.0,0.0,False,CPR_ONLY
11084,40050.11728395062,6217.01234567901,0.10125,0.187327,0.175556,0.031713,1.0,1.0,True,normal_low,,,,0.0,0.0,False,CPR_ONLY
11101,31881.25,5940.0625,0.25,0.181922,0.181319,0.027927,1.0,1.0,True,normal_low,,,,0.0,0.0,False,CPR_ONLY
11110,26518.833816075305,5896.734612599568,0.863125,0.191528,0.190082,0.042099,0.233888,0.233888,True,normal_low,,,,0.0,0.0,False,CPR_ONLY
11112,41162.0,5896.956086286591,0.81125,0.204671,0.194459,0.050622,1.0,1.0,True,normal_low,,,,0.0,0.0,False,CPR_ONLY
11147,-30059.162790697672,6035.965116279069,0.26875,,,,0.0,0.0,False,no_data,0.182329,0.176395,0.075678,1.0,1.0,True,S1_ONLY
11159,39691.94186046512,6054.375968992244,0.080625,0.257482,0.242292,0.076757,1.0,1.0,True,normal_low,,,,0.0,0.0,False,CPR_ONLY
11257,30707.73970037453,5558.037453183526,0.33375,0.168208,0.1694,0.040532,1.0,1.0,True,normal_low,,,,0.0,0.0,False,CPR_ONLY
11258,31365.28711985689,5869.730769230766,0.349375,0.17248,0.162358,0.038985,1.0,1.0,True,normal_low,,,,0.0,0.0,False,CPR_ONLY
11270,35671.5556745182,5899.108137044968,0.291875,0.168125,0.164981,0.043308,1.0,1.0,True,normal_low,,,,0.0,0.0,False,CPR_ONLY
11301,39176.81060606061,5778.265151515152,0.4125,0.221285,0.194047,0.089386,1.0,1.0,True,normal_low,,,,0.0,0.0,False,CPR_ONLY
11306,-20468.23255813953,5453.625,0.215,,,,0.0,0.0,False,no_data,0.025086,0.029185,0.011965,1.0,1.0,True,S1_ONLY
11321,34030.67647058822,5594.691176470587,0.2125,0.196795,0.197091,0.031687,1.0,1.0,True,normal_low,,,,0.0,0.0,False,CPR_ONLY
11333,42657.29569892473,5479.71146953405,0.174375,0.245442,0.239165,0.055335,1.0,1.0,True,normal_low,,,,0.0,0.0,False,CPR_ONLY
11352,-20051.28125,5506.870192307688,0.26,,,,0.0,0.0,False,no_data,0.009207,0.001763,0.012002,1.0,1.0,True,S1_ONLY
11381,27713.3671875,5798.884232954544,0.88,0.200094,0.199208,0.048742,0.489347,0.489347,True,normal_low,,,,0.0,0.0,False,CPR_ONLY
11438,28786.377123442813,5405.936013590035,1.10375,0.17586,0.168142,0.045587,0.281427,0.281427,True,normal_low,,,,0.0,0.0,False,CPR_ONLY
11460,39078.14516129032,5288.080645161288,0.484375,0.196082,0.187739,0.045379,1.0,1.0,True,normal_low,,,,0.0,0.0,False,CPR_ONLY
11559,26077.959119496853,4220.363731656187,1.78875,,,,0.0,0.0,False,no_data,0.055905,0.053481,0.012392,0.20615,0.20615,True,S1_ONLY
11634,-4378.313653136531,4484.771217712179,0.33875,,,,0.0,0.0,False,no_data,0.046239,0.044802,0.007827,1.0,1.0,True,S1_ONLY
11661,39721.00383141762,4801.649425287353,0.32625,0.183548,0.173291,0.050893,1.0,1.0,True,normal_low,,,,0.0,0.0,False,CPR_ONLY
11778,-42807.27290836653,4248.408366533862,0.156875,0.231879,0.227518,0.037053,1.0,1.0,True,normal_low,0.03124,0.030012,0.005631,1.0,1.0,True,BOTH
11833,41171.79381443298,4216.737113402065,0.12125,0.197714,0.185203,0.061375,1.0,1.0,True,normal_low,,,,0.0,0.0,False,CPR_ONLY
11869,25596.03196622437,3917.538600723769,0.518125,,,,0.0,0.0,False,no_data,0.042014,0.040426,0.006174,0.310012,0.310012,True,S1_ONLY
11881,42394.35049833887,3761.131229235878,0.188125,0.227209,0.221936,0.045925,1.0,1.0,True,normal_low,0.032672,0.032289,0.001584,0.066445,0.066445,False,CPR_ONLY
11898,31241.050925925927,4023.2430555555534,0.27,0.170892,0.163062,0.045713,1.0,1.0,True,normal_low,,,,0.0,0.0,False,CPR_ONLY
11927,-43723.11513157895,3825.74671052632,0.19,0.244625,0.21631,0.083113,1.0,1.0,True,normal_low,0.03384,0.033692,0.00826,1.0,1.0,True,BOTH
11939,36877.51078490114,3413.366986219291,1.043125,0.258816,0.206419,0.154698,0.324745,0.324745,True,normal_low,,,,0.0,0.0,False,CPR_ONLY
11943,-30271.53658536585,3791.658536585368,0.1025,,,,0.0,0.0,False,no_data,0.070667,0.061834,0.0238,1.0,1.0,True,S1_ONLY
11955,-4497.22330097088,3783.873786407763,0.12875,,,,0.0,0.0,False,no_data,0.043232,0.040806,0.00876,1.0,1.0,True,S1_ONLY
11964,4871.0246636771335,3570.7354260089705,0.27875,,,,0.0,0.0,False,no_data,0.050266,0.046501,0.013272,1.0,1.0,True,S1_ONLY
11972,33993.08638743455,3720.198952879582,0.23875,0.188632,0.18392,0.048167,1.0,1.0,True,normal_low,,,,0.0,0.0,False,CPR_ONLY
11994,26748.13309352517,3636.147482014392,0.434375,,,,0.0,0.0,False,no_data,0.048071,0.046152,0.006321,0.254676,0.254676,True,S1_ONLY
11996,39113.5503875969,3702.5348837209312,0.16125,0.187083,0.185264,0.024665,1.0,1.0,True,normal_low,,,,0.0,0.0,False,CPR_ONLY
12006,-15128.036231884056,3199.347167325432,0.474375,,,,0.0,0.0,False,no_data,0.007457,0.007358,0.00122,1.0,1.0,True,S1_ONLY
12012,27830.9261555806,3249.372604284108,0.554375,,,,0.0,0.0,False,no_data,0.05583,0.054755,0.011567,0.412627,0.412627,True,S1_ONLY
12013,30818.04575163398,3586.6928104575127,0.19125,0.257404,0.206643,0.151284,1.0,1.0,True,normal_low,,,,0.0,0.0,False,CPR_ONLY
12056,-41590.39726027397,3518.993150684932,0.1825,0.286275,0.261061,0.1277,1.0,1.0,True,normal_low,0.03291,0.033056,0.005793,1.0,1.0,True,BOTH
12057,-40929.44736842105,3547.3045112781983,0.083125,0.205429,0.201737,0.047393,1.0,1.0,True,normal_low,0.038095,0.03651,0.005622,1.0,1.0,True,BOTH
12091,38845.71875,3213.5625,0.5,0.252587,0.209561,0.12045,1.0,1.0,True,normal_low,,,,0.0,0.0,False,CPR_ONLY
12094,11763.007109004742,3261.4004739336524,0.131875,,,,0.0,0.0,False,no_data,0.166984,0.162995,0.018609,1.0,1.0,True,S1_ONLY
12130,28221.59158415842,3025.561881188114,0.2525,,,,0.0,0.0,False,no_data,0.047406,0.050079,0.008746,0.460396,0.460396,True,S1_ONLY
12139,39969.04106280193,2620.016908212565,1.29375,0.202492,0.171876,0.103167,1.0,1.0,True,normal_low,,,,0.0,0.0,False,CPR_ONLY
12157,28703.9921875,3029.867897727272,0.88,,,,0.0,0.0,False,no_data,0.053171,0.047691,0.019104,0.409091,0.409091,True,S1_ONLY
12164,39396.36311787073,3265.5190114068464,0.164375,0.208335,0.197109,0.058521,1.0,1.0,True,normal_low,,,,0.0,0.0,False,CPR_ONLY
12167,-15848.44661190965,3047.625256673513,0.304375,,,,0.0,0.0,False,no_data,0.015405,0.009492,0.013273,1.0,1.0,True,S1_ONLY
12191,40415.62903225806,3281.951612903227,0.155,0.163285,0.160613,0.02605,1.0,1.0,True,normal_low,,,,0.0,0.0,False,CPR_ONLY
12252,-4504.440568475453,2982.347545219636,0.241875,,,,0.0,0.0,False,no_data,0.041843,0.039371,0.010648,1.0,1.0,True,S1_ONLY
12264,30051.316443594653,2687.8190385140697,2.288125,0.172654,0.16868,0.063527,0.370117,0.370117,True,normal_low,0.044604,0.04232,0.01087,0.448784,0.448784,True,BOTH
12265,38664.611940298506,2732.340796019904,0.25125,0.186663,0.17764,0.047666,1.0,1.0,True,normal_low,,,,0.0,0.0,False,CPR_ONLY
12269,-4254.785714285717,2821.2142857142826,0.109375,,,,0.0,0.0,False,no_data,0.059682,0.055112,0.014579,1.0,1.0,True,S1_ONLY
12271,24035.46330275229,3364.490825688073,1.703125,,,,0.0,0.0,False,no_data,0.048974,0.047253,0.010709,1.0,1.0,True,S1_ONLY
12317,11622.025597269623,2911.2081911262794,0.36625,,,,0.0,0.0,False,no_data,0.424973,0.330106,0.285733,1.0,1.0,True,S1_ONLY
12321,25764.823691460057,2655.871900826445,0.45375,,,,0.0,0.0,False,no_data,0.042782,0.042205,0.005339,1.0,1.0,True,S1_ONLY
12422,32740.61328125,2300.59765625,0.16,0.121233,0.115102,0.029046,1.0,1.0,True,normal_low,,,,0.0,0.0,False,CPR_ONLY
12423,33148.80830039526,2305.5395256916963,0.158125,0.142674,0.13047,0.055068,1.0,1.0,True,normal_low,,,,0.0,0.0,False,CPR_ONLY
12448,-42119.13711001642,1915.319376026273,0.380625,0.277589,0.253307,0.091562,1.0,1.0,True,normal_low,0.029791,0.028743,0.006019,1.0,1.0,True,BOTH
12480,-15428.988372093025,1988.2076411960152,0.188125,,,,0.0,0.0,False,no_data,0.054813,0.017958,0.071879,1.0,1.0,True,S1_ONLY
12488,-12586.267790262173,2268.38389513109,0.166875,,,,0.0,0.0,False,no_data,0.014283,0.013444,0.006198,1.0,1.0,True,S1_ONLY
12499,-33420.38636363637,2194.439393939392,0.0825,0.290734,0.297546,0.047345,1.0,1.0,True,normal_low,0.058345,0.058005,0.007485,1.0,1.0,True,BOTH
12520,-29888.89285714286,1999.0714285714275,0.0875,,,,0.0,0.0,False,no_data,0.057215,0.054891,0.009066,1.0,1.0,True,S1_ONLY
12537,13362.543478260872,2023.4619565217365,0.115,,,,0.0,0.0,False,no_data,0.652791,0.675089,0.521214,1.0,1.0,True,S1_ONLY
12550,31378.26569037656,1835.12343096234,0.149375,0.162537,0.16111,0.032014,1.0,1.0,True,normal_low,0.056788,0.060061,0.012691,1.0,1.0,True,BOTH
12553,-43978.667115902965,1999.4218328841016,0.231875,0.240779,0.216664,0.078175,1.0,1.0,True,normal_low,0.050112,0.046644,0.014832,1.0,1.0,True,BOTH
12612,22858.41393442624,1692.9180327868817,0.1525,,,,0.0,0.0,False,no_data,0.040141,0.039115,0.006757,1.0,1.0,True,S1_ONLY
12620,43511.86363636363,1659.045454545456,0.171875,0.244787,0.243333,0.037198,1.0,1.0,True,normal_low,0.040914,0.036907,0.010576,1.0,1.0,True,BOTH
12643,-14133.12987012987,1697.0909090909045,0.09625,,,,0.0,0.0,False,no_data,0.018708,0.018809,0.003127,1.0,1.0,True,S1_ONLY
12669,31917.08555133079,1697.363117870722,0.6575,0.153818,0.14478,0.040295,1.0,1.0,True,normal_low,0.053047,0.050234,0.013838,0.958175,0.958175,True,BOTH
12671,-42793.07679180888,1295.3805460750882,0.183125,0.295036,0.285123,0.052067,1.0,1.0,True,normal_low,0.046442,0.044606,0.012643,1.0,1.0,True,BOTH
12681,24398.33928571429,1647.732142857145,0.525,,,,0.0,0.0,False,no_data,0.083146,0.070339,0.039688,1.0,1.0,True,S1_ONLY
12711,-14973.316593886462,1342.3221516474805,1.574375,,,,0.0,0.0,False,no_data,0.028105,0.022673,0.038945,1.0,1.0,True,S1_ONLY
12713,-44428.743512974055,1173.454091816362,0.313125,0.407721,0.360635,0.144803,1.0,1.0,True,normal_low,0.053454,0.053815,0.00639,1.0,1.0,True,BOTH
12727,-38060.23926380368,1024.503067484664,0.20375,0.24023,0.23302,0.041063,1.0,1.0,True,normal_low,0.036955,0.036966,0.004575,1.0,1.0,True,BOTH
12757,-43809.251393534,936.508918617612,0.560625,0.225232,0.212196,0.05856,1.0,1.0,True,normal_low,0.049295,0.044688,0.012768,1.0,1.0,True,BOTH
12758,-40467.0371809101,1688.6243063263028,1.12625,0.240711,0.227961,0.07474,1.0,1.0,True,normal_low,0.029602,0.028634,0.006194,1.0,1.0,True,BOTH
12790,42636.75490196078,1120.23039215686,0.1275,0.188671,0.186238,0.063886,1.0,1.0,True,normal_low,0.038452,0.037599,0.004606,1.0,1.0,True,BOTH
12802,-41755.875966268446,1277.7663387210123,0.889375,0.220589,0.217918,0.041039,1.0,1.0,True,normal_low,0.032943,0.031547,0.007,1.0,1.0,True,BOTH
12835,-41701.10109289618,470.6775956284182,1.14375,0.222182,0.216372,0.04714,1.0,1.0,True,normal_low,0.03815,0.035626,0.009517,1.0,1.0,True,BOTH
12843,29015.79052765417,983.6055308327996,0.983125,0.125877,0.117758,0.041098,1.0,1.0,True,normal_low,0.039981,0.038933,0.005752,1.0,1.0,True,BOTH
12900,40981.35483870968,660.7419354838712,0.3875,0.236227,0.229782,0.044628,1.0,1.0,True,normal_low,0.034301,0.034471,0.006161,1.0,1.0,True,BOTH
12924,30780.5546875,645.421875,0.08,0.225811,0.228098,0.032977,1.0,1.0,True,normal_low,0.060629,0.060363,0.010471,1.0,1.0,True,BOTH
12925,32466.05290102388,363.8959044368603,0.183125,0.207698,0.194397,0.062728,1.0,1.0,True,normal_low,0.043496,0.043765,0.006024,1.0,1.0,True,BOTH
12935,24879.887931034493,443.7112068965507,0.145,,,,0.0,0.0,False,no_data,0.072364,0.071335,0.017878,1.0,1.0,True,S1_ONLY
12942,27548.82432432432,481.113305613304,0.300625,0.193353,0.190734,0.074775,1.0,1.0,True,normal_low,0.059926,0.057619,0.013158,1.0,1.0,True,BOTH
12947,43934.77885862517,891.6802853437111,0.481875,0.174282,0.175041,0.043598,1.0,1.0,True,normal_low,0.050565,0.039773,0.029937,1.0,1.0,True,BOTH
12985,26120.40443686006,595.4374288964755,0.549375,0.192217,0.179713,0.060511,0.60182,0.60182,True,normal_low,0.069589,0.063729,0.020592,1.0,1.0,True,BOTH
13008,28250.295297372068,490.1957123098255,0.451875,0.173704,0.161061,0.063735,1.0,1.0,True,normal_low,0.053922,0.052672,0.007512,1.0,1.0,True,BOTH
13024,-42467.42518248176,204.468978102188,0.3425,0.269879,0.245991,0.075279,1.0,1.0,True,normal_low,0.050336,0.045573,0.017134,1.0,1.0,True,BOTH
13043,32968.059718969555,134.1316493810591,1.868125,0.154717,0.146049,0.042114,1.0,1.0,True,normal_low,0.046843,0.045706,0.008376,1.0,1.0,True,BOTH
13055,-39553.0307002987,156.74792565549433,1.883125,0.192193,0.185244,0.04512,1.0,1.0,True,normal_low,0.029278,0.028284,0.006556,1.0,1.0,True,BOTH
13098,29779.46453900709,68.76241134751763,0.088125,0.153865,0.154545,0.035597,1.0,1.0,True,normal_low,0.052086,0.050982,0.01067,1.0,1.0,True,BOTH
13099,40893.61673872761,-92.72112415071024,1.011875,0.211835,0.210633,0.050747,1.0,1.0,True,normal_low,0.048996,0.03928,0.024984,1.0,1.0,True,BOTH
13115,-40852.84113712375,-104.93478260869595,0.186875,0.216549,0.210036,0.036402,1.0,1.0,True,normal_low,0.030663,0.030365,0.005111,1.0,1.0,True,BOTH
13141,-43002.38723205964,80.95200372787076,0.670625,0.167902,0.15343,0.064906,1.0,1.0,True,normal_low,0.046308,0.043605,0.010564,1.0,1.0,True,BOTH
13146,41350.905622489954,-356.07630522087857,0.31125,0.227547,0.217175,0.060366,1.0,1.0,True,normal_low,0.038563,0.035101,0.011634,1.0,1.0,True,BOTH
13159,27131.941298342543,-86.896408839777,0.905,0.211736,0.182292,0.104358,1.0,1.0,True,normal_low,0.057108,0.054086,0.01909,1.0,1.0,True,BOTH
13163,-22329.798642533937,-394.6357466063346,0.138125,,,,0.0,0.0,False,no_data,0.100462,0.087098,0.055243,1.0,1.0,True,S1_ONLY
13174,34153.73402138772,-292.5925142999258,2.513125,0.181662,0.175033,0.042744,0.924148,0.924148,True,normal_low,0.044124,0.041437,0.010606,1.0,1.0,True,BOTH
13179,15717.931372549014,-222.73529411765048,0.159375,,,,0.0,0.0,False,no_data,0.205055,0.043255,0.341524,1.0,1.0,True,S1_ONLY
13180,34930.05555555555,-319.277777777781,0.140625,0.165237,0.160446,0.025606,1.0,1.0,True,normal_low,0.047241,0.044963,0.007485,1.0,1.0,True,BOTH
13201,-42341.84615384616,-327.3846153846098,0.0975,0.220411,0.217102,0.024359,1.0,1.0,True,normal_low,0.094911,0.078834,0.047845,1.0,1.0,True,BOTH
13202,-40657.562146892655,-593.4265536723178,0.331875,0.25411,0.250698,0.043545,1.0,1.0,True,normal_low,0.03719,0.036407,0.007037,1.0,1.0,True,BOTH
13214,-41081.865313653136,-479.942804428043,0.169375,0.246114,0.240361,0.033105,1.0,1.0,True,normal_low,0.039777,0.03939,0.006252,1.0,1.0,True,BOTH
13245,-41785.59316770187,-612.2329192546604,0.100625,0.275043,0.275319,0.029629,1.0,1.0,True,normal_low,0.045623,0.045063,0.003593,1.0,1.0,True,BOTH
13273,40074.5,-763.6385767790271,0.166875,0.10203,0.10115,0.025343,1.0,1.0,True,normal_low,0.095073,0.085706,0.032664,1.0,1.0,True,BOTH
13290,29399.405303030304,-927.625,0.165,0.141417,0.132779,0.044084,1.0,1.0,True,normal_low,0.040135,0.039612,0.005416,1.0,1.0,True,BOTH
13332,41344.34011627907,-992.450581395351,0.215,0.213209,0.213126,0.033583,1.0,1.0,True,normal_low,0.046013,0.042428,0.011286,1.0,1.0,True,BOTH
13341,45016.154829545456,-994.741477272728,0.44,0.20877,0.203345,0.049785,1.0,1.0,True,normal_low,0.0406,0.039211,0.01113,1.0,1.0,True,BOTH
13358,40533.53361344538,-987.105042016803,0.14875,0.109144,0.107278,0.01773,1.0,1.0,True,normal_low,0.088035,0.090406,0.024514,1.0,1.0,True,BOTH
13361,-41104.69630156472,-1150.8513513513462,0.439375,0.273021,0.263569,0.049384,1.0,1.0,True,normal_low,0.03878,0.037953,0.006353,1.0,1.0,True,BOTH
13365,40891.11237785016,-1207.48045602606,0.191875,0.171472,0.172501,0.054373,1.0,1.0,True,normal_low,0.05879,0.058963,0.013744,1.0,1.0,True,BOTH
13462,-41238.17605633803,-1642.8098591549278,0.133125,0.34798,0.309509,0.120275,1.0,1.0,True,normal_low,0.042508,0.041003,0.006642,1.0,1.0,True,BOTH
13470,33275.80874479476,-1606.579119571681,1.050625,0.181059,0.178183,0.034716,1.0,1.0,True,normal_low,0.042278,0.041432,0.009807,1.0,1.0,True,BOTH
13500,32379.5,-1632.7312925170045,0.459375,0.308423,0.27888,0.117208,1.0,1.0,True,normal_low,0.046259,0.04395,0.010005,1.0,1.0,True,BOTH
13517,-29885.983870967742,-1773.7607526881693,0.2325,,,,0.0,0.0,False,no_data,0.04572,0.041932,0.017854,1.0,1.0,True,S1_ONLY
13583,-40451.12022900763,-2251.2175572519045,0.3275,0.303926,0.304541,0.042226,1.0,1.0,True,normal_low,0.034059,0.033741,0.005778,1.0,1.0,True,BOTH
13593,-38250.93581616482,-2129.492076069735,0.394375,0.237153,0.236209,0.036366,1.0,1.0,True,normal_low,0.034649,0.034653,0.00514,1.0,1.0,True,BOTH
13602,30550.43167701864,-2045.462732919252,0.100625,0.311005,0.298874,0.062385,1.0,1.0,True,normal_low,0.032322,0.031882,0.00358,1.0,1.0,True,BOTH
13603,31402.83969465649,-1786.2366412213742,0.16375,0.338485,0.310697,0.108001,1.0,1.0,True,normal_low,0.052167,0.052059,0.011073,1.0,1.0,True,BOTH
13608,31924.0625,-1900.1875,0.25,0.356505,0.342834,0.083792,1.0,1.0,True,normal_low,0.044571,0.043816,0.008572,1.0,1.0,True,BOTH
13631,40093.62280701754,-1727.5701754385957,0.178125,0.078911,0.071166,0.03741,1.0,1.0,True,normal_low,0.0699,0.061893,0.030191,1.0,1.0,True,BOTH
13632,40723.27819548872,-1946.8684210526333,0.16625,0.13491,0.137968,0.049724,1.0,1.0,True,normal_low,0.063323,0.056872,0.021421,1.0,1.0,True,BOTH
13637,-39649.43018018018,-2029.454954954956,0.2775,0.277866,0.270899,0.064646,1.0,1.0,True,normal_low,0.028206,0.026469,0.004951,1.0,1.0,True,BOTH
13683,-23941.894864677302,-1776.8074253990271,0.900625,,,,0.0,0.0,False,no_data,0.056075,0.054275,0.014364,1.0,1.0,True,S1_ONLY
13699,-43397.509202453984,-2303.0276073619607,0.20375,0.323228,0.32334,0.068667,1.0,1.0,True,normal_low,0.020698,0.020543,0.002595,0.033742,0.033742,False,CPR_ONLY
13707,-40127.09873506676,-2678.066408995081,0.889375,0.280992,0.283194,0.059065,1.0,1.0,True,normal_low,0.029428,0.028009,0.006747,0.709065,0.709065,True,BOTH
13732,41699.93668122271,-2503.866812227076,0.143125,0.148909,0.146237,0.027765,1.0,1.0,True,normal_low,0.067863,0.068599,0.010453,1.0,1.0,True,BOTH
13798,40425.72807017545,-2846.0350877192977,0.35625,0.106655,0.108529,0.031956,1.0,1.0,True,normal_low,0.052838,0.051007,0.012127,1.0,1.0,True,BOTH
13807,24742.72289156627,-2869.9355885078767,1.34875,0.285167,0.273628,0.07087,1.0,1.0,True,normal_low,0.04835,0.046329,0.012147,1.0,1.0,True,BOTH
13833,24332.70895522388,-2773.567164179105,0.08375,0.336125,0.33283,0.063211,1.0,1.0,True,normal_low,0.042824,0.042131,0.004273,1.0,1.0,True,BOTH
13866,-39570.78795811519,-2923.1910994764403,0.119375,0.343587,0.343808,0.071198,1.0,1.0,True,normal_low,0.023327,0.022296,0.003296,0.958115,0.958115,True,BOTH
13883,-29453.988372093023,-3219.5,0.134375,,,,0.0,0.0,False,no_data,0.044981,0.044723,0.007926,1.0,1.0,True,S1_ONLY
13898,26147.270825185755,-3422.25127102073,1.598125,0.283963,0.274015,0.073551,1.0,1.0,True,normal_low,0.045764,0.043473,0.010797,1.0,1.0,True,BOTH
13918,-39941.5447761194,-3258.662520729682,0.376875,0.288841,0.286976,0.03098,1.0,1.0,True,normal_low,0.026884,0.027039,0.004052,0.082919,0.082919,False,CPR_ONLY
13950,-40839.3698630137,-3348.3013698630166,0.09125,0.244178,0.237465,0.057742,1.0,1.0,True,normal_low,,,,0.0,0.0,False,CPR_ONLY
13963,17704.1875,-3494.03125,0.08,,,,0.0,0.0,False,no_data,0.152728,0.142937,0.043821,1.0,1.0,True,S1_ONLY
13973,-42558.875,-3310.0,0.125,0.336316,0.331403,0.051639,1.0,1.0,True,normal_low,,,,0.0,0.0,False,CPR_ONLY
14030,-41151.970588235294,-3557.5316742081413,0.138125,0.243697,0.236761,0.039103,1.0,1.0,True,normal_low,,,,0.0,0.0,False,CPR_ONLY
14034,27346.66242661448,-3380.4197651663417,0.319375,0.222426,0.213011,0.063549,1.0,1.0,True,normal_low,0.04455,0.044412,0.007523,1.0,1.0,True,BOTH
14046,-43268.0719895288,-3591.7447643979103,0.4775,0.356092,0.312944,0.146366,1.0,1.0,True,normal_low,,,,0.0,0.0,False,CPR_ONLY
14052,40639.08333333334,-3629.948717948719,0.0975,0.20665,0.214247,0.064303,1.0,1.0,True,normal_low,0.076683,0.075554,0.016001,1.0,1.0,True,BOTH
14119,-40428.66395014382,-3806.043624161073,0.651875,0.302966,0.290261,0.073328,1.0,1.0,True,normal_low,,,,0.0,0.0,False,CPR_ONLY
14135,7247.049019607846,-4093.004901960783,0.1275,,,,0.0,0.0,False,no_data,0.126068,0.117908,0.075357,1.0,1.0,True,S1_ONLY
14136,22345.63970588235,-3969.9044117647054,0.085,0.406111,0.41799,0.108337,1.0,1.0,True,normal_low,0.049291,0.05023,0.00572,1.0,1.0,True,BOTH
14140,-39571.91879562044,-3782.255474452555,0.685,0.304984,0.299311,0.053675,1.0,1.0,True,normal_low,0.023519,0.022042,0.003673,0.042883,0.042883,False,CPR_ONLY
14155,9855.10556464811,-3956.251227495908,0.381875,,,,0.0,0.0,False,no_data,0.343495,0.127867,0.414734,1.0,1.0,True,S1_ONLY
14169,-41765.79632721202,-3751.6285475792974,0.74875,0.301354,0.279747,0.080184,1.0,1.0,True,normal_low,,,,0.0,0.0,False,CPR_ONLY
14234,-29816.108740894902,-3938.417793964618,0.600625,,,,0.0,0.0,False,no_data,0.042882,0.041983,0.008282,1.0,1.0,True,S1_ONLY
14243,7248.858974358969,-4484.756410256407,0.14625,,,,0.0,0.0,False,no_data,0.383782,0.340407,0.305394,1.0,1.0,True,S1_ONLY
14249,9838.172922252008,-4620.009383378012,0.233125,,,,0.0,0.0,False,no_data,0.867871,1.099099,0.542517,1.0,1.0,True,S1_ONLY
14289,9562.88526912182,-4370.179886685553,0.220625,,,,0.0,0.0,False,no_data,0.161369,0.121288,0.144495,1.0,1.0,True,S1_ONLY
14298,-41609.08490566038,-4422.8962264150905,0.165625,0.286971,0.263001,0.099635,1.0,1.0,True,normal_low,,,,0.0,0.0,False,CPR_ONLY
14329,-41264.44849785408,-4634.5321888412,0.29125,0.264714,0.253028,0.053604,1.0,1.0,True,normal_low,,,,0.0,0.0,False,CPR_ONLY
14364,-9305.192307692305,-4638.653846153844,0.203125,,,,0.0,0.0,False,no_data,0.07457,0.065153,0.028211,1.0,1.0,True,S1_ONLY
14368,35938.92687747035,-4676.27865612648,0.158125,0.173538,0.172936,0.023832,1.0,1.0,True,normal_low,0.086004,0.086908,0.011904,1.0,1.0,True,BOTH
14387,24402.49369747899,-4906.537815126052,0.595,0.490653,0.485716,0.151985,1.0,1.0,True,normal_low,0.069111,0.064191,0.021624,1.0,1.0,True,BOTH
14396,5712.648148148153,-5221.444444444445,0.16875,,,,0.0,0.0,False,no_data,0.434386,0.351341,0.384811,1.0,1.0,True,S1_ONLY
14404,-39260.43975903615,-4993.777108433729,0.10375,0.317143,0.319579,0.052926,1.0,1.0,True,normal_low,,,,0.0,0.0,False,CPR_ONLY
14425,7409.541841004182,-4863.307531380749,0.149375,,,,0.0,0.0,False,no_data,0.619803,0.533938,0.267934,1.0,1.0,True,S1_ONLY
14436,-41494.84661723818,-5363.633456904543,0.674375,0.25911,0.254886,0.050121,1.0,1.0,True,normal_low,,,,0.0,0.0,False,CPR_ONLY
14454,34804.73255813954,-4821.811046511626,0.215,0.03926,0.038218,0.008133,0.229651,0.229651,True,normal_low,0.069313,0.073251,0.021614,1.0,1.0,True,BOTH
14485,-40872.471252566735,-4998.832648870637,0.304375,0.273308,0.27104,0.027786,1.0,1.0,True,normal_low,,,,0.0,0.0,False,CPR_ONLY
14498,-43872.08753709199,-5054.767062314539,0.210625,0.388322,0.352145,0.10811,1.0,1.0,True,normal_low,0.009638,0.00937,0.00135,1.0,1.0,True,BOTH
14524,39803.26106194689,-5235.451327433628,0.14125,0.086646,0.0857,0.029027,1.0,1.0,True,normal_low,0.035839,0.036567,0.004338,1.0,1.0,True,BOTH
14533,-41875.29674796748,-5291.674796747968,0.15375,0.24568,0.240973,0.044396,1.0,1.0,True,normal_low,,,,0.0,0.0,False,CPR_ONLY
14553,7084.675879396978,-5211.057788944723,0.24875,,,,0.0,0.0,False,no_data,0.411363,0.234291,0.44624,1.0,1.0,True,S1_ONLY
14567,43229.65625,-5339.8125,0.1,0.177509,0.162279,0.047953,1.0,1.0,True,normal_low,0.071255,0.069503,0.012622,1.0,1.0,True,BOTH
14628,-40307.7899505766,-5392.292421746293,0.379375,0.312194,0.30647,0.046784,1.0,1.0,True,normal_low,,,,0.0,0.0,False,CPR_ONLY
14665,-26826.74223602485,-5876.208074534159,0.100625,,,,0.0,0.0,False,no_data,0.035242,0.034154,0.005264,1.0,1.0,True,S1_ONLY
14668,25614.989566613163,-5925.503210272873,0.389375,0.461502,0.435786,0.128463,1.0,1.0,True,normal_low,0.043136,0.040457,0.011587,1.0,1.0,True,BOTH
14679,7113.039042821161,-5868.3287153652345,0.248125,,,,0.0,0.0,False,no_data,0.026495,0.026178,0.006457,1.0,1.0,True,S1_ONLY
14692,39241.6974522293,-5685.168789808915,0.098125,0.087403,0.049707,0.063226,1.0,1.0,True,normal_low,0.051198,0.051649,0.013726,1.0,1.0,True,BOTH
14707,7892.808080808085,-6084.8535353535335,0.2475,,,,0.0,0.0,False,no_data,0.022891,0.021896,0.005558,1.0,1.0,True,S1_ONLY
14711,-40667.44078947369,-5683.54605263158,0.285,0.278987,0.274921,0.043486,1.0,1.0,True,normal_low,,,,0.0,0.0,False,CPR_ONLY
14720,26213.329787234048,-5796.973404255325,0.1175,0.400854,0.378242,0.13563,1.0,1.0,True,normal_low,0.036194,0.033641,0.006962,1.0,1.0,True,BOTH
14732,-41802.89463601533,-5915.879310344826,0.163125,0.279049,0.278593,0.053105,1.0,1.0,True,normal_low,,,,0.0,0.0,False,CPR_ONLY
14734,-26203.432960893857,-6021.194599627561,0.335625,,,,0.0,0.0,False,no_data,0.035945,0.032653,0.010828,1.0,1.0,True,S1_ONLY
14742,-43027.06555772994,-5786.82876712329,0.319375,0.277755,0.278919,0.073225,1.0,1.0,True,normal_low,,,,0.0,0.0,False,CPR_ONLY
14750,-41129.47923875433,-5889.119377162628,0.180625,0.259753,0.257912,0.040881,1.0,1.0,True,normal_low,,,,0.0,0.0,False,CPR_ONLY
14756,-25222.429824561405,-6040.508771929817,0.21375,,,,0.0,0.0,False,no_data,0.051716,0.049127,0.012998,1.0,1.0,True,S1_ONLY
14769,-26596.79981024668,-6299.025616698295,0.329375,,,,0.0,0.0,False,no_data,0.030078,0.029968,0.003897,1.0,1.0,True,S1_ONLY
14783,35449.06896551725,-6095.728448275862,0.29,0.205097,0.205165,0.040946,1.0,1.0,True,normal_low,0.043941,0.042697,0.006207,1.0,1.0,True,BOTH
14803,-42512.22566371682,-6140.982300884956,0.14125,0.178027,0.174242,0.044062,1.0,1.0,True,normal_low,,,,0.0,0.0,False,CPR_ONLY
14805,7442.8441558441555,-6196.058441558445,0.48125,,,,0.0,0.0,False,no_data,0.021582,0.021174,0.004239,1.0,1.0,True,S1_ONLY
14810,36345.29831932773,-6083.113445378149,0.14875,0.201136,0.19948,0.034947,1.0,1.0,True,normal_low,0.053371,0.052076,0.008909,1.0,1.0,True,BOTH
14820,23467.4469273743,-5883.159217877095,0.67125,0.42729,0.39196,0.154875,1.0,1.0,True,normal_low,0.076069,0.072666,0.047841,1.0,1.0,True,BOTH
14829,27956.203910614524,-6173.848230912474,0.335625,0.255652,0.255915,0.052354,1.0,1.0,True,normal_low,0.045331,0.042924,0.010808,1.0,1.0,True,BOTH
14837,8236.764150943396,-6357.518867924533,0.1325,,,,0.0,0.0,False,no_data,0.018551,0.017689,0.003333,1.0,1.0,True,S1_ONLY
14846,-2751.0395683453244,-6217.485611510791,0.086875,,,,0.0,0.0,False,no_data,0.127757,0.129689,0.021715,1.0,1.0,True,S1_ONLY
14848,40670.60481586402,-6271.950424929186,0.220625,0.163984,0.16397,0.024446,1.0,1.0,True,normal_low,0.076488,0.069255,0.024948,1.0,1.0,True,BOTH
14873,35013.25,-6734.321428571435,0.2625,0.183982,0.178267,0.048604,1.0,1.0,True,normal_low,0.044202,0.041797,0.007789,1.0,1.0,True,BOTH
14886,-41267.04761904762,-6342.53571428571,0.2625,0.275717,0.256148,0.092068,1.0,1.0,True,normal_low,,,,0.0,0.0,False,CPR_ONLY
14891,26645.506224066383,-6140.699861687412,0.90375,0.349932,0.326508,0.130129,1.0,1.0,True,normal_low,0.044531,0.041506,0.01173,1.0,1.0,True,BOTH
14895,-25089.5120967742,-6473.189516129038,0.31,,,,0.0,0.0,False,no_data,0.047352,0.045843,0.012027,1.0,1.0,True,S1_ONLY
14906,10147.267857142857,-6792.915178571435,0.28,,,,0.0,0.0,False,no_data,0.019049,0.018873,0.004165,1.0,1.0,True,S1_ONLY
14910,-42661.57382550336,-6392.117449664431,0.093125,0.171095,0.174027,0.039812,1.0,1.0,True,normal_low,,,,0.0,0.0,False,CPR_ONLY
14933,8057.631313131307,-6783.641414141413,0.309375,,,,0.0,0.0,False,no_data,0.018258,0.018031,0.003783,1.0,1.0,True,S1_ONLY
14946,-43419.87400950872,-6408.354992076071,0.78875,0.252089,0.246656,0.043961,1.0,1.0,True,normal_low,0.007857,0.007707,0.001147,0.561807,0.561807,True,BOTH
14960,-42937.330357142855,-6843.409438775503,0.49,0.244993,0.243172,0.044864,1.0,1.0,True,normal_low,0.007935,0.007852,0.001032,0.173469,0.173469,True,BOTH
14980,40348.838790932,-6706.710327455912,0.49625,0.215918,0.209572,0.051022,1.0,1.0,True,normal_low,0.082591,0.079413,0.017126,1.0,1.0,True,BOTH
14992,41810.91618497109,-6677.96820809249,0.108125,0.304975,0.304189,0.062329,1.0,1.0,True,normal_low,0.053167,0.05308,0.005304,1.0,1.0,True,BOTH
15008,9844.113259668506,-6876.571823204416,0.113125,,,,0.0,0.0,False,no_data,0.016353,0.016524,0.003006,1.0,1.0,True,S1_ONLY
15010,-40574.759259259255,-6795.2407407407445,0.084375,0.305157,0.30201,0.053771,1.0,1.0,True,normal_low,,,,0.0,0.0,False,CPR_ONLY
15015,35754.91958041958,-6962.012487512489,0.625625,0.200401,0.19556,0.038738,1.0,1.0,True,normal_low,0.041401,0.039856,0.008447,1.0,1.0,True,BOTH
15056,27516.547377326555,-6835.096446700503,0.73875,0.317148,0.310659,0.088735,1.0,1.0,True,normal_low,0.055956,0.053492,0.018138,1.0,1.0,True,BOTH
15082,-42023.9297108674,-7097.206879361918,0.626875,0.260012,0.230366,0.100017,1.0,1.0,True,normal_low,,,,0.0,0.0,False,CPR_ONLY
15104,32622.54964539007,-7040.634751773054,0.088125,0.292437,0.287566,0.052721,1.0,1.0,True,normal_low,0.032775,0.032501,0.003499,1.0,1.0,True,BOTH
15107,-44645.333333333336,-7177.666666666664,0.09375,0.446849,0.391997,0.139224,1.0,1.0,True,normal_low,0.009245,0.008623,0.001823,1.0,1.0,True,BOTH
15118,34453.05922551252,-6754.625284738038,0.54875,0.215717,0.211009,0.035941,0.682232,0.682232,True,normal_low,0.051867,0.0449,0.019883,1.0,1.0,True,BOTH
15119,41511.66577540107,-6943.350267379683,0.116875,0.247959,0.227445,0.05661,1.0,1.0,True,normal_low,0.050738,0.051933,0.007522,1.0,1.0,True,BOTH
15141,-43689.32521489971,-7146.849570200575,0.218125,0.289601,0.263178,0.091598,1.0,1.0,True,normal_low,0.009572,0.008972,0.002727,1.0,1.0,True,BOTH
15206,7057.950704225354,-7406.3661971831025,0.08875,,,,0.0,0.0,False,no_data,0.013535,0.014146,0.001657,1.0,1.0,True,S1_ONLY
15212,35937.04980079681,-7588.743027888449,0.156875,0.280715,0.269941,0.048252,1.0,1.0,True,normal_low,0.040683,0.040132,0.005753,1.0,1.0,True,BOTH
15213,40631.08914728682,-7746.980620155031,0.3225,0.190668,0.191957,0.027637,1.0,1.0,True,normal_low,0.064446,0.058986,0.015467,1.0,1.0,True,BOTH
15216,-43002.594717668486,-7453.689435336979,0.68625,0.235729,0.215974,0.081309,1.0,1.0,True,normal_low,0.00778,0.007828,0.000878,0.424408,0.424408,True,BOTH
15261,34206.96492985972,-7554.493319973277,0.935625,0.249625,0.226926,0.084856,0.669339,0.669339,True,normal_low,0.065297,0.064178,0.017795,1.0,1.0,True,BOTH
15278,32434.403518728723,-7803.586265607257,0.550625,0.25549,0.253103,0.04664,1.0,1.0,True,normal_low,0.052917,0.050426,0.01446,1.0,1.0,True,BOTH
15285,25383.70082911101,-7324.3502994012015,1.356875,0.419017,0.406373,0.1086,1.0,1.0,True,normal_low,0.034299,0.030879,0.011824,1.0,1.0,True,BOTH
15324,6621.708737864079,-7673.205501618118,0.38625,,,,0.0,0.0,False,no_data,0.013259,0.012892,0.002002,1.0,1.0,True,S1_ONLY
15326,-42963.25684931507,-7863.969178082196,0.1825,0.191246,0.18486,0.033324,1.0,1.0,True,normal_low,0.00737,0.007367,0.000652,0.342466,0.342466,True,BOTH
15357,34791.39330543933,-8022.041841004182,0.29875,0.378751,0.383956,0.102199,1.0,1.0,True,normal_low,0.059537,0.056776,0.01607,1.0,1.0,True,BOTH
15378,28185.01181102362,-7387.364173228343,1.5875,0.30659,0.300224,0.060164,1.0,1.0,True,normal_low,0.048228,0.040554,0.027423,1.0,1.0,True,BOTH
15393,31835.6780455154,-7849.935073627843,0.466875,0.23987,0.237995,0.036899,1.0,1.0,True,normal_low,0.05547,0.054371,0.01041,1.0,1.0,True,BOTH
15474,29160.21428571429,-8096.523809523809,0.1575,0.273597,0.267877,0.039207,0.384921,0.384921,True,normal_low,0.02731,0.026917,0.004331,1.0,1.0,True,BOTH
15491,25389.340182648404,-8123.929223744286,0.136875,0.350203,0.341339,0.088294,1.0,1.0,True,normal_low,0.00848,0.00292,0.008474,0.593607,0.593607,True,BOTH
15494,36664.41416309013,-8163.627324749643,0.436875,0.236216,0.235489,0.038101,1.0,1.0,True,normal_low,0.053498,0.053054,0.011358,1.0,1.0,True,BOTH
15527,24975.636363636368,-8232.265151515152,0.165,0.398781,0.385161,0.086725,1.0,1.0,True,normal_low,0.002953,0.002878,0.000569,0.901515,0.901515,True,BOTH
15536,32529.25460122699,-8466.064417177913,0.101875,0.242815,0.227906,0.056144,1.0,1.0,True,normal_low,0.055781,0.056223,0.008465,1.0,1.0,True,BOTH
15544,29384.40415335464,-8331.20926517572,0.195625,,,,0.0,0.0,False,no_data,0.025498,0.024919,0.004931,1.0,1.0,True,S1_ONLY
15548,-42871.82218148487,-8135.395967002747,1.36375,0.275029,0.229093,0.128611,1.0,1.0,True,normal_low,0.008534,0.008339,0.00162,0.46242,0.46242,True,BOTH
15562,35344.50610252237,-8567.522782750202,3.0725,0.487973,0.439787,0.263493,1.0,1.0,True,normal_low,0.100572,0.070623,0.158531,1.0,1.0,True,BOTH
15570,26871.510869565216,-8358.467391304352,0.115,0.296904,0.290533,0.0544,1.0,1.0,True,normal_low,0.020659,0.020383,0.003348,1.0,1.0,True,BOTH
15595,29807.59557774608,-8785.840941512128,0.438125,,,,0.0,0.0,False,no_data,0.028202,0.023486,0.011825,1.0,1.0,True,S1_ONLY
15599,-42299.64611005693,-8514.893738140418,0.65875,0.252966,0.20787,0.116573,1.0,1.0,True,normal_low,0.007448,0.007259,0.000596,0.063567,0.063567,False,CPR_ONLY
15625,25657.231958762888,-8471.235395189004,0.181875,0.463427,0.464803,0.092679,1.0,1.0,True,normal_low,0.006233,0.005517,0.004724,0.924399,0.924399,True,BOTH
15641,34864.29750778816,-8593.736760124615,0.200625,0.663331,0.651825,0.149976,1.0,1.0,True,typical,0.08497,0.077512,0.021316,1.0,1.0,True,BOTH
15647,30533.153846153844,-8681.780219780216,0.11375,0.245062,0.248295,0.043072,0.598901,0.598901,True,normal_low,0.045485,0.045942,0.011178,1.0,1.0,True,BOTH
15648,36919.142857142855,-8702.838509316767,0.20125,0.209394,0.210544,0.036738,1.0,1.0,True,normal_low,0.060511,0.056578,0.015804,1.0,1.0,True,BOTH
15654,-22012.903846153848,-8675.461538461539,0.1625,0.324651,0.325645,0.054535,0.430769,0.430769,True,normal_low,0.025474,0.025705,0.002612,1.0,1.0,True,BOTH
15678,-43204.90298507463,-8809.5,0.209375,0.23153,0.210184,0.066841,1.0,1.0,True,normal_low,0.008581,0.008636,0.000902,0.99403,0.99403,True,BOTH
15693,36589.27272727272,-8747.037878787873,0.0825,0.204281,0.203947,0.031233,1.0,1.0,True,normal_low,0.070007,0.067856,0.012226,1.0,1.0,True,BOTH
15701,24958.875,-8757.108695652176,0.115,0.298722,0.283216,0.067263,1.0,1.0,True,normal_low,0.007898,0.007765,0.001561,1.0,1.0,True,BOTH
15703,-17125.742130750605,-8467.599273607746,0.258125,0.201079,0.193183,0.048916,0.825666,0.825666,True,normal_low,0.049369,0.048804,0.008222,1.0,1.0,True,BOTH
15714,39330.518518518526,-8729.746913580246,0.2025,0.223988,0.21811,0.050381,1.0,1.0,True,normal_low,0.038715,0.0352,0.013473,1.0,1.0,True,BOTH
15739,-43583.46703296703,-8944.005494505494,0.11375,0.184639,0.184079,0.02144,1.0,1.0,True,normal_low,0.00958,0.009558,0.001479,1.0,1.0,True,BOTH
15755,26274.18306010929,-8772.390710382511,2.859375,0.384739,0.36442,0.116729,1.0,1.0,True,normal_low,0.02006,0.015751,0.014569,0.999781,0.999781,True,BOTH
15756,37785.13432835821,-9014.611940298506,0.08375,0.226257,0.215534,0.043063,1.0,1.0,True,normal_low,0.075913,0.069747,0.019026,1.0,1.0,True,BOTH
15777,-16465.777777777777,-9164.430555555557,0.09,0.367226,0.364195,0.067508,1.0,1.0,True,normal_low,0.026259,0.026445,0.002676,1.0,1.0,True,BOTH
15855,29206.763205828785,-9390.938979963576,0.68625,0.269784,0.273532,0.030898,0.008197,0.008197,False,normal_low,0.042898,0.043445,0.028158,1.0,1.0,True,S1_ONLY
15869,38745.88888888889,-9398.805555555557,0.1125,0.206131,0.203687,0.031969,1.0,1.0,True,normal_low,0.066932,0.064741,0.010486,1.0,1.0,True,BOTH
15882,40040.566282420754,-9670.033141210375,0.43375,0.210599,0.207152,0.026495,1.0,1.0,True,normal_low,0.053701,0.051337,0.014023,1.0,1.0,True,BOTH
15922,36554.97445255474,-9652.96715328467,0.085625,0.280029,0.276628,0.047404,1.0,1.0,True,normal_low,0.053012,0.051849,0.008811,1.0,1.0,True,BOTH
16012,25408.86639118458,-9670.849862258954,0.226875,0.455323,0.442528,0.137922,1.0,1.0,True,normal_low,0.024214,0.018768,0.012052,1.0,1.0,True,BOTH
16026,41519.24986256185,-9900.79191863662,1.136875,0.17899,0.176197,0.032129,1.0,1.0,True,normal_low,0.052707,0.047964,0.01985,1.0,1.0,True,BOTH
16062,39098.08299595141,-10139.682186234815,0.154375,0.193273,0.187486,0.044087,1.0,1.0,True,normal_low,0.025905,0.023414,0.007993,1.0,1.0,True,BOTH
16067,35335.34142394822,-10239.872168284784,0.193125,0.504061,0.499269,0.137617,1.0,1.0,True,typical,0.065063,0.057345,0.033674,1.0,1.0,True,BOTH
16076,34887.02955082743,-9922.313238770686,0.264375,0.469444,0.461128,0.097984,1.0,1.0,True,normal_low,0.02902,0.024342,0.015057,1.0,1.0,True,BOTH
16089,35889.457264957266,-10220.867521367516,0.219375,0.302871,0.295563,0.047258,1.0,1.0,True,normal_low,0.076085,0.074712,0.016144,1.0,1.0,True,BOTH
16107,38356.80519480519,-10197.66017316017,0.28875,0.23201,0.226374,0.0358,1.0,1.0,True,normal_low,0.036833,0.034314,0.009753,1.0,1.0,True,BOTH
16135,39522.67913385827,-10033.309055118116,0.3175,0.198815,0.197325,0.022828,1.0,1.0,True,normal_low,0.057389,0.046356,0.032408,1.0,1.0,True,BOTH
16139,37582.68872017354,-10138.05748373102,0.288125,0.203157,0.20379,0.036985,1.0,1.0,True,normal_low,0.044184,0.042011,0.008506,1.0,1.0,True,BOTH
16145,41831.29405520171,-10763.884288747351,0.294375,0.20002,0.202131,0.036589,1.0,1.0,True,normal_low,0.035828,0.035067,0.00814,1.0,1.0,True,BOTH
16166,26721.270551038848,-10474.2591087022,2.075625,0.371646,0.355408,0.115935,0.335742,0.335742,True,normal_low,0.05566,0.053529,0.010908,1.0,1.0,True,BOTH
16170,37265.32446808511,-10534.273936170212,0.235,0.22113,0.219635,0.023769,1.0,1.0,True,normal_low,0.044279,0.04365,0.008412,1.0,1.0,True,BOTH
16190,23249.841530054648,-10717.874316939888,0.68625,0.373983,0.371686,0.093636,1.0,1.0,True,normal_low,0.051935,0.04987,0.01808,1.0,1.0,True,BOTH
16199,41183.65080527087,-10551.769399707176,0.426875,0.179352,0.175384,0.035002,1.0,1.0,True,normal_low,0.036546,0.033734,0.010673,1.0,1.0,True,BOTH
16201,21144.5,-10744.13917525774,0.303125,0.434528,0.42251,0.10888,1.0,1.0,True,normal_low,0.047287,0.046333,0.011931,1.0,1.0,True,BOTH
16206,40502.32033426185,-10529.722841225625,0.8975,0.178065,0.172258,0.031035,1.0,1.0,True,normal_low,0.039805,0.034981,0.0135,1.0,1.0,True,BOTH
16224,39261.551792828686,-10645.316733067724,0.31375,0.200077,0.195383,0.029548,1.0,1.0,True,normal_low,0.037956,0.038813,0.007065,1.0,1.0,True,BOTH
16241,-8401.482532751092,-10718.823144104805,0.143125,0.362978,0.365265,0.07032,1.0,1.0,True,normal_low,0.029989,0.027344,0.008549,1.0,1.0,True,BOTH
16256,37696.38888888889,-10663.333333333328,0.28125,0.216535,0.214311,0.028378,1.0,1.0,True,normal_low,0.040936,0.038953,0.007399,1.0,1.0,True,BOTH
16316,27203.70792079208,-11073.42739273928,0.189375,,,,0.0,0.0,False,no_data,0.054431,0.053594,0.006125,1.0,1.0,True,S1_ONLY
16350,39419.60309278351,-11415.221649484534,0.303125,0.222607,0.215248,0.047664,1.0,1.0,True,normal_low,0.032696,0.031843,0.005937,1.0,1.0,True,BOTH
16385,38717.0925925926,-11364.5,0.084375,0.202339,0.198991,0.028808,1.0,1.0,True,normal_low,0.03476,0.033158,0.007953,1.0,1.0,True,BOTH
16394,41082.87104072399,-11209.228506787324,0.138125,0.241973,0.220798,0.093487,1.0,1.0,True,normal_low,0.052473,0.044426,0.022742,1.0,1.0,True,BOTH
16403,42350.75868055555,-11411.869791666664,0.36,0.201408,0.196973,0.040727,0.611111,0.611111,True,normal_low,0.040577,0.037343,0.012653,1.0,1.0,True,BOTH
16444,35576.40839694657,-11561.713740458012,0.081875,0.225348,0.225862,0.027136,1.0,1.0,True,normal_low,0.02601,0.025092,0.004009,1.0,1.0,True,BOTH
16466,28032.181365576107,-11628.909672830729,0.439375,,,,0.0,0.0,False,no_data,0.052755,0.052378,0.013814,1.0,1.0,True,S1_ONLY
16524,38446.68543046358,-11863.407284768213,0.094375,0.270019,0.27454,0.039143,1.0,1.0,True,normal_low,0.01901,0.018855,0.001774,1.0,1.0,True,BOTH
16531,21550.035714285725,-12354.619047619051,0.525,0.36043,0.33516,0.094359,0.685714,0.685714,True,normal_low,0.060818,0.057617,0.017768,1.0,1.0,True,BOTH
16603,34825.73239436619,-12161.471830985916,0.08875,0.343482,0.335989,0.049498,1.0,1.0,True,normal_low,0.085553,0.083951,0.006435,1.0,1.0,True,BOTH
16614,38755.803116147305,-12143.48016997167,0.220625,0.242451,0.232653,0.045174,1.0,1.0,True,normal_low,0.017437,0.016869,0.004282,1.0,1.0,True,BOTH
16640,21819.524875621893,-12085.19651741293,0.125625,0.343402,0.333775,0.059763,1.0,1.0,True,normal_low,0.05088,0.048665,0.006812,1.0,1.0,True,BOTH
16723,-36440.353137516686,-12428.972630173565,0.468125,0.304976,0.263604,0.129827,1.0,1.0,True,normal_low,0.070296,0.063908,0.027654,1.0,1.0,True,BOTH
16797,-36663.38343558282,-12778.180981595098,0.101875,0.261932,0.240132,0.079808,1.0,1.0,True,normal_low,0.056303,0.055959,0.008141,1.0,1.0,True,BOTH
16879,-123.81288343558845,-12997.506134969328,0.101875,0.794934,0.794647,0.126711,1.0,1.0,True,typical,0.08423,0.07644,0.021061,1.0,1.0,True,BOTH
17161,-32339.658163265307,-13765.877551020414,0.6125,0.313281,0.267039,0.138253,1.0,1.0,True,normal_low,0.068063,0.062839,0.023215,1.0,1.0,True,BOTH
17207,-31488.339673913044,-13930.75,0.23,0.382111,0.359467,0.090165,1.0,1.0,True,normal_low,0.064271,0.060856,0.016749,1.0,1.0,True,BOTH
17307,-12976.055555555557,-14465.7962962963,0.084375,0.459231,0.464514,0.106838,1.0,1.0,True,normal_low,,,,0.0,0.0,False,CPR_ONLY
17327,18488.02201257862,-14627.723270440256,0.19875,0.3308,0.312802,0.087066,1.0,1.0,True,normal_low,0.068036,0.062499,0.017241,1.0,1.0,True,BOTH
17360,18067.0468483816,-14310.019591141398,0.366875,0.259592,0.246576,0.07877,1.0,1.0,True,normal_low,0.05849,0.057303,0.011358,1.0,1.0,True,BOTH
17418,18986.166666666664,-14794.412280701748,0.178125,0.349157,0.338796,0.086467,1.0,1.0,True,normal_low,0.109392,0.103657,0.023989,1.0,1.0,True,BOTH
17426,21400.37890625,-14771.1796875,0.16,,,,0.0,0.0,False,no_data,0.121039,0.107133,0.03762,1.0,1.0,True,S1_ONLY
17562,19656.29824561404,-15715.36257309941,0.855,0.278464,0.263858,0.083239,1.0,1.0,True,normal_low,0.073189,0.070885,0.015586,1.0,1.0,True,BOTH
17586,18703.15472127418,-15478.965301478958,1.09875,0.241201,0.234422,0.056205,1.0,1.0,True,normal_low,0.079798,0.07354,0.026764,1.0,1.0,True,BOTH
17662,18142.03926701571,-15571.489528795812,0.119375,0.25103,0.244626,0.045697,1.0,1.0,True,normal_low,0.060115,0.05901,0.006432,1.0,1.0,True,BOTH
17730,-8945.886904761901,-15837.297619047618,0.21,0.386003,0.384265,0.087039,1.0,1.0,True,normal_low,,,,0.0,0.0,False,CPR_ONLY
17765,3571.926470588238,-15912.643382352937,0.17,0.746216,0.746604,0.117499,1.0,1.0,True,typical,0.015202,0.013952,0.00501,1.0,1.0,True,BOTH
17796,23911.698795180724,-15762.0,0.31125,,,,0.0,0.0,False,no_data,0.114229,0.111803,0.014797,1.0,1.0,True,S1_ONLY
17851,-8321.297413793101,-15789.550287356324,0.435,0.418918,0.413669,0.072803,1.0,1.0,True,normal_low,,,,0.0,0.0,False,CPR_ONLY
17872,16191.34901531729,-16085.933260393867,0.285625,0.200215,0.193732,0.054122,1.0,1.0,True,normal_low,0.016176,0.014794,0.003792,1.0,1.0,True,BOTH
17885,32065.812056737588,-16344.890070921989,0.088125,0.26363,0.254621,0.050017,0.765957,0.765957,True,normal_low,0.125713,0.12242,0.017596,1.0,1.0,True,BOTH
17943,31663.535087719298,-16469.96783625731,0.106875,0.215123,0.200304,0.039942,0.128655,0.128655,True,normal_low,0.140366,0.138117,0.01766,1.0,1.0,True,BOTH
17949,20307.798429319373,-16581.280104712037,0.596875,0.287142,0.276085,0.06538,0.987435,0.987435,True,normal_low,0.059228,0.058013,0.011246,1.0,1.0,True,BOTH
17966,37456.01685393258,-16219.050561797754,0.278125,0.265675,0.260457,0.037051,1.0,1.0,True,normal_low,0.055509,0.054136,0.008243,1.0,1.0,True,BOTH
18071,-7565.806122448979,-17006.642857142855,0.091875,0.424105,0.413409,0.061021,1.0,1.0,True,normal_low,0.05301,0.05004,0.010931,0.55102,0.55102,True,BOTH
18124,15824.5,-16898.071428571428,0.109375,0.1795,0.177997,0.031981,1.0,1.0,True,normal_low,0.013167,0.012582,0.001848,1.0,1.0,True,BOTH
18135,-10707.376606683809,-17106.8264781491,0.243125,0.404161,0.398415,0.081013,1.0,1.0,True,normal_low,0.095743,0.10791,0.021229,0.061697,0.061697,False,CPR_ONLY
18141,22454.46183206106,-16909.423664122143,0.081875,,,,0.0,0.0,False,no_data,0.07976,0.070169,0.020626,1.0,1.0,True,S1_ONLY
18153,24057.257361888536,-16933.023971769282,2.568125,,,,0.0,0.0,False,no_data,0.080136,0.073052,0.023119,1.0,1.0,True,S1_ONLY
18154,27777.78185328185,-17082.270270270274,0.32375,,,,0.0,0.0,False,no_data,0.068798,0.067294,0.009001,1.0,1.0,True,S1_ONLY
18209,29394.0945945946,-17132.608108108107,0.0925,,,,0.0,0.0,False,no_data,0.060155,0.05833,0.007045,1.0,1.0,True,S1_ONLY
18220,21227.58641975309,-17213.08024691358,0.2025,0.241069,0.237662,0.055502,0.472222,0.472222,True,normal_low,0.082014,0.077923,0.020517,1.0,1.0,True,BOTH
18263,25072.16009852217,-17342.357142857145,0.126875,,,,0.0,0.0,False,no_data,0.074656,0.070922,0.020166,1.0,1.0,True,S1_ONLY
18277,-17500.33388704319,-17325.911960132893,0.188125,0.306768,0.307048,0.051648,1.0,1.0,True,normal_low,0.029447,0.02975,0.002548,0.986711,0.986711,True,BOTH
18317,24642.47858942065,-17467.226700251886,0.49625,,,,0.0,0.0,False,no_data,0.066554,0.065408,0.011335,1.0,1.0,True,S1_ONLY
18366,17093.370192307688,-17493.189903846156,0.26,0.21513,0.206565,0.049898,1.0,1.0,True,normal_low,0.045468,0.04503,0.004607,1.0,1.0,True,BOTH
18378,22298.9966442953,-17819.13087248322,0.18625,,,,0.0,0.0,False,no_data,0.079238,0.076098,0.013334,1.0,1.0,True,S1_ONLY
18404,23105.873762376228,-17631.55445544554,0.2525,,,,0.0,0.0,False,no_data,0.073083,0.070614,0.014781,1.0,1.0,True,S1_ONLY
18494,-29815.830188679247,-18172.96698113207,0.1325,0.268856,0.25788,0.057038,1.0,1.0,True,normal_low,0.033106,0.033154,0.002717,1.0,1.0,True,BOTH
18599,18528.75531914893,-18221.66312056737,0.088125,0.274127,0.259704,0.049779,1.0,1.0,True,normal_low,0.07058,0.06679,0.023257,1.0,1.0,True,BOTH
18647,16498.92307692307,-18236.03846153846,0.08125,0.211054,0.21336,0.023452,1.0,1.0,True,normal_low,0.065856,0.063778,0.010437,1.0,1.0,True,BOTH
18932,-32701.22992700729,-19316.288321167885,0.085625,0.203104,0.203287,0.021211,1.0,1.0,True,normal_low,0.050744,0.051984,0.007923,1.0,1.0,True,BOTH
18961,10518.7118226601,-18837.689655172413,1.26875,0.231794,0.228064,0.061132,1.0,1.0,True,normal_low,0.030023,0.028505,0.008159,1.0,1.0,True,BOTH
18970,14905.206521739128,-19128.84782608696,0.115,0.221672,0.204528,0.058345,1.0,1.0,True,normal_low,0.015738,0.01566,0.001761,1.0,1.0,True,BOTH
18972,-29610.51112347052,-19309.45550611792,0.561875,0.317412,0.306337,0.064199,1.0,1.0,True,normal_low,0.054443,0.040918,0.029785,1.0,1.0,True,BOTH
18981,25119.19387755102,-19506.84693877552,0.153125,0.247782,0.237531,0.043132,1.0,1.0,True,normal_low,0.093861,0.089783,0.016218,1.0,1.0,True,BOTH
19032,24818.04734111544,-19131.43904020752,0.481875,0.272602,0.260725,0.057726,0.840467,0.840467,True,normal_low,0.050203,0.044556,0.013607,1.0,1.0,True,BOTH
19118,8917.043859649115,-19831.51754385965,0.106875,0.273317,0.257192,0.084223,1.0,1.0,True,normal_low,0.054063,0.05131,0.010933,1.0,1.0,True,BOTH
19245,9382.88353413654,-19894.78112449799,0.31125,0.276003,0.270544,0.070715,1.0,1.0,True,normal_low,0.03935,0.037994,0.008013,1.0,1.0,True,BOTH
19270,-33398.57504873294,-19630.047433398307,1.92375,0.20905,0.205702,0.031336,1.0,1.0,True,normal_low,0.071152,0.0692,0.021569,1.0,1.0,True,BOTH
19299,-31689.10103626943,-20193.08808290155,0.24125,0.206041,0.20083,0.031363,1.0,1.0,True,normal_low,0.050299,0.049934,0.003146,1.0,1.0,True,BOTH
19320,24505.040897097628,-20339.671503957783,0.236875,0.333587,0.328975,0.063456,1.0,1.0,True,normal_low,0.124505,0.128257,0.036329,1.0,1.0,True,BOTH
19394,-32865.94776119403,-20398.604477611952,0.209375,0.238516,0.231138,0.054344,1.0,1.0,True,normal_low,0.05736,0.053416,0.013055,1.0,1.0,True,BOTH
19430,7121.833333333336,-20623.83333333333,0.140625,0.278985,0.260912,0.053982,1.0,1.0,True,normal_low,0.16788,0.078582,0.179293,1.0,1.0,True,BOTH
19447,-31727.508639308857,-20889.921166306696,1.446875,0.260719,0.243309,0.082673,1.0,1.0,True,normal_low,0.045039,0.046374,0.011699,1.0,1.0,True,BOTH
19608,19794.703359858533,-20838.17152961981,1.41375,0.193632,0.191285,0.036935,1.0,1.0,True,normal_low,0.067256,0.055595,0.027725,1.0,1.0,True,BOTH
19676,2580.6961206896594,-20962.08979885057,0.87,0.314338,0.313247,0.060613,1.0,1.0,True,normal_low,0.05338,0.050528,0.013277,1.0,1.0,True,BOTH
19701,-31166.52564102564,-21277.705128205125,0.121875,0.201016,0.19232,0.031761,1.0,1.0,True,normal_low,0.050828,0.044151,0.016555,1.0,1.0,True,BOTH
19774,-3375.7131147541004,-21934.336065573763,0.953125,0.272279,0.257948,0.069962,0.855738,0.855738,True,normal_low,0.07136,0.069953,0.015184,1.0,1.0,True,BOTH
19776,9504.679558011048,-21402.19337016574,0.22625,0.295164,0.279384,0.07204,1.0,1.0,True,normal_low,0.043189,0.040676,0.008273,1.0,1.0,True,BOTH
19797,10086.769585253453,-21206.873271889403,0.27125,0.241004,0.234222,0.054643,1.0,1.0,True,normal_low,0.049206,0.045793,0.014006,1.0,1.0,True,BOTH
19814,2915.15377532228,-21428.50552486188,0.339375,0.329161,0.300938,0.097787,1.0,1.0,True,normal_low,0.046252,0.044103,0.011805,1.0,1.0,True,BOTH
19826,8576.01162790697,-21814.03488372093,0.134375,0.288143,0.288643,0.075692,1.0,1.0,True,normal_low,0.042562,0.042695,0.00698,1.0,1.0,True,BOTH
19849,-32693.86099585062,-21342.65352697096,0.150625,0.234223,0.22738,0.053201,1.0,1.0,True,normal_low,0.030951,0.028879,0.006317,1.0,1.0,True,BOTH
19861,-30773.196011004125,-21434.781980742773,0.454375,0.257728,0.247618,0.056545,1.0,1.0,True,normal_low,0.050037,0.048259,0.020224,1.0,1.0,True,BOTH
19866,5482.905545927213,-21849.153379549403,1.4425,0.297759,0.288559,0.069353,1.0,1.0,True,normal_low,0.090977,0.081408,0.039766,1.0,1.0,True,BOTH
19946,22431.69814241485,-21790.98606811145,0.201875,0.26242,0.255098,0.049837,1.0,1.0,True,normal_low,0.107971,0.103703,0.023636,1.0,1.0,True,BOTH
19955,20914.795629820044,-21694.230077120825,0.243125,0.214022,0.208566,0.061968,1.0,1.0,True,normal_low,0.1107,0.106898,0.027204,1.0,1.0,True,BOTH
19964,3130.290645879737,-21941.482182628068,0.280625,0.352996,0.346216,0.065054,1.0,1.0,True,normal_low,0.059442,0.057224,0.019335,1.0,1.0,True,BOTH
19970,-28518.1246830093,-21882.276838546062,0.739375,0.414336,0.371649,0.157026,1.0,1.0,True,normal_low,0.062569,0.063576,0.021528,1.0,1.0,True,BOTH
19983,1924.091121495323,-21511.64953271029,0.2675,0.280869,0.274062,0.055164,1.0,1.0,True,normal_low,0.063336,0.059997,0.017909,1.0,1.0,True,BOTH
20005,1419.6279527559018,-21495.53838582677,1.27,0.315523,0.304185,0.076703,1.0,1.0,True,normal_low,0.064232,0.060165,0.023434,1.0,1.0,True,BOTH
20014,-32078.37114845938,-22155.87254901961,0.223125,0.30335,0.274379,0.090665,1.0,1.0,True,normal_low,0.022336,0.022112,0.001833,1.0,1.0,True,BOTH
20087,-14362.097938144332,-22034.551546391755,0.12125,0.384283,0.379715,0.069388,1.0,1.0,True,normal_low,0.085332,0.047407,0.087029,1.0,1.0,True,BOTH
20100,-33845.190553745924,-22195.363192182413,0.959375,0.237567,0.235449,0.045088,1.0,1.0,True,normal_low,0.025733,0.025633,0.003101,1.0,1.0,True,BOTH
20143,-28357.894366197183,-22384.12441314553,0.133125,0.504656,0.488188,0.118352,1.0,1.0,True,typical,0.025513,0.024264,0.00318,1.0,1.0,True,BOTH
20253,-36356.843283582086,-22648.13184079602,0.125625,0.264128,0.258822,0.03547,1.0,1.0,True,normal_low,0.032825,0.032603,0.002994,1.0,1.0,True,BOTH
20254,-32601.67845117845,-22487.12626262626,0.556875,0.254404,0.24535,0.060954,1.0,1.0,True,normal_low,0.01986,0.019671,0.002507,1.0,1.0,True,BOTH
20270,-26594.46782841823,-22401.44369973192,0.233125,0.257078,0.253625,0.037553,1.0,1.0,True,normal_low,0.031584,0.02999,0.006264,1.0,1.0,True,BOTH
20302,26954.54807692308,-22643.490384615376,0.13,0.308524,0.302272,0.049245,1.0,1.0,True,normal_low,0.050803,0.04678,0.010237,1.0,1.0,True,BOTH
20335,-32679.720779220777,-22916.166666666657,0.144375,0.283623,0.252577,0.107081,1.0,1.0,True,normal_low,0.019184,0.018861,0.003345,1.0,1.0,True,BOTH
20353,-34764.37195121951,-22988.47357723578,0.3075,0.285717,0.278689,0.045823,1.0,1.0,True,normal_low,0.022626,0.021874,0.003616,1.0,1.0,True,BOTH
20387,-25750.94747081712,-23140.122568093386,1.60625,0.289213,0.278416,0.066814,1.0,1.0,True,normal_low,0.037334,0.036771,0.008843,1.0,1.0,True,BOTH
20451,-33812.46001167542,-23246.8292469352,2.14125,0.258224,0.241925,0.068984,1.0,1.0,True,normal_low,0.0183,0.017528,0.00447,1.0,1.0,True,BOTH
20457,202.2777777777737,-23020.333333333343,0.25875,0.161313,0.160299,0.029616,1.0,1.0,True,normal_low,0.097617,0.094937,0.018307,1.0,1.0,True,BOTH
20469,-1876.468992248061,-23282.25193798449,0.16125,0.228184,0.22049,0.043283,1.0,1.0,True,normal_low,0.15521,0.141578,0.048609,1.0,1.0,True,BOTH
20497,6667.745341614907,-23230.28416149068,0.4025,0.264629,0.254096,0.059646,1.0,1.0,True,normal_low,0.084237,0.068667,0.049381,1.0,1.0,True,BOTH
20678,-33896.61111111111,-23832.0,0.16875,0.231519,0.227416,0.044153,1.0,1.0,True,normal_low,0.015064,0.013193,0.004512,1.0,1.0,True,BOTH
20716,-26776.772123893803,-23830.584070796467,0.2825,0.290817,0.270159,0.084163,1.0,1.0,True,normal_low,0.035467,0.035613,0.004583,1.0,1.0,True,BOTH
20721,3060.161764705881,-23712.95588235295,0.2125,0.257044,0.251598,0.047524,1.0,1.0,True,normal_low,0.050795,0.047655,0.011614,1.0,1.0,True,BOTH
20722,4294.884615384617,-23862.76923076924,0.08125,0.213863,0.207793,0.043075,1.0,1.0,True,normal_low,0.058225,0.057848,0.008623,1.0,1.0,True,BOTH
20802,-32255.58982035928,-24146.75548902196,0.313125,0.212806,0.202796,0.047018,1.0,1.0,True,normal_low,0.038838,0.042241,0.021366,1.0,1.0,True,BOTH
20807,1583.0696920583505,-23779.99027552674,0.77125,0.190999,0.17258,0.061027,1.0,1.0,True,normal_low,0.09444,0.090888,0.021396,1.0,1.0,True,BOTH
20818,-26784.69395465995,-24352.77455919396,0.248125,0.412671,0.409916,0.072985,1.0,1.0,True,normal_low,0.025754,0.023443,0.00765,1.0,1.0,True,BOTH
20824,13432.97457627119,-24106.844632768363,0.22125,,,,0.0,0.0,False,no_data,0.205051,0.222557,0.125578,1.0,1.0,True,S1_ONLY
20830,-27162.01026392962,-24292.755131964805,0.213125,0.353901,0.347284,0.055266,1.0,1.0,True,normal_low,0.027367,0.022775,0.017825,1.0,1.0,True,BOTH
20942,-1431.0118110236217,-24446.94094488189,0.079375,0.199167,0.197273,0.028677,1.0,1.0,True,normal_low,0.05933,0.053453,0.014262,1.0,1.0,True,BOTH
20949,28929.90145985401,-24643.93430656934,0.85625,0.233064,0.228118,0.05921,1.0,1.0,True,normal_low,0.068617,0.064644,0.014476,1.0,1.0,True,BOTH
20996,-27642.494863013697,-24836.443493150684,0.365,0.285632,0.280885,0.057472,1.0,1.0,True,normal_low,0.057086,0.061403,0.024529,1.0,1.0,True,BOTH
21007,-33129.03717026379,-24488.28896882494,0.260625,0.283769,0.280461,0.053094,1.0,1.0,True,normal_low,0.043215,0.042083,0.006052,1.0,1.0,True,BOTH
21038,-4306.48547062539,-24769.856917245736,0.989375,0.168465,0.165595,0.03282,1.0,1.0,True,normal_low,0.068206,0.065653,0.014173,1.0,1.0,True,BOTH
21095,-27062.6408045977,-24849.42816091953,0.2175,0.344456,0.335057,0.061404,1.0,1.0,True,normal_low,0.083921,0.068573,0.037713,1.0,1.0,True,BOTH
21112,-37425.5,-25024.43718592965,0.24875,0.31192,0.297432,0.081506,1.0,1.0,True,normal_low,0.038587,0.03806,0.004629,1.0,1.0,True,BOTH
21129,5555.155066530191,-24569.190378710337,1.22125,0.213348,0.208686,0.040545,1.0,1.0,True,normal_low,0.073324,0.071932,0.014859,1.0,1.0,True,BOTH
21159,-6679.785714285717,-24991.82142857142,0.0875,0.177866,0.172494,0.035628,1.0,1.0,True,normal_low,0.054934,0.051789,0.007652,1.0,1.0,True,BOTH
21278,-28167.07608695652,-25233.19565217392,0.115,0.24141,0.236489,0.048854,1.0,1.0,True,normal_low,0.057468,0.057249,0.006159,1.0,1.0,True,BOTH
21282,13608.988588334738,-25388.32079459002,0.739375,,,,0.0,0.0,False,no_data,0.081014,0.075791,0.0206,1.0,1.0,True,S1_ONLY
21301,29881.474248927043,-25317.0965665236,0.145625,,,,0.0,0.0,False,no_data,0.061726,0.061145,0.007735,1.0,1.0,True,S1_ONLY
21392,-36279.13247863248,-25706.92521367522,0.2925,0.154674,0.143524,0.043226,1.0,1.0,True,normal_low,0.043205,0.041708,0.006908,1.0,1.0,True,BOTH
21394,-25930.13414634146,-25516.35975609756,0.5125,0.314308,0.305705,0.057383,1.0,1.0,True,normal_low,0.039037,0.038796,0.003674,1.0,1.0,True,BOTH
21423,14987.21802325581,-25937.67829457364,0.645,,,,0.0,0.0,False,no_data,0.096445,0.081858,0.043522,1.0,1.0,True,S1_ONLY
21476,-33679.47614314115,-25839.01292246522,0.314375,0.204647,0.198488,0.029338,1.0,1.0,True,normal_low,0.036304,0.035681,0.004497,1.0,1.0,True,BOTH
21477,-23281.22669826224,-25574.77646129542,0.395625,0.30792,0.305265,0.042475,1.0,1.0,True,normal_low,0.057747,0.059206,0.009552,1.0,1.0,True,BOTH
21501,-32721.40643274854,-25824.5,0.106875,0.237219,0.213658,0.085612,1.0,1.0,True,normal_low,0.03765,0.036295,0.006386,1.0,1.0,True,BOTH
21549,-35669.61942098914,-25942.232207478883,0.518125,0.207946,0.193868,0.060323,1.0,1.0,True,normal_low,0.047511,0.039303,0.025689,1.0,1.0,True,BOTH
21553,97.4853479853482,-26350.873626373635,0.170625,0.174414,0.174789,0.026912,1.0,1.0,True,normal_low,0.066777,0.066078,0.005217,1.0,1.0,True,BOTH
21555,15537.478723404252,-26150.56382978724,0.146875,,,,0.0,0.0,False,no_data,0.056803,0.055153,0.009078,1.0,1.0,True,S1_ONLY
21568,16123.964285714284,-26260.57142857142,0.175,,,,0.0,0.0,False,no_data,0.073466,0.07489,0.012019,1.0,1.0,True,S1_ONLY
21651,16555.081157194058,-26487.710445468503,1.220625,,,,0.0,0.0,False,no_data,0.067276,0.064095,0.013077,1.0,1.0,True,S1_ONLY
21695,15833.969696969696,-26468.060606060608,0.0825,,,,0.0,0.0,False,no_data,0.059612,0.055935,0.010675,1.0,1.0,True,S1_ONLY
21704,-33532.95501285347,-26371.415167095125,0.48625,0.193777,0.187096,0.031283,1.0,1.0,True,normal_low,0.037073,0.036203,0.004002,1.0,1.0,True,BOTH
21791,13272.706278026904,-26706.450672645733,0.139375,,,,0.0,0.0,False,no_data,0.09035,0.087913,0.015088,1.0,1.0,True,S1_ONLY
21792,15540.159340659338,-26601.42307692308,0.170625,,,,0.0,0.0,False,no_data,0.065267,0.063202,0.012944,1.0,1.0,True,S1_ONLY
21810,-22410.326589595374,-26590.395953757223,0.108125,0.32418,0.317718,0.060735,1.0,1.0,True,normal_low,0.046974,0.044344,0.012721,1.0,1.0,True,BOTH
21846,15072.706860706863,-26549.13617463618,0.60125,,,,0.0,0.0,False,no_data,0.069513,0.066258,0.012886,1.0,1.0,True,S1_ONLY
21880,-35753.77540106952,-26690.00802139037,0.23375,0.165386,0.16478,0.020868,1.0,1.0,True,normal_low,0.042824,0.039074,0.013353,1.0,1.0,True,BOTH
21897,-30428.553435114503,-26975.645038167942,0.081875,0.27055,0.257582,0.053906,1.0,1.0,True,normal_low,0.046491,0.04613,0.005735,1.0,1.0,True,BOTH
21924,-31733.6,-27268.550000000003,0.3125,0.218366,0.199251,0.059623,1.0,1.0,True,normal_low,0.033304,0.031228,0.006139,1.0,1.0,True,BOTH
21937,-26600.175324675325,-27189.82467532468,0.48125,0.184837,0.178231,0.039491,1.0,1.0,True,normal_low,0.048351,0.047136,0.009851,1.0,1.0,True,BOTH
22013,35230.06338028169,-27164.5,0.221875,,,,0.0,0.0,False,no_data,0.051233,0.048831,0.007812,1.0,1.0,True,S1_ONLY
22023,15719.216088328074,-27268.900630914824,0.39625,,,,0.0,0.0,False,no_data,0.072051,0.072001,0.01132,1.0,1.0,True,S1_ONLY
22032,-32252.57085828344,-27082.683632734523,1.2525,0.225462,0.213902,0.061128,1.0,1.0,True,normal_low,0.033813,0.031255,0.007981,1.0,1.0,True,BOTH
22033,-27146.876811594204,-27197.543478260865,0.215625,0.199015,0.1982,0.029103,1.0,1.0,True,normal_low,0.042872,0.042994,0.007733,1.0,1.0,True,BOTH
22123,16656.392697466472,-27614.30377545952,1.258125,0.269288,0.247314,0.079461,0.15996,0.15996,True,normal_low,0.082866,0.080636,0.020586,1.0,1.0,True,BOTH
22150,15396.74231464738,-27810.666365280296,0.345625,0.199418,0.1963,0.026189,0.039783,0.039783,False,normal_low,0.075726,0.072491,0.015285,1.0,1.0,True,S1_ONLY
22156,14690.67647058823,-27779.61982570807,0.286875,,,,0.0,0.0,False,no_data,0.094412,0.09076,0.019604,1.0,1.0,True,S1_ONLY
22161,-12650.820512820515,-27620.17307692308,0.0975,0.254139,0.247802,0.069041,1.0,1.0,True,normal_low,0.040244,0.038304,0.020817,1.0,1.0,True,BOTH
22164,6780.039358600581,-27248.57069970845,0.8575,,,,0.0,0.0,False,no_data,0.043835,0.042782,0.007846,1.0,1.0,True,S1_ONLY
22175,-32128.81325301205,-27689.56024096385,0.10375,0.184697,0.179565,0.024654,1.0,1.0,True,normal_low,0.029673,0.029433,0.001825,1.0,1.0,True,BOTH
22193,-27816.840361445786,-27990.162650602404,0.2075,0.181889,0.183786,0.029758,1.0,1.0,True,normal_low,0.049567,0.049037,0.006132,1.0,1.0,True,BOTH
22198,-31144.0822147651,-27772.69630872483,0.3725,0.160799,0.157401,0.024298,1.0,1.0,True,normal_low,0.036843,0.037032,0.00542,1.0,1.0,True,BOTH
22215,-31802.63878326996,-27907.48479087453,0.32875,0.179299,0.176256,0.027454,1.0,1.0,True,normal_low,0.031929,0.031518,0.003693,1.0,1.0,True,BOTH
22231,15892.784424379235,-27841.48645598194,0.276875,0.241408,0.239444,0.03569,0.162528,0.162528,True,normal_low,0.07979,0.078012,0.012114,1.0,1.0,True,BOTH
22234,-28299.904761904763,-27834.0238095238,0.105,0.188575,0.184728,0.027847,1.0,1.0,True,normal_low,0.051709,0.051332,0.004445,1.0,1.0,True,BOTH
22258,-34108.946712018136,-28125.12358276645,0.275625,0.230371,0.214737,0.051734,1.0,1.0,True,normal_low,0.038638,0.035885,0.008598,1.0,1.0,True,BOTH
22273,-28746.333333333336,-27989.192982456138,0.21375,0.148644,0.145283,0.022115,1.0,1.0,True,normal_low,0.044773,0.044491,0.004679,1.0,1.0,True,BOTH
22289,-31531.58465608465,-28193.54761904762,0.118125,0.166327,0.161102,0.023505,1.0,1.0,True,normal_low,0.036271,0.035899,0.004515,1.0,1.0,True,BOTH
22303,-30173.8026874116,-28246.88330975955,0.441875,0.206696,0.186008,0.064459,1.0,1.0,True,normal_low,0.042443,0.042116,0.004014,1.0,1.0,True,BOTH
22319,14977.126970227677,-27809.657618213663,0.356875,0.231702,0.233515,0.009714,0.015762,0.015762,False,normal_low,0.089407,0.08392,0.019812,1.0,1.0,True,S1_ONLY
22351,-30881.17590987869,-28217.30762564992,0.360625,0.157506,0.152493,0.025903,1.0,1.0,True,normal_low,0.066697,0.051204,0.032429,1.0,1.0,True,BOTH
22355,-1068.9725848563976,-28222.67232375979,0.239375,0.252729,0.252946,0.032016,1.0,1.0,True,normal_low,0.04909,0.048258,0.005909,1.0,1.0,True,BOTH
22360,-33977.8719879518,-28475.02710843373,0.415,0.306896,0.264816,0.111619,1.0,1.0,True,normal_low,0.05169,0.042667,0.023203,1.0,1.0,True,BOTH
22361,-28334.25912408759,-28315.558394160587,0.3425,0.194866,0.177278,0.053733,1.0,1.0,True,normal_low,0.043561,0.043161,0.004356,1.0,1.0,True,BOTH
22377,-27408.237260402057,-28891.93805516596,1.336875,0.195287,0.183701,0.053871,1.0,1.0,True,normal_low,0.069244,0.065076,0.0173,1.0,1.0,True,BOTH
22379,-325.2863247863206,-28357.08547008547,0.14625,0.273615,0.270157,0.040903,1.0,1.0,True,normal_low,0.054134,0.053335,0.006464,1.0,1.0,True,BOTH
22383,-31840.67857142857,-28427.625,0.105,0.172219,0.167087,0.031881,1.0,1.0,True,normal_low,0.03586,0.036007,0.002981,1.0,1.0,True,BOTH
22384,-29243.634715025903,-28421.46891191709,0.603125,0.257918,0.23604,0.089241,1.0,1.0,True,normal_low,0.045631,0.04493,0.005647,1.0,1.0,True,BOTH
22402,-31080.14824120603,-28564.19849246231,0.124375,0.168004,0.164971,0.02828,1.0,1.0,True,normal_low,0.05349,0.04962,0.013889,1.0,1.0,True,BOTH
22403,-30627.02173913044,-28568.413043478256,0.14375,0.171202,0.16798,0.02656,1.0,1.0,True,normal_low,0.06909,0.063308,0.020738,1.0,1.0,True,BOTH
22409,5399.884615384617,-28317.0,0.08125,0.295717,0.283629,0.06627,1.0,1.0,True,normal_low,0.083995,0.086968,0.010359,1.0,1.0,True,BOTH
22421,22528.94852941176,-28042.367647058825,0.425,0.255107,0.252389,0.040846,1.0,1.0,True,normal_low,0.06047,0.058134,0.017624,1.0,1.0,True,BOTH
22442,-31473.57692307692,-28555.39743589744,0.121875,0.185945,0.181463,0.038073,1.0,1.0,True,normal_low,0.040074,0.040281,0.004278,1.0,1.0,True,BOTH
22443,-27695.25806451613,-28368.163594470054,0.27125,0.206556,0.201193,0.040323,1.0,1.0,True,normal_low,0.047839,0.045999,0.00965,1.0,1.0,True,BOTH
22491,16997.962214411244,-28504.816344463965,0.355625,0.247237,0.242828,0.051443,1.0,1.0,True,normal_low,0.107424,0.101297,0.028373,1.0,1.0,True,BOTH
22493,-32293.77689243028,-28762.14940239044,0.31375,0.224698,0.221684,0.054885,1.0,1.0,True,normal_low,0.033768,0.033742,0.006985,1.0,1.0,True,BOTH
22495,-2666.407079646022,-27909.45575221238,0.70625,0.612003,0.64687,0.304471,1.0,1.0,True,typical,0.046862,0.044933,0.009684,1.0,1.0,True,BOTH
22496,5476.66262975779,-28596.039792387543,0.180625,0.263185,0.254936,0.039488,1.0,1.0,True,normal_low,0.063395,0.063367,0.009776,1.0,1.0,True,BOTH
22504,17493.015625,-28767.9375,0.2,0.232594,0.224359,0.050608,1.0,1.0,True,normal_low,0.096384,0.093849,0.01187,1.0,1.0,True,BOTH
22527,15665.611111111117,-28724.22222222222,0.1125,0.212342,0.206713,0.033457,1.0,1.0,True,normal_low,0.092371,0.088616,0.014076,1.0,1.0,True,BOTH
22529,-33049.3726042841,-28948.59808342728,0.554375,0.228149,0.205831,0.078607,1.0,1.0,True,normal_low,0.036602,0.036758,0.00691,1.0,1.0,True,BOTH
22532,-28152.03846153846,-28783.73076923077,0.1625,0.213414,0.205903,0.052242,1.0,1.0,True,normal_low,0.054555,0.055521,0.01033,1.0,1.0,True,BOTH
22541,-29613.049309664697,-28879.80078895464,0.63375,0.198143,0.194227,0.039482,1.0,1.0,True,normal_low,0.047279,0.045588,0.0069,1.0,1.0,True,BOTH
22546,16017.65217391304,-28697.0,0.14375,0.239897,0.235796,0.039603,1.0,1.0,True,normal_low,0.084811,0.080492,0.021056,1.0,1.0,True,BOTH
22547,16350.668224299065,-28604.03938584779,0.468125,0.260062,0.251101,0.059281,1.0,1.0,True,normal_low,0.097626,0.09033,0.035909,1.0,1.0,True,BOTH
22566,16770.8133640553,-28885.559907834104,0.135625,0.29585,0.289695,0.055252,1.0,1.0,True,normal_low,0.151741,0.157365,0.048058,1.0,1.0,True,BOTH
22606,22992.37234042553,-29084.712765957447,0.146875,0.249467,0.245593,0.040068,0.842553,0.842553,True,normal_low,0.041741,0.042581,0.005105,1.0,1.0,True,BOTH
22625,28183.03333333333,-28801.966666666674,0.234375,,,,0.0,0.0,False,no_data,0.04733,0.045851,0.008386,1.0,1.0,True,S1_ONLY
22646,-28797.52486678508,-29157.27087033748,0.351875,0.171319,0.165521,0.030011,1.0,1.0,True,normal_low,0.052577,0.052542,0.006739,1.0,1.0,True,BOTH
22702,12750.09322033899,-28920.60169491525,0.184375,0.230999,0.222154,0.052496,0.589831,0.589831,True,normal_low,0.109811,0.108278,0.01788,1.0,1.0,True,BOTH
22739,-25388.14367816092,-29260.706896551725,0.10875,0.158483,0.157904,0.016292,1.0,1.0,True,normal_low,0.08217,0.08332,0.013347,1.0,1.0,True,BOTH
22752,-12649.205179282872,-29173.90239043825,0.156875,0.251716,0.248965,0.044143,1.0,1.0,True,normal_low,0.084118,0.081566,0.008556,1.0,1.0,True,BOTH
22756,17428.546762589925,-29261.730215827338,0.17375,0.219041,0.212008,0.041973,1.0,1.0,True,normal_low,0.096588,0.095236,0.012418,1.0,1.0,True,BOTH
22792,-21819.25,-28893.05598669623,1.1275,0.219657,0.224709,0.054782,1.0,1.0,True,normal_low,0.080437,0.078813,0.01347,1.0,1.0,True,BOTH
22826,16758.262886597935,-29489.577319587625,0.12125,0.245876,0.240963,0.044835,1.0,1.0,True,normal_low,0.109306,0.107457,0.017254,1.0,1.0,True,BOTH
22843,-5306.430656934303,-29760.175182481747,0.17125,0.231096,0.227881,0.032278,1.0,1.0,True,normal_low,0.058006,0.056325,0.011032,1.0,1.0,True,BOTH
22854,4138.32488479263,-29407.190092165896,1.085,0.240441,0.2366,0.046019,0.857143,0.857143,True,normal_low,0.062621,0.061948,0.011532,1.0,1.0,True,BOTH
22876,-13886.601598173516,-29926.26940639269,0.5475,0.290599,0.281972,0.064937,1.0,1.0,True,normal_low,0.098854,0.09932,0.012705,1.0,1.0,True,BOTH
22892,4528.071428571428,-29601.37969924812,0.083125,0.217857,0.213796,0.027769,0.526316,0.526316,True,normal_low,0.049916,0.04743,0.010112,1.0,1.0,True,BOTH
22927,13824.127791563276,-30008.37096774194,0.251875,0.219732,0.213279,0.042014,1.0,1.0,True,normal_low,0.071067,0.070416,0.008761,1.0,1.0,True,BOTH
22956,-11650.721483942412,-30283.414728682168,0.564375,0.214725,0.214153,0.030507,1.0,1.0,True,normal_low,0.089747,0.085434,0.016418,1.0,1.0,True,BOTH
22962,-33371.243639921726,-30177.92465753424,0.319375,0.216923,0.217008,0.025508,1.0,1.0,True,normal_low,0.039386,0.039725,0.004674,1.0,1.0,True,BOTH
23035,16227.167682926824,-29904.949695121963,0.41,0.245983,0.235617,0.054875,1.0,1.0,True,normal_low,0.095535,0.089458,0.022564,1.0,1.0,True,BOTH
23070,-28156.04885404101,-29945.0066344994,0.518125,0.138844,0.127061,0.037961,1.0,1.0,True,normal_low,0.072335,0.071006,0.010063,1.0,1.0,True,BOTH
23080,-9957.678217821784,-30435.48629093678,0.820625,0.173801,0.169943,0.032484,1.0,1.0,True,normal_low,0.084975,0.082337,0.012521,1.0,1.0,True,BOTH
23093,-26696.66745283019,-30320.431603773584,0.795,0.206973,0.201128,0.058174,1.0,1.0,True,normal_low,0.075544,0.077244,0.017913,1.0,1.0,True,BOTH
23145,-27084.27192982456,-30619.236842105267,0.1425,0.237556,0.236692,0.024745,1.0,1.0,True,normal_low,0.112938,0.094425,0.052696,1.0,1.0,True,BOTH
23149,-6904.693548387098,-30753.612903225803,0.19375,0.225396,0.223663,0.03309,1.0,1.0,True,normal_low,0.090047,0.06119,0.077495,1.0,1.0,True,BOTH
23262,-9431.354523950322,-31225.10615020698,2.11375,0.180211,0.177659,0.035217,1.0,1.0,True,normal_low,0.078926,0.076348,0.014567,1.0,1.0,True,BOTH
23316,14718.885593220344,-31175.45338983051,0.1475,0.241162,0.230115,0.041714,1.0,1.0,True,normal_low,0.101678,0.099608,0.018312,1.0,1.0,True,BOTH
23321,-2904.5123456790097,-31166.78395061729,0.455625,0.200508,0.198703,0.029891,0.890261,0.890261,True,normal_low,0.047035,0.046239,0.007308,1.0,1.0,True,BOTH
23327,-8283.015337423312,-31164.99079754601,0.101875,0.231939,0.228965,0.032019,1.0,1.0,True,normal_low,0.068681,0.068896,0.004287,1.0,1.0,True,BOTH
23395,-1160.9234527687297,-31108.457654723126,2.878125,0.243676,0.239911,0.043221,0.406515,0.406515,True,normal_low,0.051243,0.048857,0.011668,1.0,1.0,True,BOTH
23415,-8651.577097505666,-31303.41156462585,0.275625,0.210681,0.207776,0.031156,1.0,1.0,True,normal_low,0.075994,0.074504,0.01069,1.0,1.0,True,BOTH
23455,-6376.323045267491,-31575.32304526749,0.151875,0.2047,0.199664,0.037425,1.0,1.0,True,normal_low,0.085114,0.084592,0.009288,1.0,1.0,True,BOTH
23522,1850.253768844217,-32147.615577889446,0.124375,,,,0.0,0.0,False,no_data,0.055484,0.055084,0.005613,1.0,1.0,True,S1_ONLY
23583,-8820.232937685461,-32109.663204747776,0.210625,0.153775,0.15445,0.035377,1.0,1.0,True,normal_low,0.076012,0.070492,0.024286,1.0,1.0,True,BOTH
23610,-23183.21604938272,-32143.944444444453,0.10125,0.230907,0.229871,0.025362,1.0,1.0,True,normal_low,0.063877,0.061378,0.007493,1.0,1.0,True,BOTH
23614,1346.2839805825206,-32132.995145631063,0.2575,,,,0.0,0.0,False,no_data,0.061193,0.059683,0.007592,1.0,1.0,True,S1_ONLY
23627,2509.792887029289,-32081.90585774058,0.746875,0.265149,0.2553,0.046531,0.029289,0.029289,False,normal_low,0.04779,0.046048,0.006941,1.0,1.0,True,S1_ONLY
23628,17038.250000000007,-32324.84090909091,0.1375,0.295356,0.278234,0.06662,0.790909,0.790909,True,normal_low,0.123187,0.119425,0.020241,1.0,1.0,True,BOTH
23663,-6820.55051590714,-31772.742691315565,2.9075,0.206175,0.199919,0.043862,1.0,1.0,True,normal_low,0.090466,0.081501,0.04234,1.0,1.0,True,BOTH
23664,-1053.4872673849168,-32436.179725759062,0.638125,,,,0.0,0.0,False,no_data,0.066231,0.063865,0.014617,1.0,1.0,True,S1_ONLY
23778,-1434.2786259541972,-32967.82061068702,0.081875,,,,0.0,0.0,False,no_data,0.078809,0.079007,0.009581,1.0,1.0,True,S1_ONLY
23904,-228.2777777777737,-33230.7091503268,0.095625,,,,0.0,0.0,False,no_data,0.063241,0.061117,0.005421,1.0,1.0,True,S1_ONLY
23911,-6543.718954248368,-33403.01307189543,0.19125,,,,0.0,0.0,False,no_data,0.08524,0.083911,0.018336,1.0,1.0,True,S1_ONLY
23915,-315.8100775193816,-33492.523255813954,0.080625,,,,0.0,0.0,False,no_data,0.069659,0.069608,0.005179,1.0,1.0,True,S1_ONLY
23960,8656.586614173226,-33657.86614173227,0.15875,0.206737,0.196675,0.049101,1.0,1.0,True,normal_low,0.03152,0.030887,0.00299,1.0,1.0,True,BOTH
24000,7868.071428571435,-33814.857142857145,0.0875,0.219251,0.209591,0.044995,1.0,1.0,True,normal_low,0.046397,0.046526,0.005678,1.0,1.0,True,BOTH
24017,9405.493803622492,-34012.98903717825,1.31125,0.239513,0.234318,0.0495,1.0,1.0,True,normal_low,0.039254,0.036858,0.007552,1.0,1.0,True,BOTH
24032,-26714.01304945055,-34188.03021978022,0.91,0.190521,0.183818,0.03618,1.0,1.0,True,normal_low,0.071869,0.067622,0.0178,1.0,1.0,True,BOTH
24038,21211.170020120728,-33993.061368209266,0.310625,,,,0.0,0.0,False,no_data,0.039064,0.039247,0.004305,1.0,1.0,True,S1_ONLY
24045,6826.950980392154,-33885.03921568628,0.1275,0.28569,0.266727,0.082549,1.0,1.0,True,normal_low,0.04938,0.046991,0.009105,1.0,1.0,True,BOTH
24063,8365.249414519902,-33774.90983606556,0.53375,0.225613,0.223699,0.040819,1.0,1.0,True,normal_low,0.040677,0.037539,0.009747,1.0,1.0,True,BOTH
24069,-10613.769230769234,-34137.769230769234,0.08125,0.394327,0.392469,0.104472,1.0,1.0,True,normal_low,0.108343,0.10597,0.012709,1.0,1.0,True,BOTH
24086,-2692.1666666666715,-34071.72222222222,0.106875,,,,0.0,0.0,False,no_data,0.035828,0.03506,0.003155,1.0,1.0,True,S1_ONLY
24096,10287.080645161288,-34285.14516129032,0.096875,0.210307,0.211454,0.028401,1.0,1.0,True,normal_low,0.041149,0.036169,0.011889,1.0,1.0,True,BOTH
24102,-5725.916666666664,-34166.30555555556,0.1125,,,,0.0,0.0,False,no_data,0.156026,0.117748,0.096802,1.0,1.0,True,S1_ONLY
24116,6328.445601074542,-34070.75587642714,0.930625,0.229568,0.221212,0.053297,1.0,1.0,True,normal_low,0.060064,0.058881,0.022895,1.0,1.0,True,BOTH
24117,7995.640939597317,-34159.90268456376,0.093125,0.255132,0.252995,0.041691,1.0,1.0,True,normal_low,0.043195,0.040113,0.008425,1.0,1.0,True,BOTH
24118,-27149.827956989247,-34450.30645161291,0.2325,0.214414,0.205305,0.040111,1.0,1.0,True,normal_low,0.095503,0.087868,0.019485,1.0,1.0,True,BOTH
24132,7128.927549194988,-34295.29606440071,0.349375,0.275893,0.273749,0.056078,1.0,1.0,True,normal_low,0.064668,0.064279,0.012668,1.0,1.0,True,BOTH
24134,-28557.759450171823,-33973.812714776635,0.36375,0.217146,0.211869,0.047382,1.0,1.0,True,normal_low,0.090484,0.080625,0.028906,1.0,1.0,True,BOTH
24164,-2818.5869565217363,-34591.41304347826,0.359375,,,,0.0,0.0,False,no_data,0.048175,0.044944,0.016909,1.0,1.0,True,S1_ONLY
24165,-24806.024079320112,-34470.17988668555,0.220625,0.166119,0.164409,0.019482,1.0,1.0,True,normal_low,0.066633,0.065936,0.00849,1.0,1.0,True,BOTH
24213,-25794.78260869565,-34345.19565217392,0.71875,0.182151,0.180902,0.029788,1.0,1.0,True,normal_low,0.068125,0.062105,0.023991,1.0,1.0,True,BOTH
24214,-25852.59580838324,-34626.59580838322,0.104375,0.161975,0.161999,0.016855,1.0,1.0,True,normal_low,0.079262,0.078341,0.012238,1.0,1.0,True,BOTH
24219,8300.833992094864,-34573.56126482214,0.31625,0.251073,0.251387,0.050324,1.0,1.0,True,normal_low,0.06751,0.067409,0.013302,1.0,1.0,True,BOTH
24223,-3100.271689497713,-34693.33561643836,0.136875,,,,0.0,0.0,False,no_data,0.042037,0.040119,0.006661,1.0,1.0,True,S1_ONLY
24224,5690.129011553276,-35054.57060333762,0.486875,0.196161,0.185424,0.053409,1.0,1.0,True,normal_low,0.054909,0.054624,0.010497,1.0,1.0,True,BOTH
24238,-3340.8543307086657,-34636.31102362204,0.079375,,,,0.0,0.0,False,no_data,0.048119,0.041125,0.014831,1.0,1.0,True,S1_ONLY
24245,5678.061452513968,-34457.460893854746,0.22375,0.185136,0.185081,0.029164,1.0,1.0,True,normal_low,0.056648,0.054432,0.013603,1.0,1.0,True,BOTH
24246,10323.969496021222,-34739.75198938993,0.235625,0.267116,0.261774,0.062807,0.625995,0.625995,True,normal_low,0.032201,0.031791,0.004224,1.0,1.0,True,BOTH
24269,-24877.516129032258,-34841.53629032259,0.155,0.155938,0.153569,0.021547,1.0,1.0,True,normal_low,0.069201,0.069674,0.006629,1.0,1.0,True,BOTH
24275,-3764.906779661018,-34914.471751412435,0.110625,,,,0.0,0.0,False,no_data,0.04126,0.040743,0.005261,1.0,1.0,True,S1_ONLY
24279,10708.758177570096,-34857.443925233645,0.535,0.242137,0.245391,0.05206,0.247664,0.247664,True,normal_low,0.038186,0.037052,0.006714,1.0,1.0,True,BOTH
24281,-24692.4776119403,-34824.5,0.08375,0.168915,0.16316,0.023546,1.0,1.0,True,normal_low,0.068151,0.068373,0.00579,1.0,1.0,True,BOTH
24289,7053.731625835186,-34846.270601336306,0.280625,0.299718,0.295235,0.059901,1.0,1.0,True,normal_low,0.063818,0.062392,0.011356,1.0,1.0,True,BOTH
24294,-24271.82523148148,-35367.179398148146,0.54,0.162444,0.157994,0.027304,1.0,1.0,True,normal_low,0.076557,0.074038,0.012324,1.0,1.0,True,BOTH
24305,9774.281341107868,-34605.84110787172,0.214375,0.262563,0.259375,0.049351,1.0,1.0,True,normal_low,0.03321,0.03268,0.002998,1.0,1.0,True,BOTH
24311,-26494.25,-34780.125,0.1,0.1704,0.163002,0.029549,1.0,1.0,True,normal_low,0.097786,0.091686,0.033472,1.0,1.0,True,BOTH
24312,7730.031984334208,-34883.883159268924,0.9575,0.263425,0.259595,0.051928,1.0,1.0,True,normal_low,0.061518,0.058257,0.014802,1.0,1.0,True,BOTH
24313,9515.07788944724,-34862.31407035176,0.124375,0.243054,0.241223,0.041091,1.0,1.0,True,normal_low,0.038054,0.036562,0.006283,1.0,1.0,True,BOTH
24316,-25752.82300884956,-35004.58849557521,0.14125,0.163302,0.162719,0.021857,1.0,1.0,True,normal_low,0.099746,0.100126,0.010612,1.0,1.0,True,BOTH
24325,-681.6214953271046,-35117.58411214953,0.334375,0.164443,0.15587,0.047723,0.957009,0.957009,True,normal_low,0.043844,0.039774,0.01505,1.0,1.0,True,BOTH
24330,26522.65789473684,-35076.21052631579,0.11875,0.170866,0.169729,0.017069,1.0,1.0,True,normal_low,0.048286,0.047604,0.00483,1.0,1.0,True,BOTH
24337,-10246.214285714284,-34781.6768707483,0.459375,0.292071,0.282234,0.102243,1.0,1.0,True,normal_low,0.098666,0.095831,0.014146,1.0,1.0,True,BOTH
24340,5039.70655270655,-34716.05982905983,0.43875,0.191707,0.188574,0.032455,1.0,1.0,True,normal_low,0.041442,0.040467,0.00874,1.0,1.0,True,BOTH
24343,-4581.034351145034,-35042.756997455464,0.245625,,,,0.0,0.0,False,no_data,0.053697,0.051869,0.009205,1.0,1.0,True,S1_ONLY
24365,-25096.264272559853,-35071.921731123395,0.339375,0.154029,0.150673,0.023029,1.0,1.0,True,normal_low,0.081349,0.076891,0.019971,1.0,1.0,True,BOTH
24367,-3848.372340425536,-35200.56382978724,0.088125,,,,0.0,0.0,False,no_data,0.043657,0.04335,0.005479,1.0,1.0,True,S1_ONLY
24372,-27017.010416666668,-35125.85416666667,0.3,0.25211,0.243729,0.049794,1.0,1.0,True,normal_low,0.096826,0.092983,0.01286,1.0,1.0,True,BOTH
24419,5134.8540772532215,-35471.38841201717,0.29125,0.217325,0.206646,0.060583,1.0,1.0,True,normal_low,0.046193,0.044888,0.006227,1.0,1.0,True,BOTH
24422,-21281.24398249453,-35252.78227571116,0.285625,0.236293,0.235377,0.023548,1.0,1.0,True,normal_low,0.075154,0.075341,0.006859,1.0,1.0,True,BOTH
24449,-25895.616861435727,-35299.353923205344,0.74875,0.21644,0.180355,0.106245,1.0,1.0,True,normal_low,0.092257,0.092883,0.013118,1.0,1.0,True,BOTH
24452,8620.018867924533,-34893.78066037735,0.53,0.219331,0.217151,0.058258,1.0,1.0,True,normal_low,0.060093,0.05883,0.014701,1.0,1.0,True,BOTH
24468,10242.891719745225,-35349.4203821656,0.19625,,,,0.0,0.0,False,no_data,0.044363,0.045445,0.005272,1.0,1.0,True,S1_ONLY
24472,-2627.123376623378,-35655.344155844155,0.09625,,,,0.0,0.0,False,no_data,0.038517,0.037618,0.007469,1.0,1.0,True,S1_ONLY
24475,-2316.0357142857174,-35609.5,0.0875,0.13968,0.143424,0.005876,0.035714,0.035714,False,normal_low,0.043999,0.042003,0.007588,1.0,1.0,True,S1_ONLY
24486,6796.659090909088,-35511.621212121216,0.0825,0.255972,0.254263,0.051046,1.0,1.0,True,normal_low,0.062568,0.060953,0.007216,1.0,1.0,True,BOTH
24487,8783.909340659338,-35387.206043956045,0.2275,0.239257,0.238412,0.046545,1.0,1.0,True,normal_low,0.04503,0.044012,0.010627,1.0,1.0,True,BOTH
24488,9273.157289002564,-35223.34910485933,0.48875,0.238805,0.236937,0.045544,0.754476,0.754476,True,normal_low,0.041825,0.039113,0.00939,1.0,1.0,True,BOTH
24489,11331.82519422863,-35170.72641509434,0.563125,,,,0.0,0.0,False,no_data,0.039738,0.038457,0.005792,1.0,1.0,True,S1_ONLY
24497,7808.220930232565,-35487.678294573634,0.080625,0.265847,0.267232,0.042917,1.0,1.0,True,normal_low,0.069251,0.063626,0.012683,1.0,1.0,True,BOTH
24503,-3621.455882352937,-35513.5294117647,1.0625,,,,0.0,0.0,False,no_data,0.048022,0.045904,0.012607,1.0,1.0,True,S1_ONLY
24521,-27030.28395061728,-35757.83333333334,0.10125,0.181677,0.177285,0.021252,1.0,1.0,True,normal_low,0.095145,0.091802,0.010554,1.0,1.0,True,BOTH
24525,4475.608870967742,-34958.89516129032,0.775,0.219949,0.213511,0.041125,1.0,1.0,True,normal_low,0.039111,0.038921,0.012285,1.0,1.0,True,BOTH
24527,-27397.09940209268,-35540.12032884902,0.418125,0.238933,0.22059,0.083336,1.0,1.0,True,normal_low,0.144371,0.128783,0.068009,1.0,1.0,True,BOTH
24529,-2900.7659574468125,-35834.207446808505,0.1175,,,,0.0,0.0,False,no_data,0.035067,0.032525,0.007489,1.0,1.0,True,S1_ONLY
24530,7150.306451612902,-35578.5770609319,0.34875,0.283847,0.277225,0.056119,1.0,1.0,True,normal_low,0.068024,0.065041,0.009999,1.0,1.0,True,BOTH
24537,10987.207182320446,-35647.059852670354,0.339375,,,,0.0,0.0,False,no_data,0.041454,0.040778,0.004667,1.0,1.0,True,S1_ONLY
24546,24977.02808988764,-35893.32022471911,0.166875,0.210518,0.208109,0.029277,1.0,1.0,True,normal_low,0.051784,0.051594,0.015268,1.0,1.0,True,BOTH
24547,-23245.514245014245,-35733.18945868946,0.219375,0.18355,0.184725,0.022,1.0,1.0,True,normal_low,0.06924,0.068011,0.007724,1.0,1.0,True,BOTH
24556,935.427152317876,-35693.04304635762,0.094375,0.382542,0.370431,0.104678,1.0,1.0,True,normal_low,0.034955,0.035333,0.002867,1.0,1.0,True,BOTH
24558,-25406.39285714285,-35789.678571428565,0.175,0.161099,0.141084,0.060799,1.0,1.0,True,normal_low,0.111383,0.103505,0.032123,1.0,1.0,True,BOTH
24560,24384.2667638484,-35916.62827988337,0.214375,0.216152,0.215894,0.026925,1.0,1.0,True,normal_low,0.037938,0.036292,0.007326,1.0,1.0,True,BOTH
24569,8120.4409594096,-35804.06642066421,0.33875,0.279928,0.268905,0.056995,1.0,1.0,True,normal_low,0.06377,0.063933,0.012889,1.0,1.0,True,BOTH
24578,-994.2250996015936,-35809.85856573706,0.156875,0.279252,0.282331,0.06872,1.0,1.0,True,normal_low,0.054967,0.051286,0.012468,1.0,1.0,True,BOTH
24579,6818.007751937992,-36021.3992248062,0.16125,0.292676,0.288011,0.084697,1.0,1.0,True,normal_low,0.068654,0.067342,0.009159,1.0,1.0,True,BOTH
24584,-26554.84065934065,-35861.58791208791,0.284375,0.18163,0.164383,0.056808,1.0,1.0,True,normal_low,0.08928,0.084073,0.024065,1.0,1.0,True,BOTH
24587,8789.169421487597,-36008.900826446275,0.45375,0.259094,0.252427,0.053636,0.363636,0.363636,True,normal_low,0.048759,0.048322,0.006979,1.0,1.0,True,BOTH
24603,-2588.892857142855,-36014.5,0.0875,0.201372,0.196399,0.018795,0.25,0.25,True,normal_low,0.047974,0.048433,0.007568,1.0,1.0,True,BOTH
24608,-24802.64285714286,-35982.928571428565,0.109375,0.181924,0.178698,0.032287,1.0,1.0,True,normal_low,0.082933,0.081358,0.015596,1.0,1.0,True,BOTH
24627,10122.885236447515,-35584.64994232987,0.541875,0.24319,0.235826,0.044766,0.087659,0.087659,False,normal_low,0.050195,0.050527,0.00959,1.0,1.0,True,S1_ONLY
24628,12336.72826086956,-36085.233695652176,0.115,,,,0.0,0.0,False,no_data,0.09531,0.066712,0.069004,1.0,1.0,True,S1_ONLY
24643,9463.143533123024,-35942.034174553104,0.594375,0.199116,0.200722,0.021624,0.014721,0.014721,False,normal_low,0.053064,0.050788,0.011407,1.0,1.0,True,S1_ONLY
24653,3613.560887512896,-35729.2987616099,0.605625,0.22252,0.219624,0.038546,1.0,1.0,True,normal_low,0.047551,0.047113,0.008096,1.0,1.0,True,BOTH
24664,-26056.65577889448,-36311.64405360134,0.373125,0.163889,0.147211,0.04547,1.0,1.0,True,normal_low,0.090581,0.090129,0.015293,1.0,1.0,True,BOTH
24678,6189.465397923879,-36354.08477508651,0.180625,0.215872,0.212821,0.036094,1.0,1.0,True,normal_low,0.076704,0.071275,0.012295,1.0,1.0,True,BOTH
24679,12106.491525423737,-36485.16384180791,0.22125,,,,0.0,0.0,False,no_data,0.047332,0.047221,0.005581,1.0,1.0,True,S1_ONLY
24682,-20660.889610389608,-36116.22077922078,0.09625,0.238994,0.228478,0.064523,1.0,1.0,True,normal_low,0.069788,0.070383,0.005564,1.0,1.0,True,BOTH
24689,12431.778481012654,-36465.85021097046,0.148125,,,,0.0,0.0,False,no_data,0.047934,0.046508,0.005194,1.0,1.0,True,S1_ONLY
24699,21619.954545454544,-36365.57142857144,0.09625,0.224158,0.219432,0.055301,1.0,1.0,True,normal_low,0.042838,0.042188,0.003088,1.0,1.0,True,BOTH
24706,11706.190140845072,-36318.47007042254,0.355,,,,0.0,0.0,False,no_data,0.043237,0.043126,0.004617,1.0,1.0,True,S1_ONLY
24711,10705.744995996793,-36232.38630904725,0.780625,,,,0.0,0.0,False,no_data,0.053108,0.05084,0.011487,1.0,1.0,True,S1_ONLY
24716,23940.474145891043,-36237.24238227148,0.676875,0.212945,0.210569,0.024046,1.0,1.0,True,normal_low,0.047577,0.046602,0.011085,1.0,1.0,True,BOTH
24725,5685.252688172048,-36293.47849462366,0.290625,0.209542,0.208562,0.030104,1.0,1.0,True,normal_low,0.06606,0.06263,0.012921,1.0,1.0,True,BOTH
24726,13479.370129870127,-36666.87012987013,0.28875,,,,0.0,0.0,False,no_data,0.048202,0.049908,0.016724,1.0,1.0,True,S1_ONLY
24742,5020.124303233002,-36131.4397993311,0.560625,0.221427,0.218194,0.046037,1.0,1.0,True,normal_low,0.06116,0.052175,0.03471,1.0,1.0,True,BOTH
24744,8060.21428571429,-36373.01190476191,0.105,0.320807,0.314467,0.069075,0.547619,0.547619,True,normal_low,0.047653,0.048158,0.004777,1.0,1.0,True,BOTH
24745,9874.837837837831,-36445.37837837839,0.23125,,,,0.0,0.0,False,no_data,0.057871,0.057776,0.004791,1.0,1.0,True,S1_ONLY
24747,26298.78571428571,-36484.142857142855,0.0875,0.153515,0.156697,0.021523,1.0,1.0,True,normal_low,0.057165,0.055648,0.005467,1.0,1.0,True,BOTH
24753,6525.962765957447,-36334.60638297872,0.1175,0.235618,0.22504,0.055131,1.0,1.0,True,normal_low,0.075681,0.076289,0.009365,1.0,1.0,True,BOTH
24754,12925.146298472384,-36485.16392479435,0.531875,,,,0.0,0.0,False,no_data,0.049164,0.047104,0.00905,1.0,1.0,True,S1_ONLY
24756,18301.29324894515,-36312.9493670886,0.29625,,,,0.0,0.0,False,no_data,0.042515,0.041713,0.006208,1.0,1.0,True,S1_ONLY
24758,-332.170822942644,-36603.365336658346,0.50125,0.186654,0.185305,0.040062,1.0,1.0,True,normal_low,0.061212,0.059838,0.013744,1.0,1.0,True,BOTH
24761,-24401.948122215148,-36374.5,0.981875,0.162089,0.157699,0.038188,1.0,1.0,True,normal_low,0.098264,0.096975,0.016907,1.0,1.0,True,BOTH
24763,-2509.3095238095266,-36476.59523809524,0.328125,0.243498,0.20668,0.102339,0.95619,0.95619,True,normal_low,0.042783,0.042227,0.006229,1.0,1.0,True,BOTH
24765,7462.899503722088,-36322.32878411911,0.755625,0.313262,0.308063,0.06923,0.986766,0.986766,True,normal_low,0.077063,0.075772,0.01586,1.0,1.0,True,BOTH
24779,-1260.3277212216126,-36525.30266249021,0.798125,0.209775,0.20216,0.055308,1.0,1.0,True,normal_low,0.051896,0.048603,0.01376,1.0,1.0,True,BOTH
24783,-24410.274436090225,-36705.8909774436,0.083125,0.141792,0.141116,0.018879,1.0,1.0,True,normal_low,0.094095,0.09308,0.008727,1.0,1.0,True,BOTH
24788,11309.20873786408,-36478.14077669903,0.12875,,,,0.0,0.0,False,no_data,0.050305,0.051093,0.007002,1.0,1.0,True,S1_ONLY
24794,3732.484949832775,-36708.739130434784,0.37375,0.268978,0.258854,0.065054,1.0,1.0,True,normal_low,0.067312,0.054488,0.033369,1.0,1.0,True,BOTH
24796,21175.80718954248,-36326.62418300654,0.3825,0.17942,0.17957,0.024695,0.393791,0.393791,True,normal_low,0.041497,0.039039,0.00743,1.0,1.0,True,BOTH
24802,-21384.7039800995,-36813.74129353234,0.25125,0.217741,0.21351,0.043953,1.0,1.0,True,normal_low,0.072575,0.072163,0.005893,1.0,1.0,True,BOTH
24813,24813.64772727272,-36531.545454545456,0.275,0.172684,0.170187,0.030955,1.0,1.0,True,normal_low,0.056427,0.053956,0.010071,1.0,1.0,True,BOTH
24823,10460.524305555557,-36818.25,0.18,,,,0.0,0.0,False,no_data,0.066743,0.066647,0.007998,1.0,1.0,True,S1_ONLY
24838,10985.646496815289,-37111.70806794055,0.294375,,,,0.0,0.0,False,no_data,0.072133,0.072077,0.011173,1.0,1.0,True,S1_ONLY
24844,-1309.2912087912118,-37170.79120879121,0.2275,0.185429,0.18723,0.025791,1.0,1.0,True,normal_low,0.048525,0.047439,0.005656,1.0,1.0,True,BOTH
24845,68.27224199288321,-37043.89501779359,0.175625,0.188384,0.177301,0.048051,1.0,1.0,True,normal_low,0.063675,0.061138,0.012156,1.0,1.0,True,BOTH
24859,4840.294979079496,-37142.805439330536,0.746875,0.269389,0.255353,0.082862,1.0,1.0,True,normal_low,0.063421,0.062834,0.010353,1.0,1.0,True,BOTH
24875,6341.253926701575,-36870.3115183246,0.119375,0.195487,0.193799,0.036183,1.0,1.0,True,normal_low,0.085622,0.087014,0.011597,1.0,1.0,True,BOTH
24878,12513.61042944785,-36914.68404907976,0.20375,,,,0.0,0.0,False,no_data,0.047772,0.047785,0.005681,1.0,1.0,True,S1_ONLY
24883,-23071.997584541063,-36824.016908212565,0.129375,0.179517,0.179363,0.023856,1.0,1.0,True,normal_low,0.097006,0.094782,0.015558,1.0,1.0,True,BOTH
24886,20407.439189189183,-36976.86486486487,0.0925,,,,0.0,0.0,False,no_data,0.051425,0.050004,0.011263,1.0,1.0,True,S1_ONLY
24890,7861.95335820895,-36926.7854477612,0.335,0.382246,0.37302,0.077418,0.128731,0.128731,True,normal_low,0.05566,0.055049,0.00815,1.0,1.0,True,BOTH
24892,11336.149874055409,-36900.57052896725,0.248125,,,,0.0,0.0,False,no_data,0.063601,0.062716,0.009766,1.0,1.0,True,S1_ONLY
24914,4167.917553191488,-37135.33776595745,0.235,0.318145,0.317772,0.057282,1.0,1.0,True,normal_low,0.06789,0.068059,0.011658,1.0,1.0,True,BOTH
24915,8443.008583690986,-37171.656652360514,0.29125,,,,0.0,0.0,False,no_data,0.056428,0.053893,0.010124,1.0,1.0,True,S1_ONLY
24936,-24573.468397291195,-37220.831828442446,0.55375,0.162967,0.158033,0.030346,1.0,1.0,True,normal_low,0.091167,0.089542,0.015515,1.0,1.0,True,BOTH
24940,12433.896551724138,-37490.77586206896,0.90625,,,,0.0,0.0,False,no_data,0.044527,0.043264,0.017975,1.0,1.0,True,S1_ONLY
24943,-24013.19054878049,-37378.692073170736,0.41,0.167008,0.157175,0.047376,1.0,1.0,True,normal_low,0.08998,0.090509,0.008959,1.0,1.0,True,BOTH
24951,6574.086776859505,-37083.5564738292,0.45375,0.229293,0.21685,0.062449,0.988981,0.988981,True,normal_low,0.090258,0.086182,0.028564,1.0,1.0,True,BOTH
24963,5831.896449704138,-37370.2100591716,0.105625,0.185735,0.18853,0.030248,1.0,1.0,True,normal_low,0.085562,0.086479,0.008898,1.0,1.0,True,BOTH
24967,-21342.05844155844,-37365.08441558442,0.09625,0.207065,0.204244,0.037406,1.0,1.0,True,normal_low,0.074011,0.071076,0.014404,1.0,1.0,True,BOTH
24969,6179.517006802722,-37204.3469387755,0.18375,0.193556,0.191597,0.032334,1.0,1.0,True,normal_low,0.082461,0.080651,0.014569,1.0,1.0,True,BOTH
24974,5679.655746509132,-36915.23576799141,0.581875,0.213516,0.211676,0.039644,1.0,1.0,True,normal_low,0.076041,0.073243,0.016286,1.0,1.0,True,BOTH
24978,-682.8696145124704,-37294.68140589568,0.275625,0.163663,0.159512,0.033756,1.0,1.0,True,normal_low,0.060693,0.057632,0.015287,1.0,1.0,True,BOTH
24990,7428.037472035794,-37825.04530201343,1.1175,0.360426,0.343722,0.05777,0.012864,0.012864,False,normal_low,0.066018,0.06481,0.008704,1.0,1.0,True,S1_ONLY
24995,13390.450920245392,-37415.987730061344,0.20375,,,,0.0,0.0,False,no_data,0.03028,0.03005,0.002821,1.0,1.0,True,S1_ONLY
25006,12880.376288659798,-37228.36597938144,0.303125,,,,0.0,0.0,False,no_data,0.037512,0.032808,0.01368,1.0,1.0,True,S1_ONLY
25016,-1557.770408163262,-37532.2806122449,0.1225,0.173035,0.169316,0.03232,1.0,1.0,True,normal_low,0.053424,0.052169,0.007339,1.0,1.0,True,BOTH
25018,10365.40128755365,-37201.98927038626,0.728125,,,,0.0,0.0,False,no_data,0.071009,0.070224,0.012939,1.0,1.0,True,S1_ONLY
25024,4338.9578313253005,-37512.30120481928,0.10375,0.243887,0.234606,0.062325,1.0,1.0,True,normal_low,0.064762,0.061278,0.009003,1.0,1.0,True,BOTH
25025,5341.464285714283,-37716.19254658386,0.4025,0.21223,0.207353,0.043118,1.0,1.0,True,normal_low,0.068049,0.066323,0.010063,1.0,1.0,True,BOTH
25026,11237.968309859149,-37704.69366197183,0.1775,,,,0.0,0.0,False,no_data,0.076695,0.077354,0.00961,1.0,1.0,True,S1_ONLY
25033,-2012.386395511916,-37501.56872370267,0.445625,0.215886,0.203484,0.066463,1.0,1.0,True,normal_low,0.050344,0.04826,0.008684,1.0,1.0,True,BOTH
25036,11693.090909090904,-37460.5,0.34375,,,,0.0,0.0,False,no_data,0.064067,0.063704,0.00962,1.0,1.0,True,S1_ONLY
25044,-453.57142857142753,-37684.357142857145,0.21875,0.16338,0.160658,0.029811,1.0,1.0,True,normal_low,0.067622,0.066153,0.014917,1.0,1.0,True,BOTH
25046,9088.504990642548,-37290.56363069246,1.001875,,,,0.0,0.0,False,no_data,0.075561,0.074267,0.016393,1.0,1.0,True,S1_ONLY
25052,-1029.328828828831,-37640.04054054055,0.208125,0.19921,0.19272,0.059861,1.0,1.0,True,normal_low,0.075628,0.073033,0.024803,1.0,1.0,True,BOTH
25055,-24416.28125,-37771.0625,0.1,0.211242,0.211886,0.024859,1.0,1.0,True,normal_low,0.095525,0.094184,0.011224,1.0,1.0,True,BOTH
25056,-21459.17600141793,-37703.71836228288,1.763125,0.202174,0.196445,0.045185,1.0,1.0,True,normal_low,0.083815,0.080959,0.018219,1.0,1.0,True,BOTH
25071,-23264.5522875817,-37742.96405228759,0.095625,0.189309,0.189671,0.036935,1.0,1.0,True,normal_low,0.102124,0.10072,0.012382,1.0,1.0,True,BOTH
25072,4854.3828125,-37704.1875,0.08,0.236842,0.23153,0.03705,1.0,1.0,True,normal_low,0.067095,0.067831,0.006904,1.0,1.0,True,BOTH
25076,20195.531746031746,-37706.708994709,0.23625,0.208378,0.204189,0.027623,0.198413,0.198413,True,normal_low,0.05523,0.055526,0.011068,1.0,1.0,True,BOTH
25082,4834.939560439561,-37943.5934065934,0.11375,0.201567,0.202853,0.034833,1.0,1.0,True,normal_low,0.072737,0.070994,0.008541,1.0,1.0,True,BOTH
25083,6962.882594417075,-37329.63136288998,0.380625,0.248276,0.234785,0.067426,0.361248,0.361248,True,normal_low,0.06383,0.059166,0.017236,1.0,1.0,True,BOTH
25100,13842.942001516303,-38201.43328278999,0.824375,,,,0.0,0.0,False,no_data,0.038109,0.037233,0.007031,1.0,1.0,True,S1_ONLY
25105,6230.194227769105,-38038.15054602183,0.400625,0.184569,0.185749,0.027811,0.193448,0.193448,True,normal_low,0.058316,0.055987,0.011632,1.0,1.0,True,BOTH
25116,8323.163101604281,-37857.38770053476,0.23375,,,,0.0,0.0,False,no_data,0.074683,0.073519,0.019664,1.0,1.0,True,S1_ONLY
25117,9847.606646058724,-37581.8802163833,0.404375,,,,0.0,0.0,False,no_data,0.077809,0.077064,0.009616,1.0,1.0,True,S1_ONLY
25118,13520.478552278822,-37853.4544235925,0.233125,,,,0.0,0.0,False,no_data,0.032912,0.032982,0.003832,1.0,1.0,True,S1_ONLY
25137,5703.370458135862,-38044.918641390206,0.395625,0.225266,0.215606,0.0568,0.780411,0.780411,True,normal_low,0.067313,0.068216,0.011959,1.0,1.0,True,BOTH
25141,9957.508982035928,-38153.017964071856,0.20875,,,,0.0,0.0,False,no_data,0.094031,0.092095,0.010244,1.0,1.0,True,S1_ONLY
25153,-21301.102409638555,-38062.95381526103,0.155625,0.202845,0.195665,0.044223,1.0,1.0,True,normal_low,0.090147,0.089925,0.011179,1.0,1.0,True,BOTH
25163,9540.1914893617,-37905.284574468096,0.235,,,,0.0,0.0,False,no_data,0.075058,0.076205,0.008469,1.0,1.0,True,S1_ONLY
25166,12327.567129629628,-37945.043981481474,0.27,,,,0.0,0.0,False,no_data,0.037388,0.031852,0.012624,1.0,1.0,True,S1_ONLY
25168,470.0249569707376,-38301.22117039586,0.363125,0.19133,0.189872,0.05273,1.0,1.0,True,normal_low,0.045146,0.045185,0.005079,1.0,1.0,True,BOTH
25180,3877.636588380716,-37890.89369592088,1.01125,0.247851,0.248554,0.066015,1.0,1.0,True,normal_low,0.072041,0.069718,0.01472,1.0,1.0,True,BOTH
25181,8121.792993630574,-38135.487261146496,0.098125,,,,0.0,0.0,False,no_data,0.074412,0.07319,0.009118,1.0,1.0,True,S1_ONLY
25194,13098.382113821142,-38291.87804878049,0.15375,,,,0.0,0.0,False,no_data,0.030036,0.029685,0.004181,1.0,1.0,True,S1_ONLY
25202,11149.392241379312,-38258.95043103449,1.45,,,,0.0,0.0,False,no_data,0.069792,0.072562,0.018291,1.0,1.0,True,S1_ONLY
25204,-22679.76882661997,-38293.69877408056,0.71375,0.185209,0.180382,0.043091,1.0,1.0,True,normal_low,0.094257,0.092685,0.008401,1.0,1.0,True,BOTH
25205,-20074.35993485342,-38167.82247557002,0.191875,0.234512,0.231916,0.068706,1.0,1.0,True,normal_low,0.071494,0.071893,0.008531,1.0,1.0,True,BOTH
25211,6706.301736613605,-38122.43777134588,0.431875,0.180659,0.151872,0.053524,0.040521,0.040521,False,normal_low,0.061586,0.060729,0.007881,1.0,1.0,True,S1_ONLY
25250,4784.883386581467,-38387.35942492013,0.195625,0.192163,0.187462,0.03166,1.0,1.0,True,normal_low,0.073623,0.074066,0.008172,1.0,1.0,True,BOTH
25264,7626.923469387759,-38696.94897959184,0.245,,,,0.0,0.0,False,no_data,0.061031,0.060919,0.00593,1.0,1.0,True,S1_ONLY
25276,12165.571428571437,-38335.21428571429,0.1575,,,,0.0,0.0,False,no_data,0.028903,0.027758,0.00547,1.0,1.0,True,S1_ONLY
25297,4480.145161290326,-38636.64421252372,0.329375,0.214788,0.215838,0.034103,1.0,1.0,True,normal_low,0.072441,0.070748,0.010183,1.0,1.0,True,BOTH
25298,5304.768199233717,-38676.671136653895,0.489375,0.213252,0.20604,0.046305,0.389527,0.389527,True,normal_low,0.058561,0.054768,0.014655,1.0,1.0,True,BOTH
25311,-19870.00704225352,-38861.47183098592,0.221875,0.192684,0.191255,0.04313,1.0,1.0,True,normal_low,0.066153,0.064687,0.007424,1.0,1.0,True,BOTH
25321,7042.248091603047,-38796.923664122136,0.16375,,,,0.0,0.0,False,no_data,0.070951,0.068746,0.013184,1.0,1.0,True,S1_ONLY
25322,8939.707780725017,-38546.073828470384,0.706875,,,,0.0,0.0,False,no_data,0.077711,0.076191,0.012684,1.0,1.0,True,S1_ONLY
25323,11169.80456852792,-38766.251269035536,0.123125,,,,0.0,0.0,False,no_data,0.070345,0.061573,0.015874,1.0,1.0,True,S1_ONLY
25336,-20621.166666666668,-38881.32051282052,0.609375,0.183884,0.184168,0.031704,1.0,1.0,True,normal_low,0.078987,0.075325,0.013848,1.0,1.0,True,BOTH
25349,6334.975578406171,-38835.93958868896,0.48625,,,,0.0,0.0,False,no_data,0.054386,0.054261,0.005954,1.0,1.0,True,S1_ONLY
25358,4828.944444444445,-39116.375,0.225,0.213319,0.194136,0.068269,0.255556,0.255556,True,normal_low,0.055424,0.052796,0.012852,1.0,1.0,True,BOTH
25359,10288.99652777778,-38912.60763888889,0.18,,,,0.0,0.0,False,no_data,0.084539,0.081604,0.010507,1.0,1.0,True,S1_ONLY
25372,-22834.274834437085,-38866.552980132445,0.094375,0.254833,0.25112,0.044486,1.0,1.0,True,normal_low,0.096272,0.088943,0.020123,1.0,1.0,True,BOTH
25377,5830.101851851847,-38963.66666666667,0.3375,,,,0.0,0.0,False,no_data,0.058014,0.056832,0.008108,1.0,1.0,True,S1_ONLY
25384,8708.527777777781,-39249.63888888889,0.1125,,,,0.0,0.0,False,no_data,0.086596,0.076714,0.027117,1.0,1.0,True,S1_ONLY
25389,6662.920542635664,-39320.43023255814,0.3225,,,,0.0,0.0,False,no_data,0.060388,0.059192,0.008439,1.0,1.0,True,S1_ONLY
25394,7860.445273631842,-39063.30597014926,0.125625,,,,0.0,0.0,False,no_data,0.066166,0.06537,0.004959,1.0,1.0,True,S1_ONLY
25399,-380.0275590551173,-39291.625984251965,0.079375,0.220462,0.213595,0.041758,1.0,1.0,True,normal_low,0.072056,0.072185,0.005226,1.0,1.0,True,BOTH
25401,7319.091029023752,-39110.12005277045,0.236875,,,,0.0,0.0,False,no_data,0.071842,0.067194,0.015674,1.0,1.0,True,S1_ONLY
25411,12711.49654775604,-38815.81185270425,0.543125,,,,0.0,0.0,False,no_data,0.035199,0.032618,0.006894,1.0,1.0,True,S1_ONLY
25417,-19323.217391304348,-39156.13043478261,0.14375,0.18261,0.17601,0.03973,0.413043,0.413043,True,normal_low,0.058703,0.059015,0.009104,1.0,1.0,True,BOTH
25422,10600.762626262622,-39115.28282828283,0.2475,,,,0.0,0.0,False,no_data,0.076252,0.072945,0.016822,1.0,1.0,True,S1_ONLY
25428,11044.32075864944,-39525.90683618173,1.499375,,,,0.0,0.0,False,no_data,0.046712,0.037626,0.019914,1.0,1.0,True,S1_ONLY
25439,12025.441145281016,-39476.647401908805,1.17875,,,,0.0,0.0,False,no_data,0.037256,0.036222,0.006979,1.0,1.0,True,S1_ONLY
25447,-20099.18421052632,-39288.46348012889,0.581875,0.19004,0.186056,0.037414,0.995704,0.995704,True,normal_low,0.086869,0.08582,0.013234,1.0,1.0,True,BOTH
25464,8328.741645244212,-39876.57797772065,0.729375,,,,0.0,0.0,False,no_data,0.073814,0.073355,0.007606,1.0,1.0,True,S1_ONLY
25469,-398.2894342450381,-40037.557324840775,1.668125,0.220159,0.214257,0.044291,1.0,1.0,True,normal_low,0.064457,0.061844,0.015616,1.0,1.0,True,BOTH
25480,9832.20481144343,-39395.046163849154,0.480625,,,,0.0,0.0,False,no_data,0.098978,0.095485,0.020256,1.0,1.0,True,S1_ONLY
25482,-19071.189655172413,-39609.3275862069,0.18125,0.212623,0.2115,0.014487,0.013793,0.013793,False,normal_low,0.070742,0.071136,0.007862,1.0,1.0,True,S1_ONLY
25497,-1230.2393364928869,-39406.727488151664,0.395625,0.189139,0.184118,0.047118,1.0,1.0,True,normal_low,0.062181,0.059231,0.012497,1.0,1.0,True,BOTH
25499,8003.350855745724,-39360.93031784841,0.255625,,,,0.0,0.0,False,no_data,0.075344,0.072398,0.014877,1.0,1.0,True,S1_ONLY
25522,-1849.4691679049065,-40099.20282317979,1.6825,0.232982,0.230079,0.048973,1.0,1.0,True,normal_low,0.063884,0.054427,0.034409,1.0,1.0,True,BOTH
25523,5890.779069767435,-39664.61627906977,0.080625,,,,0.0,0.0,False,no_data,0.061475,0.061,0.005038,1.0,1.0,True,S1_ONLY
25527,7367.249110320292,-39661.19928825623,0.35125,,,,0.0,0.0,False,no_data,0.071041,0.069051,0.010377,1.0,1.0,True,S1_ONLY
25531,-1598.2186311787082,-39687.99809885932,0.164375,0.222797,0.218626,0.032977,1.0,1.0,True,normal_low,0.071535,0.06624,0.016553,1.0,1.0,True,BOTH
25534,9352.562426383984,-39941.10777385159,0.530625,,,,0.0,0.0,False,no_data,0.087946,0.086896,0.016393,1.0,1.0,True,S1_ONLY
25545,8799.041284403662,-39865.21100917431,0.13625,,,,0.0,0.0,False,no_data,0.07652,0.075582,0.008631,1.0,1.0,True,S1_ONLY
25552,6932.197547683929,-39602.76975476839,0.229375,,,,0.0,0.0,False,no_data,0.064761,0.064053,0.00716,1.0,1.0,True,S1_ONLY
25567,4611.903100775191,-40064.42248062015,0.080625,,,,0.0,0.0,False,no_data,0.071076,0.069016,0.014801,1.0,1.0,True,S1_ONLY
25590,-19541.64077669903,-40045.66504854368,0.64375,0.188121,0.183877,0.039461,0.802913,0.802913,True,normal_low,0.083161,0.082576,0.010734,1.0,1.0,True,BOTH
25599,6742.555555555555,-40093.79012345678,0.10125,,,,0.0,0.0,False,no_data,0.063057,0.061308,0.007002,1.0,1.0,True,S1_ONLY
25600,7534.303921568629,-40001.80015082956,0.414375,,,,0.0,0.0,False,no_data,0.067813,0.067396,0.007369,1.0,1.0,True,S1_ONLY
25623,5008.257062146891,-40162.07062146893,0.110625,,,,0.0,0.0,False,no_data,0.060848,0.062305,0.007461,1.0,1.0,True,S1_ONLY
25624,5980.972280334732,-39899.55230125523,1.195,,,,0.0,0.0,False,no_data,0.060659,0.060275,0.007282,1.0,1.0,True,S1_ONLY
25657,-19046.80225080386,-40211.55787781351,0.194375,,,,0.0,0.0,False,no_data,0.074554,0.073136,0.006864,1.0,1.0,True,S1_ONLY
25690,17370.802816901414,-40447.21126760563,0.08875,,,,0.0,0.0,False,no_data,0.102735,0.103604,0.009108,1.0,1.0,True,S1_ONLY
25698,6452.625,-40559.32142857144,0.105,,,,0.0,0.0,False,no_data,0.064337,0.063477,0.007253,1.0,1.0,True,S1_ONLY
25735,19311.131944444445,-40685.26388888889,0.09,0.109755,0.102544,0.048544,1.0,1.0,True,normal_low,0.094531,0.093278,0.010477,1.0,1.0,True,BOTH
25781,785.5655737704947,-41199.77322404372,0.114375,0.248653,0.248617,0.051489,1.0,1.0,True,normal_low,0.036774,0.035995,0.003829,1.0,1.0,True,BOTH
25824,896.4194312796244,-41697.07109004739,0.26375,0.192218,0.185152,0.037204,1.0,1.0,True,normal_low,0.062371,0.053476,0.026064,1.0,1.0,True,BOTH
25871,-1649.3705327039788,-41485.91267700607,1.85375,0.234987,0.230552,0.04257,1.0,1.0,True,normal_low,0.043644,0.041753,0.010075,1.0,1.0,True,BOTH
25872,-1136.32317073171,-41817.64024390244,0.1025,0.225014,0.225178,0.042477,1.0,1.0,True,normal_low,0.043318,0.042143,0.008484,1.0,1.0,True,BOTH
25885,-2808.653846153844,-41901.34615384616,0.203125,0.2319,0.228051,0.032731,1.0,1.0,True,normal_low,0.052655,0.048155,0.017647,1.0,1.0,True,BOTH
25903,-9225.1875,-42208.25,0.1,0.309322,0.300327,0.055551,1.0,1.0,True,normal_low,0.040806,0.040597,0.003412,1.0,1.0,True,BOTH
25910,-578.6997187060479,-41649.5,0.444375,0.210601,0.205237,0.038213,1.0,1.0,True,normal_low,0.046518,0.045177,0.005089,1.0,1.0,True,BOTH
25914,-3228.3911564625814,-42153.921768707485,0.091875,0.213815,0.207659,0.035486,1.0,1.0,True,normal_low,0.063349,0.059873,0.011917,1.0,1.0,True,BOTH
25922,-3727.397689768972,-42288.77392739274,0.189375,0.248185,0.216515,0.088782,1.0,1.0,True,normal_low,0.05001,0.051547,0.01403,1.0,1.0,True,BOTH
25923,-2122.497389033939,-42128.02480417755,0.239375,0.213722,0.20897,0.041141,1.0,1.0,True,normal_low,0.056946,0.056854,0.012783,1.0,1.0,True,BOTH
25937,-2627.3372703412097,-42224.4343832021,0.238125,0.226142,0.219096,0.044477,1.0,1.0,True,normal_low,0.061654,0.059351,0.0137,1.0,1.0,True,BOTH
25941,-5108.364238410592,-42219.86423841059,0.18875,0.221588,0.207531,0.045921,1.0,1.0,True,normal_low,0.032718,0.032794,0.004515,1.0,1.0,True,BOTH
25953,-606.0107526881693,-42248.82795698925,0.11625,0.169039,0.16969,0.019384,1.0,1.0,True,normal_low,0.050279,0.04852,0.00797,1.0,1.0,True,BOTH
25970,-2589.538461538461,-42597.1282051282,0.24375,0.229095,0.2202,0.048781,1.0,1.0,True,normal_low,0.068247,0.064933,0.015489,1.0,1.0,True,BOTH
25971,168.67063728409994,-42009.25282906492,2.09875,0.202061,0.191453,0.054582,1.0,1.0,True,normal_low,0.059149,0.055614,0.017525,1.0,1.0,True,BOTH
25982,-3481.954248366012,-42548.51960784313,0.19125,0.208691,0.19785,0.046528,1.0,1.0,True,normal_low,0.058944,0.059056,0.007745,1.0,1.0,True,BOTH
25983,-2013.9408602150504,-42648.35752688172,0.2325,0.206824,0.200482,0.046775,1.0,1.0,True,normal_low,0.063715,0.064699,0.009553,1.0,1.0,True,BOTH
25990,-3975.386104783596,-42652.176537585416,0.274375,0.311124,0.309773,0.071125,1.0,1.0,True,normal_low,0.054029,0.052894,0.009791,1.0,1.0,True,BOTH
25996,-745.9310344827609,-42809.1551724138,0.18125,0.200471,0.193689,0.034062,1.0,1.0,True,normal_low,0.054189,0.054027,0.010099,1.0,1.0,True,BOTH
25998,-1139.6399416909626,-42710.28717201165,0.214375,0.218806,0.213193,0.050458,1.0,1.0,True,normal_low,0.06259,0.061644,0.010093,1.0,1.0,True,BOTH
26006,-3100.023809523809,-42696.5238095238,0.13125,0.202663,0.204723,0.028678,1.0,1.0,True,normal_low,0.068857,0.067148,0.010398,1.0,1.0,True,BOTH
26015,-4351.922155688626,-42759.00598802396,0.20875,0.219965,0.215374,0.044147,1.0,1.0,True,normal_low,0.050042,0.048431,0.011634,1.0,1.0,True,BOTH
26042,-4122.539473684206,-43214.41228070176,0.285,0.26266,0.261394,0.053251,1.0,1.0,True,normal_low,0.060278,0.050076,0.04176,1.0,1.0,True,BOTH
26050,-7040.4925037481225,-43295.227136431786,0.416875,0.250907,0.242975,0.054803,1.0,1.0,True,normal_low,0.045802,0.045215,0.006617,1.0,1.0,True,BOTH
26061,-1510.5414078674949,-43250.1728778468,0.301875,0.219681,0.214041,0.043366,1.0,1.0,True,normal_low,0.062749,0.0615,0.012645,1.0,1.0,True,BOTH
26068,-5093.427631578947,-43395.55263157895,0.095,0.222152,0.215295,0.050871,1.0,1.0,True,normal_low,0.065561,0.062037,0.012057,1.0,1.0,True,BOTH
26070,-4789.0477582846,-43142.48245614035,0.320625,0.247585,0.240674,0.058117,1.0,1.0,True,normal_low,0.05502,0.05183,0.01437,1.0,1.0,True,BOTH
26076,-1164.7925430210307,-43498.9741873805,0.326875,0.192576,0.191361,0.047779,1.0,1.0,True,normal_low,0.074601,0.072703,0.016347,1.0,1.0,True,BOTH
26088,-4510.65625,-43488.5625,0.2,0.245201,0.234626,0.057001,1.0,1.0,True,normal_low,0.039439,0.038535,0.007619,1.0,1.0,True,BOTH
26089,-4963.054585152837,-43720.89737991267,0.143125,0.246163,0.234986,0.051961,1.0,1.0,True,normal_low,0.061985,0.058019,0.013332,1.0,1.0,True,BOTH
26099,4111.005376344088,-43873.10215053764,0.290625,,,,0.0,0.0,False,no_data,0.073104,0.069135,0.030198,1.0,1.0,True,S1_ONLY
26102,-783.7949308755778,-43782.6797235023,0.135625,0.194901,0.189733,0.036251,1.0,1.0,True,normal_low,0.204616,0.118925,0.188052,1.0,1.0,True,BOTH
26104,-1777.705882352937,-43839.79411764706,0.10625,0.269653,0.261155,0.068261,1.0,1.0,True,normal_low,0.065326,0.061542,0.015077,1.0,1.0,True,BOTH
26118,-4580.654946364717,-44297.74195470799,0.524375,0.21131,0.20115,0.07215,1.0,1.0,True,normal_low,0.04488,0.043224,0.008461,1.0,1.0,True,BOTH
26119,-3006.1944444444453,-43908.38888888889,0.1125,0.220022,0.21405,0.061919,1.0,1.0,True,normal_low,0.060161,0.059339,0.010879,1.0,1.0,True,BOTH
26126,-2519.640625,-43867.72916666666,0.12,0.215787,0.206719,0.03802,1.0,1.0,True,normal_low,0.060393,0.05735,0.011609,1.0,1.0,True,BOTH
26131,-455.79661016949103,-44101.19491525424,0.1475,0.19346,0.195607,0.028277,1.0,1.0,True,normal_low,0.08942,0.082286,0.032719,1.0,1.0,True,BOTH
26140,-1148.2517985611485,-44217.03597122303,0.17375,0.213435,0.208903,0.037293,1.0,1.0,True,normal_low,0.173376,0.146913,0.074977,1.0,1.0,True,BOTH
26141,-2566.267634854776,-44314.95643153526,0.451875,0.220467,0.220548,0.047545,1.0,1.0,True,normal_low,0.057932,0.056574,0.012859,1.0,1.0,True,BOTH
26145,-4019.531719532555,-43997.66360601001,0.74875,0.241707,0.233022,0.055089,1.0,1.0,True,normal_low,0.061633,0.047965,0.05627,1.0,1.0,True,BOTH
26146,-1997.166666666664,-44200.25757575757,0.20625,0.25644,0.252493,0.052538,1.0,1.0,True,normal_low,0.051899,0.052849,0.009537,1.0,1.0,True,BOTH
26148,-3479.843971631206,-44038.64007092199,0.3525,0.248829,0.24508,0.040707,1.0,1.0,True,normal_low,0.049664,0.047611,0.009562,1.0,1.0,True,BOTH
26159,-478.3455284552838,-44490.35365853658,0.15375,0.222244,0.222787,0.027869,1.0,1.0,True,normal_low,0.072754,0.071066,0.012666,1.0,1.0,True,BOTH
26162,-5174.349693251534,-44294.74539877301,0.20375,0.21849,0.212242,0.041684,1.0,1.0,True,normal_low,0.048317,0.046899,0.006937,1.0,1.0,True,BOTH
26164,-6278.120967741932,-44223.592741935485,0.155,0.191555,0.183564,0.043778,1.0,1.0,True,normal_low,0.034838,0.032655,0.010653,1.0,1.0,True,BOTH
26176,-2878.5,-44605.0,0.09375,0.239963,0.23541,0.044694,1.0,1.0,True,normal_low,0.05265,0.053775,0.007139,1.0,1.0,True,BOTH
26187,-3167.9586776859505,-44650.53305785124,0.15125,0.243816,0.243885,0.04689,1.0,1.0,True,normal_low,0.056879,0.056698,0.008894,1.0,1.0,True,BOTH
26191,-970.713754646844,-44388.30111524163,0.6725,0.228395,0.223638,0.048659,1.0,1.0,True,normal_low,0.121476,0.090783,0.11409,1.0,1.0,True,BOTH
26193,-1467.824561403504,-44581.23558897244,0.49875,0.257282,0.247913,0.057657,1.0,1.0,True,normal_low,0.098266,0.088733,0.040075,1.0,1.0,True,BOTH
26208,-292.7043010752677,-44968.58602150538,0.11625,0.217184,0.207958,0.03842,1.0,1.0,True,normal_low,0.07337,0.068352,0.021137,1.0,1.0,True,BOTH
26213,-2744.603773584909,-44937.78616352202,0.19875,0.254784,0.237611,0.077777,1.0,1.0,True,normal_low,0.066323,0.064625,0.016212,1.0,1.0,True,BOTH
26229,-901.75661375661,-45213.52116402117,0.23625,0.439399,0.398599,0.179672,1.0,1.0,True,normal_low,0.107305,0.090739,0.064277,1.0,1.0,True,BOTH
