region_id,area_km2,geo_x,geo_y,BD1000,BD2000,OH_SPECTRAL_INDICATOR,ICE_SPECTRAL_INDICATOR,m3_valid_pct,dfsar_cpr_mean,dfsar_cpr_class,radar_flag,minirf_s1_log_mean,qualification_status
17,0.106875,-141.87426900584978,45079.301169590646,,,,,1.0,,no_data,S1_ONLY,0.062509,QUALIFIED
89,0.325625,6105.210172744715,43861.20057581574,,0.67388,,,1.0,0.210042,normal_low,BOTH,0.114219,QUALIFIED
122,0.186875,-5710.533444816057,43871.57023411372,-1.444952,,,1.998102,1.0,,no_data,S1_ONLY,0.050387,QUALIFIED
123,1.2675,-3357.1198224852124,43674.994575936886,0.044626,,,,1.0,,no_data,S1_ONLY,0.049463,QUALIFIED
135,0.225,-6067.930555555555,43695.84722222222,-1.456583,,,,1.0,,no_data,S1_ONLY,0.054699,QUALIFIED
169,0.138125,-5700.386877828052,43399.93438914027,0.359441,,,,1.0,,no_data,S1_ONLY,0.057102,QUALIFIED
210,0.184375,10133.22881355932,43277.36440677966,,,,,1.0,0.299573,normal_low,BOTH,0.070897,QUALIFIED
254,0.325,12680.028846153844,42787.08653846154,,,,,1.0,0.230982,normal_low,BOTH,0.118579,QUALIFIED
270,0.18125,11350.879310344826,42607.137931034486,,1.026487,,,1.0,0.423646,normal_low,BOTH,0.069227,QUALIFIED
292,0.501875,11560.303237858032,42806.78891656289,-0.572161,1.353315,,,1.0,0.388239,normal_low,BOTH,0.07619,QUALIFIED
298,0.339375,8201.940147329653,42644.23848987109,0.145858,0.136062,-0.548832,1.917659,1.0,0.241633,normal_low,BOTH,0.115936,QUALIFIED
362,0.304375,11328.247433264893,41699.883983572894,-0.080923,0.016998,0.031149,-0.028867,1.0,0.215355,normal_low,BOTH,0.067486,QUALIFIED
372,0.080625,10602.79457364342,42080.151162790695,,,,,1.0,0.214319,normal_low,BOTH,0.058709,QUALIFIED
417,0.081875,-16035.041984732825,41551.454198473286,,,,,0.0,,no_data,S1_ONLY,0.087918,QUALIFIED
426,0.096875,10238.209677419356,41388.8870967742,-2.6349,0.076957,0.072114,0.913576,1.0,0.25924,normal_low,BOTH,0.065332,QUALIFIED
450,2.668125,9250.436987584922,41776.37842586086,-0.240989,-0.071156,-0.01963,-0.002925,1.0,0.276866,normal_low,BOTH,0.136134,QUALIFIED
493,0.080625,3411.515503875969,40728.6007751938,0.187473,1.06562,,,1.0,0.206363,normal_low,BOTH,0.088961,QUALIFIED
500,0.170625,8656.826007326003,40971.56227106227,-0.263285,-0.097764,0.018662,-0.028395,1.0,0.238279,normal_low,BOTH,0.090465,QUALIFIED
501,0.153125,12474.704081632648,40727.642857142855,-0.185324,-0.085022,0.054836,0.088236,1.0,0.448962,normal_low,BOTH,0.140005,QUALIFIED
544,0.524375,8764.9052443385,40507.085220500594,-0.214051,-0.089066,0.037998,-0.005921,1.0,0.238648,normal_low,BOTH,0.160526,QUALIFIED
557,0.284375,3725.5989010989,40473.08241758242,-0.31979,0.029481,0.018107,0.862517,1.0,0.286285,normal_low,BOTH,0.067682,QUALIFIED
575,0.289375,2376.929805615546,40258.49136069114,-0.870922,,,,1.0,0.341697,normal_low,BOTH,0.072315,QUALIFIED
590,0.15375,4466.57317073171,40136.06910569106,-0.103131,0.024372,0.06704,0.076887,1.0,0.298982,normal_low,BOTH,0.058466,QUALIFIED
595,0.36875,-1800.457627118638,40280.58474576271,1.54266,,,,1.0,,no_data,S1_ONLY,0.057814,QUALIFIED
622,0.199375,-18587.960815047023,39786.706896551725,1.552102,-1.978833,6.732377,,0.2069,0.633535,typical,BOTH,0.138489,QUALIFIED
642,0.34875,-2388.5376344086035,39931.81720430108,2.240693,,3.333199,4.580797,1.0,,no_data,S1_ONLY,0.059728,QUALIFIED
646,0.21875,10320.21428571429,39678.78571428571,-0.258609,-0.065333,0.067152,0.288736,1.0,0.175765,normal_low,BOTH,0.090747,QUALIFIED
699,0.3675,8819.950680272108,39399.05442176871,-0.221916,-0.072544,0.006118,0.136135,1.0,0.194745,normal_low,BOTH,0.113376,QUALIFIED
701,0.0825,14212.1893939394,39186.295454545456,-0.167638,-0.011794,0.067145,0.006249,1.0,0.335535,normal_low,BOTH,0.06964,QUALIFIED
703,0.215,12271.229651162786,39013.79941860465,-0.17482,-0.101872,0.023486,-0.043678,1.0,0.134169,normal_low,BOTH,0.085663,QUALIFIED
715,1.20875,9409.156153050671,39060.76370217167,-0.187391,-0.034911,-0.012233,0.02968,1.0,0.203025,normal_low,BOTH,0.072437,QUALIFIED
718,0.9625,6923.136363636368,39908.0,0.461881,0.157736,0.239501,,1.0,0.36078,normal_low,BOTH,0.073363,QUALIFIED
749,0.42,13372.71428571429,38733.23809523809,-0.27422,-0.024376,-0.007737,-0.021281,1.0,0.168741,normal_low,BOTH,0.088817,QUALIFIED
759,0.0825,-3865.272727272728,38748.606060606064,0.211433,,-0.180629,,1.0,,no_data,S1_ONLY,0.110082,QUALIFIED
766,0.091875,-19382.98299319728,38874.64965986395,,,2.357246,,1.0,0.437006,normal_low,BOTH,0.130964,QUALIFIED
773,0.111875,-20351.198324022345,38631.64525139665,,,,,0.8715,0.325993,normal_low,BOTH,0.127642,QUALIFIED
804,0.1675,13632.895522388062,38475.96641791045,-0.255492,-0.015494,0.034167,-0.012502,1.0,0.270598,normal_low,BOTH,0.094938,QUALIFIED
885,0.08,10219.03125,37972.375,0.397713,1.049452,-6.885563,,1.0,0.231958,normal_low,BOTH,0.096858,QUALIFIED
886,0.58125,10748.209677419356,37789.34408602151,1.614898,0.913451,1.540472,,1.0,0.165595,normal_low,S1_ONLY,0.083289,QUALIFIED
902,0.16875,-19308.46296296296,37788.09259259259,,1.920021,,,1.0,0.344166,normal_low,BOTH,0.160857,QUALIFIED
910,0.1025,-18970.7743902439,37647.45121951219,,,,,1.0,0.243855,normal_low,S1_ONLY,0.164423,QUALIFIED
914,1.81,11557.485151933704,37346.76208563536,-0.09998,0.027091,-0.017625,-0.005195,1.0,,no_data,S1_ONLY,0.078806,QUALIFIED
969,0.180625,10127.78719723184,37610.79411764706,1.055882,0.774166,-1.24205,,1.0,0.205025,normal_low,BOTH,0.087318,QUALIFIED
977,0.17375,7089.787769784176,37642.40647482014,-0.637943,1.724115,-1.171073,,1.0,0.167407,normal_low,BOTH,0.088924,QUALIFIED
981,0.09125,-2123.6164383561627,37592.62328767123,,,,,1.0,0.266622,normal_low,BOTH,0.097852,QUALIFIED
1002,0.13625,-19765.17889908257,37261.62385321101,,,,,1.0,0.573725,typical,BOTH,0.097172,QUALIFIED
1047,0.159375,2464.205882352937,37093.049019607846,-0.211709,-0.079356,0.027304,0.088839,1.0,0.216432,normal_low,BOTH,0.098941,QUALIFIED
1048,0.59625,6302.539832285118,36760.196016771486,-0.225717,,,,1.0,0.196649,normal_low,BOTH,0.128178,QUALIFIED
1057,0.385,-17650.86525974026,36985.280844155845,,,,,1.0,,no_data,S1_ONLY,0.076996,QUALIFIED
1072,0.09875,15008.67721518987,36991.32278481012,0.982094,,4.889296,,1.0,0.30398,normal_low,BOTH,0.091357,QUALIFIED
1076,0.459375,9476.166666666664,36742.74489795919,-0.210163,0.018115,0.033387,0.038559,1.0,0.46851,normal_low,S1_ONLY,0.157938,QUALIFIED
1118,0.275,-21065.102272727272,36748.85227272727,,,,,1.0,0.440347,normal_low,BOTH,0.105527,QUALIFIED
1124,0.271875,11146.511494252874,36711.41954022989,-0.165431,0.071927,0.06593,-0.128616,1.0,,no_data,S1_ONLY,0.073227,QUALIFIED
1125,0.12375,-20715.90404040404,36815.52525252525,,,,,1.0,0.570811,typical,BOTH,0.138609,QUALIFIED
1131,0.23375,15024.232620320858,36586.46256684492,,,5.386918,,1.0,0.229899,normal_low,BOTH,0.076921,QUALIFIED
1133,0.3825,-24768.31045751633,36139.797385620914,-0.886326,-0.268187,-0.089799,0.113797,1.0,0.275064,normal_low,BOTH,0.06891,QUALIFIED
1159,0.2,12855.984375,36758.703125,0.037986,0.035855,0.025866,-0.047689,1.0,,no_data,S1_ONLY,0.073645,QUALIFIED
1173,0.080625,3690.585271317832,36331.50775193799,-0.066833,-0.005781,-0.044284,-0.00939,1.0,0.198776,normal_low,BOTH,0.085073,QUALIFIED
1191,0.13125,12543.071428571437,36321.80952380953,-0.102885,-0.085477,-0.082613,-0.33598,1.0,,no_data,S1_ONLY,0.069827,QUALIFIED
1204,0.091875,14652.22108843537,36151.35034013605,,,,,1.0,0.233783,normal_low,BOTH,0.055433,QUALIFIED
1218,1.65,10035.257575757576,36381.66477272727,0.006864,0.057028,0.299399,0.679914,1.0,0.367553,normal_low,S1_ONLY,0.138369,QUALIFIED
1237,0.10875,-23272.77011494253,35843.45977011494,,,,,1.0,0.452235,normal_low,BOTH,0.066983,QUALIFIED
1252,1.028125,11244.515197568384,36293.828267477205,0.060493,-0.061047,0.086772,0.077794,1.0,,no_data,S1_ONLY,0.089947,QUALIFIED
1262,0.90375,12048.825726141084,35716.63070539419,-0.04838,-0.037188,0.123301,0.03511,1.0,,no_data,S1_ONLY,0.08386,QUALIFIED
1292,0.46,12682.788043478264,35516.158967391304,0.412195,-0.220934,,,1.0,,no_data,S1_ONLY,0.101556,QUALIFIED
1320,0.149375,7320.94351464435,35816.08577405858,1.078185,,,,1.0,0.144669,normal_low,BOTH,0.100587,QUALIFIED
1325,1.260625,-27033.767228557263,34914.62989588498,,-3.931185,2.571429,,0.9663,0.287469,normal_low,BOTH,0.086026,QUALIFIED
1337,0.0975,-16054.987179487176,35378.86538461538,-0.101828,0.000759,0.005467,-0.029402,1.0,,no_data,S1_ONLY,0.066013,QUALIFIED
1398,1.43125,-18564.812227074235,35333.513100436685,0.128713,0.279378,-0.123254,,1.0,,no_data,S1_ONLY,0.08227,QUALIFIED
1435,0.494375,-17961.30910240202,35090.92351453856,-0.084854,0.023361,0.082457,0.612807,1.0,,no_data,S1_ONLY,0.075061,QUALIFIED
1462,0.109375,14253.5,34726.92857142857,1.191097,,,,1.0,,no_data,S1_ONLY,0.101775,QUALIFIED
1532,0.215625,312.2536231884078,34582.60144927536,-0.051808,-0.050464,0.013611,0.041307,1.0,0.17619,normal_low,BOTH,0.092638,QUALIFIED
1567,0.08125,3471.230769230773,34284.153846153844,1.189159,0.143691,,,1.0,0.094826,normal_low,BOTH,0.07424,QUALIFIED
1622,0.080625,-22267.55426356589,33852.63178294574,,0.291262,,,1.0,0.596994,typical,BOTH,0.112974,QUALIFIED
1632,0.92625,-127.574898785424,34056.47165991903,0.33539,-0.091705,0.006783,0.082811,1.0,0.187389,normal_low,BOTH,0.098961,QUALIFIED
1660,0.199375,-29031.84796238245,33910.923197492164,,,4.175355,,1.0,0.24556,normal_low,BOTH,0.087828,QUALIFIED
1695,0.70125,-27392.924242424244,33199.76470588235,-0.174798,-0.044418,0.060617,0.007317,1.0,0.32372,normal_low,BOTH,0.07332,QUALIFIED
1708,0.319375,-858.327788649709,33506.126223091975,0.052028,-0.100313,0.136497,0.091563,1.0,0.203881,normal_low,BOTH,0.094976,QUALIFIED
1742,1.413125,-21143.113887660325,33110.37394957983,-0.014095,-0.025992,-0.021413,0.034581,1.0,,no_data,S1_ONLY,0.136349,QUALIFIED
1750,0.14625,-22216.84615384616,33564.92307692308,-0.481576,0.413279,3.871482,,1.0,0.659946,typical,BOTH,0.108597,QUALIFIED
1757,0.641875,-22852.73953261928,32882.19425511198,0.982283,-0.465032,0.190954,1.171275,1.0,0.324305,normal_low,BOTH,0.091673,QUALIFIED
1771,0.104375,-24559.33233532934,33166.21856287425,0.000541,-0.043682,0.170534,0.031814,1.0,0.350004,normal_low,BOTH,0.118377,QUALIFIED
1772,0.710625,-23811.229991204928,33443.68381706245,-0.128067,-0.161406,0.491681,0.210049,1.0,0.315558,normal_low,BOTH,0.119118,QUALIFIED
1779,0.124375,-26884.04271356784,33162.30904522613,-0.081788,-0.058543,0.086066,0.037645,1.0,0.322455,normal_low,BOTH,0.080322,QUALIFIED
1780,0.2425,-22416.801546391755,33335.35824742268,,,4.879931,,1.0,0.542424,typical,BOTH,0.090069,QUALIFIED
1814,0.08,-17848.9375,32989.5625,0.884535,0.05547,-0.302332,1.302281,1.0,,no_data,S1_ONLY,0.094069,QUALIFIED
1845,0.101875,2639.3773006134943,32772.27914110429,-0.85818,-5.030976,1.714585,5.182146,1.0,0.07835,normal_low,BOTH,0.147095,QUALIFIED
1861,1.56875,731.770916334659,33000.71912350597,0.258881,-0.204792,0.067834,0.317079,1.0,0.17194,normal_low,BOTH,0.110524,QUALIFIED
1938,0.11,-19164.136363636364,32543.539772727272,-0.096815,-0.121529,-0.004876,0.241695,1.0,,no_data,S1_ONLY,0.102255,QUALIFIED
1979,0.13625,-25588.57339449541,32393.733944954125,0.875469,-0.222166,-0.391666,1.832028,1.0,0.286938,normal_low,BOTH,0.122069,QUALIFIED
1994,0.370625,-29501.68043844857,32159.56408094435,0.279764,-0.376133,-0.428571,1.378539,1.0,0.247968,normal_low,BOTH,0.072856,QUALIFIED
1995,0.190625,-27183.69672131148,32395.66393442623,-0.103997,-0.05226,-0.036039,0.028058,1.0,0.299549,normal_low,BOTH,0.074389,QUALIFIED
2004,0.08375,-21535.94776119403,32172.88805970149,-0.039751,-0.052175,0.063993,-0.0901,1.0,,no_data,S1_ONLY,0.398556,QUALIFIED
2006,0.3975,4101.5833333333285,32381.8286163522,,,,,1.0,0.165831,normal_low,BOTH,0.083932,QUALIFIED
2015,1.203125,-27927.60389610389,32449.00649350649,-0.140398,-0.063023,-0.001889,0.010412,1.0,0.286394,normal_low,BOTH,0.069805,QUALIFIED
2046,0.13125,-26088.47619047619,32024.904761904763,1.059568,-0.81483,,,1.0,0.276659,normal_low,BOTH,0.088462,QUALIFIED
2169,0.81625,30375.62940275652,31956.45329249617,,,,,1.0,0.407139,normal_low,BOTH,0.059507,QUALIFIED
2181,2.841875,6638.806135913786,31158.9671211788,,1.070766,,,1.0,,no_data,S1_ONLY,0.069377,QUALIFIED
2239,0.090625,4425.189655172413,31519.465517241377,0.956351,,2.649261,,1.0,,no_data,S1_ONLY,0.191127,QUALIFIED
2253,0.114375,1146.4945355191303,31479.7349726776,1.349432,0.032034,0.643521,,1.0,0.173901,normal_low,BOTH,0.089213,QUALIFIED
2262,0.108125,8846.75433526012,31351.65606936416,,1.492725,0.530742,,1.0,,no_data,S1_ONLY,0.085601,QUALIFIED
2271,0.08625,1426.3115942028962,31365.17391304348,1.058501,0.303147,,,1.0,0.250015,normal_low,BOTH,0.088656,QUALIFIED
2275,0.21,11010.21428571429,31199.309523809527,-3.182891,0.853094,1.278372,,1.0,,no_data,S1_ONLY,0.109125,QUALIFIED
2298,0.653125,-25591.40909090909,31093.897129186604,,-0.733028,2.754153,,1.0,0.34409,normal_low,BOTH,0.155258,QUALIFIED
2324,0.389375,-19795.564205457464,31229.35232744784,-0.169248,0.015069,0.06162,0.115618,1.0,,no_data,S1_ONLY,0.112794,QUALIFIED
2350,0.09875,8041.905063291138,30865.848101265823,,0.83431,1.887368,,1.0,,no_data,S1_ONLY,0.086757,QUALIFIED
2378,0.346875,1058.8243243243269,31019.37387387388,0.337802,0.906131,0.344205,,1.0,0.175674,normal_low,BOTH,0.07377,QUALIFIED
2380,0.086875,8878.996402877703,30726.57913669065,,0.589722,,,1.0,,no_data,S1_ONLY,0.094148,QUALIFIED
2381,0.391875,10444.196969696975,30853.330940988835,,0.199902,2.700064,,1.0,,no_data,S1_ONLY,0.084618,QUALIFIED
2382,0.52625,11164.820665083142,30616.71140142518,,,,1.855556,1.0,,no_data,S1_ONLY,0.094356,QUALIFIED
2408,0.524375,8434.541716328968,31014.95172824792,,0.942038,2.000558,,1.0,,no_data,S1_ONLY,0.087111,QUALIFIED
2429,0.088125,1621.6631205673766,30771.776595744683,,0.758705,2.26905,,1.0,,no_data,S1_ONLY,0.063625,QUALIFIED
2528,0.16,9591.39453125,30445.32421875,,,,-0.521353,1.0,,no_data,S1_ONLY,0.133192,QUALIFIED
2529,0.169375,11505.588560885612,30346.164206642068,,,1.532095,0.170385,1.0,,no_data,S1_ONLY,0.099158,QUALIFIED
2557,0.135625,9102.3801843318,30044.62442396313,,,,,1.0,,no_data,S1_ONLY,0.109305,QUALIFIED
2594,0.19625,5807.1433121019145,30082.34713375796,,,,,1.0,,no_data,S1_ONLY,0.04703,QUALIFIED
2595,0.11375,8447.57692307693,29936.35164835165,,,,,1.0,,no_data,S1_ONLY,0.092055,QUALIFIED
2606,0.08625,15560.550724637673,29909.557971014496,0.766449,0.639924,,,1.0,,no_data,S1_ONLY,0.127901,QUALIFIED
2607,0.1175,15792.319148936163,30096.909574468085,,,,7.936923,1.0,,no_data,S1_ONLY,0.10907,QUALIFIED
2645,0.37875,4358.039603960395,30153.42904290429,,,,,1.0,,no_data,S1_ONLY,0.092765,QUALIFIED
2672,0.151875,8832.936213991772,29749.779835390946,0.733333,,,,1.0,,no_data,S1_ONLY,0.130844,QUALIFIED
2686,0.246875,9524.246835443031,30016.19620253165,,,7.327128,-0.14794,1.0,,no_data,S1_ONLY,0.145203,QUALIFIED
2721,0.321875,12632.800970873788,29515.20873786408,,0.925358,-1.543913,,1.0,,no_data,S1_ONLY,0.116226,QUALIFIED
2774,0.22,12074.357954545449,29606.25284090909,,0.532106,-0.228387,0.659908,1.0,,no_data,S1_ONLY,0.113524,QUALIFIED
2786,0.096875,7523.693548387098,29407.274193548383,0.495218,0.720299,2.109215,2.853851,1.0,,no_data,S1_ONLY,0.067552,QUALIFIED
2793,0.2725,9793.422018348618,29472.174311926603,,-0.068319,-0.117954,,1.0,,no_data,S1_ONLY,0.107823,QUALIFIED
2804,0.20875,9000.39820359282,29477.071856287424,-0.525358,-1.089552,2.817921,,1.0,,no_data,S1_ONLY,0.116457,QUALIFIED
2812,0.263125,860.3669833729218,28997.649643705463,0.073079,-0.242826,0.210606,-0.397356,1.0,,no_data,S1_ONLY,0.063704,QUALIFIED
2848,0.14875,12186.369747899167,29163.52521008403,,0.911697,-2.158998,-3.454805,1.0,,no_data,S1_ONLY,0.135465,QUALIFIED
2853,0.294375,491.4851380042455,29186.646496815287,-0.128547,-0.049608,0.103365,-0.034287,1.0,,no_data,S1_ONLY,0.067,QUALIFIED
2894,0.175,33900.035714285725,28968.35714285714,,1.421507,,,1.0,,no_data,S1_ONLY,0.055514,QUALIFIED
2924,0.19875,9090.93081761006,29116.616352201258,,0.844218,-2.692325,,1.0,,no_data,S1_ONLY,0.102294,QUALIFIED
2946,0.416875,7103.210644677667,29115.45502248876,,0.890666,-0.579457,,1.0,,no_data,S1_ONLY,0.062787,QUALIFIED
2953,1.93125,6249.346278317149,29458.598705501616,,,,,1.0,,no_data,S1_ONLY,0.063839,QUALIFIED
2954,0.540625,6245.367052023117,28405.58670520231,,0.746118,0.116242,,1.0,,no_data,S1_ONLY,0.057112,QUALIFIED
2971,0.116875,13339.606951871654,28577.23796791444,,,1.630602,,1.0,,no_data,S1_ONLY,0.076394,QUALIFIED
2986,0.14,8101.732142857145,28754.183035714286,,0.988543,-3.543485,,1.0,,no_data,S1_ONLY,0.080562,QUALIFIED
2990,0.548125,-11599.644811858612,28413.669897377426,0.33879,,-0.054104,,1.0,0.168153,normal_low,BOTH,0.108913,QUALIFIED
3025,0.1425,291.82456140350405,28856.530701754386,0.058813,-0.060131,-0.053404,-0.016765,1.0,,no_data,S1_ONLY,0.068083,QUALIFIED
3026,0.231875,11088.179245283012,28732.84501347709,,0.9178,0.201791,,1.0,,no_data,S1_ONLY,0.100535,QUALIFIED
3039,0.211875,8525.016224188788,28616.797935103245,,0.920812,-1.307288,,1.0,,no_data,S1_ONLY,0.093843,QUALIFIED
3040,0.27875,9822.20179372198,28594.89461883408,,0.974548,-0.194198,-0.604244,1.0,,no_data,S1_ONLY,0.126416,QUALIFIED
3055,0.285,-14138.49342105263,28250.171052631576,-0.26145,,,,1.0,,no_data,S1_ONLY,0.135526,QUALIFIED
3091,0.1875,11795.416666666664,28423.666666666664,0.285403,0.346427,1.088035,1.083507,1.0,,no_data,S1_ONLY,0.08589,QUALIFIED
3107,0.09,16756.09722222222,28248.069444444445,,-0.420924,0.561386,,1.0,,no_data,S1_ONLY,0.100126,QUALIFIED
3116,0.254375,-12010.266584766585,28177.281326781325,0.462383,-0.380627,-0.699049,,1.0,0.189195,normal_low,BOTH,0.113974,QUALIFIED
3120,0.10875,6482.9770114942585,28319.034482758623,,0.920147,0.663077,,1.0,,no_data,S1_ONLY,0.061288,QUALIFIED
3132,0.10125,-456.2098765432093,28298.802469135804,0.381265,0.03577,-3.199855,-0.64054,1.0,,no_data,S1_ONLY,0.093071,QUALIFIED
3137,0.094375,-10932.122516556294,28011.59271523179,,0.691785,,,1.0,0.22103,normal_low,BOTH,0.091412,QUALIFIED
3151,0.238125,-24466.313648293963,28059.88320209974,-0.355695,,,,1.0,,no_data,S1_ONLY,0.157737,QUALIFIED
3175,0.5,10495.65625,27905.125,0.336066,0.959826,1.358816,,1.0,,no_data,S1_ONLY,0.058988,QUALIFIED
3184,0.159375,13366.166666666664,27911.67647058824,0.823804,,2.385911,,1.0,,no_data,S1_ONLY,0.072296,QUALIFIED
3202,0.579375,8640.249730312833,27898.47734627832,0.589723,0.55198,4.340785,,1.0,,no_data,S1_ONLY,0.085671,QUALIFIED
3215,0.189375,-9963.123762376244,28070.219471947195,0.475406,0.301579,-3.234653,,1.0,0.160902,normal_low,BOTH,0.101497,QUALIFIED
3224,0.07875,11608.8253968254,27725.103174603173,1.087546,,,,1.0,,no_data,S1_ONLY,0.07149,QUALIFIED
3248,0.57,12002.597587719298,27611.190789473683,1.375876,-0.545772,3.85151,,1.0,,no_data,S1_ONLY,0.067948,QUALIFIED
3249,0.4275,-28635.07602339181,28054.59356725146,-0.732135,1.178923,,,1.0,0.143539,normal_low,BOTH,0.010999,QUALIFIED
3253,0.23125,-9103.608108108108,27711.986486486487,-1.28922,0.513318,-2.138441,-1.872248,1.0,0.182847,normal_low,BOTH,0.083934,QUALIFIED
3273,0.65625,35018.45238095238,27630.38095238096,0.7889,0.575853,,,1.0,,no_data,S1_ONLY,0.061976,QUALIFIED
3276,0.09625,11337.0,27634.42857142857,1.456563,,5.653651,,1.0,,no_data,S1_ONLY,0.071063,QUALIFIED
3291,0.126875,9295.312807881768,27517.371921182264,,-0.142017,,,1.0,,no_data,S1_ONLY,0.047455,QUALIFIED
3335,0.258125,-12884.277239709443,27515.754237288136,,0.907193,,,1.0,0.239293,normal_low,BOTH,0.099502,QUALIFIED
3351,0.49125,-27895.1882951654,27534.692111959288,-0.149282,,,,1.0,0.263112,normal_low,BOTH,0.031902,QUALIFIED
3360,0.17,34500.87867647059,27332.02573529412,1.103578,0.603088,,,1.0,,no_data,S1_ONLY,0.05585,QUALIFIED
3361,0.141875,-25954.02422907489,27304.79515418502,-0.03874,,1.583156,,1.0,,no_data,S1_ONLY,0.091966,QUALIFIED
3364,0.38625,-9349.852750809065,27280.23300970874,0.055566,0.558831,0.547242,-0.991038,1.0,0.235861,normal_low,BOTH,0.088323,QUALIFIED
3389,0.388125,10628.968599033818,27274.69484702093,0.285405,0.773803,,,1.0,,no_data,S1_ONLY,0.046218,QUALIFIED
3426,0.101875,-26777.6472392638,26861.54294478528,0.133208,,-5.201244,,1.0,0.29247,normal_low,BOTH,0.07835,QUALIFIED
3434,0.1475,16578.419491525427,27103.254237288136,,2.002294,,,1.0,,no_data,S1_ONLY,0.074989,QUALIFIED
3456,0.10625,-10909.323529411762,26864.32352941176,-1.302146,0.72905,0.72678,1.062893,1.0,0.247423,normal_low,BOTH,0.118786,QUALIFIED
3474,0.1375,-12221.522727272728,26878.340909090908,0.084276,-0.43196,0.920766,1.61859,1.0,0.217607,normal_low,BOTH,0.081174,QUALIFIED
3500,1.78875,-13661.619846261356,26248.61320754717,,0.384615,1.446855,,1.0,,no_data,S1_ONLY,0.079147,QUALIFIED
3509,0.38875,11874.982315112538,26930.805466237944,0.255845,0.201899,1.335179,,1.0,,no_data,S1_ONLY,0.051054,QUALIFIED
3519,0.1325,-28846.60849056604,26773.73113207547,0.437175,,-2.2612,,1.0,0.266234,normal_low,BOTH,0.021335,QUALIFIED
3520,0.42625,-9734.6642228739,26820.66129032258,0.48728,0.454513,0.270566,4.112319,1.0,0.203895,normal_low,BOTH,0.084922,QUALIFIED
3546,0.175,9664.142857142862,26673.80357142857,-1.069795,0.291879,,,1.0,,no_data,S1_ONLY,0.033057,QUALIFIED
3598,0.670625,10089.597856477165,26879.623951537746,0.373865,0.48315,,,1.0,,no_data,S1_ONLY,0.035474,QUALIFIED
3599,0.238125,10674.106299212595,26572.80971128609,-0.489282,-1.779447,1.527689,,1.0,,no_data,S1_ONLY,0.033032,QUALIFIED
3637,0.39,10314.32371794872,25992.08653846154,0.458534,0.668009,,,1.0,,no_data,S1_ONLY,0.029987,QUALIFIED
3655,0.275625,-11534.230158730155,26199.139455782315,,1.255189,3.731411,,1.0,0.252676,normal_low,BOTH,0.090353,QUALIFIED
3674,0.089375,-27429.69580419581,26303.996503496503,,0.26183,-3.443354,,1.0,0.355825,normal_low,BOTH,0.068629,QUALIFIED
3715,0.10125,9943.17283950618,25957.5987654321,0.990402,0.946215,,,1.0,,no_data,S1_ONLY,0.029819,QUALIFIED
3721,0.19125,9649.90849673203,26118.22875816993,1.19818,0.796929,,,1.0,,no_data,S1_ONLY,0.029068,QUALIFIED
3733,0.285,-14417.111842105269,26044.08552631579,,,-0.04987,,1.0,,no_data,S1_ONLY,0.072363,QUALIFIED
3750,0.56625,11165.94591611479,26050.08609271523,0.490369,0.292204,,,1.0,,no_data,S1_ONLY,0.033233,QUALIFIED
3758,0.830625,5925.816779533488,26372.30210684725,-1.802827,-1.009078,1.654491,,1.0,,no_data,S1_ONLY,0.041949,QUALIFIED
3807,0.170625,-12811.580586080585,25693.54029304029,4.016807,0.087787,,,1.0,,no_data,S1_ONLY,0.062633,QUALIFIED
3897,0.130625,2305.959330143545,25514.25598086125,1.007555,1.253983,,,1.0,,no_data,S1_ONLY,0.071258,QUALIFIED
3898,0.22375,3149.150837988825,25595.82122905028,0.638391,0.513514,,,1.0,,no_data,S1_ONLY,0.061829,QUALIFIED
3928,0.54875,-12644.947608200457,25076.78132118451,1.495093,0.448392,,,1.0,0.219213,normal_low,BOTH,0.054376,QUALIFIED
3932,0.08125,2594.115384615383,25364.73076923077,0.748562,1.017906,,,1.0,,no_data,S1_ONLY,0.059536,QUALIFIED
3939,0.19625,7899.261146496814,25231.7898089172,1.795261,2.167354,,,1.0,,no_data,S1_ONLY,0.03209,QUALIFIED
3953,2.381875,-11211.678168459724,24998.92561007609,0.834363,0.593615,,,1.0,0.247558,normal_low,BOTH,0.054153,QUALIFIED
3959,0.653125,-20136.791866028707,25384.47129186603,0.96291,-0.504679,4.356201,,1.0,,no_data,S1_ONLY,0.074894,QUALIFIED
3982,0.084375,-12966.240740740735,25367.35185185185,2.967742,0.145684,,18.427071,1.0,,no_data,S1_ONLY,0.054482,QUALIFIED
4017,0.33875,-27960.27859778598,25286.33948339484,0.676112,0.327884,1.773267,,1.0,0.250472,normal_low,BOTH,0.026146,QUALIFIED
4056,0.378125,-11895.623966942148,24693.64049586777,0.600741,0.503617,,,1.0,0.250612,normal_low,BOTH,0.052932,QUALIFIED
4071,0.353125,-12890.54424778761,24629.349557522124,0.975168,1.032669,3.366257,,1.0,0.364601,normal_low,BOTH,0.051239,QUALIFIED
4072,0.286875,-1836.502178649236,24997.722222222223,-0.046473,-0.024189,0.052131,0.079928,1.0,,no_data,S1_ONLY,0.04458,QUALIFIED
4074,0.11625,2046.6774193548408,25141.89784946237,1.010951,0.544899,,,1.0,,no_data,S1_ONLY,0.064513,QUALIFIED
4092,0.0875,8211.107142857145,24821.92857142857,,4.188609,,,1.0,,no_data,S1_ONLY,0.033694,QUALIFIED
4134,0.304375,-9239.360369609858,24892.132443531827,-0.21947,-0.146129,,,1.0,0.259355,normal_low,BOTH,0.059348,QUALIFIED
4164,0.0925,-12730.39864864865,24697.29054054054,0.624044,1.172507,4.533888,,1.0,0.197206,normal_low,S1_ONLY,0.054052,QUALIFIED
4174,1.085,-6571.971774193546,24725.09677419355,0.169779,0.193311,-0.221232,-0.774455,1.0,0.287788,normal_low,BOTH,0.054137,QUALIFIED
4194,0.465625,-19394.6610738255,24661.40604026846,0.525913,0.390995,2.995175,,1.0,,no_data,S1_ONLY,0.047521,QUALIFIED
4216,0.378125,-32573.43388429752,24293.35123966942,1.043887,,1.668798,,1.0,0.1856,normal_low,BOTH,0.064983,QUALIFIED
4227,0.12125,17869.60309278351,24326.917525773195,-0.202377,-0.190042,-0.06673,0.006001,1.0,,no_data,S1_ONLY,0.057173,QUALIFIED
4232,0.335,3306.542910447766,24689.212686567163,1.08566,0.692802,,,1.0,,no_data,S1_ONLY,0.043435,QUALIFIED
4300,0.289375,-12836.623110151188,24182.46544276458,3.353036,0.774831,,,1.0,0.48723,normal_low,BOTH,0.070405,QUALIFIED
4315,0.103125,-19414.439393939392,24235.65151515152,0.699713,1.398936,2.316362,,1.0,,no_data,S1_ONLY,0.045249,QUALIFIED
4359,0.103125,26302.378787878784,23945.80303030303,-0.13965,-0.093457,-0.133355,0.02564,1.0,0.202196,normal_low,BOTH,0.030395,QUALIFIED
4379,0.090625,-11396.189655172411,24068.603448275862,,0.444245,0.745824,-0.233509,1.0,0.195714,normal_low,BOTH,0.073271,QUALIFIED
4387,0.129375,-8168.253623188408,24150.13768115942,0.501614,0.01634,-0.468224,0.588294,1.0,0.323954,normal_low,BOTH,0.041381,QUALIFIED
4459,0.871875,-11856.682795698922,23527.47132616488,,,1.768038,-0.346485,1.0,0.230075,normal_low,BOTH,0.049978,QUALIFIED
4490,0.54125,-12208.294457274824,23932.45727482679,,1.091272,,,1.0,0.258421,normal_low,BOTH,0.075621,QUALIFIED
4587,0.125625,-17593.6592039801,23424.50497512438,2.293356,2.450918,3.941806,,1.0,,no_data,S1_ONLY,0.038674,QUALIFIED
4593,0.201875,-10392.52786377709,23517.760061919504,,,,,1.0,0.23933,normal_low,BOTH,0.04253,QUALIFIED
4603,0.095,-10751.81578947368,23454.11842105264,,,,,1.0,0.261372,normal_low,BOTH,0.037743,QUALIFIED
4657,0.733125,-22413.756606990624,22953.16410912191,0.709869,0.780698,-0.152185,0.584507,1.0,,no_data,S1_ONLY,0.032699,QUALIFIED
4681,0.11,-19759.30681818182,23178.767045454548,1.514982,1.243552,,,1.0,,no_data,S1_ONLY,0.037594,QUALIFIED
4701,0.08625,-36593.97826086957,22982.565217391304,0.530248,0.133211,0.9858,0.382852,1.0,0.187165,normal_low,BOTH,0.046047,QUALIFIED
4730,0.095,-36974.01973684211,23077.638157894737,0.460015,-0.10242,0.798994,,1.0,0.192026,normal_low,BOTH,0.038586,QUALIFIED
4751,0.57875,-18777.76781857452,22905.73758099352,0.257746,,,,1.0,,no_data,S1_ONLY,0.036759,QUALIFIED
4798,1.073125,-20340.04571927781,22622.13657542225,0.041538,,,,1.0,,no_data,S1_ONLY,0.033229,QUALIFIED
4807,0.156875,-18035.659362549803,22822.61155378486,-0.328149,,,,1.0,,no_data,S1_ONLY,0.037615,QUALIFIED
4821,1.06,-23876.07488207547,22956.853183962263,0.929615,1.510019,,,1.0,,no_data,S1_ONLY,0.038523,QUALIFIED
4823,0.139375,-11115.18609865471,22752.293721973096,-1.625,,-0.410701,,1.0,0.195585,normal_low,BOTH,0.034571,QUALIFIED
4909,0.184375,18324.5,22468.21186440678,,,,,1.0,,no_data,S1_ONLY,0.056334,QUALIFIED
4921,0.45625,-12300.08904109589,22725.70547945205,,,,,1.0,0.256089,normal_low,BOTH,0.03063,QUALIFIED
4989,0.145625,-23554.255364806868,22015.09227467811,0.035195,,,,1.0,,no_data,S1_ONLY,0.032074,QUALIFIED
5000,0.348125,2341.061938958708,21977.385098743267,-0.281402,-0.052487,0.02353,-0.007643,1.0,0.526269,typical,BOTH,0.034274,QUALIFIED
5042,0.79,18434.468354430384,21836.101265822785,,,1.281814,,1.0,,no_data,S1_ONLY,0.052129,QUALIFIED
5046,0.15625,-22957.8,22071.5,-1.161325,,,,1.0,,no_data,S1_ONLY,0.031215,QUALIFIED
5057,0.205,-21347.75609756097,21898.823170731703,0.07302,,0.66188,,1.0,,no_data,S1_ONLY,0.03053,QUALIFIED
5066,0.435,-3201.5775862068986,21721.54885057472,0.196756,0.332103,,,1.0,0.300316,normal_low,BOTH,0.032189,QUALIFIED
5077,0.446875,-21962.84265734266,22040.045454545456,-0.186078,,0.969678,,1.0,,no_data,S1_ONLY,0.030243,QUALIFIED
5082,0.21375,17310.757309941517,21637.122807017546,,1.817375,,,1.0,,no_data,S1_ONLY,0.061057,QUALIFIED
5099,0.72125,21103.811091854423,21769.217504332755,1.994325,1.834016,0.84835,,1.0,0.222646,normal_low,BOTH,0.032466,QUALIFIED
5103,1.12625,-25589.62319644839,21803.7602663707,-1.401292,,3.179702,,1.0,,no_data,S1_ONLY,0.033061,QUALIFIED
5118,0.3475,17799.724820143885,21605.22122302158,,,1.169135,,1.0,,no_data,S1_ONLY,0.059546,QUALIFIED
5142,0.573125,-22528.74427480916,21603.49890948745,-0.571895,,0.282512,,1.0,,no_data,S1_ONLY,0.028425,QUALIFIED
5146,0.363125,18922.86488812392,21461.730636833046,,3.049306,0.695591,,1.0,,no_data,S1_ONLY,0.045665,QUALIFIED
5147,0.28375,21772.958149779734,21757.603524229075,0.90154,2.053702,0.572684,,1.0,0.221259,normal_low,BOTH,0.023924,QUALIFIED
5157,1.1125,15188.306179775282,21356.03370786517,1.623735,,1.013517,,1.0,,no_data,S1_ONLY,0.05602,QUALIFIED
5167,0.11875,19216.73684210526,21521.157894736843,,1.216621,0.811067,,1.0,,no_data,S1_ONLY,0.041205,QUALIFIED
5184,0.128125,-19993.914634146346,21410.378048780487,,,1.56648,,1.0,,no_data,S1_ONLY,0.036227,QUALIFIED
5189,1.02375,16867.44871794872,21092.05982905983,0.402318,0.465299,0.073641,0.989027,1.0,,no_data,S1_ONLY,0.054418,QUALIFIED
5205,0.790625,-23391.27075098814,21628.583003952568,,,0.779738,,1.0,,no_data,S1_ONLY,0.028854,QUALIFIED
5217,0.445,-3296.6376404494367,21197.2345505618,,,1.168337,,1.0,0.211184,normal_low,BOTH,0.029923,QUALIFIED
5246,0.474375,17733.755599472985,20897.502635046112,0.873634,,-1.751453,3.858268,1.0,,no_data,S1_ONLY,0.055324,QUALIFIED
5271,0.419375,22106.16915052161,21343.756333830104,0.255733,,-0.719449,,1.0,0.201042,normal_low,BOTH,0.026732,QUALIFIED
5277,0.119375,13362.981675392664,21159.924083769634,0.975286,,1.214173,,1.0,,no_data,S1_ONLY,0.041227,QUALIFIED
5280,0.104375,22623.90119760479,21272.80538922156,0.677184,,,,1.0,0.202312,normal_low,BOTH,0.026114,QUALIFIED
5286,0.1925,-21190.272727272728,21049.93181818182,,,1.730453,,1.0,,no_data,S1_ONLY,0.027585,QUALIFIED
5290,0.124375,18193.21859296482,21088.94221105528,1.432746,,,,1.0,,no_data,S1_ONLY,0.049145,QUALIFIED
5320,2.4175,19289.13934850052,20504.26163391934,0.138869,-0.082714,-0.108737,0.26654,1.0,,no_data,S1_ONLY,0.046762,QUALIFIED
5349,0.360625,19439.577989601392,20866.09792027729,-0.054589,,-2.603156,,1.0,,no_data,S1_ONLY,0.05311,QUALIFIED
5354,0.17,-20297.74264705882,20870.26102941177,,0.563887,,,1.0,,no_data,S1_ONLY,0.028747,QUALIFIED
5360,0.693125,-20696.41974752029,21485.39630297565,0.128923,,1.192882,,1.0,,no_data,S1_ONLY,0.030389,QUALIFIED
5385,0.835,-14080.234281437122,20799.601796407187,,-0.467649,1.465983,,1.0,0.264615,normal_low,BOTH,0.029686,QUALIFIED
5396,0.194375,-2174.4549839228275,20500.5,0.652896,-0.241827,0.04494,,1.0,0.244307,normal_low,CPR_ONLY,,QUALIFIED
5401,0.38,-19208.394736842103,20968.30427631579,-0.955994,,,,1.0,0.192386,normal_low,BOTH,0.031868,QUALIFIED
5404,0.0925,19872.979729729726,21017.72972972973,1.103063,,,,1.0,,no_data,S1_ONLY,0.040145,QUALIFIED
5431,0.34875,-1576.4408602150506,20617.525089605737,0.488613,0.388162,-0.079184,,1.0,0.196785,normal_low,CPR_ONLY,,QUALIFIED
5509,0.17875,15085.95104895105,20561.776223776225,0.396407,-0.278422,-0.02468,-0.017027,1.0,,no_data,S1_ONLY,0.058016,QUALIFIED
5519,1.5425,-19669.15883306321,20137.75688816856,0.087441,0.500206,,,1.0,0.253628,normal_low,CPR_ONLY,,QUALIFIED
5550,1.4925,-22206.959380234504,20591.276800670017,-2.142715,-0.171833,0.949173,,1.0,,no_data,S1_ONLY,0.026241,QUALIFIED
5555,0.104375,-5058.434131736525,20173.70359281437,0.903905,,,,1.0,0.180328,normal_low,CPR_ONLY,,QUALIFIED
5556,1.018125,-2617.458256599137,20810.091774094537,-0.045315,0.331498,0.786777,,1.0,0.179108,normal_low,BOTH,0.031402,QUALIFIED
5580,0.231875,-1741.537735849059,20252.85849056604,0.53509,0.432509,0.055057,,1.0,0.186688,normal_low,CPR_ONLY,,QUALIFIED
5594,0.230625,-2142.6409214092128,19974.82249322493,0.510097,0.412453,0.42067,,1.0,0.226196,normal_low,CPR_ONLY,,QUALIFIED
5605,0.49625,-523.4534005037785,20012.370277078087,0.425584,0.25725,0.198138,1.450102,1.0,0.176778,normal_low,CPR_ONLY,,QUALIFIED
5637,0.169375,12349.5,20110.83210332104,,,,,1.0,0.358898,normal_low,BOTH,0.034326,QUALIFIED
5640,1.365625,-18508.46338672769,20414.82494279176,0.461565,-0.018456,,,1.0,0.183879,normal_low,BOTH,0.03032,QUALIFIED
5677,0.251875,-1514.457816377173,19794.2965260546,0.173524,0.104933,-1.302979,,1.0,0.180286,normal_low,CPR_ONLY,,QUALIFIED
5718,1.0325,-6391.072033898301,19407.77905569008,0.461174,-0.532248,0.059367,,1.0,0.218603,normal_low,CPR_ONLY,,QUALIFIED
5728,0.773125,-16778.491107518188,19559.857316087306,0.745236,1.779482,0.122105,,1.0,0.190245,normal_low,CPR_ONLY,,QUALIFIED
5748,0.118125,-1766.505291005291,19540.447089947087,-0.606652,0.099045,-5.248271,,1.0,0.236156,normal_low,CPR_ONLY,,QUALIFIED
5751,0.5,16467.125,19577.78125,1.833394,,,,1.0,0.258497,normal_low,S1_ONLY,0.05631,QUALIFIED
5779,0.209375,-18782.589552238805,19773.11194029851,0.413282,-0.202884,,,1.0,0.196708,normal_low,CPR_ONLY,,QUALIFIED
5792,0.755625,-15354.53225806452,19819.13110008271,0.893657,1.008929,0.421737,,1.0,0.198404,normal_low,CPR_ONLY,,QUALIFIED
5793,0.21875,-5046.785714285717,19766.0,0.726872,,,,1.0,0.178537,normal_low,CPR_ONLY,,QUALIFIED
5803,0.333125,14811.9765478424,19253.267354596625,1.862665,,,,1.0,0.237836,normal_low,BOTH,0.053262,QUALIFIED
5816,0.274375,19772.791571753987,19503.689066059225,,,1.030143,1.295274,1.0,,no_data,S1_ONLY,0.038756,QUALIFIED
5817,0.0875,23713.607142857145,19540.85714285714,-2.433501,0.294204,0.752394,0.057869,1.0,0.213907,normal_low,BOTH,0.019112,QUALIFIED
5821,0.166875,-14305.837078651684,19512.9531835206,,,,,1.0,0.212641,normal_low,CPR_ONLY,,QUALIFIED
5841,0.0925,-2685.4662162162203,19231.581081081084,0.425819,,0.106355,,1.0,0.173122,normal_low,CPR_ONLY,,QUALIFIED
5853,0.3325,23284.321428571435,18962.295112781954,-0.349154,-0.146479,-0.035675,0.032385,1.0,0.162081,normal_low,BOTH,0.021128,QUALIFIED
5859,0.093125,-18714.42617449665,19401.674496644297,0.502415,-0.04361,0.041924,,1.0,0.21002,normal_low,CPR_ONLY,,QUALIFIED
5882,0.303125,-15214.10824742268,19371.37628865979,0.275883,1.310701,0.026719,,1.0,0.205656,normal_low,CPR_ONLY,,QUALIFIED
5897,0.789375,20075.093824228024,19040.860253365005,,0.448372,1.009364,3.196112,1.0,,no_data,S1_ONLY,0.03226,QUALIFIED
5911,0.230625,-14720.41869918699,19214.863143631435,0.776412,,-0.615658,,1.0,0.182631,normal_low,CPR_ONLY,,QUALIFIED
5936,0.238125,19098.7125984252,19361.32677165354,0.91857,,,,1.0,,no_data,S1_ONLY,0.032317,QUALIFIED
5941,0.265,17425.44339622641,18985.22877358491,,-0.099369,1.621372,1.253032,1.0,0.245574,normal_low,BOTH,0.042427,QUALIFIED
5944,0.296875,-17480.973684210527,18908.605263157893,0.651557,,-0.527409,1.459922,1.0,0.170486,normal_low,CPR_ONLY,,QUALIFIED
5946,0.61125,10731.401840490798,18944.64621676892,0.983723,,,,1.0,0.428354,normal_low,CPR_ONLY,,QUALIFIED
5948,0.188125,16016.85880398671,19075.250830564783,1.266816,,1.89992,,1.0,0.223798,normal_low,BOTH,0.054914,QUALIFIED
5949,0.1925,18144.14285714285,19083.29220779221,1.94863,2.501511,,,1.0,,no_data,S1_ONLY,0.037693,QUALIFIED
5954,0.540625,17116.69653179191,19251.56936416185,1.299259,,,,1.0,0.231638,normal_low,BOTH,0.052347,QUALIFIED
5979,0.1575,13913.091269841265,19083.93253968254,0.539543,,,,1.0,0.205486,normal_low,BOTH,0.041545,QUALIFIED
5999,0.523125,-14078.307646356036,19092.58482676225,1.683101,,,,1.0,0.175209,normal_low,CPR_ONLY,,QUALIFIED
6009,0.15875,22844.086614173222,18948.82677165354,-1.708044,,1.893414,,1.0,0.17182,normal_low,BOTH,0.032977,QUALIFIED
6013,0.626875,-5974.378364905286,18691.45214356929,0.644431,,,,1.0,0.181886,normal_low,CPR_ONLY,,QUALIFIED
6019,0.376875,17667.120232172478,18571.768656716416,0.317097,0.17733,1.311876,,1.0,0.22632,normal_low,BOTH,0.040023,QUALIFIED
6032,0.085625,17171.94525547445,18677.14233576642,,-1.644776,3.372694,,1.0,0.21633,normal_low,BOTH,0.041988,QUALIFIED
6037,0.58125,-15716.225806451615,18838.0,-0.152531,0.540164,,,1.0,0.199635,normal_low,CPR_ONLY,,QUALIFIED
6038,0.091875,15814.636054421768,18844.88775510204,,,1.458472,,1.0,0.229051,normal_low,BOTH,0.059256,QUALIFIED
6039,0.69125,19531.05515370705,18663.587703435805,,-1.22801,2.80597,,1.0,0.219838,normal_low,BOTH,0.037808,QUALIFIED
6060,0.55625,14376.269662921346,18808.252808988767,1.837748,0.705373,,,1.0,0.254311,normal_low,BOTH,0.05604,QUALIFIED
6061,0.621875,15504.097989949754,18756.304020100502,,,1.931891,,1.0,0.244792,normal_low,BOTH,0.058423,QUALIFIED
6083,0.1,11264.1875,18731.28125,0.976703,,1.769475,,1.0,0.417069,normal_low,CPR_ONLY,,QUALIFIED
6088,0.414375,-16737.377828054297,18439.527149321264,,,,,1.0,0.200289,normal_low,CPR_ONLY,,QUALIFIED
6120,1.123125,22874.360879243177,18634.75153032833,-0.160217,-0.118211,-0.00856,-0.01394,1.0,0.170755,normal_low,BOTH,0.021018,QUALIFIED
6128,0.505625,18536.39740420272,18611.00679851669,0.157826,,,,1.0,0.225805,normal_low,BOTH,0.029657,QUALIFIED
6147,0.26125,16929.703349282296,18513.5980861244,-0.00644,0.146363,2.485485,,1.0,0.210243,normal_low,BOTH,0.043537,QUALIFIED
6172,0.11,4697.795454545456,18532.460227272724,0.745904,0.887161,1.524693,1.749703,1.0,0.288763,normal_low,CPR_ONLY,,QUALIFIED
6194,0.14125,14925.163716814151,18422.513274336285,,-1.71208,,,1.0,0.228783,normal_low,BOTH,0.064601,QUALIFIED
6202,0.27125,18051.63133640553,18291.168202764977,0.318303,0.104782,0.154611,1.267965,1.0,0.249044,normal_low,BOTH,0.035402,QUALIFIED
6206,0.270625,-5527.347575057735,18321.86258660508,0.642723,1.420018,1.473969,,1.0,0.192561,normal_low,CPR_ONLY,,QUALIFIED
6209,0.1,22371.53125,18265.8125,0.348918,-0.005024,-0.010709,-0.01192,1.0,0.151044,normal_low,BOTH,0.0222,QUALIFIED
6216,0.578125,-4884.770270270266,18652.14864864865,0.943307,,5.159938,,1.0,0.193695,normal_low,CPR_ONLY,,QUALIFIED
6227,0.3375,-7412.444444444445,18375.5,-0.007828,0.425746,0.759964,3.196897,1.0,0.195996,normal_low,CPR_ONLY,,QUALIFIED
6239,0.21125,24271.763313609463,18344.878698224853,-0.033169,-0.09132,0.054266,-0.092631,1.0,0.199774,normal_low,CPR_ONLY,,QUALIFIED
6243,1.351875,-23757.527276930192,18350.96232085067,0.563102,0.689655,-0.377826,,1.0,0.183959,normal_low,BOTH,0.040134,QUALIFIED
6246,0.26875,10939.267441860466,18409.8023255814,0.021284,-0.073324,0.133348,0.141167,1.0,0.3942,normal_low,CPR_ONLY,,QUALIFIED
6277,0.615625,-5080.753807106601,17713.164974619285,0.815502,,,,1.0,0.189449,normal_low,CPR_ONLY,,QUALIFIED
6291,0.313125,-19167.91516966068,18225.000998004,,,,,1.0,0.182021,normal_low,CPR_ONLY,,QUALIFIED
6292,0.235625,-11815.685676392568,18261.640583554377,,,,,1.0,0.224304,normal_low,CPR_ONLY,,QUALIFIED
6294,0.110625,-6966.601694915255,18109.25706214689,0.475584,-0.448811,0.693557,0.368793,1.0,0.173031,normal_low,CPR_ONLY,,QUALIFIED
6308,0.183125,14900.523890784983,18147.172354948805,0.202991,0.149094,-0.237837,0.596685,1.0,0.245254,normal_low,BOTH,0.041506,QUALIFIED
6314,1.05,-6499.294642857145,17578.714285714283,0.846329,-0.044654,0.828889,-0.463216,1.0,0.165188,normal_low,CPR_ONLY,,QUALIFIED
6318,0.10125,10392.555555555557,18060.222222222223,0.019937,0.014982,0.053755,0.046713,1.0,0.404951,normal_low,CPR_ONLY,,QUALIFIED
6329,1.053125,-10268.244807121664,18372.280415430265,,,1.013652,,1.0,0.206268,normal_low,CPR_ONLY,,QUALIFIED
6355,0.38875,-5676.504823151125,17793.10450160772,0.845312,-0.344498,2.192564,,1.0,0.164676,normal_low,CPR_ONLY,,QUALIFIED
6360,0.120625,-17414.360103626947,17541.821243523314,0.017459,-0.385237,1.024481,5.421456,1.0,0.161644,normal_low,CPR_ONLY,,QUALIFIED
6363,0.233125,12595.679624664874,17935.218498659517,-0.984561,0.074901,-0.071257,,1.0,0.228972,normal_low,BOTH,0.03695,QUALIFIED
6365,0.150625,13057.591286307055,17710.354771784234,,0.235486,,,1.0,0.230526,normal_low,BOTH,0.040867,QUALIFIED
6381,0.76375,14284.381342062195,18026.66612111293,-0.52193,0.128402,0.792416,,1.0,0.270351,normal_low,BOTH,0.050582,QUALIFIED
6393,0.085,20773.02941176472,17690.02205882353,0.869043,0.692172,,,1.0,0.222015,normal_low,BOTH,0.02476,QUALIFIED
6397,1.721875,-11330.917422867518,17986.5889292196,0.785625,,1.606647,,1.0,0.235883,normal_low,CPR_ONLY,,QUALIFIED
6402,0.41,9914.09603658536,18343.29725609756,0.082512,-0.064086,0.042574,0.006602,1.0,0.292328,normal_low,CPR_ONLY,,QUALIFIED
6413,0.4,16953.953125,17942.9609375,0.215562,-0.27818,0.878397,,1.0,0.25358,normal_low,BOTH,0.052179,QUALIFIED
6425,0.286875,15134.140522875816,17860.95751633987,0.052013,0.130766,0.455663,,1.0,0.254678,normal_low,BOTH,0.061925,QUALIFIED
6437,2.55625,-8337.847188264059,17705.695599022005,0.275447,0.701509,1.615333,,1.0,0.190981,normal_low,CPR_ONLY,,QUALIFIED
6438,0.09875,-6739.424050632908,17791.79746835443,0.84567,-0.711651,1.257581,0.152003,1.0,0.177254,normal_low,CPR_ONLY,,QUALIFIED
6442,0.589375,22727.65482502652,17920.648462354187,0.292868,0.104053,0.014048,-0.153694,1.0,0.164114,normal_low,BOTH,0.020594,QUALIFIED
6461,0.07875,16539.579365079364,17733.634920634922,,0.54063,,,1.0,0.247591,normal_low,BOTH,0.053717,QUALIFIED
6474,0.229375,-19136.73978201635,17653.0204359673,,-2.966989,1.05473,,1.0,0.213883,normal_low,CPR_ONLY,,QUALIFIED
6481,0.255625,15719.48777506112,17633.568459657705,0.450308,,,,1.0,0.25074,normal_low,BOTH,0.051263,QUALIFIED
6499,0.54375,-10401.074712643684,17451.10344827586,0.979017,0.620557,2.182834,,1.0,0.169121,normal_low,CPR_ONLY,,QUALIFIED
6505,0.16125,15348.337209302328,17552.825581395347,0.603162,0.329763,,,1.0,0.262835,normal_low,BOTH,0.069112,QUALIFIED
6541,0.286875,26895.63289760349,17495.053376906315,0.815583,-1.01145,1.105047,,1.0,0.349914,normal_low,CPR_ONLY,,QUALIFIED
6551,0.105625,-19112.778106508875,17257.156804733728,0.475143,0.793042,1.232637,,1.0,0.201486,normal_low,CPR_ONLY,,QUALIFIED
6555,0.845625,19056.318181818184,17149.834811529934,1.087309,0.968382,0.653146,,1.0,0.223435,normal_low,BOTH,0.041458,QUALIFIED
6566,0.20375,-5857.095092024538,17322.815950920245,0.84974,0.87301,0.200065,,1.0,0.146864,normal_low,CPR_ONLY,,QUALIFIED
6576,0.12375,14326.141414141406,17285.474747474746,0.63995,0.373957,,,1.0,0.342332,normal_low,BOTH,0.047408,QUALIFIED
6577,0.54125,17269.015011547344,17627.69399538106,0.791575,0.695992,,,1.0,0.209757,normal_low,BOTH,0.04902,QUALIFIED
6592,0.428125,15223.040145985397,17090.13503649635,1.004005,0.185512,0.639275,,1.0,0.249224,normal_low,BOTH,0.057626,QUALIFIED
6595,0.5375,22055.02325581396,17464.162790697676,0.859375,,0.627383,,1.0,0.245295,normal_low,BOTH,0.019493,QUALIFIED
6615,0.421875,20859.53703703704,17205.01851851852,1.124127,,0.486278,,1.0,0.25321,normal_low,BOTH,0.033043,QUALIFIED
6629,0.08,15709.0703125,17141.90625,0.880585,0.123705,-0.228475,,1.0,0.286397,normal_low,BOTH,0.058692,QUALIFIED
6630,0.183125,22942.50341296928,17193.418088737202,0.535522,,0.086093,,1.0,0.226026,normal_low,BOTH,0.020592,QUALIFIED
6631,0.104375,23382.13473053892,17073.70359281437,1.671412,,0.761837,,1.0,0.187257,normal_low,BOTH,0.016845,QUALIFIED
6644,0.15,19066.791666666664,16848.104166666668,,,1.144517,,1.0,0.310521,normal_low,BOTH,0.050932,QUALIFIED
6659,0.32125,25028.73151750973,16956.96887159533,0.560647,,2.433602,,1.0,0.168623,normal_low,CPR_ONLY,,QUALIFIED
6668,2.244375,13939.461013645225,17299.817738791422,0.276545,-0.357895,0.671378,,1.0,0.245585,normal_low,BOTH,0.045127,QUALIFIED
6670,0.096875,18712.56451612903,17259.532258064515,1.088773,0.201478,0.227779,,1.0,0.19252,normal_low,BOTH,0.050234,QUALIFIED
6675,1.394375,-18968.74294038548,17070.603092783505,0.749211,0.628064,1.858832,,1.0,0.195677,normal_low,BOTH,0.062444,QUALIFIED
6676,0.13125,-7920.619047619053,16908.11904761905,0.540077,,2.077688,,1.0,0.194879,normal_low,CPR_ONLY,,QUALIFIED
6688,0.49625,-10573.768261964731,16878.018891687658,,1.491504,,,1.0,0.189477,normal_low,CPR_ONLY,,QUALIFIED
6709,0.0925,-6928.54054054054,16849.317567567567,0.375438,,1.246136,,1.0,0.20416,normal_low,CPR_ONLY,,QUALIFIED
6728,0.118125,24243.679894179902,17039.12433862434,0.945306,1.640758,2.306892,,1.0,0.154667,normal_low,CPR_ONLY,,QUALIFIED
6736,0.106875,15019.675438596496,16735.441520467833,,,0.682455,,1.0,0.229155,normal_low,CPR_ONLY,,QUALIFIED
6746,0.22375,19482.530726256984,16789.256983240222,,,1.494755,,1.0,0.245839,normal_low,BOTH,0.035923,QUALIFIED
6752,0.253125,24772.030864197528,16692.413580246917,-1.537326,,0.677837,,1.0,0.166444,normal_low,CPR_ONLY,,QUALIFIED
6765,0.179375,21764.39547038327,16826.458188153312,,,2.761276,,1.0,0.236643,normal_low,BOTH,0.022641,QUALIFIED
6768,0.601875,-12026.304776739358,16122.8779854621,,0.731257,,,1.0,0.321887,normal_low,CPR_ONLY,,QUALIFIED
6786,0.288125,22255.627982646416,16550.337310195227,,,,,1.0,0.235642,normal_low,BOTH,0.020783,QUALIFIED
6829,0.1875,23560.08333333333,16487.5,,,,,1.0,0.210673,normal_low,CPR_ONLY,,QUALIFIED
6837,0.163125,-10951.170498084291,16461.89846743295,,2.822098,,,1.0,0.196162,normal_low,CPR_ONLY,,QUALIFIED
6839,0.283125,13555.681015452536,16343.987858719647,,,1.086623,,1.0,0.237633,normal_low,CPR_ONLY,,QUALIFIED
6854,0.120625,19054.03367875648,16447.779792746114,,1.001869,1.315821,,1.0,0.240048,normal_low,BOTH,0.04716,QUALIFIED
6860,0.486875,-6828.96598202824,16585.737483953784,0.502317,,0.41089,,1.0,0.183373,normal_low,CPR_ONLY,,QUALIFIED
6863,0.113125,2650.743093922654,16572.737569060773,0.587208,-0.022338,0.589674,,1.0,0.281668,normal_low,CPR_ONLY,,QUALIFIED
6866,0.095,7838.315789473687,16420.894736842103,,,-0.513478,,1.0,0.221372,normal_low,CPR_ONLY,,QUALIFIED
6870,0.2,22656.921875,16238.234375000004,,,,,1.0,0.237747,normal_low,BOTH,0.02131,QUALIFIED
6875,0.32125,20990.06420233463,16680.94747081712,,,,,1.0,0.25211,normal_low,BOTH,0.032875,QUALIFIED
6876,0.20375,23125.190184049075,16485.085889570553,,,,,1.0,0.205308,normal_low,BOTH,0.021464,QUALIFIED
6906,0.67375,17325.195732838583,16511.56215213358,,,2.662805,,1.0,0.196872,normal_low,BOTH,0.042297,QUALIFIED
6912,0.083125,9467.357142857143,16386.77819548872,0.806854,,0.468531,7.419255,1.0,0.225236,normal_low,CPR_ONLY,,QUALIFIED
6950,1.416875,-5659.631010145567,16655.67203352448,0.515728,0.226205,0.624447,,1.0,0.166828,normal_low,CPR_ONLY,,QUALIFIED
6951,0.156875,19189.04183266932,16142.830677290836,,,,,1.0,0.217251,normal_low,BOTH,0.044184,QUALIFIED
6976,0.399375,-2275.304381846632,15943.183881064164,0.693352,0.216223,-0.329939,,1.0,0.235256,normal_low,CPR_ONLY,,QUALIFIED
6979,0.079375,19413.87007874016,16321.562992125986,,,2.727941,,1.0,0.234032,normal_low,BOTH,0.055301,QUALIFIED
6981,0.208125,30295.220720720725,16232.932432432432,,,,,1.0,0.257604,normal_low,CPR_ONLY,,QUALIFIED
6988,0.164375,23152.731939163496,16094.036121673002,,,,,1.0,0.230425,normal_low,BOTH,0.02093,QUALIFIED
7022,0.663125,20620.54147031103,16309.995758718193,,,,,1.0,0.221401,normal_low,BOTH,0.029179,QUALIFIED
7023,0.410625,22026.440639269407,16092.661339421617,,,,,1.0,0.206771,normal_low,BOTH,0.02293,QUALIFIED
7024,0.14625,23693.623931623923,16162.358974358973,,,,,1.0,0.203736,normal_low,CPR_ONLY,,QUALIFIED
7039,0.269375,8640.915313225058,15910.302784222738,,,1.263636,-1.901899,1.0,0.238745,normal_low,CPR_ONLY,,QUALIFIED
7049,0.15375,-6543.487804878052,16105.27642276423,0.5958,-0.145666,-2.494382,0.646845,1.0,0.164432,normal_low,CPR_ONLY,,QUALIFIED
7056,0.104375,15757.284431137728,15999.452095808383,,,,,1.0,0.187354,normal_low,CPR_ONLY,,QUALIFIED
7076,0.3075,22992.99593495934,15782.05487804878,,,,,1.0,0.225878,normal_low,BOTH,0.018381,QUALIFIED
7086,0.2625,18763.130952380947,15742.166666666668,,,,,1.0,0.264976,normal_low,CPR_ONLY,,QUALIFIED
7090,1.165,-8289.864270386264,15955.93186695279,0.79123,0.623021,,,1.0,0.238848,normal_low,CPR_ONLY,,QUALIFIED
7098,0.363125,-7457.771944922548,15935.697934595526,0.832876,-0.484887,,3.033553,1.0,0.169527,normal_low,CPR_ONLY,,QUALIFIED
7099,1.319375,-5003.283041212693,15636.28872572241,0.685362,-0.172235,0.114734,1.659189,1.0,0.185926,normal_low,CPR_ONLY,,QUALIFIED
7111,0.083125,-17739.03383458647,15973.996240601504,0.05369,0.362815,0.673182,1.045872,1.0,0.201429,normal_low,BOTH,0.074926,QUALIFIED
7116,0.94125,21288.311420982733,15886.240371845954,,,,,1.0,0.210416,normal_low,BOTH,0.027649,QUALIFIED
7121,0.415,-6021.320783132527,15782.164156626506,0.691303,-0.218711,-2.100245,1.458246,1.0,0.159702,normal_low,CPR_ONLY,,QUALIFIED
7124,0.876875,24827.600498930857,15664.505702067,,,,,1.0,0.214083,normal_low,CPR_ONLY,,QUALIFIED
7136,0.894375,12550.495807127882,15684.916491963664,,,1.323208,,1.0,0.231075,normal_low,CPR_ONLY,,QUALIFIED
7168,0.455,22034.321428571435,15448.37087912088,,,,,1.0,0.24601,normal_low,BOTH,0.02264,QUALIFIED
7217,1.171875,-10988.326666666668,15639.86,0.391446,0.255932,1.225141,,1.0,0.193757,normal_low,CPR_ONLY,,QUALIFIED
7218,0.0925,-7922.96621621622,15631.75,0.92026,0.005682,,,1.0,0.183828,normal_low,CPR_ONLY,,QUALIFIED
7226,2.24125,-1355.1151701059644,15041.89709983268,-0.056003,0.013016,0.013321,-0.055763,1.0,0.249764,normal_low,CPR_ONLY,,QUALIFIED
7231,0.289375,-38920.856371490285,15602.875809935204,-0.112949,-0.021055,-0.029689,-0.03655,1.0,0.18908,normal_low,BOTH,0.039441,QUALIFIED
7263,1.139375,-13081.21859572134,15826.816511245195,0.6052,0.661477,,,1.0,,no_data,S1_ONLY,0.038903,QUALIFIED
7266,0.275625,18232.266439909305,15609.45691609977,,,,,1.0,0.242813,normal_low,CPR_ONLY,,QUALIFIED
7272,0.735625,-6808.592608326253,15425.372557349194,0.768942,-0.717294,-0.497197,-0.356429,1.0,0.182334,normal_low,CPR_ONLY,,QUALIFIED
7288,0.275625,21707.77664399093,14987.40476190476,0.643298,0.786309,,,1.0,0.221664,normal_low,CPR_ONLY,,QUALIFIED
7289,0.105,22162.446428571435,15401.392857142857,,1.710882,,,1.0,0.231823,normal_low,BOTH,0.022208,QUALIFIED
7303,0.443125,-9395.034555712273,15354.167136812412,-0.166894,0.175726,,,1.0,0.236822,normal_low,CPR_ONLY,,QUALIFIED
7304,0.233125,-5263.167560321715,15194.467828418234,0.737077,-0.485599,0.920637,-1.264492,1.0,0.176975,normal_low,CPR_ONLY,,QUALIFIED
7339,0.08625,32703.84782608696,15207.202898550724,,,2.937135,,1.0,0.283213,normal_low,CPR_ONLY,,QUALIFIED
7365,0.201875,13727.5959752322,15042.063467492262,,-0.28038,-0.564223,2.350417,1.0,0.298808,normal_low,CPR_ONLY,,QUALIFIED
7385,0.101875,21385.389570552143,15080.407975460124,0.59712,1.377716,,,1.0,0.210801,normal_low,CPR_ONLY,,QUALIFIED
7412,0.1325,-12972.198113207549,15076.797169811323,,,-0.161312,2.18173,1.0,,no_data,S1_ONLY,0.034465,QUALIFIED
7446,0.10375,-1909.234939759037,14892.21686746988,4.99631,0.712879,1.721905,,1.0,0.31821,normal_low,CPR_ONLY,,QUALIFIED
7482,0.673125,9491.236304549668,15496.739554317548,,,2.936946,,1.0,0.293489,normal_low,CPR_ONLY,,QUALIFIED
7497,1.313125,-26064.63612565445,14762.791765825796,0.788601,-0.016673,1.899267,,1.0,0.176579,normal_low,S1_ONLY,0.068031,QUALIFIED
7502,0.190625,21279.5,14691.975409836068,0.620578,0.296643,1.426349,,1.0,0.224678,normal_low,CPR_ONLY,,QUALIFIED
7521,0.09,12539.77777777778,14889.909722222224,-0.605479,0.152004,-0.087378,0.600758,1.0,0.267269,normal_low,CPR_ONLY,,QUALIFIED
7543,0.290625,32090.467741935485,15049.478494623658,0.510019,-1.375,1.268591,,1.0,0.256426,normal_low,CPR_ONLY,,QUALIFIED
7545,0.694375,-16460.76102610261,15219.424392439243,0.193872,0.039716,0.177231,,1.0,,no_data,S1_ONLY,0.055345,QUALIFIED
7561,0.12625,-13730.202970297029,14531.316831683172,0.227011,,,,1.0,,no_data,S1_ONLY,0.068264,QUALIFIED
7583,0.2425,-5511.389175257733,14651.337628865982,0.88172,0.679579,0.915056,,1.0,0.191822,normal_low,CPR_ONLY,,QUALIFIED
7589,0.61625,-5845.606490872211,14309.348884381336,0.846698,0.320185,0.261494,1.002629,1.0,0.212076,normal_low,CPR_ONLY,,QUALIFIED
7611,0.70625,-10031.407079646016,14985.566371681416,-0.196162,,0.736793,,1.0,0.220619,normal_low,CPR_ONLY,0.032378,QUALIFIED
7624,0.34125,3633.06227106227,14539.327838827838,-0.2255,-0.074318,-0.041458,-0.005601,1.0,0.241358,normal_low,CPR_ONLY,,QUALIFIED
7635,1.226875,-17506.447529291898,14726.913652572592,0.416094,0.006344,0.425973,,1.0,,no_data,S1_ONLY,0.043438,QUALIFIED
7649,0.97125,-13135.28120978121,14245.850707850706,,-0.012702,1.587031,,1.0,,no_data,S1_ONLY,0.070956,QUALIFIED
7654,0.47375,32221.30079155673,14112.934036939318,0.180515,0.006818,1.720404,1.133243,1.0,0.235949,normal_low,CPR_ONLY,,QUALIFIED
7664,0.549375,32402.57167235496,14602.035836177474,0.087223,0.021547,0.341279,0.028347,1.0,0.27898,normal_low,CPR_ONLY,,QUALIFIED
7687,0.115625,23231.797297297293,14079.824324324323,0.57667,-0.738576,1.069545,4.780251,1.0,0.248993,normal_low,CPR_ONLY,,QUALIFIED
7751,1.82625,-377.80150581793714,14452.014373716633,-0.191098,-0.027016,0.040333,-0.042345,1.0,0.199725,normal_low,CPR_ONLY,,QUALIFIED
7755,0.1125,20990.61111111111,14198.555555555557,0.231053,-0.483688,0.905815,,1.0,0.22946,normal_low,CPR_ONLY,,QUALIFIED
7770,0.23,4231.157608695648,14283.040760869564,-0.248431,-0.046555,0.002091,-0.034797,1.0,0.251946,normal_low,CPR_ONLY,,QUALIFIED
7775,0.29375,-11251.98936170213,13780.5,0.551038,-0.10101,1.095101,,1.0,,no_data,S1_ONLY,0.055713,QUALIFIED
7790,0.5525,3834.483031674208,13929.685520361989,-0.244715,-0.06408,-0.017737,-0.068509,1.0,0.25998,normal_low,CPR_ONLY,,QUALIFIED
7808,0.195625,14648.062300319483,14088.99840255591,-0.092884,-0.007899,0.00027,0.077755,1.0,0.329486,normal_low,CPR_ONLY,,QUALIFIED
7842,0.51125,35109.55501222494,13834.790953545236,-0.209161,-0.096989,-0.112814,-0.052383,1.0,0.279797,normal_low,CPR_ONLY,,QUALIFIED
7844,0.405625,-25522.03312788906,14037.749614791988,-0.741733,0.217684,0.532249,1.054503,1.0,0.20503,normal_low,BOTH,0.048298,QUALIFIED
7864,0.1225,36840.95408163265,13947.948979591838,-0.210008,-0.159928,0.004503,-0.043288,1.0,0.224736,normal_low,CPR_ONLY,,QUALIFIED
7876,0.79375,-2978.531496062991,13526.090551181103,0.136266,0.047874,0.473142,0.126546,1.0,0.218868,normal_low,CPR_ONLY,,QUALIFIED
7893,0.6125,16718.8112244898,13498.790816326527,0.363903,-0.135629,0.626582,-0.304845,1.0,0.368136,normal_low,CPR_ONLY,,QUALIFIED
7916,0.4275,488.9736842105267,13988.950292397658,-0.37661,-0.046472,-0.013236,-0.000478,1.0,0.187239,normal_low,CPR_ONLY,,QUALIFIED
7990,0.17875,11875.54895104895,13726.11188811189,-0.304838,-0.150243,0.075353,-0.030924,1.0,0.197347,normal_low,CPR_ONLY,,QUALIFIED
8001,0.288125,35806.71258134491,13772.896963123649,-0.178147,-0.073528,-0.044907,-0.026574,1.0,0.22894,normal_low,CPR_ONLY,,QUALIFIED
8035,0.418125,21469.529895366213,13701.060538116595,0.355773,0.304169,3.51652,,1.0,0.207474,normal_low,CPR_ONLY,,QUALIFIED
8093,0.175625,-19446.40747330961,13141.069395017792,0.58429,-0.453067,-0.698676,-1.763704,1.0,,no_data,S1_ONLY,0.039971,QUALIFIED
8105,0.230625,31341.708672086723,13104.429539295394,0.442854,-0.109117,0.576757,-0.047376,1.0,0.242117,normal_low,CPR_ONLY,,QUALIFIED
8107,0.1625,-25318.865384615383,13223.769230769234,,,,,1.0,,no_data,S1_ONLY,0.038862,QUALIFIED
8109,0.220625,-10168.34702549575,13592.21388101983,,0.029324,-2.839746,1.796279,1.0,,no_data,S1_ONLY,0.07282,QUALIFIED
8115,0.25625,10458.402439024394,12925.439024390244,-0.28192,-0.039932,0.150376,-0.012409,1.0,0.249131,normal_low,CPR_ONLY,,QUALIFIED
8118,0.18125,-12986.017241379312,13152.310344827583,0.124642,0.580892,1.862857,3.318408,1.0,,no_data,S1_ONLY,0.126704,QUALIFIED
8119,0.864375,-11526.638828633404,13126.711135213303,1.06717,0.390126,0.835443,,1.0,,no_data,S1_ONLY,0.081323,QUALIFIED
8120,0.08375,-6973.447761194031,13268.59701492537,0.703874,0.158879,-2.942547,,1.0,,no_data,S1_ONLY,0.054379,QUALIFIED
8128,0.11125,35877.30898876405,13340.106741573032,-0.255601,-0.082234,0.003226,-0.060278,1.0,0.214493,normal_low,CPR_ONLY,,QUALIFIED
8136,0.25,34372.125,13194.75,-0.280678,-0.102471,-0.004704,-0.034534,1.0,0.279381,normal_low,CPR_ONLY,,QUALIFIED
8137,0.904375,36501.05494125778,12590.68659295093,-0.281941,-0.097907,0.024126,-0.013274,0.9661,0.197827,normal_low,CPR_ONLY,,QUALIFIED
8148,0.1675,15596.235074626864,13060.667910447764,1.196816,0.171075,0.954995,-0.83645,1.0,0.362963,normal_low,CPR_ONLY,,QUALIFIED
8179,0.47375,-18465.77044854881,12865.803430079157,-0.015413,0.374874,0.11885,1.070677,1.0,,no_data,S1_ONLY,0.048079,QUALIFIED
8190,0.446875,16181.702797202794,13260.185314685315,0.150185,0.058504,0.374892,0.385385,1.0,0.400105,normal_low,CPR_ONLY,,QUALIFIED
8208,0.36,33973.67534722222,13189.215277777776,-0.146955,-0.100769,0.008644,-0.013404,1.0,0.273869,normal_low,CPR_ONLY,,QUALIFIED
8209,0.78625,38583.06518282989,12923.512718600956,-0.212687,-0.048662,-0.009128,0.000449,1.0,0.238147,normal_low,CPR_ONLY,,QUALIFIED
8233,0.653125,18033.18421052632,12509.925837320574,-0.095549,1.621922,,,1.0,0.316077,normal_low,CPR_ONLY,,QUALIFIED
8236,1.10125,16.22814982973796,13181.303064699205,-0.262733,-0.063188,0.022533,-0.047026,1.0,0.20549,normal_low,CPR_ONLY,,QUALIFIED
8247,1.12375,17062.848164627358,12408.383759733042,0.155066,,2.331447,,0.9071,0.360028,normal_low,CPR_ONLY,,QUALIFIED
8249,0.76125,25331.93021346469,12951.977832512312,-0.011917,-0.053772,-0.160882,-0.019683,1.0,0.257516,normal_low,CPR_ONLY,,QUALIFIED
8266,0.245625,-10092.039440203567,13030.016539440205,1.140382,0.802207,,1.533489,1.0,,no_data,S1_ONLY,0.073065,QUALIFIED
8268,2.758125,-6665.801382279635,12691.83242692046,0.651762,-0.661765,0.907469,,1.0,,no_data,S1_ONLY,0.053878,QUALIFIED
8298,0.715,-3547.375,12748.861013986016,0.586299,0.355673,1.70702,,1.0,,no_data,S1_ONLY,0.056587,QUALIFIED
8305,0.1875,-9878.333333333328,12724.5,-0.488722,,,,1.0,,no_data,S1_ONLY,0.086319,QUALIFIED
8312,0.53875,18622.585846867754,12927.385150812064,0.594777,0.16443,0.088513,1.184242,1.0,0.2626,normal_low,CPR_ONLY,,QUALIFIED
8315,0.155,39273.18951612903,12589.209677419356,-0.805033,0.197922,-0.157159,,1.0,0.214596,normal_low,CPR_ONLY,,QUALIFIED
8381,1.505,22118.55107973421,12607.777823920267,0.580064,0.167725,0.651957,,1.0,0.256944,normal_low,CPR_ONLY,,QUALIFIED
8384,0.085,-31443.69852941177,12448.294117647063,0.497742,-0.258328,0.233011,0.865164,1.0,,no_data,S1_ONLY,0.316816,QUALIFIED
8408,0.16375,22885.6641221374,12440.576335877864,-0.923343,1.104788,1.859944,,1.0,0.274191,normal_low,CPR_ONLY,,QUALIFIED
8415,0.278125,-5318.983146067418,12306.45505617978,0.764316,-0.1975,0.986895,,1.0,,no_data,S1_ONLY,0.047883,QUALIFIED
8420,0.13,16233.27403846154,12313.24038461539,0.283954,0.643077,,,1.0,0.362676,normal_low,CPR_ONLY,,QUALIFIED
8422,0.59625,24629.033542976933,12472.171907756812,-0.172417,-0.136542,0.104759,0.067031,1.0,0.300979,normal_low,CPR_ONLY,,QUALIFIED
8458,0.416875,-10425.237631184404,12403.311094452773,-0.42387,,2.519005,,1.0,,no_data,S1_ONLY,0.075933,QUALIFIED
8470,0.54375,-8353.373563218389,11685.442528735635,0.9,,5.921439,,1.0,,no_data,S1_ONLY,0.060016,QUALIFIED
8475,0.1575,39000.88888888889,12179.666666666672,,,2.849372,,1.0,0.188611,normal_low,CPR_ONLY,,QUALIFIED
8482,0.12125,25110.71134020618,12302.948453608244,-1.58459,0.318402,2.698143,,1.0,0.279595,normal_low,CPR_ONLY,,QUALIFIED
8486,0.088125,-23291.989361702126,12052.627659574464,0.740838,,,,1.0,,no_data,S1_ONLY,0.069662,QUALIFIED
8499,1.053125,-8403.333827893177,12528.037091988132,0.530661,-0.676072,2.505541,,1.0,,no_data,S1_ONLY,0.067458,QUALIFIED
8503,0.800625,-11779.305620608897,12554.071428571428,0.44765,,2.906482,,1.0,,no_data,S1_ONLY,0.137865,QUALIFIED
8508,0.10625,14655.5294117647,12015.5,1.485624,,,,1.0,0.360501,normal_low,CPR_ONLY,,QUALIFIED
8525,0.93375,25561.548192771093,12153.19410977242,-1.31827,0.628382,0.882759,,1.0,0.332144,normal_low,CPR_ONLY,,QUALIFIED
8528,0.12625,39327.47029702971,12125.5,,,,,1.0,0.187336,normal_low,CPR_ONLY,,QUALIFIED
8582,0.4375,-10947.428571428572,11967.75,,-0.095289,2.169865,,1.0,,no_data,S1_ONLY,0.078949,QUALIFIED
8592,0.725,20913.89655172413,12023.043103448275,-1.790246,0.331965,1.896466,,1.0,0.206063,normal_low,CPR_ONLY,,QUALIFIED
8600,1.6875,-4523.981481481482,11578.518518518518,0.586114,0.295728,1.064171,,1.0,,no_data,S1_ONLY,0.068036,QUALIFIED
8608,0.48125,-19219.62337662337,12317.155844155845,-0.147836,-0.442484,1.496097,1.057998,1.0,,no_data,S1_ONLY,0.046491,QUALIFIED
8624,0.299375,38768.08037578288,11937.45198329854,,0.761552,0.850966,,1.0,0.186966,normal_low,CPR_ONLY,,QUALIFIED
8631,0.53,12727.418632075469,12056.39622641509,-1.318393,0.986633,,,1.0,0.32416,normal_low,BOTH,0.045472,QUALIFIED
8639,0.355625,17530.431458699466,11756.25571177504,,1.186871,,,1.0,0.410929,normal_low,CPR_ONLY,,QUALIFIED
8648,0.19125,20401.95098039216,11904.503267973858,,,2.585319,,1.0,0.185133,normal_low,CPR_ONLY,,QUALIFIED
8664,1.354375,18671.385094600824,11697.235117674209,-0.348561,0.774065,,,1.0,0.264316,normal_low,CPR_ONLY,,QUALIFIED
8702,0.10375,33191.21686746988,11442.216867469884,,,,,1.0,0.290948,normal_low,CPR_ONLY,,QUALIFIED
8707,0.99875,40479.66270337922,11838.250312891112,,,1.062317,,1.0,0.217909,normal_low,CPR_ONLY,,QUALIFIED
8714,0.091875,35552.901360544216,11812.74489795918,-0.024008,,,,1.0,0.180796,normal_low,CPR_ONLY,,QUALIFIED
8754,0.321875,16997.800970873788,11650.2572815534,-0.224654,,1.689084,,0.9553,0.383868,normal_low,CPR_ONLY,,QUALIFIED
8771,0.3,14156.635416666664,11465.604166666672,0.030241,0.048099,0.24274,0.144503,1.0,0.362165,normal_low,BOTH,0.053145,QUALIFIED
8797,0.150625,41074.08506224067,11383.798755186726,,1.61686,3.310629,,1.0,0.226214,normal_low,CPR_ONLY,,QUALIFIED
8804,0.13125,-20488.95238095238,11451.928571428572,,-0.577166,1.071951,,1.0,,no_data,S1_ONLY,0.042417,QUALIFIED
8822,0.10375,15510.343373493984,11511.192771084336,,,,,1.0,0.470059,normal_low,CPR_ONLY,,QUALIFIED
8826,0.154375,-41806.77530364373,11371.653846153844,,,1.100656,8.535872,1.0,0.138939,normal_low,CPR_ONLY,0.040974,QUALIFIED
8842,0.10625,21372.588235294126,11408.147058823532,-0.534342,0.090026,0.255945,0.217265,1.0,0.252009,normal_low,CPR_ONLY,,QUALIFIED
8871,0.4,24892.703125,11361.0859375,-0.077868,0.010133,0.015325,0.135735,1.0,0.304527,normal_low,CPR_ONLY,,QUALIFIED
8904,0.2825,-1469.194690265489,11301.219026548672,0.435045,0.498165,0.64445,,1.0,,no_data,S1_ONLY,0.072236,QUALIFIED
8906,0.194375,12963.808681672024,11339.48713826367,-0.061122,-0.133057,0.147813,0.026402,1.0,0.38802,normal_low,BOTH,0.05024,QUALIFIED
8908,0.345,18030.297101449272,11123.416666666672,0.032133,0.11781,-0.212681,1.316404,1.0,0.345415,normal_low,CPR_ONLY,,QUALIFIED
8929,0.8075,5144.817337461303,10898.700464396286,-0.198135,-0.072878,0.197836,0.279985,1.0,,no_data,S1_ONLY,0.049795,QUALIFIED
8933,0.3175,21052.00984251968,11038.688976377956,-0.366509,0.276451,-0.279804,0.952515,1.0,0.214576,normal_low,CPR_ONLY,,QUALIFIED
8941,0.570625,-8025.089266155534,11065.532858707556,0.534909,0.623413,0.740346,,1.0,,no_data,S1_ONLY,0.07695,QUALIFIED
8945,0.159375,38964.009803921566,11120.69607843137,,1.564345,,,1.0,0.204054,normal_low,CPR_ONLY,,QUALIFIED
8961,1.469375,19862.994257762657,11708.549766056996,-2.475741,0.077264,2.439005,,1.0,0.222346,normal_low,CPR_ONLY,,QUALIFIED
8971,0.391875,18910.70414673046,11039.21610845295,0.257974,0.416029,-0.268892,-2.204107,1.0,0.221172,normal_low,CPR_ONLY,,QUALIFIED
8972,0.525625,19664.45243757432,10868.098097502974,-1.491679,-0.647059,,,1.0,0.214018,normal_low,CPR_ONLY,,QUALIFIED
8991,0.30625,-10222.336734693876,11132.744897959186,1.037208,1.154305,9.81689,,1.0,,no_data,S1_ONLY,0.065632,QUALIFIED
8995,0.18125,27264.75862068965,11008.948275862072,-0.218071,0.464749,0.398449,1.614261,1.0,0.179951,normal_low,CPR_ONLY,,QUALIFIED
9004,0.186875,-20397.65719063545,11015.55016722408,,-1.148103,2.919207,-0.319347,1.0,,no_data,S1_ONLY,0.044234,QUALIFIED
9014,0.0875,22976.46428571429,11026.392857142857,-0.259424,0.317137,-0.078622,-0.487437,1.0,0.257674,normal_low,CPR_ONLY,,QUALIFIED
9018,0.3125,-23027.4,11055.700000000004,,-0.28905,1.927475,,1.0,,no_data,S1_ONLY,0.048539,QUALIFIED
9035,0.349375,21666.04740608229,10971.609123434704,-0.576087,0.248746,-0.031573,0.607184,1.0,0.210692,normal_low,CPR_ONLY,,QUALIFIED
9036,0.89875,21839.22531293462,11514.877607788592,,0.666807,,,1.0,0.242654,normal_low,CPR_ONLY,,QUALIFIED
9053,0.125625,42814.30099502487,11031.967661691546,,,1.291725,,1.0,0.158997,normal_low,CPR_ONLY,,QUALIFIED
9064,0.13875,30623.37387387388,10721.108108108108,,1.612824,,,1.0,0.198098,normal_low,CPR_ONLY,,QUALIFIED
9067,1.1725,-42560.694562899786,11115.758528784643,-0.766484,0.264964,1.306831,,1.0,0.212618,normal_low,CPR_ONLY,0.04584,QUALIFIED
9108,0.145,-6835.629310344826,10846.728448275862,0.758352,0.408194,0.261724,-1.152918,1.0,,no_data,S1_ONLY,0.065923,QUALIFIED
9112,0.72,24478.731770833343,10880.643229166672,0.030739,0.055596,0.089302,-0.00189,1.0,0.274971,normal_low,CPR_ONLY,,QUALIFIED
9130,0.23625,3506.3121693121648,10640.513227513227,0.298683,-0.172424,0.659117,0.950419,1.0,,no_data,S1_ONLY,0.049852,QUALIFIED
9134,1.311875,38616.05550262029,10987.505717008098,,0.620291,0.956522,,0.9571,0.181673,normal_low,CPR_ONLY,,QUALIFIED
9135,0.08625,43532.47101449275,10689.992753623184,,,9.171806,,1.0,0.187855,normal_low,CPR_ONLY,,QUALIFIED
9145,0.27,-3156.692129629628,10863.347222222226,0.787671,0.606597,0.201609,1.832905,1.0,,no_data,S1_ONLY,0.094822,QUALIFIED
9148,1.521875,17288.760780287477,10708.898357289523,-0.81951,0.687519,,,1.0,0.420642,normal_low,BOTH,0.040381,QUALIFIED
9150,0.1225,25090.0612244898,10720.90816326531,,,,,1.0,0.239473,normal_low,CPR_ONLY,,QUALIFIED
9153,0.158125,-43399.41304347826,10776.092885375496,-0.079681,0.097406,2.157671,,1.0,0.307509,normal_low,CPR_ONLY,,QUALIFIED
9162,0.159375,26946.36274509804,10808.147058823532,0.648995,,5.722474,,1.0,0.201666,normal_low,CPR_ONLY,,QUALIFIED
9174,0.12125,20267.02577319587,10695.345360824744,,1.036578,,,1.0,0.248465,normal_low,CPR_ONLY,,QUALIFIED
9221,1.719375,18487.849691021445,10043.756997455472,0.893786,2.732548,,,0.9916,0.28683,normal_low,BOTH,0.027146,QUALIFIED
9224,0.36125,27679.3875432526,10745.828719723184,-0.123837,0.201478,0.015917,-0.055505,1.0,0.222004,normal_low,CPR_ONLY,,QUALIFIED
9227,1.16625,-42319.95337620579,10304.31832797428,0.023764,-1.354839,1.494092,-5.513356,1.0,0.292435,normal_low,CPR_ONLY,0.00752,QUALIFIED
9247,0.1875,18282.833333333336,10629.083333333336,2.533566,3.33015,,,1.0,0.257553,normal_low,BOTH,0.029448,QUALIFIED
9250,0.276875,-41079.33747178329,10361.335214446954,-0.019182,-0.519961,1.812563,-4.014639,1.0,0.231849,normal_low,CPR_ONLY,,QUALIFIED
9279,1.100625,3056.513060760932,10130.539750141965,-0.605255,0.149044,0.389598,0.542573,1.0,,no_data,S1_ONLY,0.051171,QUALIFIED
9280,0.319375,20514.91095890412,10229.364970645796,-0.138441,2.72033,,,1.0,0.239504,normal_low,BOTH,0.024257,QUALIFIED
9300,0.545,28449.95871559633,10348.8371559633,,1.391458,1.698795,,1.0,0.201974,normal_low,CPR_ONLY,,QUALIFIED
9306,0.16125,29326.34108527132,10393.232558139534,3.326067,1.159404,0.789342,,1.0,0.230462,normal_low,CPR_ONLY,,QUALIFIED
9326,0.21375,36392.40935672514,10423.087719298244,,,6.467306,,1.0,0.176557,normal_low,CPR_ONLY,,QUALIFIED
9350,0.170625,-32405.35347985348,10160.206959706964,-0.201925,-0.061924,-0.051155,-0.100165,1.0,,no_data,S1_ONLY,0.054142,QUALIFIED
9358,0.09,-31270.465277777777,10397.375,0.385818,-0.616088,0.303202,0.696368,1.0,,no_data,S1_ONLY,0.071989,QUALIFIED
9375,0.31125,19827.56224899598,10276.202811244975,0.520956,1.845788,,,1.0,0.241213,normal_low,BOTH,0.032464,QUALIFIED
9378,0.339375,31217.087476979752,10320.15930018416,,1.265721,3.109312,,1.0,0.228331,normal_low,CPR_ONLY,,QUALIFIED
9433,0.218125,-40985.52865329513,9998.136103151868,0.400588,-0.377788,0.981911,0.633299,1.0,0.286473,normal_low,CPR_ONLY,,QUALIFIED
9441,0.9525,30184.26049868765,9585.063648293966,0.609881,,5.05,,1.0,0.264802,normal_low,CPR_ONLY,,QUALIFIED
9453,0.2125,27696.41176470589,10106.08823529412,,1.382622,1.880121,,1.0,0.264496,normal_low,CPR_ONLY,,QUALIFIED
9467,0.123125,36047.3426395939,10034.383248730965,,,5.132605,,1.0,0.182241,normal_low,CPR_ONLY,,QUALIFIED
9481,1.88875,25353.26406353408,10136.858371939115,0.436631,1.293131,2.429398,,0.9983,0.223792,normal_low,CPR_ONLY,,QUALIFIED
9492,0.356875,25837.503502626976,9750.718914185636,,,2.167039,,0.7986,0.199974,normal_low,CPR_ONLY,,QUALIFIED
9495,0.136875,-42465.56849315069,9752.554794520547,-0.126491,0.057834,0.72655,0.330817,1.0,0.28147,normal_low,BOTH,0.007596,QUALIFIED
9509,0.7375,-10838.953389830507,10083.529661016952,1.111432,0.733405,,,1.0,,no_data,S1_ONLY,0.06396,QUALIFIED
9545,0.183125,20072.45221843003,9778.315699658706,0.367685,0.350576,0.158397,0.054651,1.0,0.27004,normal_low,BOTH,0.02258,QUALIFIED
9600,1.56,29365.175080128203,9461.788060897436,1.160141,,4.271555,,0.9471,0.229502,normal_low,CPR_ONLY,,QUALIFIED
9611,0.601875,22644.671339563865,9594.606957424716,-0.171312,0.175342,0.142573,0.09168,0.999,0.276531,normal_low,CPR_ONLY,,QUALIFIED
9639,1.848125,37067.80402434901,9038.021136286778,-0.268551,-0.128808,0.12918,0.056766,1.0,0.206031,normal_low,CPR_ONLY,,QUALIFIED
9661,0.555,-14066.181306306304,9608.917792792796,0.664519,,,,1.0,,no_data,S1_ONLY,0.04905,QUALIFIED
9682,1.38,24154.41394927536,9864.83423913044,0.049233,-0.003068,0.172091,-0.118448,0.976,0.26059,normal_low,CPR_ONLY,,QUALIFIED
9703,0.953125,-8030.270491803276,9043.614754098358,0.071571,,0.86,,1.0,,no_data,S1_ONLY,0.078401,QUALIFIED
9708,0.56125,36019.099109131406,9546.96436525612,-0.27941,-0.131219,0.257526,0.05179,1.0,0.160484,normal_low,CPR_ONLY,,QUALIFIED
9710,0.77375,42163.7972536349,9674.086429725365,,,2.032617,,1.0,0.141573,normal_low,CPR_ONLY,,QUALIFIED
9714,0.27,-16611.4375,9661.495370370372,0.531346,0.415617,0.951317,-0.51286,1.0,,no_data,S1_ONLY,0.034766,QUALIFIED
9718,0.17375,19014.24820143885,9548.07194244604,,0.726431,-0.077764,,1.0,0.243421,normal_low,BOTH,0.026342,QUALIFIED
9719,0.379375,27503.618616144973,9655.07166392092,0.595908,,,,1.0,0.244918,normal_low,CPR_ONLY,,QUALIFIED
9720,0.143125,28157.25109170306,9656.613537117904,0.17931,-0.024168,1.381417,,1.0,0.24346,normal_low,CPR_ONLY,,QUALIFIED
9725,1.334375,-8801.75292740047,9970.019906323185,-0.066025,0.623776,1.118721,,1.0,,no_data,S1_ONLY,0.051478,QUALIFIED
9736,0.368125,32270.51018675721,9535.474533106955,,,1.499181,,1.0,0.259429,normal_low,CPR_ONLY,,QUALIFIED
9737,0.145,37711.24568965517,9401.46982758621,-0.002866,-0.001015,0.016263,-0.074039,0.7457,0.234672,normal_low,CPR_ONLY,,QUALIFIED
9772,0.103125,-2379.742424242424,9375.196969696968,,,,,1.0,,no_data,S1_ONLY,0.107911,QUALIFIED
9782,0.1375,-14999.590909090912,9152.659090909088,-1.642617,,,,1.0,,no_data,S1_ONLY,0.050624,QUALIFIED
9807,0.195625,-33856.33067092652,9099.940894568696,0.152875,0.139841,-0.072884,0.16239,1.0,0.29672,normal_low,BOTH,0.055947,QUALIFIED
9809,0.288125,-5014.43709327549,9378.26572668113,0.346299,0.137469,0.009337,0.797404,1.0,,no_data,S1_ONLY,0.077199,QUALIFIED
9837,0.449375,27832.149513212804,9126.125869262862,0.448432,,,,1.0,0.229932,normal_low,CPR_ONLY,,QUALIFIED
9885,0.26625,37418.98356807513,8985.476525821592,-0.849334,-0.006223,0.077153,0.094723,0.9742,0.216603,normal_low,CPR_ONLY,,QUALIFIED
9897,0.135625,37928.6474654378,9092.66589861751,-0.121419,-0.099049,-0.064662,-0.081425,0.7373,0.210987,normal_low,CPR_ONLY,,QUALIFIED
9920,0.71625,23717.89005235601,8856.826352530537,,,3.594767,,0.9476,0.231477,normal_low,CPR_ONLY,,QUALIFIED
9941,1.15,-10275.119565217392,9523.543478260872,0.110276,0.495345,1.546404,,1.0,,no_data,S1_ONLY,0.048256,QUALIFIED
9992,0.393125,-9029.236089030208,8662.701907790142,,,,,1.0,,no_data,S1_ONLY,0.085727,QUALIFIED
9997,0.6175,18780.674089068823,9160.874493927127,0.406412,-0.087629,1.144226,,1.0,0.269493,normal_low,BOTH,0.026646,QUALIFIED
9999,0.2575,20859.39077669903,8842.126213592237,,,,,1.0,0.238723,normal_low,BOTH,0.021838,QUALIFIED
10003,0.58375,39959.24304068522,8636.233404710918,,-0.132544,0.756761,,1.0,0.142593,normal_low,CPR_ONLY,,QUALIFIED
10057,0.801875,20396.88893219018,9184.13211223694,,,2.974347,,1.0,0.244193,normal_low,BOTH,0.021926,QUALIFIED
10065,0.128125,-30593.18292682927,8671.719512195123,-0.170805,-0.033998,-0.043162,0.106191,1.0,,no_data,S1_ONLY,0.073429,QUALIFIED
10074,0.171875,-33661.13636363637,8562.409090909088,-0.068284,0.038066,-0.059442,0.090952,1.0,0.250521,normal_low,BOTH,0.043929,QUALIFIED
10090,0.2475,26021.59595959596,8598.164141414141,,,,,1.0,0.218478,normal_low,CPR_ONLY,,QUALIFIED
10091,0.09875,29325.1329113924,8625.0253164557,0.027529,0.25483,0.536148,-0.861769,1.0,0.296027,normal_low,CPR_ONLY,,QUALIFIED
10101,0.22125,25132.9745762712,8587.505649717517,,0.070064,0.332824,,1.0,0.274812,normal_low,CPR_ONLY,,QUALIFIED
10103,0.21,-42445.51488095238,8701.020833333328,0.668478,0.320926,-1.04442,,1.0,0.31676,normal_low,BOTH,0.020305,QUALIFIED
10112,0.154375,25559.41902834008,8478.435222672066,-0.125139,0.355247,0.605447,,1.0,0.238326,normal_low,CPR_ONLY,,QUALIFIED
10151,0.159375,4475.2843137254895,8333.539215686273,-0.236391,-0.071683,0.052866,-0.013355,1.0,,no_data,S1_ONLY,0.056992,QUALIFIED
10155,0.139375,-41673.48206278027,8565.522421524664,0.456876,-0.109576,-1.622906,,1.0,0.48159,normal_low,BOTH,0.018068,QUALIFIED
10169,0.09375,20442.83333333333,8407.166666666664,0.418328,-0.09564,-0.163871,0.948384,1.0,0.204955,normal_low,BOTH,0.020373,QUALIFIED
10189,0.109375,-42081.07142857143,8386.5,0.439971,-0.15227,-1.394711,,1.0,0.571685,typical,BOTH,0.018099,QUALIFIED
10234,1.54625,-19072.003637833463,8546.8116410671,0.258571,-0.392975,0.616965,,1.0,,no_data,S1_ONLY,0.038314,QUALIFIED
10240,0.250625,39850.310473815465,8054.053615960103,0.220504,-0.149481,1.138831,,1.0,0.170995,normal_low,CPR_ONLY,,QUALIFIED
10250,0.399375,-41363.95852895149,8397.526604068858,0.168944,-0.088361,-0.789126,2.411996,1.0,0.387183,normal_low,BOTH,0.0228,QUALIFIED
10264,0.29625,35762.0,8434.466244725743,,,0.313622,,1.0,0.317571,normal_low,CPR_ONLY,,QUALIFIED
10385,0.103125,31987.378787878784,7993.227272727272,2.529687,,4.519608,,1.0,0.261765,normal_low,CPR_ONLY,,QUALIFIED
10386,0.130625,33464.09330143541,8012.342105263153,0.987998,,,,1.0,0.21339,normal_low,CPR_ONLY,,QUALIFIED
10387,0.08625,39275.58695652174,7904.485507246376,-0.309482,-0.1309,0.015722,-0.021431,1.0,0.155624,normal_low,CPR_ONLY,,QUALIFIED
10415,1.00375,-18362.984433374844,7827.352428393526,0.648041,,,,1.0,,no_data,S1_ONLY,0.046349,QUALIFIED
10444,0.225625,-19165.389196675897,7586.303324099717,-0.212099,1.89103,,,1.0,,no_data,S1_ONLY,0.050693,QUALIFIED
10501,0.533125,25280.478898007044,7412.106096131298,,,,,1.0,0.257538,normal_low,CPR_ONLY,,QUALIFIED
10503,0.456875,32996.285225718195,7702.312585499319,,,,,1.0,0.193826,normal_low,CPR_ONLY,,QUALIFIED
10515,0.39125,25629.89137380192,7814.397763578272,-0.008881,0.469168,,,0.8578,0.208784,normal_low,CPR_ONLY,,QUALIFIED
10657,0.341875,-7972.712065813524,6969.42138939671,,,2.25272,,1.0,,no_data,S1_ONLY,0.062345,QUALIFIED
10704,0.113125,25286.654696132595,6904.919889502766,,0.785564,-5.037397,,1.0,0.251894,normal_low,CPR_ONLY,,QUALIFIED
10718,0.269375,-44315.69721577726,6758.098607888634,0.142215,-0.054647,-0.028571,,1.0,0.351336,normal_low,BOTH,0.030957,QUALIFIED
10753,0.55875,19242.900447427288,7314.314317673379,,,,,0.8389,,no_data,S1_ONLY,0.025728,QUALIFIED
10761,0.1625,-34628.480769230766,6966.653846153844,-0.08948,-0.076629,-0.033909,0.069254,1.0,0.222473,normal_low,BOTH,0.037529,QUALIFIED
10771,0.264375,43738.68439716313,7187.970449172579,1.183945,,,,1.0,0.147675,normal_low,CPR_ONLY,,QUALIFIED
10790,0.12,43503.66666666666,6918.9895833333285,,,8.620017,,1.0,0.157247,normal_low,CPR_ONLY,,QUALIFIED
10803,1.135,33238.61068281939,6418.313876651984,1.855033,,,,0.9626,0.159382,normal_low,CPR_ONLY,,QUALIFIED
10806,0.458125,-25301.01159618008,6690.745566166443,,0.652052,1.311752,,1.0,,no_data,S1_ONLY,0.059184,QUALIFIED
10854,0.08125,36614.884615384624,6922.807692307695,3.897822,,,0.067315,1.0,0.117712,normal_low,CPR_ONLY,,QUALIFIED
10934,0.768125,32244.8213995118,6662.176159479255,,,,,0.9577,0.183267,normal_low,CPR_ONLY,,QUALIFIED
10986,0.163125,26303.52298850575,6604.714559386972,0.124469,-0.025462,-0.030777,0.031458,0.9272,0.190622,normal_low,CPR_ONLY,,QUALIFIED
10987,0.125625,33684.57462686568,6379.604477611938,14.262354,,1.699151,0.944166,1.0,0.161722,normal_low,CPR_ONLY,,QUALIFIED
11002,0.375625,-24040.59983361065,6500.832778702163,,0.839769,2.580821,,1.0,,no_data,S1_ONLY,0.035703,QUALIFIED
11008,0.205,39604.75914634146,6295.850609756097,,,,,1.0,0.195876,normal_low,CPR_ONLY,,QUALIFIED
11029,0.445625,31091.330294530155,6217.154978962135,,1.410019,,,1.0,0.168214,normal_low,CPR_ONLY,,QUALIFIED
11054,0.096875,37965.467741935485,6221.629032258061,1.155123,,,,1.0,0.206813,normal_low,CPR_ONLY,,QUALIFIED
11060,0.32375,33938.49613899614,6161.310810810814,,,,,0.9556,0.18067,normal_low,CPR_ONLY,,QUALIFIED
11074,0.63375,28487.41913214989,6550.105522682447,0.011387,-0.004082,0.072934,-0.148001,1.0,0.206637,normal_low,CPR_ONLY,,QUALIFIED
11084,0.10125,40050.11728395062,6217.01234567901,,,,,1.0,0.187327,normal_low,CPR_ONLY,,QUALIFIED
11101,0.25,31881.25,5940.0625,,,,,1.0,0.181922,normal_low,CPR_ONLY,,QUALIFIED
11110,0.863125,26518.833816075305,5896.734612599568,2.021247,2.098795,,,1.0,0.191528,normal_low,CPR_ONLY,,QUALIFIED
11112,0.81125,41162.0,5896.956086286591,,,,,1.0,0.204671,normal_low,CPR_ONLY,,QUALIFIED
11147,0.26875,-30059.162790697672,6035.965116279069,-0.259515,-0.076589,0.085312,0.057381,1.0,,no_data,S1_ONLY,0.182329,QUALIFIED
11159,0.080625,39691.94186046512,6054.375968992244,0.457908,,0.810871,,1.0,0.257482,normal_low,CPR_ONLY,,QUALIFIED
11257,0.33375,30707.73970037453,5558.037453183526,0.790553,,1.568064,,1.0,0.168208,normal_low,CPR_ONLY,,QUALIFIED
11258,0.349375,31365.28711985689,5869.730769230766,,,4.283688,6.265101,1.0,0.17248,normal_low,CPR_ONLY,,QUALIFIED
11270,0.291875,35671.5556745182,5899.108137044968,,,,,1.0,0.168125,normal_low,CPR_ONLY,,QUALIFIED
11301,0.4125,39176.81060606061,5778.265151515152,-0.520932,0.084518,0.018712,1.727891,1.0,0.221285,normal_low,CPR_ONLY,,QUALIFIED
11306,0.215,-20468.23255813953,5453.625,0.729767,,,0.643648,0.6308,,no_data,S1_ONLY,0.025086,QUALIFIED
11321,0.2125,34030.67647058822,5594.691176470587,,0.682548,,,1.0,0.196795,normal_low,CPR_ONLY,,QUALIFIED
11333,0.174375,42657.29569892473,5479.71146953405,,,4.495106,,1.0,0.245442,normal_low,CPR_ONLY,,QUALIFIED
11352,0.26,-20051.28125,5506.870192307688,0.318037,-0.291105,,0.408855,1.0,,no_data,S1_ONLY,0.009207,QUALIFIED
11381,0.88,27713.3671875,5798.884232954544,1.175646,,,,1.0,0.200094,normal_low,CPR_ONLY,,QUALIFIED
11438,1.10375,28786.377123442813,5405.936013590035,-0.073516,0.155059,1.818146,,1.0,0.17586,normal_low,CPR_ONLY,,QUALIFIED
11460,0.484375,39078.14516129032,5288.080645161288,-0.125756,-0.046509,-0.007103,0.009422,0.969,0.196082,normal_low,CPR_ONLY,,QUALIFIED
11559,1.78875,26077.959119496853,4220.363731656187,0.520216,0.133198,,,0.9619,,no_data,S1_ONLY,0.055905,QUALIFIED
11634,0.33875,-4378.313653136531,4484.771217712179,-0.037784,0.028447,-0.154661,0.572049,1.0,,no_data,S1_ONLY,0.046239,QUALIFIED
11661,0.32625,39721.00383141762,4801.649425287353,-0.567367,-0.13393,0.412514,,1.0,0.183548,normal_low,CPR_ONLY,,QUALIFIED
11778,0.156875,-42807.27290836653,4248.408366533862,-0.736308,-0.307295,1.350123,,1.0,0.231879,normal_low,BOTH,0.03124,QUALIFIED
11833,0.12125,41171.79381443298,4216.737113402065,0.749335,,1.698234,,1.0,0.197714,normal_low,CPR_ONLY,,QUALIFIED
11869,0.518125,25596.03196622437,3917.538600723769,,0.857014,,,1.0,,no_data,S1_ONLY,0.042014,QUALIFIED
11881,0.188125,42394.35049833887,3761.131229235878,-0.020655,,,,1.0,0.227209,normal_low,CPR_ONLY,0.032672,QUALIFIED
11898,0.27,31241.050925925927,4023.2430555555534,-0.818746,0.288246,0.30372,,1.0,0.170892,normal_low,CPR_ONLY,,QUALIFIED
11927,0.19,-43723.11513157895,3825.74671052632,-0.003665,1.427305,-0.093779,,1.0,0.244625,normal_low,BOTH,0.03384,QUALIFIED
11939,1.043125,36877.51078490114,3413.366986219291,,,,,1.0,0.258816,normal_low,CPR_ONLY,,QUALIFIED
11943,0.1025,-30271.53658536585,3791.658536585368,-0.32957,-0.085044,0.006073,0.015131,1.0,,no_data,S1_ONLY,0.070667,QUALIFIED
11955,0.12875,-4497.22330097088,3783.873786407763,0.222635,-0.487448,0.392591,-0.201165,1.0,,no_data,S1_ONLY,0.043232,QUALIFIED
11964,0.27875,4871.0246636771335,3570.7354260089705,-0.257304,-0.045255,0.079498,0.019476,1.0,,no_data,S1_ONLY,0.050266,QUALIFIED
11972,0.23875,33993.08638743455,3720.198952879582,-0.27816,0.519811,0.185517,0.367372,1.0,0.188632,normal_low,CPR_ONLY,,QUALIFIED
11994,0.434375,26748.13309352517,3636.147482014392,-0.952408,-0.17499,0.108805,-1.141831,0.8691,,no_data,S1_ONLY,0.048071,QUALIFIED
11996,0.16125,39113.5503875969,3702.5348837209312,0.429087,-0.835246,1.603732,,1.0,0.187083,normal_low,CPR_ONLY,,QUALIFIED
12006,0.474375,-15128.036231884056,3199.347167325432,0.921435,,1.726126,,0.8854,,no_data,S1_ONLY,0.007457,QUALIFIED
12012,0.554375,27830.9261555806,3249.372604284108,-0.239362,0.495822,0.935231,,1.0,,no_data,S1_ONLY,0.05583,QUALIFIED
12013,0.19125,30818.04575163398,3586.6928104575127,-1.653314,-0.480889,0.283797,,1.0,0.257404,normal_low,CPR_ONLY,,QUALIFIED
12056,0.1825,-41590.39726027397,3518.993150684932,0.198073,0.182552,-1.238095,-1.521779,1.0,0.286275,normal_low,BOTH,0.03291,QUALIFIED
12057,0.083125,-40929.44736842105,3547.3045112781983,-0.455006,-0.252518,-0.592795,-0.832954,1.0,0.205429,normal_low,BOTH,0.038095,QUALIFIED
12091,0.5,38845.71875,3213.5625,0.765045,,,,1.0,0.252587,normal_low,CPR_ONLY,,QUALIFIED
12094,0.131875,11763.007109004742,3261.4004739336524,,,1.727663,,1.0,,no_data,S1_ONLY,0.166984,QUALIFIED
12130,0.2525,28221.59158415842,3025.561881188114,0.456891,0.185625,,,1.0,,no_data,S1_ONLY,0.047406,QUALIFIED
12139,1.29375,39969.04106280193,2620.016908212565,0.350114,6.032787,,,1.0,0.202492,normal_low,CPR_ONLY,,QUALIFIED
12157,0.88,28703.9921875,3029.867897727272,0.158924,0.950955,0.979607,,0.9347,,no_data,S1_ONLY,0.053171,QUALIFIED
12164,0.164375,39396.36311787073,3265.5190114068464,0.53143,,,,1.0,0.208335,normal_low,CPR_ONLY,,QUALIFIED
12167,0.304375,-15848.44661190965,3047.625256673513,0.797079,,1.108426,,1.0,,no_data,S1_ONLY,0.015405,QUALIFIED
12191,0.155,40415.62903225806,3281.951612903227,-0.170522,,,,1.0,0.163285,normal_low,CPR_ONLY,,QUALIFIED
12252,0.241875,-4504.440568475453,2982.347545219636,0.388423,-0.109111,0.295659,,1.0,,no_data,S1_ONLY,0.041843,QUALIFIED
12264,2.288125,30051.316443594653,2687.8190385140697,0.419347,,0.373043,,1.0,0.172654,normal_low,BOTH,0.044604,QUALIFIED
12265,0.25125,38664.611940298506,2732.340796019904,0.821584,2.815901,0.279636,,1.0,0.186663,normal_low,CPR_ONLY,,QUALIFIED
12269,0.109375,-4254.785714285717,2821.2142857142826,0.71975,-0.043334,-0.068041,22.198878,1.0,,no_data,S1_ONLY,0.059682,QUALIFIED
12271,1.703125,24035.46330275229,3364.490825688073,,0.644753,-0.009135,,1.0,,no_data,S1_ONLY,0.048974,QUALIFIED
12317,0.36625,11622.025597269623,2911.2081911262794,,,2.721099,,0.8038,,no_data,S1_ONLY,0.424973,QUALIFIED
12321,0.45375,25764.823691460057,2655.871900826445,0.864173,,2.277335,,1.0,,no_data,S1_ONLY,0.042782,QUALIFIED
12422,0.16,32740.61328125,2300.59765625,,,,,1.0,0.121233,normal_low,CPR_ONLY,,QUALIFIED
12423,0.158125,33148.80830039526,2305.5395256916963,1.255499,,,,1.0,0.142674,normal_low,CPR_ONLY,,QUALIFIED
12448,0.380625,-42119.13711001642,1915.319376026273,-0.316343,0.089159,-0.399189,1.172091,1.0,0.277589,normal_low,BOTH,0.029791,QUALIFIED
12480,0.188125,-15428.988372093025,1988.2076411960152,0.876257,,,,1.0,,no_data,S1_ONLY,0.054813,QUALIFIED
12488,0.166875,-12586.267790262173,2268.38389513109,,,,,0.9176,,no_data,S1_ONLY,0.014283,QUALIFIED
12499,0.0825,-33420.38636363637,2194.439393939392,-0.24076,-0.082917,-0.018641,-0.006398,1.0,0.290734,normal_low,BOTH,0.058345,QUALIFIED
12520,0.0875,-29888.89285714286,1999.0714285714275,-0.530025,-0.09166,0.012927,0.259161,1.0,,no_data,S1_ONLY,0.057215,QUALIFIED
12537,0.115,13362.543478260872,2023.4619565217365,,1.291202,,,1.0,,no_data,S1_ONLY,0.652791,QUALIFIED
12550,0.149375,31378.26569037656,1835.12343096234,0.68411,7.056773,,,1.0,0.162537,normal_low,BOTH,0.056788,QUALIFIED
12553,0.231875,-43978.667115902965,1999.4218328841016,-0.075559,0.023038,-0.151536,1.14312,1.0,0.240779,normal_low,BOTH,0.050112,QUALIFIED
12612,0.1525,22858.41393442624,1692.9180327868817,,,1.638968,,1.0,,no_data,S1_ONLY,0.040141,QUALIFIED
12620,0.171875,43511.86363636363,1659.045454545456,0.416537,,,,1.0,0.244787,normal_low,BOTH,0.040914,QUALIFIED
12643,0.09625,-14133.12987012987,1697.0909090909045,0.335727,,1.346726,,1.0,,no_data,S1_ONLY,0.018708,QUALIFIED
12669,0.6575,31917.08555133079,1697.363117870722,,,,,1.0,0.153818,normal_low,BOTH,0.053047,QUALIFIED
12671,0.183125,-42793.07679180888,1295.3805460750882,0.019366,0.150216,0.473776,0.618742,1.0,0.295036,normal_low,BOTH,0.046442,QUALIFIED
12681,0.525,24398.33928571429,1647.732142857145,,,,,1.0,,no_data,S1_ONLY,0.083146,QUALIFIED
12711,1.574375,-14973.316593886462,1342.3221516474805,0.68206,,1.622772,,1.0,,no_data,S1_ONLY,0.028105,QUALIFIED
12713,0.313125,-44428.743512974055,1173.454091816362,-0.474444,-0.049027,0.233206,4.728551,1.0,0.407721,normal_low,BOTH,0.053454,QUALIFIED
12727,0.20375,-38060.23926380368,1024.503067484664,0.266168,-0.154681,0.443694,0.797079,1.0,0.24023,normal_low,BOTH,0.036955,QUALIFIED
12757,0.560625,-43809.251393534,936.508918617612,0.02604,-0.318805,0.403359,,1.0,0.225232,normal_low,BOTH,0.049295,QUALIFIED
12758,1.12625,-40467.0371809101,1688.6243063263028,-0.325172,0.036932,0.264626,0.94549,1.0,0.240711,normal_low,BOTH,0.029602,QUALIFIED
12790,0.1275,42636.75490196078,1120.23039215686,,,,,1.0,0.188671,normal_low,BOTH,0.038452,QUALIFIED
12802,0.889375,-41755.875966268446,1277.7663387210123,0.272242,-0.423875,0.19332,0.747751,1.0,0.220589,normal_low,BOTH,0.032943,QUALIFIED
12835,1.14375,-41701.10109289618,470.6775956284182,0.076862,-0.231174,1.281959,,1.0,0.222182,normal_low,BOTH,0.03815,QUALIFIED
12843,0.983125,29015.79052765417,983.6055308327996,2.502267,,,,1.0,0.125877,normal_low,BOTH,0.039981,QUALIFIED
12900,0.3875,40981.35483870968,660.7419354838712,,,,,1.0,0.236227,normal_low,BOTH,0.034301,QUALIFIED
12924,0.08,30780.5546875,645.421875,,,,,1.0,0.225811,normal_low,BOTH,0.060629,QUALIFIED
12925,0.183125,32466.05290102388,363.8959044368603,,,,,1.0,0.207698,normal_low,BOTH,0.043496,QUALIFIED
12935,0.145,24879.887931034493,443.7112068965507,,,,,1.0,,no_data,S1_ONLY,0.072364,QUALIFIED
12942,0.300625,27548.82432432432,481.113305613304,2.003708,,,,1.0,0.193353,normal_low,BOTH,0.059926,QUALIFIED
12947,0.481875,43934.77885862517,891.6802853437111,,,,,1.0,0.174282,normal_low,BOTH,0.050565,QUALIFIED
12985,0.549375,26120.40443686006,595.4374288964755,2.065552,,,,0.81,0.192217,normal_low,BOTH,0.069589,QUALIFIED
13008,0.451875,28250.295297372068,490.1957123098255,,,,,1.0,0.173704,normal_low,BOTH,0.053922,QUALIFIED
13024,0.3425,-42467.42518248176,204.468978102188,-0.105055,-0.258436,3.699216,,1.0,0.269879,normal_low,BOTH,0.050336,QUALIFIED
13043,1.868125,32968.059718969555,134.1316493810591,,,,,1.0,0.154717,normal_low,BOTH,0.046843,QUALIFIED
13055,1.883125,-39553.0307002987,156.74792565549433,-0.526573,-0.097862,0.478845,0.210225,1.0,0.192193,normal_low,BOTH,0.029278,QUALIFIED
13098,0.088125,29779.46453900709,68.76241134751763,,,,,1.0,0.153865,normal_low,BOTH,0.052086,QUALIFIED
13099,1.011875,40893.61673872761,-92.72112415071024,,,,,1.0,0.211835,normal_low,BOTH,0.048996,QUALIFIED
13115,0.186875,-40852.84113712375,-104.93478260869595,-0.647985,-0.538332,0.795979,1.180658,1.0,0.216549,normal_low,BOTH,0.030663,QUALIFIED
13141,0.670625,-43002.38723205964,80.95200372787076,-0.397636,-0.358633,1.114708,,1.0,0.167902,normal_low,BOTH,0.046308,QUALIFIED
13146,0.31125,41350.905622489954,-356.07630522087857,,,,,1.0,0.227547,normal_low,BOTH,0.038563,QUALIFIED
13159,0.905,27131.941298342543,-86.896408839777,,,,,1.0,0.211736,normal_low,BOTH,0.057108,QUALIFIED
13163,0.138125,-22329.798642533937,-394.6357466063346,0.813736,1.177245,1.759519,,1.0,,no_data,S1_ONLY,0.100462,QUALIFIED
13174,2.513125,34153.73402138772,-292.5925142999258,,,,,1.0,0.181662,normal_low,BOTH,0.044124,QUALIFIED
13179,0.159375,15717.931372549014,-222.73529411765048,,,,,1.0,,no_data,S1_ONLY,0.205055,QUALIFIED
13180,0.140625,34930.05555555555,-319.277777777781,,,,,1.0,0.165237,normal_low,BOTH,0.047241,QUALIFIED
13201,0.0975,-42341.84615384616,-327.3846153846098,-0.29184,-1.661497,-0.097332,-0.894071,1.0,0.220411,normal_low,BOTH,0.094911,QUALIFIED
13202,0.331875,-40657.562146892655,-593.4265536723178,-1.105479,-0.395902,-0.0001,0.365704,1.0,0.25411,normal_low,BOTH,0.03719,QUALIFIED
13214,0.169375,-41081.865313653136,-479.942804428043,-4.435432,-1.538716,-0.033261,-0.164982,1.0,0.246114,normal_low,BOTH,0.039777,QUALIFIED
13245,0.100625,-41785.59316770187,-612.2329192546604,-1.570463,-0.719431,0.093724,0.071849,1.0,0.275043,normal_low,BOTH,0.045623,QUALIFIED
13273,0.166875,40074.5,-763.6385767790271,,,,,1.0,0.10203,normal_low,BOTH,0.095073,QUALIFIED
13290,0.165,29399.405303030304,-927.625,,,,,1.0,0.141417,normal_low,BOTH,0.040135,QUALIFIED
13332,0.215,41344.34011627907,-992.450581395351,,,,,1.0,0.213209,normal_low,BOTH,0.046013,QUALIFIED
13341,0.44,45016.154829545456,-994.741477272728,,,,,1.0,0.20877,normal_low,BOTH,0.0406,QUALIFIED
13358,0.14875,40533.53361344538,-987.105042016803,,,,,1.0,0.109144,normal_low,BOTH,0.088035,QUALIFIED
13361,0.439375,-41104.69630156472,-1150.8513513513462,-0.087721,0.193303,-0.182493,0.188928,1.0,0.273021,normal_low,BOTH,0.03878,QUALIFIED
13365,0.191875,40891.11237785016,-1207.48045602606,,,,,1.0,0.171472,normal_low,BOTH,0.05879,QUALIFIED
13462,0.133125,-41238.17605633803,-1642.8098591549278,0.345235,,-0.067674,,1.0,0.34798,normal_low,BOTH,0.042508,QUALIFIED
13470,1.050625,33275.80874479476,-1606.579119571681,,,,,1.0,0.181059,normal_low,BOTH,0.042278,QUALIFIED
13500,0.459375,32379.5,-1632.7312925170045,,,,,1.0,0.308423,normal_low,BOTH,0.046259,QUALIFIED
13517,0.2325,-29885.983870967742,-1773.7607526881693,-0.172808,-0.084245,0.005599,0.007117,1.0,,no_data,S1_ONLY,0.04572,QUALIFIED
13583,0.3275,-40451.12022900763,-2251.2175572519045,-0.560355,-0.086566,-0.013352,-1.222222,1.0,0.303926,normal_low,BOTH,0.034059,QUALIFIED
13593,0.394375,-38250.93581616482,-2129.492076069735,-0.335372,-0.19295,0.001228,-1.396591,1.0,0.237153,normal_low,BOTH,0.034649,QUALIFIED
13602,0.100625,30550.43167701864,-2045.462732919252,,,,,1.0,0.311005,normal_low,BOTH,0.032322,QUALIFIED
13603,0.16375,31402.83969465649,-1786.2366412213742,,-0.226322,,-16.826457,1.0,0.338485,normal_low,BOTH,0.052167,QUALIFIED
13608,0.25,31924.0625,-1900.1875,,-1.170474,,,1.0,0.356505,normal_low,BOTH,0.044571,QUALIFIED
13631,0.178125,40093.62280701754,-1727.5701754385957,,,-1.573638,,1.0,0.078911,normal_low,BOTH,0.0699,QUALIFIED
13632,0.16625,40723.27819548872,-1946.8684210526333,0.592172,,,,1.0,0.13491,normal_low,BOTH,0.063323,QUALIFIED
13637,0.2775,-39649.43018018018,-2029.454954954956,-0.13475,-0.18751,-0.667943,-3.203025,1.0,0.277866,normal_low,BOTH,0.028206,QUALIFIED
13683,0.900625,-23941.894864677302,-1776.8074253990271,1.163889,2.400363,0.836442,,1.0,,no_data,S1_ONLY,0.056075,QUALIFIED
13699,0.20375,-43397.509202453984,-2303.0276073619607,0.113445,-1.060767,0.678855,,1.0,0.323228,normal_low,CPR_ONLY,0.020698,QUALIFIED
13707,0.889375,-40127.09873506676,-2678.066408995081,-0.36314,0.10193,0.281518,-2.111555,1.0,0.280992,normal_low,BOTH,0.029428,QUALIFIED
13732,0.143125,41699.93668122271,-2503.866812227076,,,,,1.0,0.148909,normal_low,BOTH,0.067863,QUALIFIED
13798,0.35625,40425.72807017545,-2846.0350877192977,,1.145123,,,1.0,0.106655,normal_low,BOTH,0.052838,QUALIFIED
13807,1.34875,24742.72289156627,-2869.9355885078767,,-0.107036,,,1.0,0.285167,normal_low,BOTH,0.04835,QUALIFIED
13833,0.08375,24332.70895522388,-2773.567164179105,,1.139266,,,1.0,0.336125,normal_low,BOTH,0.042824,QUALIFIED
13866,0.119375,-39570.78795811519,-2923.1910994764403,-0.191517,-0.103586,-0.025664,0.281606,1.0,0.343587,normal_low,BOTH,0.023327,QUALIFIED
13883,0.134375,-29453.988372093023,-3219.5,-0.169396,-0.124481,0.048976,0.073385,1.0,,no_data,S1_ONLY,0.044981,QUALIFIED
13898,1.598125,26147.270825185755,-3422.25127102073,,,,,1.0,0.283963,normal_low,BOTH,0.045764,QUALIFIED
13918,0.376875,-39941.5447761194,-3258.662520729682,0.089543,0.124098,0.40571,0.042823,1.0,0.288841,normal_low,CPR_ONLY,0.026884,QUALIFIED
13950,0.09125,-40839.3698630137,-3348.3013698630166,0.35014,-0.024881,0.029593,-2.285837,1.0,0.244178,normal_low,CPR_ONLY,,QUALIFIED
13963,0.08,17704.1875,-3494.03125,,0.712355,,,0.8984,,no_data,S1_ONLY,0.152728,QUALIFIED
13973,0.125,-42558.875,-3310.0,-0.308085,0.04765,-0.176418,-0.206759,1.0,0.336316,normal_low,CPR_ONLY,,QUALIFIED
14030,0.138125,-41151.970588235294,-3557.5316742081413,0.123951,-0.331644,-0.179839,,1.0,0.243697,normal_low,CPR_ONLY,,QUALIFIED
14034,0.319375,27346.66242661448,-3380.4197651663417,,,,1.658957,1.0,0.222426,normal_low,BOTH,0.04455,QUALIFIED
14046,0.4775,-43268.0719895288,-3591.7447643979103,0.354453,-0.957584,0.408037,,1.0,0.356092,normal_low,CPR_ONLY,,QUALIFIED
14052,0.0975,40639.08333333334,-3629.948717948719,,,,,1.0,0.20665,normal_low,BOTH,0.076683,QUALIFIED
14119,0.651875,-40428.66395014382,-3806.043624161073,-0.135301,0.013227,0.636306,,1.0,0.302966,normal_low,CPR_ONLY,,QUALIFIED
14135,0.1275,7247.049019607846,-4093.004901960783,,0.154031,,1.920375,1.0,,no_data,S1_ONLY,0.126068,QUALIFIED
14136,0.085,22345.63970588235,-3969.9044117647054,,,,,1.0,0.406111,normal_low,BOTH,0.049291,QUALIFIED
14140,0.685,-39571.91879562044,-3782.255474452555,0.402096,0.118958,-0.200766,-1.020843,1.0,0.304984,normal_low,CPR_ONLY,0.023519,QUALIFIED
14155,0.381875,9855.10556464811,-3956.251227495908,,0.250625,,,1.0,,no_data,S1_ONLY,0.343495,QUALIFIED
14169,0.74875,-41765.79632721202,-3751.6285475792974,0.442383,-0.114275,0.471847,,1.0,0.301354,normal_low,CPR_ONLY,,QUALIFIED
14234,0.600625,-29816.108740894902,-3938.417793964618,-0.428653,-0.033194,0.050637,0.05375,1.0,,no_data,S1_ONLY,0.042882,QUALIFIED
14243,0.14625,7248.858974358969,-4484.756410256407,,0.868375,,,1.0,,no_data,S1_ONLY,0.383782,QUALIFIED
14249,0.233125,9838.172922252008,-4620.009383378012,0.732449,,,0.582474,1.0,,no_data,S1_ONLY,0.867871,QUALIFIED
14289,0.220625,9562.88526912182,-4370.179886685553,,1.124728,,4.469713,1.0,,no_data,S1_ONLY,0.161369,QUALIFIED
14298,0.165625,-41609.08490566038,-4422.8962264150905,0.293099,0.396296,0.555434,0.830816,1.0,0.286971,normal_low,CPR_ONLY,,QUALIFIED
14329,0.29125,-41264.44849785408,-4634.5321888412,-0.693894,0.16153,0.364489,0.241948,1.0,0.264714,normal_low,CPR_ONLY,,QUALIFIED
14364,0.203125,-9305.192307692305,-4638.653846153844,0.554694,-1.790591,-0.02161,-0.323703,1.0,,no_data,S1_ONLY,0.07457,QUALIFIED
14368,0.158125,35938.92687747035,-4676.27865612648,,,,,1.0,0.173538,normal_low,BOTH,0.086004,QUALIFIED
14387,0.595,24402.49369747899,-4906.537815126052,,,,,0.9937,0.490653,normal_low,BOTH,0.069111,QUALIFIED
14396,0.16875,5712.648148148153,-5221.444444444445,0.083724,0.627801,,,1.0,,no_data,S1_ONLY,0.434386,QUALIFIED
14404,0.10375,-39260.43975903615,-4993.777108433729,,-0.429899,1.080572,,1.0,0.317143,normal_low,CPR_ONLY,,QUALIFIED
14425,0.149375,7409.541841004182,-4863.307531380749,1.162329,,,,1.0,,no_data,S1_ONLY,0.619803,QUALIFIED
14436,0.674375,-41494.84661723818,-5363.633456904543,,-0.521826,0.325564,,1.0,0.25911,normal_low,CPR_ONLY,,QUALIFIED
14454,0.215,34804.73255813954,-4821.811046511626,,,,,1.0,0.03926,normal_low,BOTH,0.069313,QUALIFIED
14485,0.304375,-40872.471252566735,-4998.832648870637,,-1.187254,0.533866,,1.0,0.273308,normal_low,CPR_ONLY,,QUALIFIED
14498,0.210625,-43872.08753709199,-5054.767062314539,,-0.096226,0.521716,-1.724762,1.0,0.388322,normal_low,BOTH,0.009638,QUALIFIED
14524,0.14125,39803.26106194689,-5235.451327433628,,,,,1.0,0.086646,normal_low,BOTH,0.035839,QUALIFIED
14533,0.15375,-41875.29674796748,-5291.674796747968,,-0.485714,,,1.0,0.24568,normal_low,CPR_ONLY,,QUALIFIED
14553,0.24875,7084.675879396978,-5211.057788944723,-0.657434,1.098632,,,1.0,,no_data,S1_ONLY,0.411363,QUALIFIED
14567,0.1,43229.65625,-5339.8125,1.089397,0.827873,,,1.0,0.177509,normal_low,BOTH,0.071255,QUALIFIED
14628,0.379375,-40307.7899505766,-5392.292421746293,,-2.105892,0.952711,,1.0,0.312194,normal_low,CPR_ONLY,,QUALIFIED
14665,0.100625,-26826.74223602485,-5876.208074534159,0.664185,0.439433,,,1.0,,no_data,S1_ONLY,0.035242,QUALIFIED
14668,0.389375,25614.989566613163,-5925.503210272873,0.035714,,,,1.0,0.461502,normal_low,BOTH,0.043136,QUALIFIED
14679,0.248125,7113.039042821161,-5868.3287153652345,,1.143466,,,1.0,,no_data,S1_ONLY,0.026495,QUALIFIED
14692,0.098125,39241.6974522293,-5685.168789808915,,1.232039,-0.102014,,1.0,0.087403,normal_low,BOTH,0.051198,QUALIFIED
14707,0.2475,7892.808080808085,-6084.8535353535335,,2.070686,1.204334,,1.0,,no_data,S1_ONLY,0.022891,QUALIFIED
14711,0.285,-40667.44078947369,-5683.54605263158,-0.285301,0.008133,-0.375304,-2.145191,1.0,0.278987,normal_low,CPR_ONLY,,QUALIFIED
14720,0.1175,26213.329787234048,-5796.973404255325,1.015846,,,,1.0,0.400854,normal_low,BOTH,0.036194,QUALIFIED
14732,0.163125,-41802.89463601533,-5915.879310344826,-0.187483,0.092903,-0.789859,0.191547,1.0,0.279049,normal_low,CPR_ONLY,,QUALIFIED
14734,0.335625,-26203.432960893857,-6021.194599627561,0.528885,0.212843,0.164384,,1.0,,no_data,S1_ONLY,0.035945,QUALIFIED
14742,0.319375,-43027.06555772994,-5786.82876712329,0.531808,-0.187549,-0.186465,,1.0,0.277755,normal_low,CPR_ONLY,,QUALIFIED
14750,0.180625,-41129.47923875433,-5889.119377162628,0.234059,0.12616,-0.836747,,1.0,0.259753,normal_low,CPR_ONLY,,QUALIFIED
14756,0.21375,-25222.429824561405,-6040.508771929817,0.517197,0.398793,-0.100309,0.659951,1.0,,no_data,S1_ONLY,0.051716,QUALIFIED
14769,0.329375,-26596.79981024668,-6299.025616698295,0.545049,0.209459,-0.080439,0.991109,1.0,,no_data,S1_ONLY,0.030078,QUALIFIED
14783,0.29,35449.06896551725,-6095.728448275862,,,,,1.0,0.205097,normal_low,BOTH,0.043941,QUALIFIED
14803,0.14125,-42512.22566371682,-6140.982300884956,-1.544067,-0.002728,-0.451192,2.084119,1.0,0.178027,normal_low,CPR_ONLY,,QUALIFIED
14805,0.48125,7442.8441558441555,-6196.058441558445,-1.855974,2.328717,0.750903,,1.0,,no_data,S1_ONLY,0.021582,QUALIFIED
14810,0.14875,36345.29831932773,-6083.113445378149,,,,,1.0,0.201136,normal_low,BOTH,0.053371,QUALIFIED
14820,0.67125,23467.4469273743,-5883.159217877095,,,,,1.0,0.42729,normal_low,BOTH,0.076069,QUALIFIED
14829,0.335625,27956.203910614524,-6173.848230912474,,,,,1.0,0.255652,normal_low,BOTH,0.045331,QUALIFIED
14837,0.1325,8236.764150943396,-6357.518867924533,,1.508741,-2.361111,,1.0,,no_data,S1_ONLY,0.018551,QUALIFIED
14846,0.086875,-2751.0395683453244,-6217.485611510791,-0.162358,-0.053543,0.009395,0.153404,1.0,,no_data,S1_ONLY,0.127757,QUALIFIED
14848,0.220625,40670.60481586402,-6271.950424929186,,,,,1.0,0.163984,normal_low,BOTH,0.076488,QUALIFIED
14873,0.2625,35013.25,-6734.321428571435,,,,,1.0,0.183982,normal_low,BOTH,0.044202,QUALIFIED
14886,0.2625,-41267.04761904762,-6342.53571428571,-0.386782,0.068331,0.049472,0.348742,1.0,0.275717,normal_low,CPR_ONLY,,QUALIFIED
14891,0.90375,26645.506224066383,-6140.699861687412,1.019502,,,,1.0,0.349932,normal_low,BOTH,0.044531,QUALIFIED
14895,0.31,-25089.5120967742,-6473.189516129038,0.31382,-0.100769,0.731723,-0.904619,1.0,,no_data,S1_ONLY,0.047352,QUALIFIED
14906,0.28,10147.267857142857,-6792.915178571435,,,,,1.0,,no_data,S1_ONLY,0.019049,QUALIFIED
14910,0.093125,-42661.57382550336,-6392.117449664431,0.184602,0.158812,-0.289002,0.293348,1.0,0.171095,normal_low,CPR_ONLY,,QUALIFIED
14933,0.309375,8057.631313131307,-6783.641414141413,,,,,1.0,,no_data,S1_ONLY,0.018258,QUALIFIED
14946,0.78875,-43419.87400950872,-6408.354992076071,-0.814429,0.182257,-0.059229,1.353936,1.0,0.252089,normal_low,BOTH,0.007857,QUALIFIED
14960,0.49,-42937.330357142855,-6843.409438775503,0.364256,-0.000599,-0.322273,1.005022,1.0,0.244993,normal_low,BOTH,0.007935,QUALIFIED
14980,0.49625,40348.838790932,-6706.710327455912,,,,,1.0,0.215918,normal_low,BOTH,0.082591,QUALIFIED
14992,0.108125,41810.91618497109,-6677.96820809249,,,,,1.0,0.304975,normal_low,BOTH,0.053167,QUALIFIED
15008,0.113125,9844.113259668506,-6876.571823204416,,,1.201555,,1.0,,no_data,S1_ONLY,0.016353,QUALIFIED
15010,0.084375,-40574.759259259255,-6795.2407407407445,-0.108777,0.344301,-1.322455,,1.0,0.305157,normal_low,CPR_ONLY,,QUALIFIED
15015,0.625625,35754.91958041958,-6962.012487512489,,,,,1.0,0.200401,normal_low,BOTH,0.041401,QUALIFIED
15056,0.73875,27516.547377326555,-6835.096446700503,,,0.959088,,1.0,0.317148,normal_low,BOTH,0.055956,QUALIFIED
15082,0.626875,-42023.9297108674,-7097.206879361918,0.368463,0.075742,-0.205382,0.078822,1.0,0.260012,normal_low,CPR_ONLY,,QUALIFIED
15104,0.088125,32622.54964539007,-7040.634751773054,,,-0.024974,,1.0,0.292437,normal_low,BOTH,0.032775,QUALIFIED
15107,0.09375,-44645.333333333336,-7177.666666666664,-0.212098,0.395173,,,1.0,0.446849,normal_low,BOTH,0.009245,QUALIFIED
15118,0.54875,34453.05922551252,-6754.625284738038,-0.473988,,,,1.0,0.215717,normal_low,BOTH,0.051867,QUALIFIED
15119,0.116875,41511.66577540107,-6943.350267379683,,,,,1.0,0.247959,normal_low,BOTH,0.050738,QUALIFIED
15141,0.218125,-43689.32521489971,-7146.849570200575,0.196958,0.341398,-0.338073,-0.329506,1.0,0.289601,normal_low,BOTH,0.009572,QUALIFIED
15206,0.08875,7057.950704225354,-7406.3661971831025,0.708699,0.819221,,,1.0,,no_data,S1_ONLY,0.013535,QUALIFIED
15212,0.156875,35937.04980079681,-7588.743027888449,,,,,1.0,0.280715,normal_low,BOTH,0.040683,QUALIFIED
15213,0.3225,40631.08914728682,-7746.980620155031,1.785603,,,,1.0,0.190668,normal_low,BOTH,0.064446,QUALIFIED
15216,0.68625,-43002.594717668486,-7453.689435336979,0.159657,0.023183,1.348553,-5.362832,1.0,0.235729,normal_low,BOTH,0.00778,QUALIFIED
15261,0.935625,34206.96492985972,-7554.493319973277,,,,,1.0,0.249625,normal_low,BOTH,0.065297,QUALIFIED
15278,0.550625,32434.403518728723,-7803.586265607257,,,,,1.0,0.25549,normal_low,BOTH,0.052917,QUALIFIED
15285,1.356875,25383.70082911101,-7324.3502994012015,,,4.088872,,1.0,0.419017,normal_low,BOTH,0.034299,QUALIFIED
15324,0.38625,6621.708737864079,-7673.205501618118,0.599944,0.502717,,,1.0,,no_data,S1_ONLY,0.013259,QUALIFIED
15326,0.1825,-42963.25684931507,-7863.969178082196,,-0.499264,1.186722,-4.364706,1.0,0.191246,normal_low,BOTH,0.00737,QUALIFIED
15357,0.29875,34791.39330543933,-8022.041841004182,,,,2.097318,1.0,0.378751,normal_low,BOTH,0.059537,QUALIFIED
15378,1.5875,28185.01181102362,-7387.364173228343,,,,,1.0,0.30659,normal_low,BOTH,0.048228,QUALIFIED
15393,0.466875,31835.6780455154,-7849.935073627843,,1.963422,,,1.0,0.23987,normal_low,BOTH,0.05547,QUALIFIED
15474,0.1575,29160.21428571429,-8096.523809523809,2.120981,2.128332,,,1.0,0.273597,normal_low,BOTH,0.02731,QUALIFIED
15491,0.136875,25389.340182648404,-8123.929223744286,,1.635659,,,1.0,0.350203,normal_low,BOTH,0.00848,QUALIFIED
15494,0.436875,36664.41416309013,-8163.627324749643,1.129734,,0.916393,,1.0,0.236216,normal_low,BOTH,0.053498,QUALIFIED
15527,0.165,24975.636363636368,-8232.265151515152,,2.229489,,,1.0,0.398781,normal_low,BOTH,0.002953,QUALIFIED
15536,0.101875,32529.25460122699,-8466.064417177913,2.740821,,3.263017,,1.0,0.242815,normal_low,BOTH,0.055781,QUALIFIED
15544,0.195625,29384.40415335464,-8331.20926517572,,,,,1.0,,no_data,S1_ONLY,0.025498,QUALIFIED
15548,1.36375,-42871.82218148487,-8135.395967002747,1.079665,-1.403518,0.916009,,1.0,0.275029,normal_low,BOTH,0.008534,QUALIFIED
15562,3.0725,35344.50610252237,-8567.522782750202,,,0.842105,,1.0,0.487973,normal_low,BOTH,0.100572,QUALIFIED
15570,0.115,26871.510869565216,-8358.467391304352,,,,,1.0,0.296904,normal_low,BOTH,0.020659,QUALIFIED
15595,0.438125,29807.59557774608,-8785.840941512128,,,,,1.0,,no_data,S1_ONLY,0.028202,QUALIFIED
15599,0.65875,-42299.64611005693,-8514.893738140418,0.781468,-2.281672,,-0.106351,1.0,0.252966,normal_low,CPR_ONLY,0.007448,QUALIFIED
15625,0.181875,25657.231958762888,-8471.235395189004,,,,,1.0,0.463427,normal_low,BOTH,0.006233,QUALIFIED
15641,0.200625,34864.29750778816,-8593.736760124615,,,0.979417,1.447236,1.0,0.663331,typical,BOTH,0.08497,QUALIFIED
15647,0.11375,30533.153846153844,-8681.780219780216,,,,,1.0,0.245062,normal_low,BOTH,0.045485,QUALIFIED
15648,0.20125,36919.142857142855,-8702.838509316767,-0.521684,-0.094567,0.170359,-0.738588,1.0,0.209394,normal_low,BOTH,0.060511,QUALIFIED
15654,0.1625,-22012.903846153848,-8675.461538461539,-0.146642,-0.070626,0.008557,0.052078,1.0,0.324651,normal_low,BOTH,0.025474,QUALIFIED
15678,0.209375,-43204.90298507463,-8809.5,6.687345,-1.269556,,,1.0,0.23153,normal_low,BOTH,0.008581,QUALIFIED
15693,0.0825,36589.27272727272,-8747.037878787873,,0.033124,0.263744,-1.416393,1.0,0.204281,normal_low,BOTH,0.070007,QUALIFIED
15701,0.115,24958.875,-8757.108695652176,,,,,1.0,0.298722,normal_low,BOTH,0.007898,QUALIFIED
15703,0.258125,-17125.742130750605,-8467.599273607746,0.44783,0.898968,-0.045201,,1.0,0.201079,normal_low,BOTH,0.049369,QUALIFIED
15714,0.2025,39330.518518518526,-8729.746913580246,-0.71334,0.283095,0.582897,0.061175,1.0,0.223988,normal_low,BOTH,0.038715,QUALIFIED
15739,0.11375,-43583.46703296703,-8944.005494505494,1.904092,-0.167427,-0.009649,,1.0,0.184639,normal_low,BOTH,0.00958,QUALIFIED
15755,2.859375,26274.18306010929,-8772.390710382511,,,,,1.0,0.384739,normal_low,BOTH,0.02006,QUALIFIED
15756,0.08375,37785.13432835821,-9014.611940298506,0.019972,,,,1.0,0.226257,normal_low,BOTH,0.075913,QUALIFIED
15777,0.09,-16465.777777777777,-9164.430555555557,0.474437,-1.07765,0.22097,1.856303,1.0,0.367226,normal_low,BOTH,0.026259,QUALIFIED
15855,0.68625,29206.763205828785,-9390.938979963576,,-0.469342,,,1.0,0.269784,normal_low,S1_ONLY,0.042898,QUALIFIED
15869,0.1125,38745.88888888889,-9398.805555555557,,1.062802,7.184919,,1.0,0.206131,normal_low,BOTH,0.066932,QUALIFIED
15882,0.43375,40040.566282420754,-9670.033141210375,,,,,1.0,0.210599,normal_low,BOTH,0.053701,QUALIFIED
15922,0.085625,36554.97445255474,-9652.96715328467,,1.218873,,,1.0,0.280029,normal_low,BOTH,0.053012,QUALIFIED
16012,0.226875,25408.86639118458,-9670.849862258954,0.608749,,,,1.0,0.455323,normal_low,BOTH,0.024214,QUALIFIED
16026,1.136875,41519.24986256185,-9900.79191863662,,,,,1.0,0.17899,normal_low,BOTH,0.052707,QUALIFIED
16062,0.154375,39098.08299595141,-10139.682186234815,,,,3.621469,1.0,0.193273,normal_low,BOTH,0.025905,QUALIFIED
16067,0.193125,35335.34142394822,-10239.872168284784,,,,,1.0,0.504061,typical,BOTH,0.065063,QUALIFIED
16076,0.264375,34887.02955082743,-9922.313238770686,,,,,1.0,0.469444,normal_low,BOTH,0.02902,QUALIFIED
16089,0.219375,35889.457264957266,-10220.867521367516,,,,,1.0,0.302871,normal_low,BOTH,0.076085,QUALIFIED
16107,0.28875,38356.80519480519,-10197.66017316017,,,,,1.0,0.23201,normal_low,BOTH,0.036833,QUALIFIED
16135,0.3175,39522.67913385827,-10033.309055118116,,,,,1.0,0.198815,normal_low,BOTH,0.057389,QUALIFIED
16139,0.288125,37582.68872017354,-10138.05748373102,1.925453,,,,1.0,0.203157,normal_low,BOTH,0.044184,QUALIFIED
16145,0.294375,41831.29405520171,-10763.884288747351,,,,,1.0,0.20002,normal_low,BOTH,0.035828,QUALIFIED
16166,2.075625,26721.270551038848,-10474.2591087022,,,,,1.0,0.371646,normal_low,BOTH,0.05566,QUALIFIED
16170,0.235,37265.32446808511,-10534.273936170212,,,,,1.0,0.22113,normal_low,BOTH,0.044279,QUALIFIED
16190,0.68625,23249.841530054648,-10717.874316939888,,,,,1.0,0.373983,normal_low,BOTH,0.051935,QUALIFIED
16199,0.426875,41183.65080527087,-10551.769399707176,,,,,1.0,0.179352,normal_low,BOTH,0.036546,QUALIFIED
16201,0.303125,21144.5,-10744.13917525774,,1.014415,,,1.0,0.434528,normal_low,BOTH,0.047287,QUALIFIED
16206,0.8975,40502.32033426185,-10529.722841225625,,,,,1.0,0.178065,normal_low,BOTH,0.039805,QUALIFIED
16224,0.31375,39261.551792828686,-10645.316733067724,,,,,1.0,0.200077,normal_low,BOTH,0.037956,QUALIFIED
16241,0.143125,-8401.482532751092,-10718.823144104805,-0.184118,-0.129701,0.077187,0.014822,1.0,0.362978,normal_low,BOTH,0.029989,QUALIFIED
16256,0.28125,37696.38888888889,-10663.333333333328,,1.596595,,,1.0,0.216535,normal_low,BOTH,0.040936,QUALIFIED
16316,0.189375,27203.70792079208,-11073.42739273928,,,,,1.0,,no_data,S1_ONLY,0.054431,QUALIFIED
16350,0.303125,39419.60309278351,-11415.221649484534,,,,,1.0,0.222607,normal_low,BOTH,0.032696,QUALIFIED
16385,0.084375,38717.0925925926,-11364.5,,,,,1.0,0.202339,normal_low,BOTH,0.03476,QUALIFIED
16394,0.138125,41082.87104072399,-11209.228506787324,,,,,1.0,0.241973,normal_low,BOTH,0.052473,QUALIFIED
16403,0.36,42350.75868055555,-11411.869791666664,1.306556,,,,1.0,0.201408,normal_low,BOTH,0.040577,QUALIFIED
16444,0.081875,35576.40839694657,-11561.713740458012,,,,,1.0,0.225348,normal_low,BOTH,0.02601,QUALIFIED
16466,0.439375,28032.181365576107,-11628.909672830729,,,,,1.0,,no_data,S1_ONLY,0.052755,QUALIFIED
16524,0.094375,38446.68543046358,-11863.407284768213,1.88042,,,,1.0,0.270019,normal_low,BOTH,0.01901,QUALIFIED
16531,0.525,21550.035714285725,-12354.619047619051,,,,,1.0,0.36043,normal_low,BOTH,0.060818,QUALIFIED
16603,0.08875,34825.73239436619,-12161.471830985916,,,,,1.0,0.343482,normal_low,BOTH,0.085553,QUALIFIED
16614,0.220625,38755.803116147305,-12143.48016997167,,,,,1.0,0.242451,normal_low,BOTH,0.017437,QUALIFIED
16640,0.125625,21819.524875621893,-12085.19651741293,,,,,1.0,0.343402,normal_low,BOTH,0.05088,QUALIFIED
16723,0.468125,-36440.353137516686,-12428.972630173565,0.125015,0.122227,0.373103,0.407309,1.0,0.304976,normal_low,BOTH,0.070296,QUALIFIED
16797,0.101875,-36663.38343558282,-12778.180981595098,1.006024,,2.762084,,1.0,0.261932,normal_low,BOTH,0.056303,QUALIFIED
16879,0.101875,-123.81288343558845,-12997.506134969328,,,,,0.454,0.794934,typical,BOTH,0.08423,QUALIFIED
17161,0.6125,-32339.658163265307,-13765.877551020414,0.311229,-0.15428,-0.00661,0.280321,1.0,0.313281,normal_low,BOTH,0.068063,QUALIFIED
17207,0.23,-31488.339673913044,-13930.75,0.170813,-0.013541,0.383945,0.758921,1.0,0.382111,normal_low,BOTH,0.064271,QUALIFIED
17307,0.084375,-12976.055555555557,-14465.7962962963,-0.030445,-0.006352,0.113159,0.031751,1.0,0.459231,normal_low,CPR_ONLY,,QUALIFIED
17327,0.19875,18488.02201257862,-14627.723270440256,,,1.017841,,1.0,0.3308,normal_low,BOTH,0.068036,QUALIFIED
17360,0.366875,18067.0468483816,-14310.019591141398,,,7.461999,,1.0,0.259592,normal_low,BOTH,0.05849,QUALIFIED
17418,0.178125,18986.166666666664,-14794.412280701748,,1.355078,0.680362,,1.0,0.349157,normal_low,BOTH,0.109392,QUALIFIED
17426,0.16,21400.37890625,-14771.1796875,,1.357396,2.949143,,1.0,,no_data,S1_ONLY,0.121039,QUALIFIED
17562,0.855,19656.29824561404,-15715.36257309941,,,,,1.0,0.278464,normal_low,BOTH,0.073189,QUALIFIED
17586,1.09875,18703.15472127418,-15478.965301478958,,-0.271916,,,1.0,0.241201,normal_low,BOTH,0.079798,QUALIFIED
17662,0.119375,18142.03926701571,-15571.489528795812,,,,,1.0,0.25103,normal_low,BOTH,0.060115,QUALIFIED
17730,0.21,-8945.886904761901,-15837.297619047618,0.483525,-0.193373,,,1.0,0.386003,normal_low,CPR_ONLY,,QUALIFIED
17765,0.17,3571.926470588238,-15912.643382352937,0.739598,1.573709,,,1.0,0.746216,typical,BOTH,0.015202,QUALIFIED
17796,0.31125,23911.698795180724,-15762.0,,,,,1.0,,no_data,S1_ONLY,0.114229,QUALIFIED
17851,0.435,-8321.297413793101,-15789.550287356324,0.667504,-0.132806,,,1.0,0.418918,normal_low,CPR_ONLY,,QUALIFIED
17872,0.285625,16191.34901531729,-16085.933260393867,,0.381072,,,1.0,0.200215,normal_low,BOTH,0.016176,QUALIFIED
17885,0.088125,32065.812056737588,-16344.890070921989,,,,,1.0,0.26363,normal_low,BOTH,0.125713,QUALIFIED
17943,0.106875,31663.535087719298,-16469.96783625731,1.809365,,,,1.0,0.215123,normal_low,BOTH,0.140366,QUALIFIED
17949,0.596875,20307.798429319373,-16581.280104712037,,,,,1.0,0.287142,normal_low,BOTH,0.059228,QUALIFIED
17966,0.278125,37456.01685393258,-16219.050561797754,,,-3.159537,,1.0,0.265675,normal_low,BOTH,0.055509,QUALIFIED
18071,0.091875,-7565.806122448979,-17006.642857142855,,1.612903,,,1.0,0.424105,normal_low,BOTH,0.05301,QUALIFIED
18124,0.109375,15824.5,-16898.071428571428,,,,,1.0,0.1795,normal_low,BOTH,0.013167,QUALIFIED
18135,0.243125,-10707.376606683809,-17106.8264781491,1.111959,,,,1.0,0.404161,normal_low,CPR_ONLY,0.095743,QUALIFIED
18141,0.081875,22454.46183206106,-16909.423664122143,,1.454766,,,1.0,,no_data,S1_ONLY,0.07976,QUALIFIED
18153,2.568125,24057.257361888536,-16933.023971769282,,,,,1.0,,no_data,S1_ONLY,0.080136,QUALIFIED
18154,0.32375,27777.78185328185,-17082.270270270274,,,,,1.0,,no_data,S1_ONLY,0.068798,QUALIFIED
18209,0.0925,29394.0945945946,-17132.608108108107,,,,,1.0,,no_data,S1_ONLY,0.060155,QUALIFIED
18220,0.2025,21227.58641975309,-17213.08024691358,,,,,1.0,0.241069,normal_low,BOTH,0.082014,QUALIFIED
18263,0.126875,25072.16009852217,-17342.357142857145,,,,,1.0,,no_data,S1_ONLY,0.074656,QUALIFIED
18277,0.188125,-17500.33388704319,-17325.911960132893,-1.506316,0.782989,,,1.0,0.306768,normal_low,BOTH,0.029447,QUALIFIED
18317,0.49625,24642.47858942065,-17467.226700251886,,,,,1.0,,no_data,S1_ONLY,0.066554,QUALIFIED
18366,0.26,17093.370192307688,-17493.189903846156,2.253215,,,,1.0,0.21513,normal_low,BOTH,0.045468,QUALIFIED
18378,0.18625,22298.9966442953,-17819.13087248322,,,,,1.0,,no_data,S1_ONLY,0.079238,QUALIFIED
18404,0.2525,23105.873762376228,-17631.55445544554,,,,,1.0,,no_data,S1_ONLY,0.073083,QUALIFIED
18494,0.1325,-29815.830188679247,-18172.96698113207,0.211414,0.636349,0.386754,,1.0,0.268856,normal_low,BOTH,0.033106,QUALIFIED
18599,0.088125,18528.75531914893,-18221.66312056737,,,0.257851,,1.0,0.274127,normal_low,BOTH,0.07058,QUALIFIED
18647,0.08125,16498.92307692307,-18236.03846153846,1.053061,,-0.91656,,1.0,0.211054,normal_low,BOTH,0.065856,QUALIFIED
18932,0.085625,-32701.22992700729,-19316.288321167885,0.092542,-0.115663,0.247628,-0.077507,1.0,0.203104,normal_low,BOTH,0.050744,QUALIFIED
18961,1.26875,10518.7118226601,-18837.689655172413,,,,,1.0,0.231794,normal_low,BOTH,0.030023,QUALIFIED
18970,0.115,14905.206521739128,-19128.84782608696,,,0.989051,,1.0,0.221672,normal_low,BOTH,0.015738,QUALIFIED
18972,0.561875,-29610.51112347052,-19309.45550611792,0.063129,-0.313516,1.184745,,1.0,0.317412,normal_low,BOTH,0.054443,QUALIFIED
18981,0.153125,25119.19387755102,-19506.84693877552,,,,,1.0,0.247782,normal_low,BOTH,0.093861,QUALIFIED
19032,0.481875,24818.04734111544,-19131.43904020752,1.584314,,-0.916993,,1.0,0.272602,normal_low,BOTH,0.050203,QUALIFIED
19118,0.106875,8917.043859649115,-19831.51754385965,1.857247,,1.307059,,1.0,0.273317,normal_low,BOTH,0.054063,QUALIFIED
19245,0.31125,9382.88353413654,-19894.78112449799,,,1.257267,,1.0,0.276003,normal_low,BOTH,0.03935,QUALIFIED
19270,1.92375,-33398.57504873294,-19630.047433398307,0.072633,-0.044581,-0.134291,0.589699,1.0,0.20905,normal_low,BOTH,0.071152,QUALIFIED
19299,0.24125,-31689.10103626943,-20193.08808290155,0.076469,-0.170352,0.020798,-0.224177,1.0,0.206041,normal_low,BOTH,0.050299,QUALIFIED
19320,0.236875,24505.040897097628,-20339.671503957783,,,,,1.0,0.333587,normal_low,BOTH,0.124505,QUALIFIED
19394,0.209375,-32865.94776119403,-20398.604477611952,0.073755,-0.110001,-0.070662,0.04075,1.0,0.238516,normal_low,BOTH,0.05736,QUALIFIED
19430,0.140625,7121.833333333336,-20623.83333333333,,-0.422701,-6.678444,,1.0,0.278985,normal_low,BOTH,0.16788,QUALIFIED
19447,1.446875,-31727.508639308857,-20889.921166306696,-0.005217,-0.438668,-0.878812,,1.0,0.260719,normal_low,BOTH,0.045039,QUALIFIED
19608,1.41375,19794.703359858533,-20838.17152961981,,,,,1.0,0.193632,normal_low,BOTH,0.067256,QUALIFIED
19676,0.87,2580.6961206896594,-20962.08979885057,0.334642,,-4.69066,4.945038,1.0,0.314338,normal_low,BOTH,0.05338,QUALIFIED
19701,0.121875,-31166.52564102564,-21277.705128205125,-0.839047,,-1.539997,,1.0,0.201016,normal_low,BOTH,0.050828,QUALIFIED
19774,0.953125,-3375.7131147541004,-21934.336065573763,-0.160885,-0.04485,-0.679949,1.091307,1.0,0.272279,normal_low,BOTH,0.07136,QUALIFIED
19776,0.22625,9504.679558011048,-21402.19337016574,,0.63074,4.020906,,1.0,0.295164,normal_low,BOTH,0.043189,QUALIFIED
19797,0.27125,10086.769585253453,-21206.873271889403,,,,,1.0,0.241004,normal_low,BOTH,0.049206,QUALIFIED
19814,0.339375,2915.15377532228,-21428.50552486188,-0.856363,-1.908845,,,1.0,0.329161,normal_low,BOTH,0.046252,QUALIFIED
19826,0.134375,8576.01162790697,-21814.03488372093,,0.891979,,,1.0,0.288143,normal_low,BOTH,0.042562,QUALIFIED
19849,0.150625,-32693.86099585062,-21342.65352697096,-1.105847,-1.494633,-0.690009,,1.0,0.234223,normal_low,BOTH,0.030951,QUALIFIED
19861,0.454375,-30773.196011004125,-21434.781980742773,-0.631675,-1.929541,-0.703583,3.997892,1.0,0.257728,normal_low,BOTH,0.050037,QUALIFIED
19866,1.4425,5482.905545927213,-21849.153379549403,,0.440299,,,1.0,0.297759,normal_low,BOTH,0.090977,QUALIFIED
19946,0.201875,22431.69814241485,-21790.98606811145,,,2.164852,,1.0,0.26242,normal_low,BOTH,0.107971,QUALIFIED
19955,0.243125,20914.795629820044,-21694.230077120825,,,4.568569,,1.0,0.214022,normal_low,BOTH,0.1107,QUALIFIED
19964,0.280625,3130.290645879737,-21941.482182628068,-2.626607,0.876496,,7.459848,1.0,0.352996,normal_low,BOTH,0.059442,QUALIFIED
19970,0.739375,-28518.1246830093,-21882.276838546062,0.01978,0.542667,0.504438,-1.303392,1.0,0.414336,normal_low,BOTH,0.062569,QUALIFIED
19983,0.2675,1924.091121495323,-21511.64953271029,-0.955591,,2.735321,,1.0,0.280869,normal_low,BOTH,0.063336,QUALIFIED
20005,1.27,1419.6279527559018,-21495.53838582677,-0.574334,-1.044094,,,1.0,0.315523,normal_low,BOTH,0.064232,QUALIFIED
20014,0.223125,-32078.37114845938,-22155.87254901961,0.111689,0.564415,0.356006,-0.647351,1.0,0.30335,normal_low,BOTH,0.022336,QUALIFIED
20087,0.12125,-14362.097938144332,-22034.551546391755,-0.257486,-0.078012,-0.032075,0.024468,1.0,0.384283,normal_low,BOTH,0.085332,QUALIFIED
20100,0.959375,-33845.190553745924,-22195.363192182413,-0.076375,0.341134,0.213482,-0.502069,1.0,0.237567,normal_low,BOTH,0.025733,QUALIFIED
20143,0.133125,-28357.894366197183,-22384.12441314553,,0.422794,0.563049,,1.0,0.504656,typical,BOTH,0.025513,QUALIFIED
20253,0.125625,-36356.843283582086,-22648.13184079602,-0.316684,1.812225,0.437286,0.66191,1.0,0.264128,normal_low,BOTH,0.032825,QUALIFIED
20254,0.556875,-32601.67845117845,-22487.12626262626,-0.06772,0.772214,0.411768,-0.218447,1.0,0.254404,normal_low,BOTH,0.01986,QUALIFIED
20270,0.233125,-26594.46782841823,-22401.44369973192,0.650586,1.108025,-0.103296,,1.0,0.257078,normal_low,BOTH,0.031584,QUALIFIED
20302,0.13,26954.54807692308,-22643.490384615376,0.750638,,,,1.0,0.308524,normal_low,BOTH,0.050803,QUALIFIED
20335,0.144375,-32679.720779220777,-22916.166666666657,-0.039536,0.253537,-0.817366,0.048668,1.0,0.283623,normal_low,BOTH,0.019184,QUALIFIED
20353,0.3075,-34764.37195121951,-22988.47357723578,0.124283,0.052231,-0.249272,0.462831,1.0,0.285717,normal_low,BOTH,0.022626,QUALIFIED
20387,1.60625,-25750.94747081712,-23140.122568093386,,0.170966,-5.49732,,1.0,0.289213,normal_low,BOTH,0.037334,QUALIFIED
20451,2.14125,-33812.46001167542,-23246.8292469352,0.004525,0.04109,-0.811726,0.204775,1.0,0.258224,normal_low,BOTH,0.0183,QUALIFIED
20457,0.25875,202.2777777777737,-23020.333333333343,,,,,0.57,0.161313,normal_low,BOTH,0.097617,QUALIFIED
20469,0.16125,-1876.468992248061,-23282.25193798449,-0.335674,-0.166327,,,1.0,0.228184,normal_low,BOTH,0.15521,QUALIFIED
20497,0.4025,6667.745341614907,-23230.28416149068,-0.039118,,,,1.0,0.264629,normal_low,BOTH,0.084237,QUALIFIED
20678,0.16875,-33896.61111111111,-23832.0,0.03006,-0.299773,-0.607867,0.7823,1.0,0.231519,normal_low,BOTH,0.015064,QUALIFIED
20716,0.2825,-26776.772123893803,-23830.584070796467,,,2.804808,,1.0,0.290817,normal_low,BOTH,0.035467,QUALIFIED
20721,0.2125,3060.161764705881,-23712.95588235295,0.541608,,,,1.0,0.257044,normal_low,BOTH,0.050795,QUALIFIED
20722,0.08125,4294.884615384617,-23862.76923076924,0.038104,,0.937898,,1.0,0.213863,normal_low,BOTH,0.058225,QUALIFIED
20802,0.313125,-32255.58982035928,-24146.75548902196,-0.471466,-0.245506,-0.496049,1.259361,1.0,0.212806,normal_low,BOTH,0.038838,QUALIFIED
20807,0.77125,1583.0696920583505,-23779.99027552674,0.597246,,,,1.0,0.190999,normal_low,BOTH,0.09444,QUALIFIED
20818,0.248125,-26784.69395465995,-24352.77455919396,-2.671605,0.115953,1.358915,,1.0,0.412671,normal_low,BOTH,0.025754,QUALIFIED
20824,0.22125,13432.97457627119,-24106.844632768363,,,0.811376,,1.0,,no_data,S1_ONLY,0.205051,QUALIFIED
20830,0.213125,-27162.01026392962,-24292.755131964805,-3.341741,,1.685884,,1.0,0.353901,normal_low,BOTH,0.027367,QUALIFIED
20942,0.079375,-1431.0118110236217,-24446.94094488189,-0.082943,,1.145131,,1.0,0.199167,normal_low,BOTH,0.05933,QUALIFIED
20949,0.85625,28929.90145985401,-24643.93430656934,,,,,1.0,0.233064,normal_low,BOTH,0.068617,QUALIFIED
20996,0.365,-27642.494863013697,-24836.443493150684,-0.366079,0.359649,1.570463,,1.0,0.285632,normal_low,BOTH,0.057086,QUALIFIED
21007,0.260625,-33129.03717026379,-24488.28896882494,-0.043549,-0.580673,-0.441965,,1.0,0.283769,normal_low,BOTH,0.043215,QUALIFIED
21038,0.989375,-4306.48547062539,-24769.856917245736,0.535309,0.359105,,,1.0,0.168465,normal_low,BOTH,0.068206,QUALIFIED
21095,0.2175,-27062.6408045977,-24849.42816091953,,,1.198007,,1.0,0.344456,normal_low,BOTH,0.083921,QUALIFIED
21112,0.24875,-37425.5,-25024.43718592965,-2.729717,0.115911,-1.190195,,1.0,0.31192,normal_low,BOTH,0.038587,QUALIFIED
21129,1.22125,5555.155066530191,-24569.190378710337,,,,,1.0,0.213348,normal_low,BOTH,0.073324,QUALIFIED
21159,0.0875,-6679.785714285717,-24991.82142857142,0.736598,,,,1.0,0.177866,normal_low,BOTH,0.054934,QUALIFIED
21278,0.115,-28167.07608695652,-25233.19565217392,,0.175819,1.659778,,1.0,0.24141,normal_low,BOTH,0.057468,QUALIFIED
21282,0.739375,13608.988588334738,-25388.32079459002,,,,,1.0,,no_data,S1_ONLY,0.081014,QUALIFIED
21301,0.145625,29881.474248927043,-25317.0965665236,,,-0.110698,,1.0,,no_data,S1_ONLY,0.061726,QUALIFIED
21392,0.2925,-36279.13247863248,-25706.92521367522,-0.019252,0.175602,-0.12617,,1.0,0.154674,normal_low,BOTH,0.043205,QUALIFIED
21394,0.5125,-25930.13414634146,-25516.35975609756,1.064115,,,,1.0,0.314308,normal_low,BOTH,0.039037,QUALIFIED
21423,0.645,14987.21802325581,-25937.67829457364,1.657952,,,,1.0,,no_data,S1_ONLY,0.096445,QUALIFIED
21476,0.314375,-33679.47614314115,-25839.01292246522,0.241081,-0.673318,2.33437,,1.0,0.204647,normal_low,BOTH,0.036304,QUALIFIED
21477,0.395625,-23281.22669826224,-25574.77646129542,0.875862,1.303219,1.184324,,1.0,0.30792,normal_low,BOTH,0.057747,QUALIFIED
21501,0.106875,-32721.40643274854,-25824.5,0.092434,-1.079348,1.635608,,1.0,0.237219,normal_low,BOTH,0.03765,QUALIFIED
21549,0.518125,-35669.61942098914,-25942.232207478883,0.870359,0.68038,1.10241,,1.0,0.207946,normal_low,BOTH,0.047511,QUALIFIED
21553,0.170625,97.4853479853482,-26350.873626373635,,,,,0.2967,0.174414,normal_low,BOTH,0.066777,QUALIFIED
21555,0.146875,15537.478723404252,-26150.56382978724,0.819559,,2.803828,,1.0,,no_data,S1_ONLY,0.056803,QUALIFIED
21568,0.175,16123.964285714284,-26260.57142857142,0.522841,,2.125698,,1.0,,no_data,S1_ONLY,0.073466,QUALIFIED
21651,1.220625,16555.081157194058,-26487.710445468503,0.82991,,,,1.0,,no_data,S1_ONLY,0.067276,QUALIFIED
21695,0.0825,15833.969696969696,-26468.060606060608,,,1.455943,,1.0,,no_data,S1_ONLY,0.059612,QUALIFIED
21704,0.48625,-33532.95501285347,-26371.415167095125,0.695179,,3.632653,,1.0,0.193777,normal_low,BOTH,0.037073,QUALIFIED
21791,0.139375,13272.706278026904,-26706.450672645733,,,,,1.0,,no_data,S1_ONLY,0.09035,QUALIFIED
21792,0.170625,15540.159340659338,-26601.42307692308,,,2.722256,,1.0,,no_data,S1_ONLY,0.065267,QUALIFIED
21810,0.108125,-22410.326589595374,-26590.395953757223,,,3.735863,,1.0,0.32418,normal_low,BOTH,0.046974,QUALIFIED
21846,0.60125,15072.706860706863,-26549.13617463618,1.788243,,3.00707,,1.0,,no_data,S1_ONLY,0.069513,QUALIFIED
21880,0.23375,-35753.77540106952,-26690.00802139037,0.924879,0.820051,0.591549,-1.96165,1.0,0.165386,normal_low,BOTH,0.042824,QUALIFIED
21897,0.081875,-30428.553435114503,-26975.645038167942,0.179178,-0.247525,0.417054,,1.0,0.27055,normal_low,BOTH,0.046491,QUALIFIED
21924,0.3125,-31733.6,-27268.550000000003,-0.558997,-0.465499,-0.365088,-1.200654,1.0,0.218366,normal_low,BOTH,0.033304,QUALIFIED
21937,0.48125,-26600.175324675325,-27189.82467532468,0.089226,,,,1.0,0.184837,normal_low,BOTH,0.048351,QUALIFIED
22013,0.221875,35230.06338028169,-27164.5,,0.95057,0.450652,,1.0,,no_data,S1_ONLY,0.051233,QUALIFIED
22023,0.39625,15719.216088328074,-27268.900630914824,0.596874,,0.650388,0.289326,1.0,,no_data,S1_ONLY,0.072051,QUALIFIED
22032,1.2525,-32252.57085828344,-27082.683632734523,-0.140426,-1.553876,0.318521,0.158073,1.0,0.225462,normal_low,BOTH,0.033813,QUALIFIED
22033,0.215625,-27146.876811594204,-27197.543478260865,-0.106557,,,,1.0,0.199015,normal_low,BOTH,0.042872,QUALIFIED
22123,1.258125,16656.392697466472,-27614.30377545952,0.918987,0.093639,2.1,,1.0,0.269288,normal_low,BOTH,0.082866,QUALIFIED
22150,0.345625,15396.74231464738,-27810.666365280296,1.326052,,,,1.0,0.199418,normal_low,S1_ONLY,0.075726,QUALIFIED
22156,0.286875,14690.67647058823,-27779.61982570807,2.101794,0.169692,,,1.0,,no_data,S1_ONLY,0.094412,QUALIFIED
22161,0.0975,-12650.820512820515,-27620.17307692308,-0.07678,-0.151381,-0.125761,0.147038,1.0,0.254139,normal_low,BOTH,0.040244,QUALIFIED
22164,0.8575,6780.039358600581,-27248.57069970845,,4.283442,,,1.0,,no_data,S1_ONLY,0.043835,QUALIFIED
22175,0.10375,-32128.81325301205,-27689.56024096385,-0.807796,-4.525663,-0.047027,-2.503318,1.0,0.184697,normal_low,BOTH,0.029673,QUALIFIED
22193,0.2075,-27816.840361445786,-27990.162650602404,,1.822392,0.947564,0.350775,1.0,0.181889,normal_low,BOTH,0.049567,QUALIFIED
22198,0.3725,-31144.0822147651,-27772.69630872483,-0.794473,-5.302562,0.687636,-3.926571,1.0,0.160799,normal_low,BOTH,0.036843,QUALIFIED
22215,0.32875,-31802.63878326996,-27907.48479087453,-0.85717,-3.092153,0.24651,-0.598974,1.0,0.179299,normal_low,BOTH,0.031929,QUALIFIED
22231,0.276875,15892.784424379235,-27841.48645598194,0.941915,,1.401743,,1.0,0.241408,normal_low,BOTH,0.07979,QUALIFIED
22234,0.105,-28299.904761904763,-27834.0238095238,-0.105344,0.126428,0.507594,0.496938,1.0,0.188575,normal_low,BOTH,0.051709,QUALIFIED
22258,0.275625,-34108.946712018136,-28125.12358276645,-0.116621,-2.453026,0.955482,-0.619673,1.0,0.230371,normal_low,BOTH,0.038638,QUALIFIED
22273,0.21375,-28746.333333333336,-27989.192982456138,0.04712,0.248937,0.541083,0.303145,1.0,0.148644,normal_low,BOTH,0.044773,QUALIFIED
22289,0.118125,-31531.58465608465,-28193.54761904762,-0.336775,0.479695,0.650307,-0.280887,1.0,0.166327,normal_low,BOTH,0.036271,QUALIFIED
22303,0.441875,-30173.8026874116,-28246.88330975955,0.141109,0.554832,0.598766,-0.370666,1.0,0.206696,normal_low,BOTH,0.042443,QUALIFIED
22319,0.356875,14977.126970227677,-27809.657618213663,2.15251,,,,1.0,0.231702,normal_low,S1_ONLY,0.089407,QUALIFIED
22351,0.360625,-30881.17590987869,-28217.30762564992,-0.072362,0.569052,0.639611,-0.175879,1.0,0.157506,normal_low,BOTH,0.066697,QUALIFIED
22355,0.239375,-1068.9725848563976,-28222.67232375979,0.029185,,-0.040038,0.447883,1.0,0.252729,normal_low,BOTH,0.04909,QUALIFIED
22360,0.415,-33977.8719879518,-28475.02710843373,0.056806,0.169395,0.845879,0.966857,1.0,0.306896,normal_low,BOTH,0.05169,QUALIFIED
22361,0.3425,-28334.25912408759,-28315.558394160587,0.831928,0.253543,0.315238,0.271433,1.0,0.194866,normal_low,BOTH,0.043561,QUALIFIED
22377,1.336875,-27408.237260402057,-28891.93805516596,0.863139,3.125792,0.468044,,1.0,0.195287,normal_low,BOTH,0.069244,QUALIFIED
22379,0.14625,-325.2863247863206,-28357.08547008547,0.552495,,0.223148,,0.9188,0.273615,normal_low,BOTH,0.054134,QUALIFIED
22383,0.105,-31840.67857142857,-28427.625,0.026266,0.347209,0.499712,0.139685,1.0,0.172219,normal_low,BOTH,0.03586,QUALIFIED
22384,0.603125,-29243.634715025903,-28421.46891191709,0.438095,-0.253775,0.04755,-0.046944,1.0,0.257918,normal_low,BOTH,0.045631,QUALIFIED
22402,0.124375,-31080.14824120603,-28564.19849246231,0.249421,0.279008,0.438446,0.849004,1.0,0.168004,normal_low,BOTH,0.05349,QUALIFIED
22403,0.14375,-30627.02173913044,-28568.413043478256,0.120061,0.126974,0.298554,0.960628,1.0,0.171202,normal_low,BOTH,0.06909,QUALIFIED
22409,0.08125,5399.884615384617,-28317.0,1.318216,0.273789,,,1.0,0.295717,normal_low,BOTH,0.083995,QUALIFIED
22421,0.425,22528.94852941176,-28042.367647058825,,,,,1.0,0.255107,normal_low,BOTH,0.06047,QUALIFIED
22442,0.121875,-31473.57692307692,-28555.39743589744,0.310505,0.008721,0.45563,0.785114,1.0,0.185945,normal_low,BOTH,0.040074,QUALIFIED
22443,0.27125,-27695.25806451613,-28368.163594470054,1.316804,,0.274227,,1.0,0.206556,normal_low,BOTH,0.047839,QUALIFIED
22491,0.355625,16997.962214411244,-28504.816344463965,1.127896,1.15,,,1.0,0.247237,normal_low,BOTH,0.107424,QUALIFIED
22493,0.31375,-32293.77689243028,-28762.14940239044,0.061241,0.129912,0.225358,0.098869,1.0,0.224698,normal_low,BOTH,0.033768,QUALIFIED
22495,0.70625,-2666.407079646022,-27909.45575221238,-0.947039,1.268685,1.121223,0.453979,1.0,0.612003,typical,BOTH,0.046862,QUALIFIED
22496,0.180625,5476.66262975779,-28596.039792387543,0.854667,-0.473127,,,1.0,0.263185,normal_low,BOTH,0.063395,QUALIFIED
22504,0.2,17493.015625,-28767.9375,0.852757,1.073265,,,1.0,0.232594,normal_low,BOTH,0.096384,QUALIFIED
22527,0.1125,15665.611111111117,-28724.22222222222,,,,,1.0,0.212342,normal_low,BOTH,0.092371,QUALIFIED
22529,0.554375,-33049.3726042841,-28948.59808342728,0.168668,1.005437,0.040523,0.369885,1.0,0.228149,normal_low,BOTH,0.036602,QUALIFIED
22532,0.1625,-28152.03846153846,-28783.73076923077,0.71371,,-0.060286,,1.0,0.213414,normal_low,BOTH,0.054555,QUALIFIED
22541,0.63375,-29613.049309664697,-28879.80078895464,-0.12,1.180109,-0.418429,2.777585,1.0,0.198143,normal_low,BOTH,0.047279,QUALIFIED
22546,0.14375,16017.65217391304,-28697.0,0.008353,0.150927,,,1.0,0.239897,normal_low,BOTH,0.084811,QUALIFIED
22547,0.468125,16350.668224299065,-28604.03938584779,0.562259,0.837795,,,1.0,0.260062,normal_low,BOTH,0.097626,QUALIFIED
22566,0.135625,16770.8133640553,-28885.559907834104,0.812449,0.633028,,,1.0,0.29585,normal_low,BOTH,0.151741,QUALIFIED
22606,0.146875,22992.37234042553,-29084.712765957447,,,,,1.0,0.249467,normal_low,BOTH,0.041741,QUALIFIED
22625,0.234375,28183.03333333333,-28801.966666666674,0.722291,,,,1.0,,no_data,S1_ONLY,0.04733,QUALIFIED
22646,0.351875,-28797.52486678508,-29157.27087033748,-0.193766,1.953525,-0.869845,3.498788,1.0,0.171319,normal_low,BOTH,0.052577,QUALIFIED
22702,0.184375,12750.09322033899,-28920.60169491525,,,,,1.0,0.230999,normal_low,BOTH,0.109811,QUALIFIED
22739,0.10875,-25388.14367816092,-29260.706896551725,,,,,1.0,0.158483,normal_low,BOTH,0.08217,QUALIFIED
22752,0.156875,-12649.205179282872,-29173.90239043825,-0.021312,-1.194605,0.242284,0.949412,1.0,0.251716,normal_low,BOTH,0.084118,QUALIFIED
22756,0.17375,17428.546762589925,-29261.730215827338,,,,,1.0,0.219041,normal_low,BOTH,0.096588,QUALIFIED
22792,1.1275,-21819.25,-28893.05598669623,,,,,1.0,0.219657,normal_low,BOTH,0.080437,QUALIFIED
22826,0.12125,16758.262886597935,-29489.577319587625,0.661889,,,,1.0,0.245876,normal_low,BOTH,0.109306,QUALIFIED
22843,0.17125,-5306.430656934303,-29760.175182481747,,,,,1.0,0.231096,normal_low,BOTH,0.058006,QUALIFIED
22854,1.085,4138.32488479263,-29407.190092165896,-0.393443,,-0.493056,,1.0,0.240441,normal_low,BOTH,0.062621,QUALIFIED
22876,0.5475,-13886.601598173516,-29926.26940639269,0.210274,0.154674,0.283815,-0.290704,1.0,0.290599,normal_low,BOTH,0.098854,QUALIFIED
22892,0.083125,4528.071428571428,-29601.37969924812,0.304183,,,,1.0,0.217857,normal_low,BOTH,0.049916,QUALIFIED
22927,0.251875,13824.127791563276,-30008.37096774194,1.033374,,,,1.0,0.219732,normal_low,BOTH,0.071067,QUALIFIED
22956,0.564375,-11650.721483942412,-30283.414728682168,0.607428,0.207663,-0.145127,,1.0,0.214725,normal_low,BOTH,0.089747,QUALIFIED
22962,0.319375,-33371.243639921726,-30177.92465753424,,,,,1.0,0.216923,normal_low,BOTH,0.039386,QUALIFIED
23035,0.41,16227.167682926824,-29904.949695121963,0.571082,-0.078947,1.84052,,1.0,0.245983,normal_low,BOTH,0.095535,QUALIFIED
23070,0.518125,-28156.04885404101,-29945.0066344994,,,,,1.0,0.138844,normal_low,BOTH,0.072335,QUALIFIED
23080,0.820625,-9957.678217821784,-30435.48629093678,0.792968,-0.036387,0.112225,0.090526,1.0,0.173801,normal_low,BOTH,0.084975,QUALIFIED
23093,0.795,-26696.66745283019,-30320.431603773584,,,,,1.0,0.206973,normal_low,BOTH,0.075544,QUALIFIED
23145,0.1425,-27084.27192982456,-30619.236842105267,1.002576,0.87056,0.14039,0.390075,1.0,0.237556,normal_low,BOTH,0.112938,QUALIFIED
23149,0.19375,-6904.693548387098,-30753.612903225803,1.020234,,2.100075,,1.0,0.225396,normal_low,BOTH,0.090047,QUALIFIED
23262,2.11375,-9431.354523950322,-31225.10615020698,0.514582,-1.57762,0.702236,,1.0,0.180211,normal_low,BOTH,0.078926,QUALIFIED
23316,0.1475,14718.885593220344,-31175.45338983051,,,,,1.0,0.241162,normal_low,BOTH,0.101678,QUALIFIED
23321,0.455625,-2904.5123456790097,-31166.78395061729,0.448268,0.189699,0.910664,,1.0,0.200508,normal_low,BOTH,0.047035,QUALIFIED
23327,0.101875,-8283.015337423312,-31164.99079754601,0.420286,,,,1.0,0.231939,normal_low,BOTH,0.068681,QUALIFIED
23395,2.878125,-1160.9234527687297,-31108.457654723126,0.549436,,1.817303,,0.985,0.243676,normal_low,BOTH,0.051243,QUALIFIED
23415,0.275625,-8651.577097505666,-31303.41156462585,0.429691,,,,1.0,0.210681,normal_low,BOTH,0.075994,QUALIFIED
23455,0.151875,-6376.323045267491,-31575.32304526749,0.469953,,,,1.0,0.2047,normal_low,BOTH,0.085114,QUALIFIED
23522,0.124375,1850.253768844217,-32147.615577889446,1.223908,,,,1.0,,no_data,S1_ONLY,0.055484,QUALIFIED
23583,0.210625,-8820.232937685461,-32109.663204747776,0.683175,,,,1.0,0.153775,normal_low,BOTH,0.076012,QUALIFIED
23610,0.10125,-23183.21604938272,-32143.944444444453,,,,,1.0,0.230907,normal_low,BOTH,0.063877,QUALIFIED
23614,0.2575,1346.2839805825206,-32132.995145631063,0.890727,,,,1.0,,no_data,S1_ONLY,0.061193,QUALIFIED
23627,0.746875,2509.792887029289,-32081.90585774058,0.947182,,,,1.0,0.265149,normal_low,S1_ONLY,0.04779,QUALIFIED
23628,0.1375,17038.250000000007,-32324.84090909091,1.675339,0.594356,,,1.0,0.295356,normal_low,BOTH,0.123187,QUALIFIED
23663,2.9075,-6820.55051590714,-31772.742691315565,0.744689,,,,1.0,0.206175,normal_low,BOTH,0.090466,QUALIFIED
23664,0.638125,-1053.4872673849168,-32436.179725759062,-0.929861,0.202818,1.109067,,1.0,,no_data,S1_ONLY,0.066231,QUALIFIED
23778,0.081875,-1434.2786259541972,-32967.82061068702,,0.009378,0.776345,-0.192787,1.0,,no_data,S1_ONLY,0.078809,QUALIFIED
23904,0.095625,-228.2777777777737,-33230.7091503268,,,,,0.7712,,no_data,S1_ONLY,0.063241,QUALIFIED
23911,0.19125,-6543.718954248368,-33403.01307189543,,,,,1.0,,no_data,S1_ONLY,0.08524,QUALIFIED
23915,0.080625,-315.8100775193816,-33492.523255813954,,1.156237,,,1.0,,no_data,S1_ONLY,0.069659,QUALIFIED
23960,0.15875,8656.586614173226,-33657.86614173227,,,,,1.0,0.206737,normal_low,BOTH,0.03152,QUALIFIED
24000,0.0875,7868.071428571435,-33814.857142857145,,,,,1.0,0.219251,normal_low,BOTH,0.046397,QUALIFIED
24017,1.31125,9405.493803622492,-34012.98903717825,,,,,1.0,0.239513,normal_low,BOTH,0.039254,QUALIFIED
24032,0.91,-26714.01304945055,-34188.03021978022,0.181684,-0.888592,1.190404,,1.0,0.190521,normal_low,BOTH,0.071869,QUALIFIED
24038,0.310625,21211.170020120728,-33993.061368209266,,,1.224125,,1.0,,no_data,S1_ONLY,0.039064,QUALIFIED
24045,0.1275,6826.950980392154,-33885.03921568628,,,,,1.0,0.28569,normal_low,BOTH,0.04938,QUALIFIED
24063,0.53375,8365.249414519902,-33774.90983606556,,,,,1.0,0.225613,normal_low,BOTH,0.040677,QUALIFIED
24069,0.08125,-10613.769230769234,-34137.769230769234,0.49218,0.505626,0.211878,-1.22075,1.0,0.394327,normal_low,BOTH,0.108343,QUALIFIED
24086,0.106875,-2692.1666666666715,-34071.72222222222,1.284726,0.013197,0.794463,1.797176,1.0,,no_data,S1_ONLY,0.035828,QUALIFIED
24096,0.096875,10287.080645161288,-34285.14516129032,,,3.336595,,1.0,0.210307,normal_low,BOTH,0.041149,QUALIFIED
24102,0.1125,-5725.916666666664,-34166.30555555556,,0.562312,,,1.0,,no_data,S1_ONLY,0.156026,QUALIFIED
24116,0.930625,6328.445601074542,-34070.75587642714,,,,,1.0,0.229568,normal_low,BOTH,0.060064,QUALIFIED
24117,0.093125,7995.640939597317,-34159.90268456376,,,,,1.0,0.255132,normal_low,BOTH,0.043195,QUALIFIED
24118,0.2325,-27149.827956989247,-34450.30645161291,-0.388037,0.27668,0.733532,0.905818,1.0,0.214414,normal_low,BOTH,0.095503,QUALIFIED
24132,0.349375,7128.927549194988,-34295.29606440071,,,,,1.0,0.275893,normal_low,BOTH,0.064668,QUALIFIED
24134,0.36375,-28557.759450171823,-33973.812714776635,0.92404,,,,1.0,0.217146,normal_low,BOTH,0.090484,QUALIFIED
24164,0.359375,-2818.5869565217363,-34591.41304347826,0.486417,0.112564,0.726408,0.120231,1.0,,no_data,S1_ONLY,0.048175,QUALIFIED
24165,0.220625,-24806.024079320112,-34470.17988668555,-0.227152,0.297419,0.732249,0.717582,1.0,0.166119,normal_low,BOTH,0.066633,QUALIFIED
24213,0.71875,-25794.78260869565,-34345.19565217392,-0.23846,0.186296,0.473057,0.327148,1.0,0.182151,normal_low,BOTH,0.068125,QUALIFIED
24214,0.104375,-25852.59580838324,-34626.59580838322,-0.4027,0.357472,0.664047,0.648706,1.0,0.161975,normal_low,BOTH,0.079262,QUALIFIED
24219,0.31625,8300.833992094864,-34573.56126482214,-0.401372,,0.851951,,1.0,0.251073,normal_low,BOTH,0.06751,QUALIFIED
24223,0.136875,-3100.271689497713,-34693.33561643836,-0.172638,0.451786,0.930472,-0.297006,1.0,,no_data,S1_ONLY,0.042037,QUALIFIED
24224,0.486875,5690.129011553276,-35054.57060333762,,,1.470467,,1.0,0.196161,normal_low,BOTH,0.054909,QUALIFIED
24238,0.079375,-3340.8543307086657,-34636.31102362204,-0.851782,0.703019,1.132432,-0.395191,1.0,,no_data,S1_ONLY,0.048119,QUALIFIED
24245,0.22375,5678.061452513968,-34457.460893854746,,,,,1.0,0.185136,normal_low,BOTH,0.056648,QUALIFIED
24246,0.235625,10323.969496021222,-34739.75198938993,,,1.185484,,1.0,0.267116,normal_low,BOTH,0.032201,QUALIFIED
24269,0.155,-24877.516129032258,-34841.53629032259,,-0.243613,1.758323,,1.0,0.155938,normal_low,BOTH,0.069201,QUALIFIED
24275,0.110625,-3764.906779661018,-34914.471751412435,-0.1199,0.817317,2.835881,,1.0,,no_data,S1_ONLY,0.04126,QUALIFIED
24279,0.535,10708.758177570096,-34857.443925233645,,,2.178404,,1.0,0.242137,normal_low,BOTH,0.038186,QUALIFIED
24281,0.08375,-24692.4776119403,-34824.5,,,2.60279,,1.0,0.168915,normal_low,BOTH,0.068151,QUALIFIED
24289,0.280625,7053.731625835186,-34846.270601336306,,,1.206709,,1.0,0.299718,normal_low,BOTH,0.063818,QUALIFIED
24294,0.54,-24271.82523148148,-35367.179398148146,,0.224704,,,1.0,0.162444,normal_low,BOTH,0.076557,QUALIFIED
24305,0.214375,9774.281341107868,-34605.84110787172,,,0.332057,,1.0,0.262563,normal_low,BOTH,0.03321,QUALIFIED
24311,0.1,-26494.25,-34780.125,,,1.703494,,1.0,0.1704,normal_low,BOTH,0.097786,QUALIFIED
24312,0.9575,7730.031984334208,-34883.883159268924,,,3.383665,,1.0,0.263425,normal_low,BOTH,0.061518,QUALIFIED
24313,0.124375,9515.07788944724,-34862.31407035176,,,2.857587,,1.0,0.243054,normal_low,BOTH,0.038054,QUALIFIED
24316,0.14125,-25752.82300884956,-35004.58849557521,,,5.108383,,1.0,0.163302,normal_low,BOTH,0.099746,QUALIFIED
24325,0.334375,-681.6214953271046,-35117.58411214953,,,0.609645,-1.54534,1.0,0.164443,normal_low,BOTH,0.043844,QUALIFIED
24330,0.11875,26522.65789473684,-35076.21052631579,,,,,1.0,0.170866,normal_low,BOTH,0.048286,QUALIFIED
24337,0.459375,-10246.214285714284,-34781.6768707483,0.092166,-0.001804,0.106937,0.220496,1.0,0.292071,normal_low,BOTH,0.098666,QUALIFIED
24340,0.43875,5039.70655270655,-34716.05982905983,,,1.202354,,1.0,0.191707,normal_low,BOTH,0.041442,QUALIFIED
24343,0.245625,-4581.034351145034,-35042.756997455464,,,3.051037,,1.0,,no_data,S1_ONLY,0.053697,QUALIFIED
24365,0.339375,-25096.264272559853,-35071.921731123395,,-0.168613,3.819218,,1.0,0.154029,normal_low,BOTH,0.081349,QUALIFIED
24367,0.088125,-3848.372340425536,-35200.56382978724,-0.11882,,0.828607,,1.0,,no_data,S1_ONLY,0.043657,QUALIFIED
24372,0.3,-27017.010416666668,-35125.85416666667,,,,,1.0,0.25211,normal_low,BOTH,0.096826,QUALIFIED
24419,0.29125,5134.8540772532215,-35471.38841201717,,,,,1.0,0.217325,normal_low,BOTH,0.046193,QUALIFIED
24422,0.285625,-21281.24398249453,-35252.78227571116,,0.994298,,,1.0,0.236293,normal_low,BOTH,0.075154,QUALIFIED
24449,0.74875,-25895.616861435727,-35299.353923205344,,0.180623,4.432272,,1.0,0.21644,normal_low,BOTH,0.092257,QUALIFIED
24452,0.53,8620.018867924533,-34893.78066037735,,,1.987602,,1.0,0.219331,normal_low,BOTH,0.060093,QUALIFIED
24468,0.19625,10242.891719745225,-35349.4203821656,,,,,1.0,,no_data,S1_ONLY,0.044363,QUALIFIED
24472,0.09625,-2627.123376623378,-35655.344155844155,,,0.584334,1.181287,1.0,,no_data,S1_ONLY,0.038517,QUALIFIED
24475,0.0875,-2316.0357142857174,-35609.5,,,0.66595,0.860887,1.0,0.13968,normal_low,S1_ONLY,0.043999,QUALIFIED
24486,0.0825,6796.659090909088,-35511.621212121216,,,,,1.0,0.255972,normal_low,BOTH,0.062568,QUALIFIED
24487,0.2275,8783.909340659338,-35387.206043956045,,,,,1.0,0.239257,normal_low,BOTH,0.04503,QUALIFIED
24488,0.48875,9273.157289002564,-35223.34910485933,,,,,1.0,0.238805,normal_low,BOTH,0.041825,QUALIFIED
24489,0.563125,11331.82519422863,-35170.72641509434,,,,,1.0,,no_data,S1_ONLY,0.039738,QUALIFIED
24497,0.080625,7808.220930232565,-35487.678294573634,,,,,1.0,0.265847,normal_low,BOTH,0.069251,QUALIFIED
24503,1.0625,-3621.455882352937,-35513.5294117647,-0.9875,,0.854179,,1.0,,no_data,S1_ONLY,0.048022,QUALIFIED
24521,0.10125,-27030.28395061728,-35757.83333333334,,1.008882,,,1.0,0.181677,normal_low,BOTH,0.095145,QUALIFIED
24525,0.775,4475.608870967742,-34958.89516129032,,,1.973345,,1.0,0.219949,normal_low,BOTH,0.039111,QUALIFIED
24527,0.418125,-27397.09940209268,-35540.12032884902,,1.088619,,,1.0,0.238933,normal_low,BOTH,0.144371,QUALIFIED
24529,0.1175,-2900.7659574468125,-35834.207446808505,-1.832523,-0.888783,0.269375,2.274342,1.0,,no_data,S1_ONLY,0.035067,QUALIFIED
24530,0.34875,7150.306451612902,-35578.5770609319,,,,,1.0,0.283847,normal_low,BOTH,0.068024,QUALIFIED
24537,0.339375,10987.207182320446,-35647.059852670354,,,,,1.0,,no_data,S1_ONLY,0.041454,QUALIFIED
24546,0.166875,24977.02808988764,-35893.32022471911,,,,,1.0,0.210518,normal_low,BOTH,0.051784,QUALIFIED
24547,0.219375,-23245.514245014245,-35733.18945868946,,0.06804,,,1.0,0.18355,normal_low,BOTH,0.06924,QUALIFIED
24556,0.094375,935.427152317876,-35693.04304635762,0.736141,,,,1.0,0.382542,normal_low,BOTH,0.034955,QUALIFIED
24558,0.175,-25406.39285714285,-35789.678571428565,,0.419966,,,1.0,0.161099,normal_low,BOTH,0.111383,QUALIFIED
24560,0.214375,24384.2667638484,-35916.62827988337,,,,,1.0,0.216152,normal_low,BOTH,0.037938,QUALIFIED
24569,0.33875,8120.4409594096,-35804.06642066421,2.438333,,,,1.0,0.279928,normal_low,BOTH,0.06377,QUALIFIED
24578,0.156875,-994.2250996015936,-35809.85856573706,-0.091652,0.128669,0.606435,,1.0,0.279252,normal_low,BOTH,0.054967,QUALIFIED
24579,0.16125,6818.007751937992,-36021.3992248062,,,,,1.0,0.292676,normal_low,BOTH,0.068654,QUALIFIED
24584,0.284375,-26554.84065934065,-35861.58791208791,,0.833725,,,1.0,0.18163,normal_low,BOTH,0.08928,QUALIFIED
24587,0.45375,8789.169421487597,-36008.900826446275,1.167426,,,,1.0,0.259094,normal_low,BOTH,0.048759,QUALIFIED
24603,0.0875,-2588.892857142855,-36014.5,-0.497844,-0.73991,0.076275,1.597312,1.0,0.201372,normal_low,BOTH,0.047974,QUALIFIED
24608,0.109375,-24802.64285714286,-35982.928571428565,,-0.17843,,,1.0,0.181924,normal_low,BOTH,0.082933,QUALIFIED
24627,0.541875,10122.885236447515,-35584.64994232987,,,,,1.0,0.24319,normal_low,S1_ONLY,0.050195,QUALIFIED
24628,0.115,12336.72826086956,-36085.233695652176,-0.178977,,0.726017,0.860487,1.0,,no_data,S1_ONLY,0.09531,QUALIFIED
24643,0.594375,9463.143533123024,-35942.034174553104,0.299735,,,,1.0,0.199116,normal_low,S1_ONLY,0.053064,QUALIFIED
24653,0.605625,3613.560887512896,-35729.2987616099,,,,,1.0,0.22252,normal_low,BOTH,0.047551,QUALIFIED
24664,0.373125,-26056.65577889448,-36311.64405360134,,0.69657,2.72766,,1.0,0.163889,normal_low,BOTH,0.090581,QUALIFIED
24678,0.180625,6189.465397923879,-36354.08477508651,1.15312,,,,1.0,0.215872,normal_low,BOTH,0.076704,QUALIFIED
24679,0.22125,12106.491525423737,-36485.16384180791,,,,,1.0,,no_data,S1_ONLY,0.047332,QUALIFIED
24682,0.09625,-20660.889610389608,-36116.22077922078,,,,,1.0,0.238994,normal_low,BOTH,0.069788,QUALIFIED
24689,0.148125,12431.778481012654,-36465.85021097046,,,,,1.0,,no_data,S1_ONLY,0.047934,QUALIFIED
24699,0.09625,21619.954545454544,-36365.57142857144,,,,,1.0,0.224158,normal_low,BOTH,0.042838,QUALIFIED
24706,0.355,11706.190140845072,-36318.47007042254,0.672316,,0.688343,,1.0,,no_data,S1_ONLY,0.043237,QUALIFIED
24711,0.780625,10705.744995996793,-36232.38630904725,0.383326,,,,1.0,,no_data,S1_ONLY,0.053108,QUALIFIED
24716,0.676875,23940.474145891043,-36237.24238227148,,,,,1.0,0.212945,normal_low,BOTH,0.047577,QUALIFIED
24725,0.290625,5685.252688172048,-36293.47849462366,0.573985,1.831216,,,1.0,0.209542,normal_low,BOTH,0.06606,QUALIFIED
24726,0.28875,13479.370129870127,-36666.87012987013,,,,,1.0,,no_data,S1_ONLY,0.048202,QUALIFIED
24742,0.560625,5020.124303233002,-36131.4397993311,0.199595,0.338129,,,1.0,0.221427,normal_low,BOTH,0.06116,QUALIFIED
24744,0.105,8060.21428571429,-36373.01190476191,1.091236,,-0.550873,-3.412249,1.0,0.320807,normal_low,BOTH,0.047653,QUALIFIED
24745,0.23125,9874.837837837831,-36445.37837837839,0.854746,,,,1.0,,no_data,S1_ONLY,0.057871,QUALIFIED
24747,0.0875,26298.78571428571,-36484.142857142855,,,,,1.0,0.153515,normal_low,BOTH,0.057165,QUALIFIED
24753,0.1175,6525.962765957447,-36334.60638297872,1.229348,,,,1.0,0.235618,normal_low,BOTH,0.075681,QUALIFIED
24754,0.531875,12925.146298472384,-36485.16392479435,,,,,1.0,,no_data,S1_ONLY,0.049164,QUALIFIED
24756,0.29625,18301.29324894515,-36312.9493670886,,,,,1.0,,no_data,S1_ONLY,0.042515,QUALIFIED
24758,0.50125,-332.170822942644,-36603.365336658346,0.881689,0.320024,-1.03599,-0.044444,0.8254,0.186654,normal_low,BOTH,0.061212,QUALIFIED
24761,0.981875,-24401.948122215148,-36374.5,,,1.553068,,1.0,0.162089,normal_low,BOTH,0.098264,QUALIFIED
24763,0.328125,-2509.3095238095266,-36476.59523809524,1.189935,0.134837,-1.293325,-0.257192,1.0,0.243498,normal_low,BOTH,0.042783,QUALIFIED
24765,0.755625,7462.899503722088,-36322.32878411911,1.112331,,,,1.0,0.313262,normal_low,BOTH,0.077063,QUALIFIED
24779,0.798125,-1260.3277212216126,-36525.30266249021,0.840793,0.349378,-1.892675,-0.170986,1.0,0.209775,normal_low,BOTH,0.051896,QUALIFIED
24783,0.083125,-24410.274436090225,-36705.8909774436,,,,,1.0,0.141792,normal_low,BOTH,0.094095,QUALIFIED
24788,0.12875,11309.20873786408,-36478.14077669903,,,,,1.0,,no_data,S1_ONLY,0.050305,QUALIFIED
24794,0.37375,3732.484949832775,-36708.739130434784,0.588125,,,,1.0,0.268978,normal_low,BOTH,0.067312,QUALIFIED
24796,0.3825,21175.80718954248,-36326.62418300654,,,,,1.0,0.17942,normal_low,BOTH,0.041497,QUALIFIED
24802,0.25125,-21384.7039800995,-36813.74129353234,,,1.034752,,1.0,0.217741,normal_low,BOTH,0.072575,QUALIFIED
24813,0.275,24813.64772727272,-36531.545454545456,,,,,1.0,0.172684,normal_low,BOTH,0.056427,QUALIFIED
24823,0.18,10460.524305555557,-36818.25,,,,,1.0,,no_data,S1_ONLY,0.066743,QUALIFIED
24838,0.294375,10985.646496815289,-37111.70806794055,,,,,1.0,,no_data,S1_ONLY,0.072133,QUALIFIED
24844,0.2275,-1309.2912087912118,-37170.79120879121,-1.107306,-0.288177,0.492354,0.166196,1.0,0.185429,normal_low,BOTH,0.048525,QUALIFIED
24845,0.175625,68.27224199288321,-37043.89501779359,,,,,0.4875,0.188384,normal_low,BOTH,0.063675,QUALIFIED
24859,0.746875,4840.294979079496,-37142.805439330536,1.611504,,0.570966,,1.0,0.269389,normal_low,BOTH,0.063421,QUALIFIED
24875,0.119375,6341.253926701575,-36870.3115183246,2.367001,,,,1.0,0.195487,normal_low,BOTH,0.085622,QUALIFIED
24878,0.20375,12513.61042944785,-36914.68404907976,,,,,1.0,,no_data,S1_ONLY,0.047772,QUALIFIED
24883,0.129375,-23071.997584541063,-36824.016908212565,,,0.901869,,1.0,0.179517,normal_low,BOTH,0.097006,QUALIFIED
24886,0.0925,20407.439189189183,-36976.86486486487,0.753142,,,,1.0,,no_data,S1_ONLY,0.051425,QUALIFIED
24890,0.335,7861.95335820895,-36926.7854477612,2.839577,,,,1.0,0.382246,normal_low,BOTH,0.05566,QUALIFIED
24892,0.248125,11336.149874055409,-36900.57052896725,,,,,1.0,,no_data,S1_ONLY,0.063601,QUALIFIED
24914,0.235,4167.917553191488,-37135.33776595745,1.629177,,,,1.0,0.318145,normal_low,BOTH,0.06789,QUALIFIED
24915,0.29125,8443.008583690986,-37171.656652360514,,,,,1.0,,no_data,S1_ONLY,0.056428,QUALIFIED
24936,0.55375,-24573.468397291195,-37220.831828442446,,,1.091692,,1.0,0.162967,normal_low,BOTH,0.091167,QUALIFIED
24940,0.90625,12433.896551724138,-37490.77586206896,,,,,1.0,,no_data,S1_ONLY,0.044527,QUALIFIED
24943,0.41,-24013.19054878049,-37378.692073170736,0.232213,,1.432523,,1.0,0.167008,normal_low,BOTH,0.08998,QUALIFIED
24951,0.45375,6574.086776859505,-37083.5564738292,,,,,1.0,0.229293,normal_low,BOTH,0.090258,QUALIFIED
24963,0.105625,5831.896449704138,-37370.2100591716,,,,,1.0,0.185735,normal_low,BOTH,0.085562,QUALIFIED
24967,0.09625,-21342.05844155844,-37365.08441558442,,,4.314096,,1.0,0.207065,normal_low,BOTH,0.074011,QUALIFIED
24969,0.18375,6179.517006802722,-37204.3469387755,,,,,1.0,0.193556,normal_low,BOTH,0.082461,QUALIFIED
24974,0.581875,5679.655746509132,-36915.23576799141,2.070327,,,,1.0,0.213516,normal_low,BOTH,0.076041,QUALIFIED
24978,0.275625,-682.8696145124704,-37294.68140589568,,,0.105802,,1.0,0.163663,normal_low,BOTH,0.060693,QUALIFIED
24990,1.1175,7428.037472035794,-37825.04530201343,,,,,1.0,0.360426,normal_low,S1_ONLY,0.066018,QUALIFIED
24995,0.20375,13390.450920245392,-37415.987730061344,,,,,1.0,,no_data,S1_ONLY,0.03028,QUALIFIED
25006,0.303125,12880.376288659798,-37228.36597938144,,,,,1.0,,no_data,S1_ONLY,0.037512,QUALIFIED
25016,0.1225,-1557.770408163262,-37532.2806122449,0.854167,-0.873394,0.467398,-0.824295,1.0,0.173035,normal_low,BOTH,0.053424,QUALIFIED
25018,0.728125,10365.40128755365,-37201.98927038626,,,,,1.0,,no_data,S1_ONLY,0.071009,QUALIFIED
25024,0.10375,4338.9578313253005,-37512.30120481928,,,1.871848,,1.0,0.243887,normal_low,BOTH,0.064762,QUALIFIED
25025,0.4025,5341.464285714283,-37716.19254658386,,,,,1.0,0.21223,normal_low,BOTH,0.068049,QUALIFIED
25026,0.1775,11237.968309859149,-37704.69366197183,0.193989,,,,1.0,,no_data,S1_ONLY,0.076695,QUALIFIED
25033,0.445625,-2012.386395511916,-37501.56872370267,0.462229,-0.218528,0.149073,0.472149,1.0,0.215886,normal_low,BOTH,0.050344,QUALIFIED
25036,0.34375,11693.090909090904,-37460.5,0.906962,,,,1.0,,no_data,S1_ONLY,0.064067,QUALIFIED
25044,0.21875,-453.57142857142753,-37684.357142857145,,,0.763987,,1.0,0.16338,normal_low,BOTH,0.067622,QUALIFIED
25046,1.001875,9088.504990642548,-37290.56363069246,,,,,1.0,,no_data,S1_ONLY,0.075561,QUALIFIED
25052,0.208125,-1029.328828828831,-37640.04054054055,,,0.655134,,1.0,0.19921,normal_low,BOTH,0.075628,QUALIFIED
25055,0.1,-24416.28125,-37771.0625,1.376085,,,,1.0,0.211242,normal_low,BOTH,0.095525,QUALIFIED
25056,1.763125,-21459.17600141793,-37703.71836228288,,,,,1.0,0.202174,normal_low,BOTH,0.083815,QUALIFIED
25071,0.095625,-23264.5522875817,-37742.96405228759,1.620074,,,,1.0,0.189309,normal_low,BOTH,0.102124,QUALIFIED
25072,0.08,4854.3828125,-37704.1875,,,,,1.0,0.236842,normal_low,BOTH,0.067095,QUALIFIED
25076,0.23625,20195.531746031746,-37706.708994709,,,,,1.0,0.208378,normal_low,BOTH,0.05523,QUALIFIED
25082,0.11375,4834.939560439561,-37943.5934065934,,,,,1.0,0.201567,normal_low,BOTH,0.072737,QUALIFIED
25083,0.380625,6962.882594417075,-37329.63136288998,,,,,1.0,0.248276,normal_low,BOTH,0.06383,QUALIFIED
25100,0.824375,13842.942001516303,-38201.43328278999,,,,,1.0,,no_data,S1_ONLY,0.038109,QUALIFIED
25105,0.400625,6230.194227769105,-38038.15054602183,,,,,1.0,0.184569,normal_low,BOTH,0.058316,QUALIFIED
25116,0.23375,8323.163101604281,-37857.38770053476,,,,,1.0,,no_data,S1_ONLY,0.074683,QUALIFIED
25117,0.404375,9847.606646058724,-37581.8802163833,,,,,1.0,,no_data,S1_ONLY,0.077809,QUALIFIED
25118,0.233125,13520.478552278822,-37853.4544235925,,,,,1.0,,no_data,S1_ONLY,0.032912,QUALIFIED
25137,0.395625,5703.370458135862,-38044.918641390206,,,,,1.0,0.225266,normal_low,BOTH,0.067313,QUALIFIED
25141,0.20875,9957.508982035928,-38153.017964071856,,,,2.624773,1.0,,no_data,S1_ONLY,0.094031,QUALIFIED
25153,0.155625,-21301.102409638555,-38062.95381526103,1.438596,,,,1.0,0.202845,normal_low,BOTH,0.090147,QUALIFIED
25163,0.235,9540.1914893617,-37905.284574468096,,,,,1.0,,no_data,S1_ONLY,0.075058,QUALIFIED
25166,0.27,12327.567129629628,-37945.043981481474,,,,,1.0,,no_data,S1_ONLY,0.037388,QUALIFIED
25168,0.363125,470.0249569707376,-38301.22117039586,-0.080275,,3.441009,,0.8744,0.19133,normal_low,BOTH,0.045146,QUALIFIED
25180,1.01125,3877.636588380716,-37890.89369592088,-0.237979,,,,1.0,0.247851,normal_low,BOTH,0.072041,QUALIFIED
25181,0.098125,8121.792993630574,-38135.487261146496,,,,,1.0,,no_data,S1_ONLY,0.074412,QUALIFIED
25194,0.15375,13098.382113821142,-38291.87804878049,,,,,1.0,,no_data,S1_ONLY,0.030036,QUALIFIED
25202,1.45,11149.392241379312,-38258.95043103449,,,,,1.0,,no_data,S1_ONLY,0.069792,QUALIFIED
25204,0.71375,-22679.76882661997,-38293.69877408056,1.567098,,,,1.0,0.185209,normal_low,BOTH,0.094257,QUALIFIED
25205,0.191875,-20074.35993485342,-38167.82247557002,,,,-1.158215,1.0,0.234512,normal_low,BOTH,0.071494,QUALIFIED
25211,0.431875,6706.301736613605,-38122.43777134588,,,,,1.0,0.180659,normal_low,S1_ONLY,0.061586,QUALIFIED
25250,0.195625,4784.883386581467,-38387.35942492013,,,,,1.0,0.192163,normal_low,BOTH,0.073623,QUALIFIED
25264,0.245,7626.923469387759,-38696.94897959184,,,,,1.0,,no_data,S1_ONLY,0.061031,QUALIFIED
25276,0.1575,12165.571428571437,-38335.21428571429,,,,,1.0,,no_data,S1_ONLY,0.028903,QUALIFIED
25297,0.329375,4480.145161290326,-38636.64421252372,,,,,1.0,0.214788,normal_low,BOTH,0.072441,QUALIFIED
25298,0.489375,5304.768199233717,-38676.671136653895,,,,,1.0,0.213252,normal_low,BOTH,0.058561,QUALIFIED
25311,0.221875,-19870.00704225352,-38861.47183098592,,,,,1.0,0.192684,normal_low,BOTH,0.066153,QUALIFIED
25321,0.16375,7042.248091603047,-38796.923664122136,,,,,1.0,,no_data,S1_ONLY,0.070951,QUALIFIED
25322,0.706875,8939.707780725017,-38546.073828470384,,,,,1.0,,no_data,S1_ONLY,0.077711,QUALIFIED
25323,0.123125,11169.80456852792,-38766.251269035536,,,,,1.0,,no_data,S1_ONLY,0.070345,QUALIFIED
25336,0.609375,-20621.166666666668,-38881.32051282052,,,0.381329,,1.0,0.183884,normal_low,BOTH,0.078987,QUALIFIED
25349,0.48625,6334.975578406171,-38835.93958868896,,,,,1.0,,no_data,S1_ONLY,0.054386,QUALIFIED
25358,0.225,4828.944444444445,-39116.375,,,,,1.0,0.213319,normal_low,BOTH,0.055424,QUALIFIED
25359,0.18,10288.99652777778,-38912.60763888889,,,,,1.0,,no_data,S1_ONLY,0.084539,QUALIFIED
25372,0.094375,-22834.274834437085,-38866.552980132445,,0.796743,0.802181,1.54,1.0,0.254833,normal_low,BOTH,0.096272,QUALIFIED
25377,0.3375,5830.101851851847,-38963.66666666667,,,,,1.0,,no_data,S1_ONLY,0.058014,QUALIFIED
25384,0.1125,8708.527777777781,-39249.63888888889,,,,,1.0,,no_data,S1_ONLY,0.086596,QUALIFIED
25389,0.3225,6662.920542635664,-39320.43023255814,,,,,1.0,,no_data,S1_ONLY,0.060388,QUALIFIED
25394,0.125625,7860.445273631842,-39063.30597014926,,,,,1.0,,no_data,S1_ONLY,0.066166,QUALIFIED
25399,0.079375,-380.0275590551173,-39291.625984251965,,,,,1.0,0.220462,normal_low,BOTH,0.072056,QUALIFIED
25401,0.236875,7319.091029023752,-39110.12005277045,,,,,1.0,,no_data,S1_ONLY,0.071842,QUALIFIED
25411,0.543125,12711.49654775604,-38815.81185270425,,,,,1.0,,no_data,S1_ONLY,0.035199,QUALIFIED
25417,0.14375,-19323.217391304348,-39156.13043478261,,,1.064804,,1.0,0.18261,normal_low,BOTH,0.058703,QUALIFIED
25422,0.2475,10600.762626262622,-39115.28282828283,,,,,1.0,,no_data,S1_ONLY,0.076252,QUALIFIED
25428,1.499375,11044.32075864944,-39525.90683618173,,,,,1.0,,no_data,S1_ONLY,0.046712,QUALIFIED
25439,1.17875,12025.441145281016,-39476.647401908805,,,,,1.0,,no_data,S1_ONLY,0.037256,QUALIFIED
25447,0.581875,-20099.18421052632,-39288.46348012889,,-0.129125,0.990402,,1.0,0.19004,normal_low,BOTH,0.086869,QUALIFIED
25464,0.729375,8328.741645244212,-39876.57797772065,,,,,1.0,,no_data,S1_ONLY,0.073814,QUALIFIED
25469,1.668125,-398.2894342450381,-40037.557324840775,,-0.588467,0.350705,,0.8299,0.220159,normal_low,BOTH,0.064457,QUALIFIED
25480,0.480625,9832.20481144343,-39395.046163849154,,,,,1.0,,no_data,S1_ONLY,0.098978,QUALIFIED
25482,0.18125,-19071.189655172413,-39609.3275862069,,0.23575,1.247859,2.169082,1.0,0.212623,normal_low,S1_ONLY,0.070742,QUALIFIED
25497,0.395625,-1230.2393364928869,-39406.727488151664,,-0.42185,-0.157175,,1.0,0.189139,normal_low,BOTH,0.062181,QUALIFIED
25499,0.255625,8003.350855745724,-39360.93031784841,,,,,1.0,,no_data,S1_ONLY,0.075344,QUALIFIED
25522,1.6825,-1849.4691679049065,-40099.20282317979,-1.316704,-0.355848,0.36528,,1.0,0.232982,normal_low,BOTH,0.063884,QUALIFIED
25523,0.080625,5890.779069767435,-39664.61627906977,,,,,1.0,,no_data,S1_ONLY,0.061475,QUALIFIED
25527,0.35125,7367.249110320292,-39661.19928825623,,,,,1.0,,no_data,S1_ONLY,0.071041,QUALIFIED
25531,0.164375,-1598.2186311787082,-39687.99809885932,,-0.36,0.567959,,1.0,0.222797,normal_low,BOTH,0.071535,QUALIFIED
25534,0.530625,9352.562426383984,-39941.10777385159,-1.319967,,1.290957,,1.0,,no_data,S1_ONLY,0.087946,QUALIFIED
25545,0.13625,8799.041284403662,-39865.21100917431,-1.551009,-0.798805,,,1.0,,no_data,S1_ONLY,0.07652,QUALIFIED
25552,0.229375,6932.197547683929,-39602.76975476839,,,,,1.0,,no_data,S1_ONLY,0.064761,QUALIFIED
25567,0.080625,4611.903100775191,-40064.42248062015,,,,,1.0,,no_data,S1_ONLY,0.071076,QUALIFIED
25590,0.64375,-19541.64077669903,-40045.66504854368,,-0.855394,,,1.0,0.188121,normal_low,BOTH,0.083161,QUALIFIED
25599,0.10125,6742.555555555555,-40093.79012345678,-1.960914,0.229201,3.884097,,1.0,,no_data,S1_ONLY,0.063057,QUALIFIED
25600,0.414375,7534.303921568629,-40001.80015082956,,0.114603,,,1.0,,no_data,S1_ONLY,0.067813,QUALIFIED
25623,0.110625,5008.257062146891,-40162.07062146893,-1.408202,,,,1.0,,no_data,S1_ONLY,0.060848,QUALIFIED
25624,1.195,5980.972280334732,-39899.55230125523,,,,,1.0,,no_data,S1_ONLY,0.060659,QUALIFIED
25657,0.194375,-19046.80225080386,-40211.55787781351,,,2.877747,,1.0,,no_data,S1_ONLY,0.074554,QUALIFIED
25690,0.08875,17370.802816901414,-40447.21126760563,0.912938,,,,1.0,,no_data,S1_ONLY,0.102735,QUALIFIED
25698,0.105,6452.625,-40559.32142857144,0.732355,,,,1.0,,no_data,S1_ONLY,0.064337,QUALIFIED
25735,0.09,19311.131944444445,-40685.26388888889,,0.189437,3.826816,,1.0,0.109755,normal_low,BOTH,0.094531,QUALIFIED
25781,0.114375,785.5655737704947,-41199.77322404372,,1.299078,,,1.0,0.248653,normal_low,BOTH,0.036774,QUALIFIED
25824,0.26375,896.4194312796244,-41697.07109004739,,0.671473,,,1.0,0.192218,normal_low,BOTH,0.062371,QUALIFIED
25871,1.85375,-1649.3705327039788,-41485.91267700607,0.368674,-0.004514,0.58115,,1.0,0.234987,normal_low,BOTH,0.043644,QUALIFIED
25872,0.1025,-1136.32317073171,-41817.64024390244,-0.234517,0.034896,0.977858,,1.0,0.225014,normal_low,BOTH,0.043318,QUALIFIED
25885,0.203125,-2808.653846153844,-41901.34615384616,,0.588698,,,1.0,0.2319,normal_low,BOTH,0.052655,QUALIFIED
25903,0.1,-9225.1875,-42208.25,0.41336,0.310804,,,1.0,0.309322,normal_low,BOTH,0.040806,QUALIFIED
25910,0.444375,-578.6997187060479,-41649.5,,0.384259,,,1.0,0.210601,normal_low,BOTH,0.046518,QUALIFIED
25914,0.091875,-3228.3911564625814,-42153.921768707485,,0.612338,1.994549,,1.0,0.213815,normal_low,BOTH,0.063349,QUALIFIED
25922,0.189375,-3727.397689768972,-42288.77392739274,,0.584458,,,1.0,0.248185,normal_low,BOTH,0.05001,QUALIFIED
25923,0.239375,-2122.497389033939,-42128.02480417755,,0.269231,1.360483,,1.0,0.213722,normal_low,BOTH,0.056946,QUALIFIED
25937,0.238125,-2627.3372703412097,-42224.4343832021,,0.337307,0.591561,,1.0,0.226142,normal_low,BOTH,0.061654,QUALIFIED
25941,0.18875,-5108.364238410592,-42219.86423841059,,,,,1.0,0.221588,normal_low,BOTH,0.032718,QUALIFIED
25953,0.11625,-606.0107526881693,-42248.82795698925,-0.411474,0.329316,1.296474,0.725741,1.0,0.169039,normal_low,BOTH,0.050279,QUALIFIED
25970,0.24375,-2589.538461538461,-42597.1282051282,-0.26142,0.259516,0.098603,,1.0,0.229095,normal_low,BOTH,0.068247,QUALIFIED
25971,2.09875,168.67063728409994,-42009.25282906492,,,,,0.7082,0.202061,normal_low,BOTH,0.059149,QUALIFIED
25982,0.19125,-3481.954248366012,-42548.51960784313,0.45634,0.135183,1.490389,,1.0,0.208691,normal_low,BOTH,0.058944,QUALIFIED
25983,0.2325,-2013.9408602150504,-42648.35752688172,-0.283295,0.16769,0.569842,,1.0,0.206824,normal_low,BOTH,0.063715,QUALIFIED
25990,0.274375,-3975.386104783596,-42652.176537585416,,,,,1.0,0.311124,normal_low,BOTH,0.054029,QUALIFIED
25996,0.18125,-745.9310344827609,-42809.1551724138,-0.32611,0.234362,0.658818,,1.0,0.200471,normal_low,BOTH,0.054189,QUALIFIED
25998,0.214375,-1139.6399416909626,-42710.28717201165,-0.056588,0.2,0.543326,,1.0,0.218806,normal_low,BOTH,0.06259,QUALIFIED
26006,0.13125,-3100.023809523809,-42696.5238095238,0.059124,0.09566,0.228694,,1.0,0.202663,normal_low,BOTH,0.068857,QUALIFIED
26015,0.20875,-4351.922155688626,-42759.00598802396,,,,,1.0,0.219965,normal_low,BOTH,0.050042,QUALIFIED
26042,0.285,-4122.539473684206,-43214.41228070176,,,0.539952,,1.0,0.26266,normal_low,BOTH,0.060278,QUALIFIED
26050,0.416875,-7040.4925037481225,-43295.227136431786,,,0.647001,,1.0,0.250907,normal_low,BOTH,0.045802,QUALIFIED
26061,0.301875,-1510.5414078674949,-43250.1728778468,0.153869,0.335652,0.287413,-1.053383,1.0,0.219681,normal_low,BOTH,0.062749,QUALIFIED
26068,0.095,-5093.427631578947,-43395.55263157895,,,0.646251,,1.0,0.222152,normal_low,BOTH,0.065561,QUALIFIED
26070,0.320625,-4789.0477582846,-43142.48245614035,,,0.783572,,1.0,0.247585,normal_low,BOTH,0.05502,QUALIFIED
26076,0.326875,-1164.7925430210307,-43498.9741873805,-1.569061,0.413943,-0.390805,0.050876,1.0,0.192576,normal_low,BOTH,0.074601,QUALIFIED
26088,0.2,-4510.65625,-43488.5625,,,-0.546481,-0.776704,1.0,0.245201,normal_low,BOTH,0.039439,QUALIFIED
26089,0.143125,-4963.054585152837,-43720.89737991267,,,,-0.050494,1.0,0.246163,normal_low,BOTH,0.061985,QUALIFIED
26099,0.290625,4111.005376344088,-43873.10215053764,-0.153898,-0.421077,0.293132,0.048335,1.0,,no_data,S1_ONLY,0.073104,QUALIFIED
26102,0.135625,-783.7949308755778,-43782.6797235023,,,,,1.0,0.194901,normal_low,BOTH,0.204616,QUALIFIED
26104,0.10625,-1777.705882352937,-43839.79411764706,-1.20718,-1.027913,-0.775302,-1.088315,1.0,0.269653,normal_low,BOTH,0.065326,QUALIFIED
26118,0.524375,-4580.654946364717,-44297.74195470799,,,,,1.0,0.21131,normal_low,BOTH,0.04488,QUALIFIED
26119,0.1125,-3006.1944444444453,-43908.38888888889,,-0.75,-0.1409,-0.144682,1.0,0.220022,normal_low,BOTH,0.060161,QUALIFIED
26126,0.12,-2519.640625,-43867.72916666666,-1.759414,-0.573348,0.032882,-0.345411,1.0,0.215787,normal_low,BOTH,0.060393,QUALIFIED
26131,0.1475,-455.79661016949103,-44101.19491525424,,,,,1.0,0.19346,normal_low,BOTH,0.08942,QUALIFIED
26140,0.17375,-1148.2517985611485,-44217.03597122303,-0.583753,,0.904003,,1.0,0.213435,normal_low,BOTH,0.173376,QUALIFIED
26141,0.451875,-2566.267634854776,-44314.95643153526,0.251166,-0.894304,0.449821,-0.180352,1.0,0.220467,normal_low,BOTH,0.057932,QUALIFIED
26145,0.74875,-4019.531719532555,-43997.66360601001,,,,,1.0,0.241707,normal_low,BOTH,0.061633,QUALIFIED
26146,0.20625,-1997.166666666664,-44200.25757575757,-0.04007,-0.933841,0.450303,-0.846667,1.0,0.25644,normal_low,BOTH,0.051899,QUALIFIED
26148,0.3525,-3479.843971631206,-44038.64007092199,,,-0.053035,-0.632821,1.0,0.248829,normal_low,BOTH,0.049664,QUALIFIED
26159,0.15375,-478.3455284552838,-44490.35365853658,,,2.964225,,1.0,0.222244,normal_low,BOTH,0.072754,QUALIFIED
26162,0.20375,-5174.349693251534,-44294.74539877301,,,,,1.0,0.21849,normal_low,BOTH,0.048317,QUALIFIED
26164,0.155,-6278.120967741932,-44223.592741935485,,,,,1.0,0.191555,normal_low,BOTH,0.034838,QUALIFIED
26176,0.09375,-2878.5,-44605.0,0.125308,-1.530906,0.257625,0.980841,1.0,0.239963,normal_low,BOTH,0.05265,QUALIFIED
26187,0.15125,-3167.9586776859505,-44650.53305785124,-0.062074,,0.230577,1.114227,1.0,0.243816,normal_low,BOTH,0.056879,QUALIFIED
26191,0.6725,-970.713754646844,-44388.30111524163,,,0.171327,1.468258,1.0,0.228395,normal_low,BOTH,0.121476,QUALIFIED
26193,0.49875,-1467.824561403504,-44581.23558897244,0.25922,,0.656158,1.589615,1.0,0.257282,normal_low,BOTH,0.098266,QUALIFIED
26208,0.11625,-292.7043010752677,-44968.58602150538,,,,,0.8978,0.217184,normal_low,BOTH,0.07337,QUALIFIED
26213,0.19875,-2744.603773584909,-44937.78616352202,-0.962651,,0.362246,1.755771,1.0,0.254784,normal_low,BOTH,0.066323,QUALIFIED
26229,0.23625,-901.75661375661,-45213.52116402117,-0.261863,,,,1.0,0.439399,normal_low,BOTH,0.107305,QUALIFIED
