region_id,area_km2,geo_x,geo_y,m3_valid_pct,BD1000,BD2000,OH_SPECTRAL_INDICATOR,ICE_SPECTRAL_INDICATOR,BD1000_norm,BD2000_norm,OH_SPECTRAL_INDICATOR_norm,ICE_SPECTRAL_INDICATOR_norm,n_valid_m3_indices,Science_Score
17,0.106875,-141.87426900584978,45079.301169590646,1.0,,,,,,,,,0,0.0
89,0.325625,6105.210172744715,43861.20057581574,1.0,,0.67388,,,,0.095494,,,1,0.019099
122,0.186875,-5710.533444816057,43871.57023411372,1.0,-1.444952,,,1.998102,0.0,,,0.090009,2,0.031503
123,1.2675,-3357.1198224852124,43674.994575936886,1.0,0.044626,,,,0.003129,,,,1,0.000626
135,0.225,-6067.930555555555,43695.84722222222,1.0,-1.456583,,,,0.0,,,,1,0.0
169,0.138125,-5700.386877828052,43399.93438914027,1.0,0.359441,,,,0.025202,,,,1,0.00504
210,0.184375,10133.22881355932,43277.36440677966,1.0,,,,,,,,,0,0.0
254,0.325,12680.028846153844,42787.08653846154,1.0,,,,,,,,,0,0.0
270,0.18125,11350.879310344826,42607.137931034486,1.0,,1.026487,,,,0.145461,,,1,0.029092
292,0.501875,11560.303237858032,42806.78891656289,1.0,-0.572161,1.353315,,,0.0,0.191775,,,2,0.038355
298,0.339375,8201.940147329653,42644.23848987109,1.0,0.145858,0.136062,-0.548832,1.917659,0.010227,0.019281,0.0,0.086385,4,0.036136
362,0.304375,11328.247433264893,41699.883983572894,1.0,-0.080923,0.016998,0.031149,-0.028867,0.0,0.002409,0.003173,0.0,4,0.001275
372,0.080625,10602.79457364342,42080.151162790695,1.0,,,,,,,,,0,0.0
417,0.081875,-16035.041984732825,41551.454198473286,0.0,,,,,,,,,0,0.0
426,0.096875,10238.209677419356,41388.8870967742,1.0,-2.6349,0.076957,0.072114,0.913576,0.0,0.010905,0.007346,0.041154,4,0.018421
450,2.668125,9250.436987584922,41776.37842586086,1.0,-0.240989,-0.071156,-0.01963,-0.002925,0.0,0.0,0.0,0.0,4,0.0
493,0.080625,3411.515503875969,40728.6007751938,1.0,0.187473,1.06562,,,0.013145,0.151007,,,2,0.03283
500,0.170625,8656.826007326003,40971.56227106227,1.0,-0.263285,-0.097764,0.018662,-0.028395,0.0,0.0,0.001901,0.0,4,0.000475
501,0.153125,12474.704081632648,40727.642857142855,1.0,-0.185324,-0.085022,0.054836,0.088236,0.0,0.0,0.005586,0.003975,4,0.002788
544,0.524375,8764.9052443385,40507.085220500594,1.0,-0.214051,-0.089066,0.037998,-0.005921,0.0,0.0,0.003871,0.0,4,0.000968
557,0.284375,3725.5989010989,40473.08241758242,1.0,-0.31979,0.029481,0.018107,0.862517,0.0,0.004178,0.001844,0.038854,4,0.014895
575,0.289375,2376.929805615546,40258.49136069114,1.0,-0.870922,,,,0.0,,,,1,0.0
590,0.15375,4466.57317073171,40136.06910569106,1.0,-0.103131,0.024372,0.06704,0.076887,0.0,0.003454,0.006829,0.003464,4,0.00361
595,0.36875,-1800.457627118638,40280.58474576271,1.0,1.54266,,,,0.108163,,,,1,0.021633
622,0.199375,-18587.960815047023,39786.706896551725,0.2069,1.552102,-1.978833,6.732377,,0.108825,0.0,0.685795,,3,0.193214
642,0.34875,-2388.5376344086035,39931.81720430108,1.0,2.240693,,3.333199,4.580797,0.157105,,0.339537,0.206353,3,0.188529
646,0.21875,10320.21428571429,39678.78571428571,1.0,-0.258609,-0.065333,0.067152,0.288736,0.0,0.0,0.00684,0.013007,4,0.006262
699,0.3675,8819.950680272108,39399.05442176871,1.0,-0.221916,-0.072544,0.006118,0.136135,0.0,0.0,0.000623,0.006133,4,0.002302
701,0.0825,14212.1893939394,39186.295454545456,1.0,-0.167638,-0.011794,0.067145,0.006249,0.0,0.0,0.00684,0.000282,4,0.001809
703,0.215,12271.229651162786,39013.79941860465,1.0,-0.17482,-0.101872,0.023486,-0.043678,0.0,0.0,0.002392,0.0,4,0.000598
715,1.20875,9409.156153050671,39060.76370217167,1.0,-0.187391,-0.034911,-0.012233,0.02968,0.0,0.0,0.0,0.001337,4,0.000468
718,0.9625,6923.136363636368,39908.0,1.0,0.461881,0.157736,0.239501,,0.032385,0.022352,0.024397,,3,0.017047
749,0.42,13372.71428571429,38733.23809523809,1.0,-0.27422,-0.024376,-0.007737,-0.021281,0.0,0.0,0.0,0.0,4,0.0
759,0.0825,-3865.272727272728,38748.606060606064,1.0,0.211433,,-0.180629,,0.014825,,0.0,,2,0.002965
766,0.091875,-19382.98299319728,38874.64965986395,1.0,,,2.357246,,,,0.240121,,1,0.06003
773,0.111875,-20351.198324022345,38631.64525139665,0.8715,,,,,,,,,0,0.0
804,0.1675,13632.895522388062,38475.96641791045,1.0,-0.255492,-0.015494,0.034167,-0.012502,0.0,0.0,0.00348,0.0,4,0.00087
885,0.08,10219.03125,37972.375,1.0,0.397713,1.049452,-6.885563,,0.027886,0.148716,0.0,,3,0.03532
886,0.58125,10748.209677419356,37789.34408602151,1.0,1.614898,0.913451,1.540472,,0.113228,0.129443,0.156921,,3,0.087764
902,0.16875,-19308.46296296296,37788.09259259259,1.0,,1.920021,,,,0.272082,,,1,0.054416
910,0.1025,-18970.7743902439,37647.45121951219,1.0,,,,,,,,,0,0.0
914,1.81,11557.485151933704,37346.76208563536,1.0,-0.09998,0.027091,-0.017625,-0.005195,0.0,0.003839,0.0,0.0,4,0.000768
969,0.180625,10127.78719723184,37610.79411764706,1.0,1.055882,0.774166,-1.24205,,0.074033,0.109705,0.0,,3,0.036748
977,0.17375,7089.787769784176,37642.40647482014,1.0,-0.637943,1.724115,-1.171073,,0.0,0.244321,0.0,,3,0.048864
981,0.09125,-2123.6164383561627,37592.62328767123,1.0,,,,,,,,,0,0.0
1002,0.13625,-19765.17889908257,37261.62385321101,1.0,,,,,,,,,0,0.0
1047,0.159375,2464.205882352937,37093.049019607846,1.0,-0.211709,-0.079356,0.027304,0.088839,0.0,0.0,0.002781,0.004002,4,0.002096
1048,0.59625,6302.539832285118,36760.196016771486,1.0,-0.225717,,,,0.0,,,,1,0.0
1057,0.385,-17650.86525974026,36985.280844155845,1.0,,,,,,,,,0,0.0
1072,0.09875,15008.67721518987,36991.32278481012,1.0,0.982094,,4.889296,,0.068859,,0.498049,,2,0.138284
1076,0.459375,9476.166666666664,36742.74489795919,1.0,-0.210163,0.018115,0.033387,0.038559,0.0,0.002567,0.003401,0.001737,4,0.001972
1118,0.275,-21065.102272727272,36748.85227272727,1.0,,,,,,,,,0,0.0
1124,0.271875,11146.511494252874,36711.41954022989,1.0,-0.165431,0.071927,0.06593,-0.128616,0.0,0.010193,0.006716,0.0,4,0.003718
1125,0.12375,-20715.90404040404,36815.52525252525,1.0,,,,,,,,,0,0.0
1131,0.23375,15024.232620320858,36586.46256684492,1.0,,,5.386918,,,,0.54874,,1,0.137185
1133,0.3825,-24768.31045751633,36139.797385620914,1.0,-0.886326,-0.268187,-0.089799,0.113797,0.0,0.0,0.0,0.005126,4,0.001794
1159,0.2,12855.984375,36758.703125,1.0,0.037986,0.035855,0.025866,-0.047689,0.002663,0.005081,0.002635,0.0,4,0.002208
1173,0.080625,3690.585271317832,36331.50775193799,1.0,-0.066833,-0.005781,-0.044284,-0.00939,0.0,0.0,0.0,0.0,4,0.0
1191,0.13125,12543.071428571437,36321.80952380953,1.0,-0.102885,-0.085477,-0.082613,-0.33598,0.0,0.0,0.0,0.0,4,0.0
1204,0.091875,14652.22108843537,36151.35034013605,1.0,,,,,,,,,0,0.0
1218,1.65,10035.257575757576,36381.66477272727,1.0,0.006864,0.057028,0.299399,0.679914,0.000481,0.008081,0.030498,0.030628,4,0.020057
1237,0.10875,-23272.77011494253,35843.45977011494,1.0,,,,,,,,,0,0.0
1252,1.028125,11244.515197568384,36293.828267477205,1.0,0.060493,-0.061047,0.086772,0.077794,0.004241,0.0,0.008839,0.003504,4,0.004284
1262,0.90375,12048.825726141084,35716.63070539419,1.0,-0.04838,-0.037188,0.123301,0.03511,0.0,0.0,0.01256,0.001582,4,0.003694
1292,0.46,12682.788043478264,35516.158967391304,1.0,0.412195,-0.220934,,,0.028901,0.0,,,2,0.00578
1320,0.149375,7320.94351464435,35816.08577405858,1.0,1.078185,,,,0.075597,,,,1,0.015119
1325,1.260625,-27033.767228557263,34914.62989588498,0.9663,,-3.931185,2.571429,,,0.0,0.261939,,2,0.065485
1337,0.0975,-16054.987179487176,35378.86538461538,1.0,-0.101828,0.000759,0.005467,-0.029402,0.0,0.000108,0.000557,0.0,4,0.000161
1398,1.43125,-18564.812227074235,35333.513100436685,1.0,0.128713,0.279378,-0.123254,,0.009025,0.03959,0.0,,3,0.009723
1435,0.494375,-17961.30910240202,35090.92351453856,1.0,-0.084854,0.023361,0.082457,0.612807,0.0,0.00331,0.0084,0.027605,4,0.012424
1462,0.109375,14253.5,34726.92857142857,1.0,1.191097,,,,0.083513,,,,1,0.016703
1532,0.215625,312.2536231884078,34582.60144927536,1.0,-0.051808,-0.050464,0.013611,0.041307,0.0,0.0,0.001386,0.001861,4,0.000998
1567,0.08125,3471.230769230773,34284.153846153844,1.0,1.189159,0.143691,,,0.083377,0.020362,,,2,0.020748
1622,0.080625,-22267.55426356589,33852.63178294574,1.0,,0.291262,,,,0.041274,,,1,0.008255
1632,0.92625,-127.574898785424,34056.47165991903,1.0,0.33539,-0.091705,0.006783,0.082811,0.023516,0.0,0.000691,0.00373,4,0.006181
1660,0.199375,-29031.84796238245,33910.923197492164,1.0,,,4.175355,,,,0.425324,,1,0.106331
1695,0.70125,-27392.924242424244,33199.76470588235,1.0,-0.174798,-0.044418,0.060617,0.007317,0.0,0.0,0.006175,0.00033,4,0.001659
1708,0.319375,-858.327788649709,33506.126223091975,1.0,0.052028,-0.100313,0.136497,0.091563,0.003648,0.0,0.013904,0.004125,4,0.005649
1742,1.413125,-21143.113887660325,33110.37394957983,1.0,-0.014095,-0.025992,-0.021413,0.034581,0.0,0.0,0.0,0.001558,4,0.000545
1750,0.14625,-22216.84615384616,33564.92307692308,1.0,-0.481576,0.413279,3.871482,,0.0,0.058565,0.394369,,3,0.110305
1757,0.641875,-22852.73953261928,32882.19425511198,1.0,0.982283,-0.465032,0.190954,1.171275,0.068872,0.0,0.019452,0.052763,4,0.037104
1771,0.104375,-24559.33233532934,33166.21856287425,1.0,0.000541,-0.043682,0.170534,0.031814,3.8e-05,0.0,0.017371,0.001433,4,0.004852
1772,0.710625,-23811.229991204928,33443.68381706245,1.0,-0.128067,-0.161406,0.491681,0.210049,0.0,0.0,0.050085,0.009462,4,0.015833
1779,0.124375,-26884.04271356784,33162.30904522613,1.0,-0.081788,-0.058543,0.086066,0.037645,0.0,0.0,0.008767,0.001696,4,0.002785
1780,0.2425,-22416.801546391755,33335.35824742268,1.0,,,4.879931,,,,0.497095,,1,0.124274
1814,0.08,-17848.9375,32989.5625,1.0,0.884535,0.05547,-0.302332,1.302281,0.062019,0.007861,0.0,0.058664,4,0.034508
1845,0.101875,2639.3773006134943,32772.27914110429,1.0,-0.85818,-5.030976,1.714585,5.182146,0.0,0.0,0.174657,0.233442,4,0.125369
1861,1.56875,731.770916334659,33000.71912350597,1.0,0.258881,-0.204792,0.067834,0.317079,0.018151,0.0,0.00691,0.014284,4,0.010357
1938,0.11,-19164.136363636364,32543.539772727272,1.0,-0.096815,-0.121529,-0.004876,0.241695,0.0,0.0,0.0,0.010888,4,0.003811
1979,0.13625,-25588.57339449541,32393.733944954125,1.0,0.875469,-0.222166,-0.391666,1.832028,0.061383,0.0,0.0,0.082528,4,0.041161
1994,0.370625,-29501.68043844857,32159.56408094435,1.0,0.279764,-0.376133,-0.428571,1.378539,0.019616,0.0,0.0,0.062099,4,0.025658
1995,0.190625,-27183.69672131148,32395.66393442623,1.0,-0.103997,-0.05226,-0.036039,0.028058,0.0,0.0,0.0,0.001264,4,0.000442
2004,0.08375,-21535.94776119403,32172.88805970149,1.0,-0.039751,-0.052175,0.063993,-0.0901,0.0,0.0,0.006519,0.0,4,0.00163
2006,0.3975,4101.5833333333285,32381.8286163522,1.0,,,,,,,,,0,0.0
2015,1.203125,-27927.60389610389,32449.00649350649,1.0,-0.140398,-0.063023,-0.001889,0.010412,0.0,0.0,0.0,0.000469,4,0.000164
2046,0.13125,-26088.47619047619,32024.904761904763,1.0,1.059568,-0.81483,,,0.074291,0.0,,,2,0.014858
2169,0.81625,30375.62940275652,31956.45329249617,1.0,,,,,,,,,0,0.0
2181,2.841875,6638.806135913786,31158.9671211788,1.0,,1.070766,,,,0.151736,,,1,0.030347
2239,0.090625,4425.189655172413,31519.465517241377,1.0,0.956351,,2.649261,,0.067054,,0.269868,,2,0.080878
2253,0.114375,1146.4945355191303,31479.7349726776,1.0,1.349432,0.032034,0.643521,,0.094615,0.004539,0.065552,,3,0.036219
2262,0.108125,8846.75433526012,31351.65606936416,1.0,,1.492725,0.530742,,,0.211531,0.054064,,2,0.055822
2271,0.08625,1426.3115942028962,31365.17391304348,1.0,1.058501,0.303147,,,0.074216,0.042958,,,2,0.023435
2275,0.21,11010.21428571429,31199.309523809527,1.0,-3.182891,0.853094,1.278372,,0.0,0.12089,0.130222,,3,0.056734
2298,0.653125,-25591.40909090909,31093.897129186604,1.0,,-0.733028,2.754153,,,0.0,0.280552,,2,0.070138
2324,0.389375,-19795.564205457464,31229.35232744784,1.0,-0.169248,0.015069,0.06162,0.115618,0.0,0.002135,0.006277,0.005208,4,0.003819
2350,0.09875,8041.905063291138,30865.848101265823,1.0,,0.83431,1.887368,,,0.118228,0.192257,,2,0.07171
2378,0.346875,1058.8243243243269,31019.37387387388,1.0,0.337802,0.906131,0.344205,,0.023685,0.128406,0.035063,,3,0.039184
2380,0.086875,8878.996402877703,30726.57913669065,1.0,,0.589722,,,,0.083568,,,1,0.016714
2381,0.391875,10444.196969696975,30853.330940988835,1.0,,0.199902,2.700064,,,0.028328,0.275043,,2,0.074426
2382,0.52625,11164.820665083142,30616.71140142518,1.0,,,,1.855556,,,,0.083588,1,0.029256
2408,0.524375,8434.541716328968,31014.95172824792,1.0,,0.942038,2.000558,,,0.133494,0.203787,,2,0.077646
2429,0.088125,1621.6631205673766,30771.776595744683,1.0,,0.758705,2.26905,,,0.107514,0.231137,,2,0.079287
2528,0.16,9591.39453125,30445.32421875,1.0,,,,-0.521353,,,,0.0,1,0.0
2529,0.169375,11505.588560885612,30346.164206642068,1.0,,,1.532095,0.170385,,,0.156067,0.007675,2,0.041703
2557,0.135625,9102.3801843318,30044.62442396313,1.0,,,,,,,,,0,0.0
2594,0.19625,5807.1433121019145,30082.34713375796,1.0,,,,,,,,,0,0.0
2595,0.11375,8447.57692307693,29936.35164835165,1.0,,,,,,,,,0,0.0
2606,0.08625,15560.550724637673,29909.557971014496,1.0,0.766449,0.639924,,,0.053739,0.090682,,,2,0.028884
2607,0.1175,15792.319148936163,30096.909574468085,1.0,,,,7.936923,,,,0.357537,1,0.125138
2645,0.37875,4358.039603960395,30153.42904290429,1.0,,,,,,,,,0,0.0
2672,0.151875,8832.936213991772,29749.779835390946,1.0,0.733333,,,,0.051417,,,,1,0.010283
2686,0.246875,9524.246835443031,30016.19620253165,1.0,,,7.327128,-0.14794,,,0.74638,0.0,2,0.186595
2721,0.321875,12632.800970873788,29515.20873786408,1.0,,0.925358,-1.543913,,,0.13113,0.0,,2,0.026226
2774,0.22,12074.357954545449,29606.25284090909,1.0,,0.532106,-0.228387,0.659908,,0.075404,0.0,0.029727,3,0.025485
2786,0.096875,7523.693548387098,29407.274193548383,1.0,0.495218,0.720299,2.109215,2.853851,0.034722,0.102072,0.214856,0.128558,4,0.126068
2793,0.2725,9793.422018348618,29472.174311926603,1.0,,-0.068319,-0.117954,,,0.0,0.0,,2,0.0
2804,0.20875,9000.39820359282,29477.071856287424,1.0,-0.525358,-1.089552,2.817921,,0.0,0.0,0.287048,,3,0.071762
2812,0.263125,860.3669833729218,28997.649643705463,1.0,0.073079,-0.242826,0.210606,-0.397356,0.005124,0.0,0.021453,0.0,4,0.006388
2848,0.14875,12186.369747899167,29163.52521008403,1.0,,0.911697,-2.158998,-3.454805,,0.129195,0.0,0.0,3,0.025839
2853,0.294375,491.4851380042455,29186.646496815287,1.0,-0.128547,-0.049608,0.103365,-0.034287,0.0,0.0,0.010529,0.0,4,0.002632
2894,0.175,33900.035714285725,28968.35714285714,1.0,,1.421507,,,,0.201439,,,1,0.040288
2924,0.19875,9090.93081761006,29116.616352201258,1.0,,0.844218,-2.692325,,,0.119632,0.0,,2,0.023926
2946,0.416875,7103.210644677667,29115.45502248876,1.0,,0.890666,-0.579457,,,0.126214,0.0,,2,0.025243
2953,1.93125,6249.346278317149,29458.598705501616,1.0,,,,,,,,,0,0.0
2954,0.540625,6245.367052023117,28405.58670520231,1.0,,0.746118,0.116242,,,0.105731,0.011841,,2,0.024106
2971,0.116875,13339.606951871654,28577.23796791444,1.0,,,1.630602,,,,0.166102,,1,0.041526
2986,0.14,8101.732142857145,28754.183035714286,1.0,,0.988543,-3.543485,,,0.140084,0.0,,2,0.028017
2990,0.548125,-11599.644811858612,28413.669897377426,1.0,0.33879,,-0.054104,,0.023754,,0.0,,2,0.004751
3025,0.1425,291.82456140350405,28856.530701754386,1.0,0.058813,-0.060131,-0.053404,-0.016765,0.004124,0.0,0.0,0.0,4,0.000825
3026,0.231875,11088.179245283012,28732.84501347709,1.0,,0.9178,0.201791,,,0.130059,0.020555,,2,0.031151
3039,0.211875,8525.016224188788,28616.797935103245,1.0,,0.920812,-1.307288,,,0.130486,0.0,,2,0.026097
3040,0.27875,9822.20179372198,28594.89461883408,1.0,,0.974548,-0.194198,-0.604244,,0.138101,0.0,0.0,3,0.02762
3055,0.285,-14138.49342105263,28250.171052631576,1.0,-0.26145,,,,0.0,,,,1,0.0
3091,0.1875,11795.416666666664,28423.666666666664,1.0,0.285403,0.346427,1.088035,1.083507,0.020011,0.049091,0.110833,0.048809,4,0.058612
3107,0.09,16756.09722222222,28248.069444444445,1.0,,-0.420924,0.561386,,,0.0,0.057186,,2,0.014296
3116,0.254375,-12010.266584766585,28177.281326781325,1.0,0.462383,-0.380627,-0.699049,,0.03242,0.0,0.0,,3,0.006484
3120,0.10875,6482.9770114942585,28319.034482758623,1.0,,0.920147,0.663077,,,0.130392,0.067545,,2,0.042965
3132,0.10125,-456.2098765432093,28298.802469135804,1.0,0.381265,0.03577,-3.199855,-0.64054,0.026732,0.005069,0.0,0.0,4,0.00636
3137,0.094375,-10932.122516556294,28011.59271523179,1.0,,0.691785,,,,0.098031,,,1,0.019606
3151,0.238125,-24466.313648293963,28059.88320209974,1.0,-0.355695,,,,0.0,,,,1,0.0
3175,0.5,10495.65625,27905.125,1.0,0.336066,0.959826,1.358816,,0.023563,0.136015,0.138416,,3,0.06652
3184,0.159375,13366.166666666664,27911.67647058824,1.0,0.823804,,2.385911,,0.057761,,0.243041,,2,0.072312
3202,0.579375,8640.249730312833,27898.47734627832,1.0,0.589723,0.55198,4.340785,,0.041348,0.07822,0.442175,,3,0.134457
3215,0.189375,-9963.123762376244,28070.219471947195,1.0,0.475406,0.301579,-3.234653,,0.033333,0.042736,0.0,,3,0.015214
3224,0.07875,11608.8253968254,27725.103174603173,1.0,1.087546,,,,0.076253,,,,1,0.015251
3248,0.57,12002.597587719298,27611.190789473683,1.0,1.375876,-0.545772,3.85151,,0.096469,0.0,0.392335,,3,0.117378
3249,0.4275,-28635.07602339181,28054.59356725146,1.0,-0.732135,1.178923,,,0.0,0.167063,,,2,0.033413
3253,0.23125,-9103.608108108108,27711.986486486487,1.0,-1.28922,0.513318,-2.138441,-1.872248,0.0,0.072741,0.0,0.0,4,0.014548
3273,0.65625,35018.45238095238,27630.38095238096,1.0,0.7889,0.575853,,,0.055313,0.081603,,,2,0.027383
3276,0.09625,11337.0,27634.42857142857,1.0,1.456563,,5.653651,,0.102126,,0.575911,,2,0.164403
3291,0.126875,9295.312807881768,27517.371921182264,1.0,,-0.142017,,,,0.0,,,1,0.0
3335,0.258125,-12884.277239709443,27515.754237288136,1.0,,0.907193,,,,0.128556,,,1,0.025711
3351,0.49125,-27895.1882951654,27534.692111959288,1.0,-0.149282,,,,0.0,,,,1,0.0
3360,0.17,34500.87867647059,27332.02573529412,1.0,1.103578,0.603088,,,0.077377,0.085462,,,2,0.032568
3361,0.141875,-25954.02422907489,27304.79515418502,1.0,-0.03874,,1.583156,,0.0,,0.161269,,2,0.040317
3364,0.38625,-9349.852750809065,27280.23300970874,1.0,0.055566,0.558831,0.547242,-0.991038,0.003896,0.079191,0.055745,0.0,4,0.030554
3389,0.388125,10628.968599033818,27274.69484702093,1.0,0.285405,0.773803,,,0.020011,0.109654,,,2,0.025933
3426,0.101875,-26777.6472392638,26861.54294478528,1.0,0.133208,,-5.201244,,0.00934,,0.0,,2,0.001868
3434,0.1475,16578.419491525427,27103.254237288136,1.0,,2.002294,,,,0.283741,,,1,0.056748
3456,0.10625,-10909.323529411762,26864.32352941176,1.0,-1.302146,0.72905,0.72678,1.062893,0.0,0.103312,0.074034,0.04788,4,0.055929
3474,0.1375,-12221.522727272728,26878.340909090908,1.0,0.084276,-0.43196,0.920766,1.61859,0.005909,0.0,0.093794,0.072913,4,0.05015
3500,1.78875,-13661.619846261356,26248.61320754717,1.0,,0.384615,1.446855,,,0.054503,0.147384,,2,0.047747
3509,0.38875,11874.982315112538,26930.805466237944,1.0,0.255845,0.201899,1.335179,,0.017938,0.028611,0.136008,,3,0.043312
3519,0.1325,-28846.60849056604,26773.73113207547,1.0,0.437175,,-2.2612,,0.030652,,0.0,,2,0.00613
3520,0.42625,-9734.6642228739,26820.66129032258,1.0,0.48728,0.454513,0.270566,4.112319,0.034165,0.064408,0.027561,0.185249,4,0.091442
3546,0.175,9664.142857142862,26673.80357142857,1.0,-1.069795,0.291879,,,0.0,0.041362,,,2,0.008272
3598,0.670625,10089.597856477165,26879.623951537746,1.0,0.373865,0.48315,,,0.026213,0.068466,,,2,0.018936
3599,0.238125,10674.106299212595,26572.80971128609,1.0,-0.489282,-1.779447,1.527689,,0.0,0.0,0.155618,,3,0.038904
3637,0.39,10314.32371794872,25992.08653846154,1.0,0.458534,0.668009,,,0.03215,0.094662,,,2,0.025362
3655,0.275625,-11534.230158730155,26199.139455782315,1.0,,1.255189,3.731411,,,0.17787,0.380101,,2,0.130599
3674,0.089375,-27429.69580419581,26303.996503496503,1.0,,0.26183,-3.443354,,,0.037103,0.0,,2,0.007421
3715,0.10125,9943.17283950618,25957.5987654321,1.0,0.990402,0.946215,,,0.069442,0.134086,,,2,0.040706
3721,0.19125,9649.90849673203,26118.22875816993,1.0,1.19818,0.796929,,,0.08401,0.112931,,,2,0.039388
3733,0.285,-14417.111842105269,26044.08552631579,1.0,,,-0.04987,,,,0.0,,1,0.0
3750,0.56625,11165.94591611479,26050.08609271523,1.0,0.490369,0.292204,,,0.034382,0.041408,,,2,0.015158
3758,0.830625,5925.816779533488,26372.30210684725,1.0,-1.802827,-1.009078,1.654491,,0.0,0.0,0.168535,,3,0.042134
3807,0.170625,-12811.580586080585,25693.54029304029,1.0,4.016807,0.087787,,,0.281637,0.01244,,,2,0.058815
3897,0.130625,2305.959330143545,25514.25598086125,1.0,1.007555,1.253983,,,0.070644,0.177699,,,2,0.049669
3898,0.22375,3149.150837988825,25595.82122905028,1.0,0.638391,0.513514,,,0.044761,0.072769,,,2,0.023506
3928,0.54875,-12644.947608200457,25076.78132118451,1.0,1.495093,0.448392,,,0.104828,0.063541,,,2,0.033674
3932,0.08125,2594.115384615383,25364.73076923077,1.0,0.748562,1.017906,,,0.052485,0.144245,,,2,0.039346
3939,0.19625,7899.261146496814,25231.7898089172,1.0,1.795261,2.167354,,,0.125874,0.307131,,,2,0.086601
3953,2.381875,-11211.678168459724,24998.92561007609,1.0,0.834363,0.593615,,,0.058501,0.08412,,,2,0.028524
3959,0.653125,-20136.791866028707,25384.47129186603,1.0,0.96291,-0.504679,4.356201,,0.067514,0.0,0.443746,,3,0.124439
3982,0.084375,-12966.240740740735,25367.35185185185,1.0,2.967742,0.145684,,18.427071,0.208082,0.020645,,0.83009,3,0.336277
4017,0.33875,-27960.27859778598,25286.33948339484,1.0,0.676112,0.327884,1.773267,,0.047405,0.046464,0.180634,,3,0.063932
4056,0.378125,-11895.623966942148,24693.64049586777,1.0,0.600741,0.503617,,,0.042121,0.071366,,,2,0.022697
4071,0.353125,-12890.54424778761,24629.349557522124,1.0,0.975168,1.032669,3.366257,,0.068374,0.146337,0.342905,,3,0.128668
4072,0.286875,-1836.502178649236,24997.722222222223,1.0,-0.046473,-0.024189,0.052131,0.079928,0.0,0.0,0.00531,0.003601,4,0.002588
4074,0.11625,2046.6774193548408,25141.89784946237,1.0,1.010951,0.544899,,,0.070882,0.077216,,,2,0.02962
4092,0.0875,8211.107142857145,24821.92857142857,1.0,,4.188609,,,,0.593559,,,1,0.118712
4134,0.304375,-9239.360369609858,24892.132443531827,1.0,-0.21947,-0.146129,,,0.0,0.0,,,2,0.0
4164,0.0925,-12730.39864864865,24697.29054054054,1.0,0.624044,1.172507,4.533888,,0.043755,0.166153,0.461846,,3,0.157443
4174,1.085,-6571.971774193546,24725.09677419355,1.0,0.169779,0.193311,-0.221232,-0.774455,0.011904,0.027394,0.0,0.0,4,0.00786
4194,0.465625,-19394.6610738255,24661.40604026846,1.0,0.525913,0.390995,2.995175,,0.036874,0.055407,0.305104,,3,0.094732
4216,0.378125,-32573.43388429752,24293.35123966942,1.0,1.043887,,1.668798,,0.073192,,0.169993,,2,0.057137
4227,0.12125,17869.60309278351,24326.917525773195,1.0,-0.202377,-0.190042,-0.06673,0.006001,0.0,0.0,0.0,0.00027,4,9.4e-05
4232,0.335,3306.542910447766,24689.212686567163,1.0,1.08566,0.692802,,,0.076121,0.098175,,,2,0.034859
4300,0.289375,-12836.623110151188,24182.46544276458,1.0,3.353036,0.774831,,,0.235097,0.1098,,,2,0.068979
4315,0.103125,-19414.439393939392,24235.65151515152,1.0,0.699713,1.398936,2.316362,,0.04906,0.19824,0.235957,,3,0.108449
4359,0.103125,26302.378787878784,23945.80303030303,1.0,-0.13965,-0.093457,-0.133355,0.02564,0.0,0.0,0.0,0.001155,4,0.000404
4379,0.090625,-11396.189655172411,24068.603448275862,1.0,,0.444245,0.745824,-0.233509,,0.062953,0.075974,0.0,3,0.031584
4387,0.129375,-8168.253623188408,24150.13768115942,1.0,0.501614,0.01634,-0.468224,0.588294,0.03517,0.002316,0.0,0.026501,4,0.016773
4459,0.871875,-11856.682795698922,23527.47132616488,1.0,,,1.768038,-0.346485,,,0.180102,0.0,2,0.045026
4490,0.54125,-12208.294457274824,23932.45727482679,1.0,,1.091272,,,,0.154642,,,1,0.030928
4587,0.125625,-17593.6592039801,23424.50497512438,1.0,2.293356,2.450918,3.941806,,0.160798,0.347314,0.401533,,3,0.202006
4593,0.201875,-10392.52786377709,23517.760061919504,1.0,,,,,,,,,0,0.0
4603,0.095,-10751.81578947368,23454.11842105264,1.0,,,,,,,,,0,0.0
4657,0.733125,-22413.756606990624,22953.16410912191,1.0,0.709869,0.780698,-0.152185,0.584507,0.049772,0.110631,0.0,0.02633,4,0.041296
4681,0.11,-19759.30681818182,23178.767045454548,1.0,1.514982,1.243552,,,0.106222,0.176221,,,2,0.056489
4701,0.08625,-36593.97826086957,22982.565217391304,1.0,0.530248,0.133211,0.9858,0.382852,0.037178,0.018877,0.100419,0.017246,4,0.042352
4730,0.095,-36974.01973684211,23077.638157894737,1.0,0.460015,-0.10242,0.798994,,0.032254,0.0,0.08139,,3,0.026798
4751,0.57875,-18777.76781857452,22905.73758099352,1.0,0.257746,,,,0.018072,,,,1,0.003614
4798,1.073125,-20340.04571927781,22622.13657542225,1.0,0.041538,,,,0.002912,,,,1,0.000582
4807,0.156875,-18035.659362549803,22822.61155378486,1.0,-0.328149,,,,0.0,,,,1,0.0
4821,1.06,-23876.07488207547,22956.853183962263,1.0,0.929615,1.510019,,,0.06518,0.213982,,,2,0.055832
4823,0.139375,-11115.18609865471,22752.293721973096,1.0,-1.625,,-0.410701,,0.0,,0.0,,2,0.0
4909,0.184375,18324.5,22468.21186440678,1.0,,,,,,,,,0,0.0
4921,0.45625,-12300.08904109589,22725.70547945205,1.0,,,,,,,,,0,0.0
4989,0.145625,-23554.255364806868,22015.09227467811,1.0,0.035195,,,,0.002468,,,,1,0.000494
5000,0.348125,2341.061938958708,21977.385098743267,1.0,-0.281402,-0.052487,0.02353,-0.007643,0.0,0.0,0.002397,0.0,4,0.000599
5042,0.79,18434.468354430384,21836.101265822785,1.0,,,1.281814,,,,0.130572,,1,0.032643
5046,0.15625,-22957.8,22071.5,1.0,-1.161325,,,,0.0,,,,1,0.0
5057,0.205,-21347.75609756097,21898.823170731703,1.0,0.07302,,0.66188,,0.00512,,0.067423,,2,0.01788
5066,0.435,-3201.5775862068986,21721.54885057472,1.0,0.196756,0.332103,,,0.013795,0.047062,,,2,0.012171
5077,0.446875,-21962.84265734266,22040.045454545456,1.0,-0.186078,,0.969678,,0.0,,0.098776,,2,0.024694
5082,0.21375,17310.757309941517,21637.122807017546,1.0,,1.817375,,,,0.257536,,,1,0.051507
5099,0.72125,21103.811091854423,21769.217504332755,1.0,1.994325,1.834016,0.84835,,0.139831,0.259894,0.086417,,3,0.101549
5103,1.12625,-25589.62319644839,21803.7602663707,1.0,-1.401292,,3.179702,,0.0,,0.323901,,2,0.080975
5118,0.3475,17799.724820143885,21605.22122302158,1.0,,,1.169135,,,,0.119094,,1,0.029774
5142,0.573125,-22528.74427480916,21603.49890948745,1.0,-0.571895,,0.282512,,0.0,,0.028778,,2,0.007194
5146,0.363125,18922.86488812392,21461.730636833046,1.0,,3.049306,0.695591,,,0.432111,0.070857,,2,0.104136
5147,0.28375,21772.958149779734,21757.603524229075,1.0,0.90154,2.053702,0.572684,,0.063211,0.291026,0.058337,,3,0.085432
5157,1.1125,15188.306179775282,21356.03370786517,1.0,1.623735,,1.013517,,0.113848,,0.103242,,2,0.04858
5167,0.11875,19216.73684210526,21521.157894736843,1.0,,1.216621,0.811067,,,0.172405,0.08262,,2,0.055136
5184,0.128125,-19993.914634146346,21410.378048780487,1.0,,,1.56648,,,,0.15957,,1,0.039892
5189,1.02375,16867.44871794872,21092.05982905983,1.0,0.402318,0.465299,0.073641,0.989027,0.028208,0.065937,0.007501,0.044553,4,0.036298
5205,0.790625,-23391.27075098814,21628.583003952568,1.0,,,0.779738,,,,0.079428,,1,0.019857
5217,0.445,-3296.6376404494367,21197.2345505618,1.0,,,1.168337,,,,0.119013,,1,0.029753
5246,0.474375,17733.755599472985,20897.502635046112,1.0,0.873634,,-1.751453,3.858268,0.061255,,0.0,0.173805,3,0.073083
5271,0.419375,22106.16915052161,21343.756333830104,1.0,0.255733,,-0.719449,,0.017931,,0.0,,2,0.003586
5277,0.119375,13362.981675392664,21159.924083769634,1.0,0.975286,,1.214173,,0.068382,,0.123682,,2,0.044597
5280,0.104375,22623.90119760479,21272.80538922156,1.0,0.677184,,,,0.047481,,,,1,0.009496
5286,0.1925,-21190.272727272728,21049.93181818182,1.0,,,1.730453,,,,0.176273,,1,0.044068
5290,0.124375,18193.21859296482,21088.94221105528,1.0,1.432746,,,,0.100456,,,,1,0.020091
5320,2.4175,19289.13934850052,20504.26163391934,1.0,0.138869,-0.082714,-0.108737,0.26654,0.009737,0.0,0.0,0.012007,4,0.00615
5349,0.360625,19439.577989601392,20866.09792027729,1.0,-0.054589,,-2.603156,,0.0,,0.0,,2,0.0
5354,0.17,-20297.74264705882,20870.26102941177,1.0,,0.563887,,,,0.079907,,,1,0.015981
5360,0.693125,-20696.41974752029,21485.39630297565,1.0,0.128923,,1.192882,,0.009039,,0.121513,,2,0.032186
5385,0.835,-14080.234281437122,20799.601796407187,1.0,,-0.467649,1.465983,,,0.0,0.149333,,2,0.037333
5396,0.194375,-2174.4549839228275,20500.5,1.0,0.652896,-0.241827,0.04494,,0.045778,0.0,0.004578,,3,0.0103
5401,0.38,-19208.394736842103,20968.30427631579,1.0,-0.955994,,,,0.0,,,,1,0.0
5404,0.0925,19872.979729729726,21017.72972972973,1.0,1.103063,,,,0.077341,,,,1,0.015468
5431,0.34875,-1576.4408602150506,20617.525089605737,1.0,0.488613,0.388162,-0.079184,,0.034259,0.055006,0.0,,3,0.017853
5509,0.17875,15085.95104895105,20561.776223776225,1.0,0.396407,-0.278422,-0.02468,-0.017027,0.027794,0.0,0.0,0.0,4,0.005559
5519,1.5425,-19669.15883306321,20137.75688816856,1.0,0.087441,0.500206,,,0.006131,0.070883,,,2,0.015403
5550,1.4925,-22206.959380234504,20591.276800670017,1.0,-2.142715,-0.171833,0.949173,,0.0,0.0,0.096688,,3,0.024172
5555,0.104375,-5058.434131736525,20173.70359281437,1.0,0.903905,,,,0.063377,,,,1,0.012675
5556,1.018125,-2617.458256599137,20810.091774094537,1.0,-0.045315,0.331498,0.786777,,0.0,0.046976,0.080145,,3,0.029431
5580,0.231875,-1741.537735849059,20252.85849056604,1.0,0.53509,0.432509,0.055057,,0.037518,0.06129,0.005608,,3,0.021164
5594,0.230625,-2142.6409214092128,19974.82249322493,1.0,0.510097,0.412453,0.42067,,0.035765,0.058448,0.042852,,3,0.029556
5605,0.49625,-523.4534005037785,20012.370277078087,1.0,0.425584,0.25725,0.198138,1.450102,0.02984,0.036454,0.020183,0.065323,4,0.041168
5637,0.169375,12349.5,20110.83210332104,1.0,,,,,,,,,0,0.0
5640,1.365625,-18508.46338672769,20414.82494279176,1.0,0.461565,-0.018456,,,0.032362,0.0,,,2,0.006472
5677,0.251875,-1514.457816377173,19794.2965260546,1.0,0.173524,0.104933,-1.302979,,0.012167,0.01487,0.0,,3,0.005407
5718,1.0325,-6391.072033898301,19407.77905569008,1.0,0.461174,-0.532248,0.059367,,0.032335,0.0,0.006047,,3,0.007979
5728,0.773125,-16778.491107518188,19559.857316087306,1.0,0.745236,1.779482,0.122105,,0.052252,0.252167,0.012438,,3,0.063993
5748,0.118125,-1766.505291005291,19540.447089947087,1.0,-0.606652,0.099045,-5.248271,,0.0,0.014035,0.0,,3,0.002807
5751,0.5,16467.125,19577.78125,1.0,1.833394,,,,0.128548,,,,1,0.02571
5779,0.209375,-18782.589552238805,19773.11194029851,1.0,0.413282,-0.202884,,,0.028977,0.0,,,2,0.005795
5792,0.755625,-15354.53225806452,19819.13110008271,1.0,0.893657,1.008929,0.421737,,0.062658,0.142973,0.04296,,3,0.051866
5793,0.21875,-5046.785714285717,19766.0,1.0,0.726872,,,,0.050964,,,,1,0.010193
5803,0.333125,14811.9765478424,19253.267354596625,1.0,1.862665,,,,0.1306,,,,1,0.02612
5816,0.274375,19772.791571753987,19503.689066059225,1.0,,,1.030143,1.295274,,,0.104936,0.058349,2,0.046656
5817,0.0875,23713.607142857145,19540.85714285714,1.0,-2.433501,0.294204,0.752394,0.057869,0.0,0.041691,0.076643,0.002607,4,0.028411
5821,0.166875,-14305.837078651684,19512.9531835206,1.0,,,,,,,,,0,0.0
5841,0.0925,-2685.4662162162203,19231.581081081084,1.0,0.425819,,0.106355,,0.029856,,0.010834,,2,0.00868
5853,0.3325,23284.321428571435,18962.295112781954,1.0,-0.349154,-0.146479,-0.035675,0.032385,0.0,0.0,0.0,0.001459,4,0.000511
5859,0.093125,-18714.42617449665,19401.674496644297,1.0,0.502415,-0.04361,0.041924,,0.035227,0.0,0.004271,,3,0.008113
5882,0.303125,-15214.10824742268,19371.37628865979,1.0,0.275883,1.310701,0.026719,,0.019343,0.185737,0.002722,,3,0.041697
5897,0.789375,20075.093824228024,19040.860253365005,1.0,,0.448372,1.009364,3.196112,,0.063538,0.102819,0.143976,3,0.088804
5911,0.230625,-14720.41869918699,19214.863143631435,1.0,0.776412,,-0.615658,,0.054438,,0.0,,2,0.010888
5936,0.238125,19098.7125984252,19361.32677165354,1.0,0.91857,,,,0.064405,,,,1,0.012881
5941,0.265,17425.44339622641,18985.22877358491,1.0,,-0.099369,1.621372,1.253032,,0.0,0.165161,0.056446,3,0.061046
5944,0.296875,-17480.973684210527,18908.605263157893,1.0,0.651557,,-0.527409,1.459922,0.045684,,0.0,0.065766,3,0.032155
5946,0.61125,10731.401840490798,18944.64621676892,1.0,0.983723,,,,0.068973,,,,1,0.013795
5948,0.188125,16016.85880398671,19075.250830564783,1.0,1.266816,,1.89992,,0.088822,,0.193536,,2,0.066148
5949,0.1925,18144.14285714285,19083.29220779221,1.0,1.94863,2.501511,,,0.136628,0.354484,,,2,0.098222
5954,0.540625,17116.69653179191,19251.56936416185,1.0,1.299259,,,,0.091097,,,,1,0.018219
5979,0.1575,13913.091269841265,19083.93253968254,1.0,0.539543,,,,0.03783,,,,1,0.007566
5999,0.523125,-14078.307646356036,19092.58482676225,1.0,1.683101,,,,0.11801,,,,1,0.023602
6009,0.15875,22844.086614173222,18948.82677165354,1.0,-1.708044,,1.893414,,0.0,,0.192873,,2,0.048218
6013,0.626875,-5974.378364905286,18691.45214356929,1.0,0.644431,,,,0.045184,,,,1,0.009037
6019,0.376875,17667.120232172478,18571.768656716416,1.0,0.317097,0.17733,1.311876,,0.022233,0.025129,0.133635,,3,0.042881
6032,0.085625,17171.94525547445,18677.14233576642,1.0,,-1.644776,3.372694,,,0.0,0.34356,,2,0.08589
6037,0.58125,-15716.225806451615,18838.0,1.0,-0.152531,0.540164,,,0.0,0.076545,,,2,0.015309
6038,0.091875,15814.636054421768,18844.88775510204,1.0,,,1.458472,,,,0.148568,,1,0.037142
6039,0.69125,19531.05515370705,18663.587703435805,1.0,,-1.22801,2.80597,,,0.0,0.285831,,2,0.071458
6060,0.55625,14376.269662921346,18808.252808988767,1.0,1.837748,0.705373,,,0.128853,0.099957,,,2,0.045762
6061,0.621875,15504.097989949754,18756.304020100502,1.0,,,1.931891,,,,0.196793,,1,0.049198
6083,0.1,11264.1875,18731.28125,1.0,0.976703,,1.769475,,0.068481,,0.180248,,2,0.058758
6088,0.414375,-16737.377828054297,18439.527149321264,1.0,,,,,,,,,0,0.0
6120,1.123125,22874.360879243177,18634.75153032833,1.0,-0.160217,-0.118211,-0.00856,-0.01394,0.0,0.0,0.0,0.0,4,0.0
6128,0.505625,18536.39740420272,18611.00679851669,1.0,0.157826,,,,0.011066,,,,1,0.002213
6147,0.26125,16929.703349282296,18513.5980861244,1.0,-0.00644,0.146363,2.485485,,0.0,0.020741,0.253185,,3,0.067444
6172,0.11,4697.795454545456,18532.460227272724,1.0,0.745904,0.887161,1.524693,1.749703,0.052299,0.125718,0.155313,0.078819,4,0.102018
6194,0.14125,14925.163716814151,18422.513274336285,1.0,,-1.71208,,,,0.0,,,1,0.0
6202,0.27125,18051.63133640553,18291.168202764977,1.0,0.318303,0.104782,0.154611,1.267965,0.022318,0.014848,0.015749,0.057118,4,0.031362
6206,0.270625,-5527.347575057735,18321.86258660508,1.0,0.642723,1.420018,1.473969,,0.045064,0.201228,0.150146,,3,0.086795
6209,0.1,22371.53125,18265.8125,1.0,0.348918,-0.005024,-0.010709,-0.01192,0.024464,0.0,0.0,0.0,4,0.004893
6216,0.578125,-4884.770270270266,18652.14864864865,1.0,0.943307,,5.159938,,0.06614,,0.525618,,2,0.144632
6227,0.3375,-7412.444444444445,18375.5,1.0,-0.007828,0.425746,0.759964,3.196897,0.0,0.060332,0.077414,0.144012,4,0.081824
6239,0.21125,24271.763313609463,18344.878698224853,1.0,-0.033169,-0.09132,0.054266,-0.092631,0.0,0.0,0.005528,0.0,4,0.001382
6243,1.351875,-23757.527276930192,18350.96232085067,1.0,0.563102,0.689655,-0.377826,,0.039482,0.09773,0.0,,3,0.027442
6246,0.26875,10939.267441860466,18409.8023255814,1.0,0.021284,-0.073324,0.133348,0.141167,0.001492,0.0,0.013584,0.006359,4,0.00592
6277,0.615625,-5080.753807106601,17713.164974619285,1.0,0.815502,,,,0.057179,,,,1,0.011436
6291,0.313125,-19167.91516966068,18225.000998004,1.0,,,,,,,,,0,0.0
6292,0.235625,-11815.685676392568,18261.640583554377,1.0,,,,,,,,,0,0.0
6294,0.110625,-6966.601694915255,18109.25706214689,1.0,0.475584,-0.448811,0.693557,0.368793,0.033345,0.0,0.070649,0.016613,4,0.030146
6308,0.183125,14900.523890784983,18147.172354948805,1.0,0.202991,0.149094,-0.237837,0.596685,0.014233,0.021128,0.0,0.026879,4,0.01648
6314,1.05,-6499.294642857145,17578.714285714283,1.0,0.846329,-0.044654,0.828889,-0.463216,0.05934,0.0,0.084435,0.0,4,0.032977
6318,0.10125,10392.555555555557,18060.222222222223,1.0,0.019937,0.014982,0.053755,0.046713,0.001398,0.002123,0.005476,0.002104,4,0.00281
6329,1.053125,-10268.244807121664,18372.280415430265,1.0,,,1.013652,,,,0.103256,,1,0.025814
6355,0.38875,-5676.504823151125,17793.10450160772,1.0,0.845312,-0.344498,2.192564,,0.059269,0.0,0.223346,,3,0.06769
6360,0.120625,-17414.360103626947,17541.821243523314,1.0,0.017459,-0.385237,1.024481,5.421456,0.001224,0.0,0.104359,0.244222,4,0.111812
6363,0.233125,12595.679624664874,17935.218498659517,1.0,-0.984561,0.074901,-0.071257,,0.0,0.010614,0.0,,3,0.002123
6365,0.150625,13057.591286307055,17710.354771784234,1.0,,0.235486,,,,0.03337,,,1,0.006674
6381,0.76375,14284.381342062195,18026.66612111293,1.0,-0.52193,0.128402,0.792416,,0.0,0.018196,0.08072,,3,0.023819
6393,0.085,20773.02941176472,17690.02205882353,1.0,0.869043,0.692172,,,0.060933,0.098086,,,2,0.031804
6397,1.721875,-11330.917422867518,17986.5889292196,1.0,0.785625,,1.606647,,0.055084,,0.163662,,2,0.051932
6402,0.41,9914.09603658536,18343.29725609756,1.0,0.082512,-0.064086,0.042574,0.006602,0.005785,0.0,0.004337,0.000297,4,0.002345
6413,0.4,16953.953125,17942.9609375,1.0,0.215562,-0.27818,0.878397,,0.015114,0.0,0.089478,,3,0.025392
6425,0.286875,15134.140522875816,17860.95751633987,1.0,0.052013,0.130766,0.455663,,0.003647,0.018531,0.046416,,3,0.01604
6437,2.55625,-8337.847188264059,17705.695599022005,1.0,0.275447,0.701509,1.615333,,0.019313,0.099409,0.164546,,3,0.064881
6438,0.09875,-6739.424050632908,17791.79746835443,1.0,0.84567,-0.711651,1.257581,0.152003,0.059294,0.0,0.128104,0.006847,4,0.046281
6442,0.589375,22727.65482502652,17920.648462354187,1.0,0.292868,0.104053,0.014048,-0.153694,0.020534,0.014745,0.001431,0.0,4,0.007414
6461,0.07875,16539.579365079364,17733.634920634922,1.0,,0.54063,,,,0.076612,,,1,0.015322
6474,0.229375,-19136.73978201635,17653.0204359673,1.0,,-2.966989,1.05473,,,0.0,0.10744,,2,0.02686
6481,0.255625,15719.48777506112,17633.568459657705,1.0,0.450308,,,,0.031573,,,,1,0.006315
6499,0.54375,-10401.074712643684,17451.10344827586,1.0,0.979017,0.620557,2.182834,,0.068643,0.087938,0.222355,,3,0.086905
6505,0.16125,15348.337209302328,17552.825581395347,1.0,0.603162,0.329763,,,0.04229,0.04673,,,2,0.017804
6541,0.286875,26895.63289760349,17495.053376906315,1.0,0.815583,-1.01145,1.105047,,0.057184,0.0,0.112566,,3,0.039578
6551,0.105625,-19112.778106508875,17257.156804733728,1.0,0.475143,0.793042,1.232637,,0.033314,0.11238,0.125563,,3,0.06053
6555,0.845625,19056.318181818184,17149.834811529934,1.0,1.087309,0.968382,0.653146,,0.076236,0.137227,0.066533,,3,0.059326
6566,0.20375,-5857.095092024538,17322.815950920245,1.0,0.84974,0.87301,0.200065,,0.059579,0.123712,0.02038,,3,0.041753
6576,0.12375,14326.141414141406,17285.474747474746,1.0,0.63995,0.373957,,,0.04487,0.052993,,,2,0.019573
6577,0.54125,17269.015011547344,17627.69399538106,1.0,0.791575,0.695992,,,0.055501,0.098628,,,2,0.030826
6592,0.428125,15223.040145985397,17090.13503649635,1.0,1.004005,0.185512,0.639275,,0.070395,0.026289,0.06512,,3,0.035617
6595,0.5375,22055.02325581396,17464.162790697676,1.0,0.859375,,0.627383,,0.060255,,0.063909,,2,0.028028
6615,0.421875,20859.53703703704,17205.01851851852,1.0,1.124127,,0.486278,,0.078818,,0.049535,,2,0.028147
6629,0.08,15709.0703125,17141.90625,1.0,0.880585,0.123705,-0.228475,,0.061742,0.01753,0.0,,3,0.015854
6630,0.183125,22942.50341296928,17193.418088737202,1.0,0.535522,,0.086093,,0.037548,,0.00877,,2,0.009702
6631,0.104375,23382.13473053892,17073.70359281437,1.0,1.671412,,0.761837,,0.11719,,0.077605,,2,0.042839
6644,0.15,19066.791666666664,16848.104166666668,1.0,,,1.144517,,,,0.116587,,1,0.029147
6659,0.32125,25028.73151750973,16956.96887159533,1.0,0.560647,,2.433602,,0.03931,,0.247899,,2,0.069837
6668,2.244375,13939.461013645225,17299.817738791422,1.0,0.276545,-0.357895,0.671378,,0.01939,0.0,0.06839,,3,0.020976
6670,0.096875,18712.56451612903,17259.532258064515,1.0,1.088773,0.201478,0.227779,,0.076339,0.028551,0.023203,,3,0.026779
6675,1.394375,-18968.74294038548,17070.603092783505,1.0,0.749211,0.628064,1.858832,,0.052531,0.089002,0.18935,,3,0.075644
6676,0.13125,-7920.619047619053,16908.11904761905,1.0,0.540077,,2.077688,,0.037867,,0.211644,,2,0.060484
6688,0.49625,-10573.768261964731,16878.018891687658,1.0,,1.491504,,,,0.211358,,,1,0.042272
6709,0.0925,-6928.54054054054,16849.317567567567,1.0,0.375438,,1.246136,,0.026324,,0.126938,,2,0.036999
6728,0.118125,24243.679894179902,17039.12433862434,1.0,0.945306,1.640758,2.306892,,0.06628,0.232508,0.234992,,3,0.118506
6736,0.106875,15019.675438596496,16735.441520467833,1.0,,,0.682455,,,,0.069518,,1,0.01738
6746,0.22375,19482.530726256984,16789.256983240222,1.0,,,1.494755,,,,0.152264,,1,0.038066
6752,0.253125,24772.030864197528,16692.413580246917,1.0,-1.537326,,0.677837,,0.0,,0.069048,,2,0.017262
6765,0.179375,21764.39547038327,16826.458188153312,1.0,,,2.761276,,,,0.281278,,1,0.07032
6768,0.601875,-12026.304776739358,16122.8779854621,1.0,,0.731257,,,,0.103625,,,1,0.020725
6786,0.288125,22255.627982646416,16550.337310195227,1.0,,,,,,,,,0,0.0
6829,0.1875,23560.08333333333,16487.5,1.0,,,,,,,,,0,0.0
6837,0.163125,-10951.170498084291,16461.89846743295,1.0,,2.822098,,,,0.399913,,,1,0.079983
6839,0.283125,13555.681015452536,16343.987858719647,1.0,,,1.086623,,,,0.110689,,1,0.027672
6854,0.120625,19054.03367875648,16447.779792746114,1.0,,1.001869,1.315821,,,0.141973,0.134036,,2,0.061904
6860,0.486875,-6828.96598202824,16585.737483953784,1.0,0.502317,,0.41089,,0.03522,,0.041855,,2,0.017508
6863,0.113125,2650.743093922654,16572.737569060773,1.0,0.587208,-0.022338,0.589674,,0.041172,0.0,0.060067,,3,0.023251
6866,0.095,7838.315789473687,16420.894736842103,1.0,,,-0.513478,,,,0.0,,1,0.0
6870,0.2,22656.921875,16238.234375000004,1.0,,,,,,,,,0,0.0
6875,0.32125,20990.06420233463,16680.94747081712,1.0,,,,,,,,,0,0.0
6876,0.20375,23125.190184049075,16485.085889570553,1.0,,,,,,,,,0,0.0
6906,0.67375,17325.195732838583,16511.56215213358,1.0,,,2.662805,,,,0.271247,,1,0.067812
6912,0.083125,9467.357142857143,16386.77819548872,1.0,0.806854,,0.468531,7.419255,0.056572,,0.047727,0.334218,3,0.140222
6950,1.416875,-5659.631010145567,16655.67203352448,1.0,0.515728,0.226205,0.624447,,0.03616,0.032055,0.063609,,3,0.029545
6951,0.156875,19189.04183266932,16142.830677290836,1.0,,,,,,,,,0,0.0
6976,0.399375,-2275.304381846632,15943.183881064164,1.0,0.693352,0.216223,-0.329939,,0.048614,0.03064,0.0,,3,0.015851
6979,0.079375,19413.87007874016,16321.562992125986,1.0,,,2.727941,,,,0.277882,,1,0.06947
6981,0.208125,30295.220720720725,16232.932432432432,1.0,,,,,,,,,0,0.0
6988,0.164375,23152.731939163496,16094.036121673002,1.0,,,,,,,,,0,0.0
7022,0.663125,20620.54147031103,16309.995758718193,1.0,,,,,,,,,0,0.0
7023,0.410625,22026.440639269407,16092.661339421617,1.0,,,,,,,,,0,0.0
7024,0.14625,23693.623931623923,16162.358974358973,1.0,,,,,,,,,0,0.0
7039,0.269375,8640.915313225058,15910.302784222738,1.0,,,1.263636,-1.901899,,,0.128721,0.0,2,0.03218
7049,0.15375,-6543.487804878052,16105.27642276423,1.0,0.5958,-0.145666,-2.494382,0.646845,0.041774,0.0,0.0,0.029139,4,0.018553
7056,0.104375,15757.284431137728,15999.452095808383,1.0,,,,,,,,,0,0.0
7076,0.3075,22992.99593495934,15782.05487804878,1.0,,,,,,,,,0,0.0
7086,0.2625,18763.130952380947,15742.166666666668,1.0,,,,,,,,,0,0.0
7090,1.165,-8289.864270386264,15955.93186695279,1.0,0.79123,0.623021,,,0.055477,0.088287,,,2,0.028753
7098,0.363125,-7457.771944922548,15935.697934595526,1.0,0.832876,-0.484887,,3.033553,0.058397,0.0,,0.136653,3,0.059508
7099,1.319375,-5003.283041212693,15636.28872572241,1.0,0.685362,-0.172235,0.114734,1.659189,0.048054,0.0,0.011687,0.074742,4,0.038692
7111,0.083125,-17739.03383458647,15973.996240601504,1.0,0.05369,0.362815,0.673182,1.045872,0.003764,0.051414,0.068574,0.047114,4,0.044669
7116,0.94125,21288.311420982733,15886.240371845954,1.0,,,,,,,,,0,0.0
7121,0.415,-6021.320783132527,15782.164156626506,1.0,0.691303,-0.218711,-2.100245,1.458246,0.04847,0.0,0.0,0.06569,4,0.032686
7124,0.876875,24827.600498930857,15664.505702067,1.0,,,,,,,,,0,0.0
7136,0.894375,12550.495807127882,15684.916491963664,1.0,,,1.323208,,,,0.134789,,1,0.033697
7168,0.455,22034.321428571435,15448.37087912088,1.0,,,,,,,,,0,0.0
7217,1.171875,-10988.326666666668,15639.86,1.0,0.391446,0.255932,1.225141,,0.027446,0.036268,0.124799,,3,0.043943
7218,0.0925,-7922.96621621622,15631.75,1.0,0.92026,0.005682,,,0.064524,0.000805,,,2,0.013066
7226,2.24125,-1355.1151701059644,15041.89709983268,1.0,-0.056003,0.013016,0.013321,-0.055763,0.0,0.001844,0.001357,0.0,4,0.000708
7231,0.289375,-38920.856371490285,15602.875809935204,1.0,-0.112949,-0.021055,-0.029689,-0.03655,0.0,0.0,0.0,0.0,4,0.0
7263,1.139375,-13081.21859572134,15826.816511245195,1.0,0.6052,0.661477,,,0.042433,0.093736,,,2,0.027234
7266,0.275625,18232.266439909305,15609.45691609977,1.0,,,,,,,,,0,0.0
7272,0.735625,-6808.592608326253,15425.372557349194,1.0,0.768942,-0.717294,-0.497197,-0.356429,0.053914,0.0,0.0,0.0,4,0.010783
7288,0.275625,21707.77664399093,14987.40476190476,1.0,0.643298,0.786309,,,0.045105,0.111426,,,2,0.031306
7289,0.105,22162.446428571435,15401.392857142857,1.0,,1.710882,,,,0.242445,,,1,0.048489
7303,0.443125,-9395.034555712273,15354.167136812412,1.0,-0.166894,0.175726,,,0.0,0.024902,,,2,0.00498
7304,0.233125,-5263.167560321715,15194.467828418234,1.0,0.737077,-0.485599,0.920637,-1.264492,0.05168,0.0,0.093781,0.0,4,0.033781
7339,0.08625,32703.84782608696,15207.202898550724,1.0,,,2.937135,,,,0.299192,,1,0.074798
7365,0.201875,13727.5959752322,15042.063467492262,1.0,,-0.28038,-0.564223,2.350417,,0.0,0.0,0.10588,3,0.037058
7385,0.101875,21385.389570552143,15080.407975460124,1.0,0.59712,1.377716,,,0.041867,0.195233,,,2,0.04742
7412,0.1325,-12972.198113207549,15076.797169811323,1.0,,,-0.161312,2.18173,,,0.0,0.098281,2,0.034398
7446,0.10375,-1909.234939759037,14892.21686746988,1.0,4.99631,0.712879,1.721905,,0.350315,0.101021,0.175402,,3,0.134118
7482,0.673125,9491.236304549668,15496.739554317548,1.0,,,2.936946,,,,0.299173,,1,0.074793
7497,1.313125,-26064.63612565445,14762.791765825796,1.0,0.788601,-0.016673,1.899267,,0.055292,0.0,0.193469,,3,0.059426
7502,0.190625,21279.5,14691.975409836068,1.0,0.620578,0.296643,1.426349,,0.043512,0.042037,0.145295,,3,0.053434
7521,0.09,12539.77777777778,14889.909722222224,1.0,-0.605479,0.152004,-0.087378,0.600758,0.0,0.02154,0.0,0.027063,4,0.01378
7543,0.290625,32090.467741935485,15049.478494623658,1.0,0.510019,-1.375,1.268591,,0.03576,0.0,0.129225,,3,0.039458
7545,0.694375,-16460.76102610261,15219.424392439243,1.0,0.193872,0.039716,0.177231,,0.013593,0.005628,0.018054,,3,0.008358
7561,0.12625,-13730.202970297029,14531.316831683172,1.0,0.227011,,,,0.015917,,,,1,0.003183
7583,0.2425,-5511.389175257733,14651.337628865982,1.0,0.88172,0.679579,0.915056,,0.061821,0.096302,0.093212,,3,0.054928
7589,0.61625,-5845.606490872211,14309.348884381336,1.0,0.846698,0.320185,0.261494,1.002629,0.059366,0.045373,0.026637,0.045166,4,0.043415
7611,0.70625,-10031.407079646016,14985.566371681416,1.0,-0.196162,,0.736793,,0.0,,0.075054,,2,0.018764
7624,0.34125,3633.06227106227,14539.327838827838,1.0,-0.2255,-0.074318,-0.041458,-0.005601,0.0,0.0,0.0,0.0,4,0.0
7635,1.226875,-17506.447529291898,14726.913652572592,1.0,0.416094,0.006344,0.425973,,0.029174,0.000899,0.043392,,3,0.016863
7649,0.97125,-13135.28120978121,14245.850707850706,1.0,,-0.012702,1.587031,,,0.0,0.161663,,2,0.040416
7654,0.47375,32221.30079155673,14112.934036939318,1.0,0.180515,0.006818,1.720404,1.133243,0.012657,0.000966,0.175249,0.05105,4,0.064404
7664,0.549375,32402.57167235496,14602.035836177474,1.0,0.087223,0.021547,0.341279,0.028347,0.006116,0.003053,0.034764,0.001277,4,0.010972
7687,0.115625,23231.797297297293,14079.824324324323,1.0,0.57667,-0.738576,1.069545,4.780251,0.040433,0.0,0.108949,0.215338,4,0.110692
7751,1.82625,-377.80150581793714,14452.014373716633,1.0,-0.191098,-0.027016,0.040333,-0.042345,0.0,0.0,0.004109,0.0,4,0.001027
7755,0.1125,20990.61111111111,14198.555555555557,1.0,0.231053,-0.483688,0.905815,,0.0162,0.0,0.092271,,3,0.026308
7770,0.23,4231.157608695648,14283.040760869564,1.0,-0.248431,-0.046555,0.002091,-0.034797,0.0,0.0,0.000213,0.0,4,5.3e-05
7775,0.29375,-11251.98936170213,13780.5,1.0,0.551038,-0.10101,1.095101,,0.038636,0.0,0.111553,,3,0.035615
7790,0.5525,3834.483031674208,13929.685520361989,1.0,-0.244715,-0.06408,-0.017737,-0.068509,0.0,0.0,0.0,0.0,4,0.0
7808,0.195625,14648.062300319483,14088.99840255591,1.0,-0.092884,-0.007899,0.00027,0.077755,0.0,0.0,2.8e-05,0.003503,4,0.001233
7842,0.51125,35109.55501222494,13834.790953545236,1.0,-0.209161,-0.096989,-0.112814,-0.052383,0.0,0.0,0.0,0.0,4,0.0
7844,0.405625,-25522.03312788906,14037.749614791988,1.0,-0.741733,0.217684,0.532249,1.054503,0.0,0.030848,0.054218,0.047503,4,0.03635
7864,0.1225,36840.95408163265,13947.948979591838,1.0,-0.210008,-0.159928,0.004503,-0.043288,0.0,0.0,0.000459,0.0,4,0.000115
7876,0.79375,-2978.531496062991,13526.090551181103,1.0,0.136266,0.047874,0.473142,0.126546,0.009554,0.006784,0.048197,0.005701,4,0.017312
7893,0.6125,16718.8112244898,13498.790816326527,1.0,0.363903,-0.135629,0.626582,-0.304845,0.025515,0.0,0.063827,0.0,4,0.02106
7916,0.4275,488.9736842105267,13988.950292397658,1.0,-0.37661,-0.046472,-0.013236,-0.000478,0.0,0.0,0.0,0.0,4,0.0
7990,0.17875,11875.54895104895,13726.11188811189,1.0,-0.304838,-0.150243,0.075353,-0.030924,0.0,0.0,0.007676,0.0,4,0.001919
8001,0.288125,35806.71258134491,13772.896963123649,1.0,-0.178147,-0.073528,-0.044907,-0.026574,0.0,0.0,0.0,0.0,4,0.0
8035,0.418125,21469.529895366213,13701.060538116595,1.0,0.355773,0.304169,3.51652,,0.024945,0.043103,0.358211,,3,0.103162
8093,0.175625,-19446.40747330961,13141.069395017792,1.0,0.58429,-0.453067,-0.698676,-1.763704,0.040967,0.0,0.0,0.0,4,0.008193
8105,0.230625,31341.708672086723,13104.429539295394,1.0,0.442854,-0.109117,0.576757,-0.047376,0.031051,0.0,0.058751,0.0,4,0.020898
8107,0.1625,-25318.865384615383,13223.769230769234,1.0,,,,,,,,,0,0.0
8109,0.220625,-10168.34702549575,13592.21388101983,1.0,,0.029324,-2.839746,1.796279,,0.004155,0.0,0.080918,3,0.029152
8115,0.25625,10458.402439024394,12925.439024390244,1.0,-0.28192,-0.039932,0.150376,-0.012409,0.0,0.0,0.015318,0.0,4,0.00383
8118,0.18125,-12986.017241379312,13152.310344827583,1.0,0.124642,0.580892,1.862857,3.318408,0.008739,0.082317,0.18976,0.149485,4,0.117971
8119,0.864375,-11526.638828633404,13126.711135213303,1.0,1.06717,0.390126,0.835443,,0.074824,0.055284,0.085103,,3,0.047297
8120,0.08375,-6973.447761194031,13268.59701492537,1.0,0.703874,0.158879,-2.942547,,0.049352,0.022514,0.0,,3,0.014373
8128,0.11125,35877.30898876405,13340.106741573032,1.0,-0.255601,-0.082234,0.003226,-0.060278,0.0,0.0,0.000329,0.0,4,8.2e-05
8136,0.25,34372.125,13194.75,1.0,-0.280678,-0.102471,-0.004704,-0.034534,0.0,0.0,0.0,0.0,4,0.0
8137,0.904375,36501.05494125778,12590.68659295093,0.9661,-0.281941,-0.097907,0.024126,-0.013274,0.0,0.0,0.002458,0.0,4,0.000614
8148,0.1675,15596.235074626864,13060.667910447764,1.0,1.196816,0.171075,0.954995,-0.83645,0.083914,0.024243,0.097281,0.0,4,0.045952
8179,0.47375,-18465.77044854881,12865.803430079157,1.0,-0.015413,0.374874,0.11885,1.070677,0.0,0.053123,0.012107,0.048231,4,0.030532
8190,0.446875,16181.702797202794,13260.185314685315,1.0,0.150185,0.058504,0.374892,0.385385,0.01053,0.00829,0.038188,0.017361,4,0.019387
8208,0.36,33973.67534722222,13189.215277777776,1.0,-0.146955,-0.100769,0.008644,-0.013404,0.0,0.0,0.000881,0.0,4,0.00022
8209,0.78625,38583.06518282989,12923.512718600956,1.0,-0.212687,-0.048662,-0.009128,0.000449,0.0,0.0,0.0,2e-05,4,7e-06
8233,0.653125,18033.18421052632,12509.925837320574,1.0,-0.095549,1.621922,,,0.0,0.229839,,,2,0.045968
8236,1.10125,16.22814982973796,13181.303064699205,1.0,-0.262733,-0.063188,0.022533,-0.047026,0.0,0.0,0.002295,0.0,4,0.000574
8247,1.12375,17062.848164627358,12408.383759733042,0.9071,0.155066,,2.331447,,0.010872,,0.237493,,2,0.061548
8249,0.76125,25331.93021346469,12951.977832512312,1.0,-0.011917,-0.053772,-0.160882,-0.019683,0.0,0.0,0.0,0.0,4,0.0
8266,0.245625,-10092.039440203567,13030.016539440205,1.0,1.140382,0.802207,,1.533489,0.079957,0.113679,,0.06908,3,0.062905
8268,2.758125,-6665.801382279635,12691.83242692046,1.0,0.651762,-0.661765,0.907469,,0.045698,0.0,0.09244,,3,0.03225
8298,0.715,-3547.375,12748.861013986016,1.0,0.586299,0.355673,1.70702,,0.041108,0.050402,0.173886,,3,0.061774
8305,0.1875,-9878.333333333328,12724.5,1.0,-0.488722,,,,0.0,,,,1,0.0
8312,0.53875,18622.585846867754,12927.385150812064,1.0,0.594777,0.16443,0.088513,1.184242,0.041703,0.023301,0.009016,0.053347,4,0.033926
8315,0.155,39273.18951612903,12589.209677419356,1.0,-0.805033,0.197922,-0.157159,,0.0,0.028047,0.0,,3,0.005609
8381,1.505,22118.55107973421,12607.777823920267,1.0,0.580064,0.167725,0.651957,,0.040671,0.023768,0.066412,,3,0.029491
8384,0.085,-31443.69852941177,12448.294117647063,1.0,0.497742,-0.258328,0.233011,0.865164,0.034899,0.0,0.023736,0.038973,4,0.026554
8408,0.16375,22885.6641221374,12440.576335877864,1.0,-0.923343,1.104788,1.859944,,0.0,0.156557,0.189464,,3,0.078677
8415,0.278125,-5318.983146067418,12306.45505617978,1.0,0.764316,-0.1975,0.986895,,0.05359,0.0,0.10053,,3,0.03585
8420,0.13,16233.27403846154,12313.24038461539,1.0,0.283954,0.643077,,,0.019909,0.091129,,,2,0.022208
8422,0.59625,24629.033542976933,12472.171907756812,1.0,-0.172417,-0.136542,0.104759,0.067031,0.0,0.0,0.010671,0.00302,4,0.003725
8458,0.416875,-10425.237631184404,12403.311094452773,1.0,-0.42387,,2.519005,,0.0,,0.256599,,2,0.06415
8470,0.54375,-8353.373563218389,11685.442528735635,1.0,0.9,,5.921439,,0.063103,,0.603189,,2,0.163418
8475,0.1575,39000.88888888889,12179.666666666672,1.0,,,2.849372,,,,0.290252,,1,0.072563
8482,0.12125,25110.71134020618,12302.948453608244,1.0,-1.58459,0.318402,2.698143,,0.0,0.04512,0.274847,,3,0.077736
8486,0.088125,-23291.989361702126,12052.627659574464,1.0,0.740838,,,,0.051944,,,,1,0.010389
8499,1.053125,-8403.333827893177,12528.037091988132,1.0,0.530661,-0.676072,2.505541,,0.037207,0.0,0.255228,,3,0.071248
8503,0.800625,-11779.305620608897,12554.071428571428,1.0,0.44765,,2.906482,,0.031387,,0.29607,,2,0.080295
8508,0.10625,14655.5294117647,12015.5,1.0,1.485624,,,,0.104164,,,,1,0.020833
8525,0.93375,25561.548192771093,12153.19410977242,1.0,-1.31827,0.628382,0.882759,,0.0,0.089047,0.089922,,3,0.04029
8528,0.12625,39327.47029702971,12125.5,1.0,,,,,,,,,0,0.0
8582,0.4375,-10947.428571428572,11967.75,1.0,,-0.095289,2.169865,,,0.0,0.221034,,2,0.055258
8592,0.725,20913.89655172413,12023.043103448275,1.0,-1.790246,0.331965,1.896466,,0.0,0.047042,0.193184,,3,0.057704
8600,1.6875,-4523.981481481482,11578.518518518518,1.0,0.586114,0.295728,1.064171,,0.041095,0.041907,0.108402,,3,0.043701
8608,0.48125,-19219.62337662337,12317.155844155845,1.0,-0.147836,-0.442484,1.496097,1.057998,0.0,0.0,0.1524,0.04766,4,0.054781
8624,0.299375,38768.08037578288,11937.45198329854,1.0,,0.761552,0.850966,,,0.107918,0.086684,,2,0.043255
8631,0.53,12727.418632075469,12056.39622641509,1.0,-1.318393,0.986633,,,0.0,0.139814,,,2,0.027963
8639,0.355625,17530.431458699466,11756.25571177504,1.0,,1.186871,,,,0.168189,,,1,0.033638
8648,0.19125,20401.95098039216,11904.503267973858,1.0,,,2.585319,,,,0.263354,,1,0.065838
8664,1.354375,18671.385094600824,11697.235117674209,1.0,-0.348561,0.774065,,,0.0,0.109691,,,2,0.021938
8702,0.10375,33191.21686746988,11442.216867469884,1.0,,,,,,,,,0,0.0
8707,0.99875,40479.66270337922,11838.250312891112,1.0,,,1.062317,,,,0.108213,,1,0.027053
8714,0.091875,35552.901360544216,11812.74489795918,1.0,-0.024008,,,,0.0,,,,1,0.0
8754,0.321875,16997.800970873788,11650.2572815534,0.9553,-0.224654,,1.689084,,0.0,,0.172059,,2,0.043015
8771,0.3,14156.635416666664,11465.604166666672,1.0,0.030241,0.048099,0.24274,0.144503,0.00212,0.006816,0.024727,0.006509,4,0.010247
8797,0.150625,41074.08506224067,11383.798755186726,1.0,,1.61686,3.310629,,,0.229122,0.337238,,2,0.130134
8804,0.13125,-20488.95238095238,11451.928571428572,1.0,,-0.577166,1.071951,,,0.0,0.109195,,2,0.027299
8822,0.10375,15510.343373493984,11511.192771084336,1.0,,,,,,,,,0,0.0
8826,0.154375,-41806.77530364373,11371.653846153844,1.0,,,1.100656,8.535872,,,0.112119,0.384518,2,0.162611
8842,0.10625,21372.588235294126,11408.147058823532,1.0,-0.534342,0.090026,0.255945,0.217265,0.0,0.012757,0.026072,0.009787,4,0.012495
8871,0.4,24892.703125,11361.0859375,1.0,-0.077868,0.010133,0.015325,0.135735,0.0,0.001436,0.001561,0.006114,4,0.002817
8904,0.2825,-1469.194690265489,11301.219026548672,1.0,0.435045,0.498165,0.64445,,0.030503,0.070594,0.065647,,3,0.036631
8906,0.194375,12963.808681672024,11339.48713826367,1.0,-0.061122,-0.133057,0.147813,0.026402,0.0,0.0,0.015057,0.001189,4,0.00418
8908,0.345,18030.297101449272,11123.416666666672,1.0,0.032133,0.11781,-0.212681,1.316404,0.002253,0.016695,0.0,0.0593,4,0.024545
8929,0.8075,5144.817337461303,10898.700464396286,1.0,-0.198135,-0.072878,0.197836,0.279985,0.0,0.0,0.020153,0.012613,4,0.009453
8933,0.3175,21052.00984251968,11038.688976377956,1.0,-0.366509,0.276451,-0.279804,0.952515,0.0,0.039175,0.0,0.042908,4,0.022853
8941,0.570625,-8025.089266155534,11065.532858707556,1.0,0.534909,0.623413,0.740346,,0.037505,0.088343,0.075416,,3,0.044024
8945,0.159375,38964.009803921566,11120.69607843137,1.0,,1.564345,,,,0.22168,,,1,0.044336
8961,1.469375,19862.994257762657,11708.549766056996,1.0,-2.475741,0.077264,2.439005,,0.0,0.010949,0.24845,,3,0.064302
8971,0.391875,18910.70414673046,11039.21610845295,1.0,0.257974,0.416029,-0.268892,-2.204107,0.018088,0.058955,0.0,0.0,4,0.015409
8972,0.525625,19664.45243757432,10868.098097502974,1.0,-1.491679,-0.647059,,,0.0,0.0,,,2,0.0
8991,0.30625,-10222.336734693876,11132.744897959186,1.0,1.037208,1.154305,9.81689,,0.072723,0.163574,1.0,,3,0.297259
8995,0.18125,27264.75862068965,11008.948275862072,1.0,-0.218071,0.464749,0.398449,1.614261,0.0,0.065859,0.040588,0.072718,4,0.04877
9004,0.186875,-20397.65719063545,11015.55016722408,1.0,,-1.148103,2.919207,-0.319347,,0.0,0.297366,0.0,3,0.074342
9014,0.0875,22976.46428571429,11026.392857142857,1.0,-0.259424,0.317137,-0.078622,-0.487437,0.0,0.044941,0.0,0.0,4,0.008988
9018,0.3125,-23027.4,11055.700000000004,1.0,,-0.28905,1.927475,,,0.0,0.196343,,2,0.049086
9035,0.349375,21666.04740608229,10971.609123434704,1.0,-0.576087,0.248746,-0.031573,0.607184,0.0,0.035249,0.0,0.027352,4,0.016623
9036,0.89875,21839.22531293462,11514.877607788592,1.0,,0.666807,,,,0.094492,,,1,0.018898
9053,0.125625,42814.30099502487,11031.967661691546,1.0,,,1.291725,,,,0.131582,,1,0.032896
9064,0.13875,30623.37387387388,10721.108108108108,1.0,,1.612824,,,,0.22855,,,1,0.04571
9067,1.1725,-42560.694562899786,11115.758528784643,1.0,-0.766484,0.264964,1.306831,,0.0,0.037547,0.133121,,3,0.04079
9108,0.145,-6835.629310344826,10846.728448275862,1.0,0.758352,0.408194,0.261724,-1.152918,0.053172,0.057844,0.026661,0.0,4,0.028868
9112,0.72,24478.731770833343,10880.643229166672,1.0,0.030739,0.055596,0.089302,-0.00189,0.002155,0.007878,0.009097,0.0,4,0.004281
9130,0.23625,3506.3121693121648,10640.513227513227,1.0,0.298683,-0.172424,0.659117,0.950419,0.020942,0.0,0.067141,0.042814,4,0.035959
9134,1.311875,38616.05550262029,10987.505717008098,0.9571,,0.620291,0.956522,,,0.0879,0.097436,,2,0.041939
9135,0.08625,43532.47101449275,10689.992753623184,1.0,,,9.171806,,,,0.934288,,1,0.233572
9145,0.27,-3156.692129629628,10863.347222222226,1.0,0.787671,0.606597,0.201609,1.832905,0.055227,0.08596,0.020537,0.082567,4,0.06227
9148,1.521875,17288.760780287477,10708.898357289523,1.0,-0.81951,0.687519,,,0.0,0.097427,,,2,0.019485
9150,0.1225,25090.0612244898,10720.90816326531,1.0,,,,,,,,,0,0.0
9153,0.158125,-43399.41304347826,10776.092885375496,1.0,-0.079681,0.097406,2.157671,,0.0,0.013803,0.219792,,3,0.057709
9162,0.159375,26946.36274509804,10808.147058823532,1.0,0.648995,,5.722474,,0.045504,,0.582921,,2,0.154831
9174,0.12125,20267.02577319587,10695.345360824744,1.0,,1.036578,,,,0.146891,,,1,0.029378
9221,1.719375,18487.849691021445,10043.756997455472,0.9916,0.893786,2.732548,,,0.062667,0.387223,,,2,0.089978
9224,0.36125,27679.3875432526,10745.828719723184,1.0,-0.123837,0.201478,0.015917,-0.055505,0.0,0.028551,0.001621,0.0,4,0.006115
9227,1.16625,-42319.95337620579,10304.31832797428,1.0,0.023764,-1.354839,1.494092,-5.513356,0.001666,0.0,0.152196,0.0,4,0.038382
9247,0.1875,18282.833333333336,10629.083333333336,1.0,2.533566,3.33015,,,0.17764,0.471908,,,2,0.12991
9250,0.276875,-41079.33747178329,10361.335214446954,1.0,-0.019182,-0.519961,1.812563,-4.014639,0.0,0.0,0.184637,0.0,4,0.046159
9279,1.100625,3056.513060760932,10130.539750141965,1.0,-0.605255,0.149044,0.389598,0.542573,0.0,0.021121,0.039686,0.024441,4,0.0227
9280,0.319375,20514.91095890412,10229.364970645796,1.0,-0.138441,2.72033,,,0.0,0.385492,,,2,0.077098
9300,0.545,28449.95871559633,10348.8371559633,1.0,,1.391458,1.698795,,,0.19718,0.173048,,2,0.082698
9306,0.16125,29326.34108527132,10393.232558139534,1.0,3.326067,1.159404,0.789342,,0.233206,0.164297,0.080407,,3,0.099602
9326,0.21375,36392.40935672514,10423.087719298244,1.0,,,6.467306,,,,0.658794,,1,0.164698
9350,0.170625,-32405.35347985348,10160.206959706964,1.0,-0.201925,-0.061924,-0.051155,-0.100165,0.0,0.0,0.0,0.0,4,0.0
9358,0.09,-31270.465277777777,10397.375,1.0,0.385818,-0.616088,0.303202,0.696368,0.027051,0.0,0.030886,0.03137,4,0.024111
9375,0.31125,19827.56224899598,10276.202811244975,1.0,0.520956,1.845788,,,0.036527,0.261563,,,2,0.059618
9378,0.339375,31217.087476979752,10320.15930018416,1.0,,1.265721,3.109312,,,0.179363,0.316731,,2,0.115055
9433,0.218125,-40985.52865329513,9998.136103151868,1.0,0.400588,-0.377788,0.981911,0.633299,0.028087,0.0,0.100023,0.028528,4,0.040608
9441,0.9525,30184.26049868765,9585.063648293966,1.0,0.609881,,5.05,,0.042762,,0.51442,,2,0.137157
9453,0.2125,27696.41176470589,10106.08823529412,1.0,,1.382622,1.880121,,,0.195928,0.191519,,2,0.087065
9467,0.123125,36047.3426395939,10034.383248730965,1.0,,,5.132605,,,,0.522834,,1,0.130708
9481,1.88875,25353.26406353408,10136.858371939115,0.9983,0.436631,1.293131,2.429398,,0.030614,0.183247,0.247471,,3,0.10464
9492,0.356875,25837.503502626976,9750.718914185636,0.7986,,,2.167039,,,,0.220746,,1,0.055186
9495,0.136875,-42465.56849315069,9752.554794520547,1.0,-0.126491,0.057834,0.72655,0.330817,0.0,0.008196,0.07401,0.014902,4,0.025357
9509,0.7375,-10838.953389830507,10083.529661016952,1.0,1.111432,0.733405,,,0.077928,0.103929,,,2,0.036371
9545,0.183125,20072.45221843003,9778.315699658706,1.0,0.367685,0.350576,0.158397,0.054651,0.02578,0.049679,0.016135,0.002462,4,0.019987
9600,1.56,29365.175080128203,9461.788060897436,0.9471,1.160141,,4.271555,,0.081343,,0.435123,,2,0.125049
9611,0.601875,22644.671339563865,9594.606957424716,0.999,-0.171312,0.175342,0.142573,0.09168,0.0,0.024847,0.014523,0.00413,4,0.010046
9639,1.848125,37067.80402434901,9038.021136286778,1.0,-0.268551,-0.128808,0.12918,0.056766,0.0,0.0,0.013159,0.002557,4,0.004185
9661,0.555,-14066.181306306304,9608.917792792796,1.0,0.664519,,,,0.046593,,,,1,0.009319
9682,1.38,24154.41394927536,9864.83423913044,0.976,0.049233,-0.003068,0.172091,-0.118448,0.003452,0.0,0.01753,0.0,4,0.005073
9703,0.953125,-8030.270491803276,9043.614754098358,1.0,0.071571,,0.86,,0.005018,,0.087604,,2,0.022905
9708,0.56125,36019.099109131406,9546.96436525612,1.0,-0.27941,-0.131219,0.257526,0.05179,0.0,0.0,0.026233,0.002333,4,0.007375
9710,0.77375,42163.7972536349,9674.086429725365,1.0,,,2.032617,,,,0.207053,,1,0.051763
9714,0.27,-16611.4375,9661.495370370372,1.0,0.531346,0.415617,0.951317,-0.51286,0.037255,0.058896,0.096906,0.0,4,0.043457
9718,0.17375,19014.24820143885,9548.07194244604,1.0,,0.726431,-0.077764,,,0.102941,0.0,,2,0.020588
9719,0.379375,27503.618616144973,9655.07166392092,1.0,0.595908,,,,0.041782,,,,1,0.008356
9720,0.143125,28157.25109170306,9656.613537117904,1.0,0.17931,-0.024168,1.381417,,0.012572,0.0,0.140718,,3,0.037694
9725,1.334375,-8801.75292740047,9970.019906323185,1.0,-0.066025,0.623776,1.118721,,0.0,0.088394,0.113959,,3,0.046169
9736,0.368125,32270.51018675721,9535.474533106955,1.0,,,1.499181,,,,0.152714,,1,0.038178
9737,0.145,37711.24568965517,9401.46982758621,0.7457,-0.002866,-0.001015,0.016263,-0.074039,0.0,0.0,0.001657,0.0,4,0.000414
9772,0.103125,-2379.742424242424,9375.196969696968,1.0,,,,,,,,,0,0.0
9782,0.1375,-14999.590909090912,9152.659090909088,1.0,-1.642617,,,,0.0,,,,1,0.0
9807,0.195625,-33856.33067092652,9099.940894568696,1.0,0.152875,0.139841,-0.072884,0.16239,0.010719,0.019817,0.0,0.007315,4,0.008667
9809,0.288125,-5014.43709327549,9378.26572668113,1.0,0.346299,0.137469,0.009337,0.797404,0.024281,0.01948,0.000951,0.035921,4,0.021562
9837,0.449375,27832.149513212804,9126.125869262862,1.0,0.448432,,,,0.031442,,,,1,0.006288
9885,0.26625,37418.98356807513,8985.476525821592,0.9742,-0.849334,-0.006223,0.077153,0.094723,0.0,0.0,0.007859,0.004267,4,0.003458
9897,0.135625,37928.6474654378,9092.66589861751,0.7373,-0.121419,-0.099049,-0.064662,-0.081425,0.0,0.0,0.0,0.0,4,0.0
9920,0.71625,23717.89005235601,8856.826352530537,0.9476,,,3.594767,,,,0.366182,,1,0.091546
9941,1.15,-10275.119565217392,9523.543478260872,1.0,0.110276,0.495345,1.546404,,0.007732,0.070194,0.157525,,3,0.054966
9992,0.393125,-9029.236089030208,8662.701907790142,1.0,,,,,,,,,0,0.0
9997,0.6175,18780.674089068823,9160.874493927127,1.0,0.406412,-0.087629,1.144226,,0.028495,0.0,0.116557,,3,0.034838
9999,0.2575,20859.39077669903,8842.126213592237,1.0,,,,,,,,,0,0.0
10003,0.58375,39959.24304068522,8636.233404710918,1.0,,-0.132544,0.756761,,,0.0,0.077088,,2,0.019272
10057,0.801875,20396.88893219018,9184.13211223694,1.0,,,2.974347,,,,0.302983,,1,0.075746
10065,0.128125,-30593.18292682927,8671.719512195123,1.0,-0.170805,-0.033998,-0.043162,0.106191,0.0,0.0,0.0,0.004784,4,0.001674
10074,0.171875,-33661.13636363637,8562.409090909088,1.0,-0.068284,0.038066,-0.059442,0.090952,0.0,0.005394,0.0,0.004097,4,0.002513
10090,0.2475,26021.59595959596,8598.164141414141,1.0,,,,,,,,,0,0.0
10091,0.09875,29325.1329113924,8625.0253164557,1.0,0.027529,0.25483,0.536148,-0.861769,0.00193,0.036111,0.054615,0.0,4,0.021262
10101,0.22125,25132.9745762712,8587.505649717517,1.0,,0.070064,0.332824,,,0.009929,0.033903,,2,0.010462
10103,0.21,-42445.51488095238,8701.020833333328,1.0,0.668478,0.320926,-1.04442,,0.04687,0.045478,0.0,,3,0.01847
10112,0.154375,25559.41902834008,8478.435222672066,1.0,-0.125139,0.355247,0.605447,,0.0,0.050341,0.061674,,3,0.025487
10151,0.159375,4475.2843137254895,8333.539215686273,1.0,-0.236391,-0.071683,0.052866,-0.013355,0.0,0.0,0.005385,0.0,4,0.001346
10155,0.139375,-41673.48206278027,8565.522421524664,1.0,0.456876,-0.109576,-1.622906,,0.032034,0.0,0.0,,3,0.006407
10169,0.09375,20442.83333333333,8407.166666666664,1.0,0.418328,-0.09564,-0.163871,0.948384,0.029331,0.0,0.0,0.042722,4,0.020819
10189,0.109375,-42081.07142857143,8386.5,1.0,0.439971,-0.15227,-1.394711,,0.030848,0.0,0.0,,3,0.00617
10234,1.54625,-19072.003637833463,8546.8116410671,1.0,0.258571,-0.392975,0.616965,,0.01813,0.0,0.062847,,3,0.019338
10240,0.250625,39850.310473815465,8054.053615960103,1.0,0.220504,-0.149481,1.138831,,0.015461,0.0,0.116007,,3,0.032094
10250,0.399375,-41363.95852895149,8397.526604068858,1.0,0.168944,-0.088361,-0.789126,2.411996,0.011845,0.0,0.0,0.108654,4,0.040398
10264,0.29625,35762.0,8434.466244725743,1.0,,,0.313622,,,,0.031947,,1,0.007987
10385,0.103125,31987.378787878784,7993.227272727272,1.0,2.529687,,4.519608,,0.177368,,0.460391,,2,0.150571
10386,0.130625,33464.09330143541,8012.342105263153,1.0,0.987998,,,,0.069273,,,,1,0.013855
10387,0.08625,39275.58695652174,7904.485507246376,1.0,-0.309482,-0.1309,0.015722,-0.021431,0.0,0.0,0.001602,0.0,4,0.0004
10415,1.00375,-18362.984433374844,7827.352428393526,1.0,0.648041,,,,0.045437,,,,1,0.009087
10444,0.225625,-19165.389196675897,7586.303324099717,1.0,-0.212099,1.89103,,,0.0,0.267974,,,2,0.053595
10501,0.533125,25280.478898007044,7412.106096131298,1.0,,,,,,,,,0,0.0
10503,0.456875,32996.285225718195,7702.312585499319,1.0,,,,,,,,,0,0.0
10515,0.39125,25629.89137380192,7814.397763578272,0.8578,-0.008881,0.469168,,,0.0,0.066485,,,2,0.013297
10657,0.341875,-7972.712065813524,6969.42138939671,1.0,,,2.25272,,,,0.229474,,1,0.057368
10704,0.113125,25286.654696132595,6904.919889502766,1.0,,0.785564,-5.037397,,,0.111321,0.0,,2,0.022264
10718,0.269375,-44315.69721577726,6758.098607888634,1.0,0.142215,-0.054647,-0.028571,,0.009971,0.0,0.0,,3,0.001994
10753,0.55875,19242.900447427288,7314.314317673379,0.8389,,,,,,,,,0,0.0
10761,0.1625,-34628.480769230766,6966.653846153844,1.0,-0.08948,-0.076629,-0.033909,0.069254,0.0,0.0,0.0,0.00312,4,0.001092
10771,0.264375,43738.68439716313,7187.970449172579,1.0,1.183945,,,,0.083012,,,,1,0.016602
10790,0.12,43503.66666666666,6918.9895833333285,1.0,,,8.620017,,,,0.87808,,1,0.21952
10803,1.135,33238.61068281939,6418.313876651984,0.9626,1.855033,,,,0.130065,,,,1,0.026013
10806,0.458125,-25301.01159618008,6690.745566166443,1.0,,0.652052,1.311752,,,0.092401,0.133622,,2,0.051886
10854,0.08125,36614.884615384624,6922.807692307695,1.0,3.897822,,,0.067315,0.273294,,,0.003032,2,0.05572
10934,0.768125,32244.8213995118,6662.176159479255,0.9577,,,,,,,,,0,0.0
10986,0.163125,26303.52298850575,6604.714559386972,0.9272,0.124469,-0.025462,-0.030777,0.031458,0.008727,0.0,0.0,0.001417,4,0.002241
10987,0.125625,33684.57462686568,6379.604477611938,1.0,14.262354,,1.699151,0.944166,1.0,,0.173084,0.042532,3,0.258157
11002,0.375625,-24040.59983361065,6500.832778702163,1.0,,0.839769,2.580821,,,0.119002,0.262896,,2,0.089524
11008,0.205,39604.75914634146,6295.850609756097,1.0,,,,,,,,,0,0.0
11029,0.445625,31091.330294530155,6217.154978962135,1.0,,1.410019,,,,0.199811,,,1,0.039962
11054,0.096875,37965.467741935485,6221.629032258061,1.0,1.155123,,,,0.080991,,,,1,0.016198
11060,0.32375,33938.49613899614,6161.310810810814,0.9556,,,,,,,,,0,0.0
11074,0.63375,28487.41913214989,6550.105522682447,1.0,0.011387,-0.004082,0.072934,-0.148001,0.000798,0.0,0.007429,0.0,4,0.002017
11084,0.10125,40050.11728395062,6217.01234567901,1.0,,,,,,,,,0,0.0
11101,0.25,31881.25,5940.0625,1.0,,,,,,,,,0,0.0
11110,0.863125,26518.833816075305,5896.734612599568,1.0,2.021247,2.098795,,,0.141719,0.297416,,,2,0.087827
11112,0.81125,41162.0,5896.956086286591,1.0,,,,,,,,,0,0.0
11147,0.26875,-30059.162790697672,6035.965116279069,1.0,-0.259515,-0.076589,0.085312,0.057381,0.0,0.0,0.00869,0.002585,4,0.003077
11159,0.080625,39691.94186046512,6054.375968992244,1.0,0.457908,,0.810871,,0.032106,,0.0826,,2,0.027071
11257,0.33375,30707.73970037453,5558.037453183526,1.0,0.790553,,1.568064,,0.055429,,0.159731,,2,0.051019
11258,0.349375,31365.28711985689,5869.730769230766,1.0,,,4.283688,6.265101,,,0.436359,0.282226,2,0.207869
11270,0.291875,35671.5556745182,5899.108137044968,1.0,,,,,,,,,0,0.0
11301,0.4125,39176.81060606061,5778.265151515152,1.0,-0.520932,0.084518,0.018712,1.727891,0.0,0.011977,0.001906,0.077837,4,0.030115
11306,0.215,-20468.23255813953,5453.625,0.6308,0.729767,,,0.643648,0.051167,,,0.028995,2,0.020382
11321,0.2125,34030.67647058822,5594.691176470587,1.0,,0.682548,,,,0.096722,,,1,0.019344
11333,0.174375,42657.29569892473,5479.71146953405,1.0,,,4.495106,,,,0.457895,,1,0.114474
11352,0.26,-20051.28125,5506.870192307688,1.0,0.318037,-0.291105,,0.408855,0.022299,0.0,,0.018418,3,0.010906
11381,0.88,27713.3671875,5798.884232954544,1.0,1.175646,,,,0.08243,,,,1,0.016486
11438,1.10375,28786.377123442813,5405.936013590035,1.0,-0.073516,0.155059,1.818146,,0.0,0.021973,0.185206,,3,0.050696
11460,0.484375,39078.14516129032,5288.080645161288,0.969,-0.125756,-0.046509,-0.007103,0.009422,0.0,0.0,0.0,0.000424,4,0.000148
11559,1.78875,26077.959119496853,4220.363731656187,0.9619,0.520216,0.133198,,,0.036475,0.018875,,,2,0.01107
11634,0.33875,-4378.313653136531,4484.771217712179,1.0,-0.037784,0.028447,-0.154661,0.572049,0.0,0.004031,0.0,0.025769,4,0.009825
11661,0.32625,39721.00383141762,4801.649425287353,1.0,-0.567367,-0.13393,0.412514,,0.0,0.0,0.042021,,3,0.010505
11778,0.156875,-42807.27290836653,4248.408366533862,1.0,-0.736308,-0.307295,1.350123,,0.0,0.0,0.137531,,3,0.034383
11833,0.12125,41171.79381443298,4216.737113402065,1.0,0.749335,,1.698234,,0.052539,,0.172991,,2,0.053756
11869,0.518125,25596.03196622437,3917.538600723769,1.0,,0.857014,,,,0.121446,,,1,0.024289
11881,0.188125,42394.35049833887,3761.131229235878,1.0,-0.020655,,,,0.0,,,,1,0.0
11898,0.27,31241.050925925927,4023.2430555555534,1.0,-0.818746,0.288246,0.30372,,0.0,0.040847,0.030939,,3,0.015904
11927,0.19,-43723.11513157895,3825.74671052632,1.0,-0.003665,1.427305,-0.093779,,0.0,0.20226,0.0,,3,0.040452
11939,1.043125,36877.51078490114,3413.366986219291,1.0,,,,,,,,,0,0.0
11943,0.1025,-30271.53658536585,3791.658536585368,1.0,-0.32957,-0.085044,0.006073,0.015131,0.0,0.0,0.000619,0.000682,4,0.000393
11955,0.12875,-4497.22330097088,3783.873786407763,1.0,0.222635,-0.487448,0.392591,-0.201165,0.01561,0.0,0.039991,0.0,4,0.01312
11964,0.27875,4871.0246636771335,3570.7354260089705,1.0,-0.257304,-0.045255,0.079498,0.019476,0.0,0.0,0.008098,0.000877,4,0.002331
11972,0.23875,33993.08638743455,3720.198952879582,1.0,-0.27816,0.519811,0.185517,0.367372,0.0,0.073661,0.018898,0.016549,4,0.025249
11994,0.434375,26748.13309352517,3636.147482014392,0.8691,-0.952408,-0.17499,0.108805,-1.141831,0.0,0.0,0.011083,0.0,4,0.002771
11996,0.16125,39113.5503875969,3702.5348837209312,1.0,0.429087,-0.835246,1.603732,,0.030085,0.0,0.163365,,3,0.046858
12006,0.474375,-15128.036231884056,3199.347167325432,0.8854,0.921435,,1.726126,,0.064606,,0.175832,,2,0.056879
12012,0.554375,27830.9261555806,3249.372604284108,1.0,-0.239362,0.495822,0.935231,,0.0,0.070262,0.095268,,3,0.037869
12013,0.19125,30818.04575163398,3586.6928104575127,1.0,-1.653314,-0.480889,0.283797,,0.0,0.0,0.028909,,3,0.007227
12056,0.1825,-41590.39726027397,3518.993150684932,1.0,0.198073,0.182552,-1.238095,-1.521779,0.013888,0.025869,0.0,0.0,4,0.007951
12057,0.083125,-40929.44736842105,3547.3045112781983,1.0,-0.455006,-0.252518,-0.592795,-0.832954,0.0,0.0,0.0,0.0,4,0.0
12091,0.5,38845.71875,3213.5625,1.0,0.765045,,,,0.053641,,,,1,0.010728
12094,0.131875,11763.007109004742,3261.4004739336524,1.0,,,1.727663,,,,0.175989,,1,0.043997
12130,0.2525,28221.59158415842,3025.561881188114,1.0,0.456891,0.185625,,,0.032035,0.026305,,,2,0.011668
12139,1.29375,39969.04106280193,2620.016908212565,1.0,0.350114,6.032787,,,0.024548,0.854893,,,2,0.175888
12157,0.88,28703.9921875,3029.867897727272,0.9347,0.158924,0.950955,0.979607,,0.011143,0.134758,0.099788,,3,0.054127
12164,0.164375,39396.36311787073,3265.5190114068464,1.0,0.53143,,,,0.037261,,,,1,0.007452
12167,0.304375,-15848.44661190965,3047.625256673513,1.0,0.797079,,1.108426,,0.055887,,0.11291,,2,0.039405
12191,0.155,40415.62903225806,3281.951612903227,1.0,-0.170522,,,,0.0,,,,1,0.0
12252,0.241875,-4504.440568475453,2982.347545219636,1.0,0.388423,-0.109111,0.295659,,0.027234,0.0,0.030117,,3,0.012976
12264,2.288125,30051.316443594653,2687.8190385140697,1.0,0.419347,,0.373043,,0.029402,,0.038,,2,0.01538
12265,0.25125,38664.611940298506,2732.340796019904,1.0,0.821584,2.815901,0.279636,,0.057605,0.399035,0.028485,,3,0.098449
12269,0.109375,-4254.785714285717,2821.2142857142826,1.0,0.71975,-0.043334,-0.068041,22.198878,0.050465,0.0,0.0,1.0,4,0.360093
12271,1.703125,24035.46330275229,3364.490825688073,1.0,,0.644753,-0.009135,,,0.091367,0.0,,2,0.018273
12317,0.36625,11622.025597269623,2911.2081911262794,0.8038,,,2.721099,,,,0.277185,,1,0.069296
12321,0.45375,25764.823691460057,2655.871900826445,1.0,0.864173,,2.277335,,0.060591,,0.231981,,2,0.070113
12422,0.16,32740.61328125,2300.59765625,1.0,,,,,,,,,0,0.0
12423,0.158125,33148.80830039526,2305.5395256916963,1.0,1.255499,,,,0.088029,,,,1,0.017606
12448,0.380625,-42119.13711001642,1915.319376026273,1.0,-0.316343,0.089159,-0.399189,1.172091,0.0,0.012635,0.0,0.0528,4,0.021007
12480,0.188125,-15428.988372093025,1988.2076411960152,1.0,0.876257,,,,0.061438,,,,1,0.012288
12488,0.166875,-12586.267790262173,2268.38389513109,0.9176,,,,,,,,,0,0.0
12499,0.0825,-33420.38636363637,2194.439393939392,1.0,-0.24076,-0.082917,-0.018641,-0.006398,0.0,0.0,0.0,0.0,4,0.0
12520,0.0875,-29888.89285714286,1999.0714285714275,1.0,-0.530025,-0.09166,0.012927,0.259161,0.0,0.0,0.001317,0.011675,4,0.004415
12537,0.115,13362.543478260872,2023.4619565217365,1.0,,1.291202,,,,0.182973,,,1,0.036595
12550,0.149375,31378.26569037656,1835.12343096234,1.0,0.68411,7.056773,,,0.047966,1.0,,,2,0.209593
12553,0.231875,-43978.667115902965,1999.4218328841016,1.0,-0.075559,0.023038,-0.151536,1.14312,0.0,0.003265,0.0,0.051494,4,0.018676
12612,0.1525,22858.41393442624,1692.9180327868817,1.0,,,1.638968,,,,0.166954,,1,0.041738
12620,0.171875,43511.86363636363,1659.045454545456,1.0,0.416537,,,,0.029205,,,,1,0.005841
12643,0.09625,-14133.12987012987,1697.0909090909045,1.0,0.335727,,1.346726,,0.023539,,0.137185,,2,0.039004
12669,0.6575,31917.08555133079,1697.363117870722,1.0,,,,,,,,,0,0.0
12671,0.183125,-42793.07679180888,1295.3805460750882,1.0,0.019366,0.150216,0.473776,0.618742,0.001358,0.021287,0.048261,0.027873,4,0.02635
12681,0.525,24398.33928571429,1647.732142857145,1.0,,,,,,,,,0,0.0
12711,1.574375,-14973.316593886462,1342.3221516474805,1.0,0.68206,,1.622772,,0.047822,,0.165304,,2,0.05089
12713,0.313125,-44428.743512974055,1173.454091816362,1.0,-0.474444,-0.049027,0.233206,4.728551,0.0,0.0,0.023756,0.213009,4,0.080492
12727,0.20375,-38060.23926380368,1024.503067484664,1.0,0.266168,-0.154681,0.443694,0.797079,0.018662,0.0,0.045197,0.035906,4,0.027599
12757,0.560625,-43809.251393534,936.508918617612,1.0,0.02604,-0.318805,0.403359,,0.001826,0.0,0.041088,,3,0.010637
12758,1.12625,-40467.0371809101,1688.6243063263028,1.0,-0.325172,0.036932,0.264626,0.94549,0.0,0.005234,0.026956,0.042592,4,0.022693
12790,0.1275,42636.75490196078,1120.23039215686,1.0,,,,,,,,,0,0.0
12802,0.889375,-41755.875966268446,1277.7663387210123,1.0,0.272242,-0.423875,0.19332,0.747751,0.019088,0.0,0.019693,0.033684,4,0.02053
12835,1.14375,-41701.10109289618,470.6775956284182,1.0,0.076862,-0.231174,1.281959,,0.005389,0.0,0.130587,,3,0.033725
12843,0.983125,29015.79052765417,983.6055308327996,1.0,2.502267,,,,0.175446,,,,1,0.035089
12900,0.3875,40981.35483870968,660.7419354838712,1.0,,,,,,,,,0,0.0
12924,0.08,30780.5546875,645.421875,1.0,,,,,,,,,0,0.0
12925,0.183125,32466.05290102388,363.8959044368603,1.0,,,,,,,,,0,0.0
12935,0.145,24879.887931034493,443.7112068965507,1.0,,,,,,,,,0,0.0
12942,0.300625,27548.82432432432,481.113305613304,1.0,2.003708,,,,0.140489,,,,1,0.028098
12947,0.481875,43934.77885862517,891.6802853437111,1.0,,,,,,,,,0,0.0
12985,0.549375,26120.40443686006,595.4374288964755,0.81,2.065552,,,,0.144825,,,,1,0.028965
13008,0.451875,28250.295297372068,490.1957123098255,1.0,,,,,,,,,0,0.0
13024,0.3425,-42467.42518248176,204.468978102188,1.0,-0.105055,-0.258436,3.699216,,0.0,0.0,0.376822,,3,0.094206
13043,1.868125,32968.059718969555,134.1316493810591,1.0,,,,,,,,,0,0.0
13055,1.883125,-39553.0307002987,156.74792565549433,1.0,-0.526573,-0.097862,0.478845,0.210225,0.0,0.0,0.048778,0.00947,4,0.015509
13098,0.088125,29779.46453900709,68.76241134751763,1.0,,,,,,,,,0,0.0
13099,1.011875,40893.61673872761,-92.72112415071024,1.0,,,,,,,,,0,0.0
13115,0.186875,-40852.84113712375,-104.93478260869595,1.0,-0.647985,-0.538332,0.795979,1.180658,0.0,0.0,0.081083,0.053185,4,0.038886
13141,0.670625,-43002.38723205964,80.95200372787076,1.0,-0.397636,-0.358633,1.114708,,0.0,0.0,0.11355,,3,0.028388
13146,0.31125,41350.905622489954,-356.07630522087857,1.0,,,,,,,,,0,0.0
13159,0.905,27131.941298342543,-86.896408839777,1.0,,,,,,,,,0,0.0
13163,0.138125,-22329.798642533937,-394.6357466063346,1.0,0.813736,1.177245,1.759519,,0.057055,0.166825,0.179234,,3,0.089585
13174,2.513125,34153.73402138772,-292.5925142999258,1.0,,,,,,,,,0,0.0
13179,0.159375,15717.931372549014,-222.73529411765048,1.0,,,,,,,,,0,0.0
13180,0.140625,34930.05555555555,-319.277777777781,1.0,,,,,,,,,0,0.0
13201,0.0975,-42341.84615384616,-327.3846153846098,1.0,-0.29184,-1.661497,-0.097332,-0.894071,0.0,0.0,0.0,0.0,4,0.0
13202,0.331875,-40657.562146892655,-593.4265536723178,1.0,-1.105479,-0.395902,-0.0001,0.365704,0.0,0.0,0.0,0.016474,4,0.005766
13214,0.169375,-41081.865313653136,-479.942804428043,1.0,-4.435432,-1.538716,-0.033261,-0.164982,0.0,0.0,0.0,0.0,4,0.0
13245,0.100625,-41785.59316770187,-612.2329192546604,1.0,-1.570463,-0.719431,0.093724,0.071849,0.0,0.0,0.009547,0.003237,4,0.00352
13273,0.166875,40074.5,-763.6385767790271,1.0,,,,,,,,,0,0.0
13290,0.165,29399.405303030304,-927.625,1.0,,,,,,,,,0,0.0
13332,0.215,41344.34011627907,-992.450581395351,1.0,,,,,,,,,0,0.0
13341,0.44,45016.154829545456,-994.741477272728,1.0,,,,,,,,,0,0.0
13358,0.14875,40533.53361344538,-987.105042016803,1.0,,,,,,,,,0,0.0
13361,0.439375,-41104.69630156472,-1150.8513513513462,1.0,-0.087721,0.193303,-0.182493,0.188928,0.0,0.027393,0.0,0.008511,4,0.008457
13365,0.191875,40891.11237785016,-1207.48045602606,1.0,,,,,,,,,0,0.0
13462,0.133125,-41238.17605633803,-1642.8098591549278,1.0,0.345235,,-0.067674,,0.024206,,0.0,,2,0.004841
13470,1.050625,33275.80874479476,-1606.579119571681,1.0,,,,,,,,,0,0.0
13500,0.459375,32379.5,-1632.7312925170045,1.0,,,,,,,,,0,0.0
13517,0.2325,-29885.983870967742,-1773.7607526881693,1.0,-0.172808,-0.084245,0.005599,0.007117,0.0,0.0,0.00057,0.000321,4,0.000255
13583,0.3275,-40451.12022900763,-2251.2175572519045,1.0,-0.560355,-0.086566,-0.013352,-1.222222,0.0,0.0,0.0,0.0,4,0.0
13593,0.394375,-38250.93581616482,-2129.492076069735,1.0,-0.335372,-0.19295,0.001228,-1.396591,0.0,0.0,0.000125,0.0,4,3.1e-05
13602,0.100625,30550.43167701864,-2045.462732919252,1.0,,,,,,,,,0,0.0
13603,0.16375,31402.83969465649,-1786.2366412213742,1.0,,-0.226322,,-16.826457,,0.0,,0.0,2,0.0
13608,0.25,31924.0625,-1900.1875,1.0,,-1.170474,,,,0.0,,,1,0.0
13631,0.178125,40093.62280701754,-1727.5701754385957,1.0,,,-1.573638,,,,0.0,,1,0.0
13632,0.16625,40723.27819548872,-1946.8684210526333,1.0,0.592172,,,,0.04152,,,,1,0.008304
13637,0.2775,-39649.43018018018,-2029.454954954956,1.0,-0.13475,-0.18751,-0.667943,-3.203025,0.0,0.0,0.0,0.0,4,0.0
13683,0.900625,-23941.894864677302,-1776.8074253990271,1.0,1.163889,2.400363,0.836442,,0.081606,0.34015,0.085204,,3,0.105652
13699,0.20375,-43397.509202453984,-2303.0276073619607,1.0,0.113445,-1.060767,0.678855,,0.007954,0.0,0.069152,,3,0.018879
13707,0.889375,-40127.09873506676,-2678.066408995081,1.0,-0.36314,0.10193,0.281518,-2.111555,0.0,0.014444,0.028677,0.0,4,0.010058
13732,0.143125,41699.93668122271,-2503.866812227076,1.0,,,,,,,,,0,0.0
13798,0.35625,40425.72807017545,-2846.0350877192977,1.0,,1.145123,,,,0.162273,,,1,0.032455
13807,1.34875,24742.72289156627,-2869.9355885078767,1.0,,-0.107036,,,,0.0,,,1,0.0
13833,0.08375,24332.70895522388,-2773.567164179105,1.0,,1.139266,,,,0.161443,,,1,0.032289
13866,0.119375,-39570.78795811519,-2923.1910994764403,1.0,-0.191517,-0.103586,-0.025664,0.281606,0.0,0.0,0.0,0.012686,4,0.00444
13883,0.134375,-29453.988372093023,-3219.5,1.0,-0.169396,-0.124481,0.048976,0.073385,0.0,0.0,0.004989,0.003306,4,0.002404
13898,1.598125,26147.270825185755,-3422.25127102073,1.0,,,,,,,,,0,0.0
13918,0.376875,-39941.5447761194,-3258.662520729682,1.0,0.089543,0.124098,0.40571,0.042823,0.006278,0.017586,0.041328,0.001929,4,0.01578
13950,0.09125,-40839.3698630137,-3348.3013698630166,1.0,0.35014,-0.024881,0.029593,-2.285837,0.02455,0.0,0.003014,0.0,4,0.005664
13963,0.08,17704.1875,-3494.03125,0.8984,,0.712355,,,,0.100946,,,1,0.020189
13973,0.125,-42558.875,-3310.0,1.0,-0.308085,0.04765,-0.176418,-0.206759,0.0,0.006752,0.0,0.0,4,0.00135
14030,0.138125,-41151.970588235294,-3557.5316742081413,1.0,0.123951,-0.331644,-0.179839,,0.008691,0.0,0.0,,3,0.001738
14034,0.319375,27346.66242661448,-3380.4197651663417,1.0,,,,1.658957,,,,0.074732,1,0.026156
14046,0.4775,-43268.0719895288,-3591.7447643979103,1.0,0.354453,-0.957584,0.408037,,0.024852,0.0,0.041565,,3,0.015362
14052,0.0975,40639.08333333334,-3629.948717948719,1.0,,,,,,,,,0,0.0
14119,0.651875,-40428.66395014382,-3806.043624161073,1.0,-0.135301,0.013227,0.636306,,0.0,0.001874,0.064817,,3,0.016579
14135,0.1275,7247.049019607846,-4093.004901960783,1.0,,0.154031,,1.920375,,0.021827,,0.086508,2,0.034643
14136,0.085,22345.63970588235,-3969.9044117647054,1.0,,,,,,,,,0,0.0
14140,0.685,-39571.91879562044,-3782.255474452555,1.0,0.402096,0.118958,-0.200766,-1.020843,0.028193,0.016857,0.0,0.0,4,0.00901
14155,0.381875,9855.10556464811,-3956.251227495908,1.0,,0.250625,,,,0.035516,,,1,0.007103
14169,0.74875,-41765.79632721202,-3751.6285475792974,1.0,0.442383,-0.114275,0.471847,,0.031018,0.0,0.048065,,3,0.01822
14234,0.600625,-29816.108740894902,-3938.417793964618,1.0,-0.428653,-0.033194,0.050637,0.05375,0.0,0.0,0.005158,0.002421,4,0.002137
14243,0.14625,7248.858974358969,-4484.756410256407,1.0,,0.868375,,,,0.123056,,,1,0.024611
14249,0.233125,9838.172922252008,-4620.009383378012,1.0,0.732449,,,0.582474,0.051355,,,0.026239,2,0.019455
14289,0.220625,9562.88526912182,-4370.179886685553,1.0,,1.124728,,4.469713,,0.159383,,0.201349,2,0.102349
14298,0.165625,-41609.08490566038,-4422.8962264150905,1.0,0.293099,0.396296,0.555434,0.830816,0.020551,0.056158,0.056579,0.037426,4,0.042586
14329,0.29125,-41264.44849785408,-4634.5321888412,1.0,-0.693894,0.16153,0.364489,0.241948,0.0,0.02289,0.037129,0.010899,4,0.017675
14364,0.203125,-9305.192307692305,-4638.653846153844,1.0,0.554694,-1.790591,-0.02161,-0.323703,0.038892,0.0,0.0,0.0,4,0.007778
14368,0.158125,35938.92687747035,-4676.27865612648,1.0,,,,,,,,,0,0.0
14387,0.595,24402.49369747899,-4906.537815126052,0.9937,,,,,,,,,0,0.0
14396,0.16875,5712.648148148153,-5221.444444444445,1.0,0.083724,0.627801,,,0.00587,0.088964,,,2,0.018967
14404,0.10375,-39260.43975903615,-4993.777108433729,1.0,,-0.429899,1.080572,,,0.0,0.110073,,2,0.027518
14425,0.149375,7409.541841004182,-4863.307531380749,1.0,1.162329,,,,0.081496,,,,1,0.016299
14436,0.674375,-41494.84661723818,-5363.633456904543,1.0,,-0.521826,0.325564,,,0.0,0.033164,,2,0.008291
14454,0.215,34804.73255813954,-4821.811046511626,1.0,,,,,,,,,0,0.0
14485,0.304375,-40872.471252566735,-4998.832648870637,1.0,,-1.187254,0.533866,,,0.0,0.054382,,2,0.013596
14498,0.210625,-43872.08753709199,-5054.767062314539,1.0,,-0.096226,0.521716,-1.724762,,0.0,0.053145,0.0,3,0.013286
14524,0.14125,39803.26106194689,-5235.451327433628,1.0,,,,,,,,,0,0.0
14533,0.15375,-41875.29674796748,-5291.674796747968,1.0,,-0.485714,,,,0.0,,,1,0.0
14553,0.24875,7084.675879396978,-5211.057788944723,1.0,-0.657434,1.098632,,,0.0,0.155685,,,2,0.031137
14567,0.1,43229.65625,-5339.8125,1.0,1.089397,0.827873,,,0.076383,0.117316,,,2,0.03874
14628,0.379375,-40307.7899505766,-5392.292421746293,1.0,,-2.105892,0.952711,,,0.0,0.097048,,2,0.024262
14665,0.100625,-26826.74223602485,-5876.208074534159,1.0,0.664185,0.439433,,,0.046569,0.062271,,,2,0.021768
14668,0.389375,25614.989566613163,-5925.503210272873,1.0,0.035714,,,,0.002504,,,,1,0.000501
14679,0.248125,7113.039042821161,-5868.3287153652345,1.0,,1.143466,,,,0.162038,,,1,0.032408
14692,0.098125,39241.6974522293,-5685.168789808915,1.0,,1.232039,-0.102014,,,0.17459,0.0,,2,0.034918
14707,0.2475,7892.808080808085,-6084.8535353535335,1.0,,2.070686,1.204334,,,0.293432,0.12268,,2,0.089356
14711,0.285,-40667.44078947369,-5683.54605263158,1.0,-0.285301,0.008133,-0.375304,-2.145191,0.0,0.001153,0.0,0.0,4,0.000231
14720,0.1175,26213.329787234048,-5796.973404255325,1.0,1.015846,,,,0.071226,,,,1,0.014245
14732,0.163125,-41802.89463601533,-5915.879310344826,1.0,-0.187483,0.092903,-0.789859,0.191547,0.0,0.013165,0.0,0.008629,4,0.005653
14734,0.335625,-26203.432960893857,-6021.194599627561,1.0,0.528885,0.212843,0.164384,,0.037083,0.030162,0.016745,,3,0.017635
14742,0.319375,-43027.06555772994,-5786.82876712329,1.0,0.531808,-0.187549,-0.186465,,0.037288,0.0,0.0,,3,0.007458
14750,0.180625,-41129.47923875433,-5889.119377162628,1.0,0.234059,0.12616,-0.836747,,0.016411,0.017878,0.0,,3,0.006858
14756,0.21375,-25222.429824561405,-6040.508771929817,1.0,0.517197,0.398793,-0.100309,0.659951,0.036263,0.056512,0.0,0.029729,4,0.02896
14769,0.329375,-26596.79981024668,-6299.025616698295,1.0,0.545049,0.209459,-0.080439,0.991109,0.038216,0.029682,0.0,0.044647,4,0.029206
14783,0.29,35449.06896551725,-6095.728448275862,1.0,,,,,,,,,0,0.0
14803,0.14125,-42512.22566371682,-6140.982300884956,1.0,-1.544067,-0.002728,-0.451192,2.084119,0.0,0.0,0.0,0.093884,4,0.032859
14805,0.48125,7442.8441558441555,-6196.058441558445,1.0,-1.855974,2.328717,0.750903,,0.0,0.329997,0.076491,,3,0.085122
14810,0.14875,36345.29831932773,-6083.113445378149,1.0,,,,,,,,,0,0.0
14820,0.67125,23467.4469273743,-5883.159217877095,1.0,,,,,,,,,0,0.0
14829,0.335625,27956.203910614524,-6173.848230912474,1.0,,,,,,,,,0,0.0
14837,0.1325,8236.764150943396,-6357.518867924533,1.0,,1.508741,-2.361111,,,0.2138,0.0,,2,0.04276
14846,0.086875,-2751.0395683453244,-6217.485611510791,1.0,-0.162358,-0.053543,0.009395,0.153404,0.0,0.0,0.000957,0.00691,4,0.002658
14848,0.220625,40670.60481586402,-6271.950424929186,1.0,,,,,,,,,0,0.0
14873,0.2625,35013.25,-6734.321428571435,1.0,,,,,,,,,0,0.0
14886,0.2625,-41267.04761904762,-6342.53571428571,1.0,-0.386782,0.068331,0.049472,0.348742,0.0,0.009683,0.005039,0.01571,4,0.008695
14891,0.90375,26645.506224066383,-6140.699861687412,1.0,1.019502,,,,0.071482,,,,1,0.014296
14895,0.31,-25089.5120967742,-6473.189516129038,1.0,0.31382,-0.100769,0.731723,-0.904619,0.022003,0.0,0.074537,0.0,4,0.023035
14906,0.28,10147.267857142857,-6792.915178571435,1.0,,,,,,,,,0,0.0
14910,0.093125,-42661.57382550336,-6392.117449664431,1.0,0.184602,0.158812,-0.289002,0.293348,0.012943,0.022505,0.0,0.013215,4,0.011715
14933,0.309375,8057.631313131307,-6783.641414141413,1.0,,,,,,,,,0,0.0
14946,0.78875,-43419.87400950872,-6408.354992076071,1.0,-0.814429,0.182257,-0.059229,1.353936,0.0,0.025827,0.0,0.060991,4,0.026512
14960,0.49,-42937.330357142855,-6843.409438775503,1.0,0.364256,-0.000599,-0.322273,1.005022,0.02554,0.0,0.0,0.045274,4,0.020954
14980,0.49625,40348.838790932,-6706.710327455912,1.0,,,,,,,,,0,0.0
14992,0.108125,41810.91618497109,-6677.96820809249,1.0,,,,,,,,,0,0.0
15008,0.113125,9844.113259668506,-6876.571823204416,1.0,,,1.201555,,,,0.122397,,1,0.030599
15010,0.084375,-40574.759259259255,-6795.2407407407445,1.0,-0.108777,0.344301,-1.322455,,0.0,0.04879,0.0,,3,0.009758
15015,0.625625,35754.91958041958,-6962.012487512489,1.0,,,,,,,,,0,0.0
15056,0.73875,27516.547377326555,-6835.096446700503,1.0,,,0.959088,,,,0.097698,,1,0.024424
15082,0.626875,-42023.9297108674,-7097.206879361918,1.0,0.368463,0.075742,-0.205382,0.078822,0.025835,0.010733,0.0,0.003551,4,0.008556
15104,0.088125,32622.54964539007,-7040.634751773054,1.0,,,-0.024974,,,,0.0,,1,0.0
15107,0.09375,-44645.333333333336,-7177.666666666664,1.0,-0.212098,0.395173,,,0.0,0.055999,,,2,0.0112
15118,0.54875,34453.05922551252,-6754.625284738038,1.0,-0.473988,,,,0.0,,,,1,0.0
15119,0.116875,41511.66577540107,-6943.350267379683,1.0,,,,,,,,,0,0.0
15141,0.218125,-43689.32521489971,-7146.849570200575,1.0,0.196958,0.341398,-0.338073,-0.329506,0.01381,0.048379,0.0,0.0,4,0.012438
15206,0.08875,7057.950704225354,-7406.3661971831025,1.0,0.708699,0.819221,,,0.04969,0.11609,,,2,0.033156
15212,0.156875,35937.04980079681,-7588.743027888449,1.0,,,,,,,,,0,0.0
15213,0.3225,40631.08914728682,-7746.980620155031,1.0,1.785603,,,,0.125197,,,,1,0.025039
15216,0.68625,-43002.594717668486,-7453.689435336979,1.0,0.159657,0.023183,1.348553,-5.362832,0.011194,0.003285,0.137371,0.0,4,0.037239
15261,0.935625,34206.96492985972,-7554.493319973277,1.0,,,,,,,,,0,0.0
15278,0.550625,32434.403518728723,-7803.586265607257,1.0,,,,,,,,,0,0.0
15285,1.356875,25383.70082911101,-7324.3502994012015,1.0,,,4.088872,,,,0.416514,,1,0.104128
15324,0.38625,6621.708737864079,-7673.205501618118,1.0,0.599944,0.502717,,,0.042065,0.071239,,,2,0.022661
15326,0.1825,-42963.25684931507,-7863.969178082196,1.0,,-0.499264,1.186722,-4.364706,,0.0,0.120886,0.0,3,0.030222
15357,0.29875,34791.39330543933,-8022.041841004182,1.0,,,,2.097318,,,,0.094479,1,0.033068
15378,1.5875,28185.01181102362,-7387.364173228343,1.0,,,,,,,,,0,0.0
15393,0.466875,31835.6780455154,-7849.935073627843,1.0,,1.963422,,,,0.278232,,,1,0.055646
15474,0.1575,29160.21428571429,-8096.523809523809,1.0,2.120981,2.128332,,,0.148712,0.301601,,,2,0.090063
15491,0.136875,25389.340182648404,-8123.929223744286,1.0,,1.635659,,,,0.231786,,,1,0.046357
15494,0.436875,36664.41416309013,-8163.627324749643,1.0,1.129734,,0.916393,,0.079211,,0.093349,,2,0.039179
15527,0.165,24975.636363636368,-8232.265151515152,1.0,,2.229489,,,,0.315936,,,1,0.063187
15536,0.101875,32529.25460122699,-8466.064417177913,1.0,2.740821,,3.263017,,0.192172,,0.332388,,2,0.121531
15544,0.195625,29384.40415335464,-8331.20926517572,1.0,,,,,,,,,0,0.0
15548,1.36375,-42871.82218148487,-8135.395967002747,1.0,1.079665,-1.403518,0.916009,,0.0757,0.0,0.093309,,3,0.038467
15562,3.0725,35344.50610252237,-8567.522782750202,1.0,,,0.842105,,,,0.085781,,1,0.021445
15570,0.115,26871.510869565216,-8358.467391304352,1.0,,,,,,,,,0,0.0
15595,0.438125,29807.59557774608,-8785.840941512128,1.0,,,,,,,,,0,0.0
15599,0.65875,-42299.64611005693,-8514.893738140418,1.0,0.781468,-2.281672,,-0.106351,0.054792,0.0,,0.0,3,0.010958
15625,0.181875,25657.231958762888,-8471.235395189004,1.0,,,,,,,,,0,0.0
15641,0.200625,34864.29750778816,-8593.736760124615,1.0,,,0.979417,1.447236,,,0.099769,0.065194,2,0.04776
15647,0.11375,30533.153846153844,-8681.780219780216,1.0,,,,,,,,,0,0.0
15648,0.20125,36919.142857142855,-8702.838509316767,1.0,-0.521684,-0.094567,0.170359,-0.738588,0.0,0.0,0.017354,0.0,4,0.004338
15654,0.1625,-22012.903846153848,-8675.461538461539,1.0,-0.146642,-0.070626,0.008557,0.052078,0.0,0.0,0.000872,0.002346,4,0.001039
15678,0.209375,-43204.90298507463,-8809.5,1.0,6.687345,-1.269556,,,0.468881,0.0,,,2,0.093776
15693,0.0825,36589.27272727272,-8747.037878787873,1.0,,0.033124,0.263744,-1.416393,,0.004694,0.026866,0.0,3,0.007655
15701,0.115,24958.875,-8757.108695652176,1.0,,,,,,,,,0,0.0
15703,0.258125,-17125.742130750605,-8467.599273607746,1.0,0.44783,0.898968,-0.045201,,0.031399,0.127391,0.0,,3,0.031758
15714,0.2025,39330.518518518526,-8729.746913580246,1.0,-0.71334,0.283095,0.582897,0.061175,0.0,0.040117,0.059377,0.002756,4,0.023832
15739,0.11375,-43583.46703296703,-8944.005494505494,1.0,1.904092,-0.167427,-0.009649,,0.133505,0.0,0.0,,3,0.026701
15755,2.859375,26274.18306010929,-8772.390710382511,1.0,,,,,,,,,0,0.0
15756,0.08375,37785.13432835821,-9014.611940298506,1.0,0.019972,,,,0.0014,,,,1,0.00028
15777,0.09,-16465.777777777777,-9164.430555555557,1.0,0.474437,-1.07765,0.22097,1.856303,0.033265,0.0,0.022509,0.083621,4,0.041548
15855,0.68625,29206.763205828785,-9390.938979963576,1.0,,-0.469342,,,,0.0,,,1,0.0
15869,0.1125,38745.88888888889,-9398.805555555557,1.0,,1.062802,7.184919,,,0.150607,0.731894,,2,0.213095
15882,0.43375,40040.566282420754,-9670.033141210375,1.0,,,,,,,,,0,0.0
15922,0.085625,36554.97445255474,-9652.96715328467,1.0,,1.218873,,,,0.172724,,,1,0.034545
16012,0.226875,25408.86639118458,-9670.849862258954,1.0,0.608749,,,,0.042682,,,,1,0.008536
16026,1.136875,41519.24986256185,-9900.79191863662,1.0,,,,,,,,,0,0.0
16062,0.154375,39098.08299595141,-10139.682186234815,1.0,,,,3.621469,,,,0.163137,1,0.057098
16067,0.193125,35335.34142394822,-10239.872168284784,1.0,,,,,,,,,0,0.0
16076,0.264375,34887.02955082743,-9922.313238770686,1.0,,,,,,,,,0,0.0
16089,0.219375,35889.457264957266,-10220.867521367516,1.0,,,,,,,,,0,0.0
16107,0.28875,38356.80519480519,-10197.66017316017,1.0,,,,,,,,,0,0.0
16135,0.3175,39522.67913385827,-10033.309055118116,1.0,,,,,,,,,0,0.0
16139,0.288125,37582.68872017354,-10138.05748373102,1.0,1.925453,,,,0.135002,,,,1,0.027
16145,0.294375,41831.29405520171,-10763.884288747351,1.0,,,,,,,,,0,0.0
16166,2.075625,26721.270551038848,-10474.2591087022,1.0,,,,,,,,,0,0.0
16170,0.235,37265.32446808511,-10534.273936170212,1.0,,,,,,,,,0,0.0
16190,0.68625,23249.841530054648,-10717.874316939888,1.0,,,,,,,,,0,0.0
16199,0.426875,41183.65080527087,-10551.769399707176,1.0,,,,,,,,,0,0.0
16201,0.303125,21144.5,-10744.13917525774,1.0,,1.014415,,,,0.143751,,,1,0.02875
16206,0.8975,40502.32033426185,-10529.722841225625,1.0,,,,,,,,,0,0.0
16224,0.31375,39261.551792828686,-10645.316733067724,1.0,,,,,,,,,0,0.0
16241,0.143125,-8401.482532751092,-10718.823144104805,1.0,-0.184118,-0.129701,0.077187,0.014822,0.0,0.0,0.007863,0.000668,4,0.0022
16256,0.28125,37696.38888888889,-10663.333333333328,1.0,,1.596595,,,,0.22625,,,1,0.04525
16316,0.189375,27203.70792079208,-11073.42739273928,1.0,,,,,,,,,0,0.0
16350,0.303125,39419.60309278351,-11415.221649484534,1.0,,,,,,,,,0,0.0
16385,0.084375,38717.0925925926,-11364.5,1.0,,,,,,,,,0,0.0
16394,0.138125,41082.87104072399,-11209.228506787324,1.0,,,,,,,,,0,0.0
16403,0.36,42350.75868055555,-11411.869791666664,1.0,1.306556,,,,0.091609,,,,1,0.018322
16444,0.081875,35576.40839694657,-11561.713740458012,1.0,,,,,,,,,0,0.0
16466,0.439375,28032.181365576107,-11628.909672830729,1.0,,,,,,,,,0,0.0
16524,0.094375,38446.68543046358,-11863.407284768213,1.0,1.88042,,,,0.131845,,,,1,0.026369
16531,0.525,21550.035714285725,-12354.619047619051,1.0,,,,,,,,,0,0.0
16603,0.08875,34825.73239436619,-12161.471830985916,1.0,,,,,,,,,0,0.0
16614,0.220625,38755.803116147305,-12143.48016997167,1.0,,,,,,,,,0,0.0
16640,0.125625,21819.524875621893,-12085.19651741293,1.0,,,,,,,,,0,0.0
16723,0.468125,-36440.353137516686,-12428.972630173565,1.0,0.125015,0.122227,0.373103,0.407309,0.008765,0.017321,0.038006,0.018348,4,0.02114
16797,0.101875,-36663.38343558282,-12778.180981595098,1.0,1.006024,,2.762084,,0.070537,,0.28136,,2,0.084447
16879,0.101875,-123.81288343558845,-12997.506134969328,0.454,,,,,,,,,0,0.0
17161,0.6125,-32339.658163265307,-13765.877551020414,1.0,0.311229,-0.15428,-0.00661,0.280321,0.021822,0.0,0.0,0.012628,4,0.008784
17207,0.23,-31488.339673913044,-13930.75,1.0,0.170813,-0.013541,0.383945,0.758921,0.011976,0.0,0.039111,0.034187,4,0.024138
17307,0.084375,-12976.055555555557,-14465.7962962963,1.0,-0.030445,-0.006352,0.113159,0.031751,0.0,0.0,0.011527,0.00143,4,0.003382
17327,0.19875,18488.02201257862,-14627.723270440256,1.0,,,1.017841,,,,0.103683,,1,0.025921
17360,0.366875,18067.0468483816,-14310.019591141398,1.0,,,7.461999,,,,0.760118,,1,0.19003
17418,0.178125,18986.166666666664,-14794.412280701748,1.0,,1.355078,0.680362,,,0.192025,0.069305,,2,0.055731
17426,0.16,21400.37890625,-14771.1796875,1.0,,1.357396,2.949143,,,0.192354,0.300415,,2,0.113575
17562,0.855,19656.29824561404,-15715.36257309941,1.0,,,,,,,,,0,0.0
17586,1.09875,18703.15472127418,-15478.965301478958,1.0,,-0.271916,,,,0.0,,,1,0.0
17662,0.119375,18142.03926701571,-15571.489528795812,1.0,,,,,,,,,0,0.0
17730,0.21,-8945.886904761901,-15837.297619047618,1.0,0.483525,-0.193373,,,0.033902,0.0,,,2,0.00678
17765,0.17,3571.926470588238,-15912.643382352937,1.0,0.739598,1.573709,,,0.051857,0.223007,,,2,0.054973
17796,0.31125,23911.698795180724,-15762.0,1.0,,,,,,,,,0,0.0
17851,0.435,-8321.297413793101,-15789.550287356324,1.0,0.667504,-0.132806,,,0.046802,0.0,,,2,0.00936
17872,0.285625,16191.34901531729,-16085.933260393867,1.0,,0.381072,,,,0.054001,,,1,0.0108
17885,0.088125,32065.812056737588,-16344.890070921989,1.0,,,,,,,,,0,0.0
17943,0.106875,31663.535087719298,-16469.96783625731,1.0,1.809365,,,,0.126863,,,,1,0.025373
17949,0.596875,20307.798429319373,-16581.280104712037,1.0,,,,,,,,,0,0.0
17966,0.278125,37456.01685393258,-16219.050561797754,1.0,,,-3.159537,,,,0.0,,1,0.0
18071,0.091875,-7565.806122448979,-17006.642857142855,1.0,,1.612903,,,,0.228561,,,1,0.045712
18124,0.109375,15824.5,-16898.071428571428,1.0,,,,,,,,,0,0.0
18135,0.243125,-10707.376606683809,-17106.8264781491,1.0,1.111959,,,,0.077965,,,,1,0.015593
18141,0.081875,22454.46183206106,-16909.423664122143,1.0,,1.454766,,,,0.206152,,,1,0.04123
18153,2.568125,24057.257361888536,-16933.023971769282,1.0,,,,,,,,,0,0.0
18154,0.32375,27777.78185328185,-17082.270270270274,1.0,,,,,,,,,0,0.0
18209,0.0925,29394.0945945946,-17132.608108108107,1.0,,,,,,,,,0,0.0
18220,0.2025,21227.58641975309,-17213.08024691358,1.0,,,,,,,,,0,0.0
18263,0.126875,25072.16009852217,-17342.357142857145,1.0,,,,,,,,,0,0.0
18277,0.188125,-17500.33388704319,-17325.911960132893,1.0,-1.506316,0.782989,,,0.0,0.110956,,,2,0.022191
18317,0.49625,24642.47858942065,-17467.226700251886,1.0,,,,,,,,,0,0.0
18366,0.26,17093.370192307688,-17493.189903846156,1.0,2.253215,,,,0.157983,,,,1,0.031597
18378,0.18625,22298.9966442953,-17819.13087248322,1.0,,,,,,,,,0,0.0
18404,0.2525,23105.873762376228,-17631.55445544554,1.0,,,,,,,,,0,0.0
18494,0.1325,-29815.830188679247,-18172.96698113207,1.0,0.211414,0.636349,0.386754,,0.014823,0.090176,0.039397,,3,0.030849
18599,0.088125,18528.75531914893,-18221.66312056737,1.0,,,0.257851,,,,0.026266,,1,0.006566
18647,0.08125,16498.92307692307,-18236.03846153846,1.0,1.053061,,-0.91656,,0.073835,,0.0,,2,0.014767
18932,0.085625,-32701.22992700729,-19316.288321167885,1.0,0.092542,-0.115663,0.247628,-0.077507,0.006489,0.0,0.025225,0.0,4,0.007604
18961,1.26875,10518.7118226601,-18837.689655172413,1.0,,,,,,,,,0,0.0
18970,0.115,14905.206521739128,-19128.84782608696,1.0,,,0.989051,,,,0.10075,,1,0.025188
18972,0.561875,-29610.51112347052,-19309.45550611792,1.0,0.063129,-0.313516,1.184745,,0.004426,0.0,0.120684,,3,0.031056
18981,0.153125,25119.19387755102,-19506.84693877552,1.0,,,,,,,,,0,0.0
19032,0.481875,24818.04734111544,-19131.43904020752,1.0,1.584314,,-0.916993,,0.111084,,0.0,,2,0.022217
19118,0.106875,8917.043859649115,-19831.51754385965,1.0,1.857247,,1.307059,,0.13022,,0.133144,,2,0.05933
19245,0.31125,9382.88353413654,-19894.78112449799,1.0,,,1.257267,,,,0.128072,,1,0.032018
19270,1.92375,-33398.57504873294,-19630.047433398307,1.0,0.072633,-0.044581,-0.134291,0.589699,0.005093,0.0,0.0,0.026564,4,0.010316
19299,0.24125,-31689.10103626943,-20193.08808290155,1.0,0.076469,-0.170352,0.020798,-0.224177,0.005362,0.0,0.002119,0.0,4,0.001602
19320,0.236875,24505.040897097628,-20339.671503957783,1.0,,,,,,,,,0,0.0
19394,0.209375,-32865.94776119403,-20398.604477611952,1.0,0.073755,-0.110001,-0.070662,0.04075,0.005171,0.0,0.0,0.001836,4,0.001677
19430,0.140625,7121.833333333336,-20623.83333333333,1.0,,-0.422701,-6.678444,,,0.0,0.0,,2,0.0
19447,1.446875,-31727.508639308857,-20889.921166306696,1.0,-0.005217,-0.438668,-0.878812,,0.0,0.0,0.0,,3,0.0
19608,1.41375,19794.703359858533,-20838.17152961981,1.0,,,,,,,,,0,0.0
19676,0.87,2580.6961206896594,-20962.08979885057,1.0,0.334642,,-4.69066,4.945038,0.023463,,0.0,0.222761,3,0.082659
19701,0.121875,-31166.52564102564,-21277.705128205125,1.0,-0.839047,,-1.539997,,0.0,,0.0,,2,0.0
19774,0.953125,-3375.7131147541004,-21934.336065573763,1.0,-0.160885,-0.04485,-0.679949,1.091307,0.0,0.0,0.0,0.04916,4,0.017206
19776,0.22625,9504.679558011048,-21402.19337016574,1.0,,0.63074,4.020906,,,0.089381,0.409591,,2,0.120274
19797,0.27125,10086.769585253453,-21206.873271889403,1.0,,,,,,,,,0,0.0
19814,0.339375,2915.15377532228,-21428.50552486188,1.0,-0.856363,-1.908845,,,0.0,0.0,,,2,0.0
19826,0.134375,8576.01162790697,-21814.03488372093,1.0,,0.891979,,,,0.1264,,,1,0.02528
19849,0.150625,-32693.86099585062,-21342.65352697096,1.0,-1.105847,-1.494633,-0.690009,,0.0,0.0,0.0,,3,0.0
19861,0.454375,-30773.196011004125,-21434.781980742773,1.0,-0.631675,-1.929541,-0.703583,3.997892,0.0,0.0,0.0,0.180094,4,0.063033
19866,1.4425,5482.905545927213,-21849.153379549403,1.0,,0.440299,,,,0.062394,,,1,0.012479
19946,0.201875,22431.69814241485,-21790.98606811145,1.0,,,2.164852,,,,0.220523,,1,0.055131
19955,0.243125,20914.795629820044,-21694.230077120825,1.0,,,4.568569,,,,0.465378,,1,0.116344
19964,0.280625,3130.290645879737,-21941.482182628068,1.0,-2.626607,0.876496,,7.459848,0.0,0.124206,,0.336046,3,0.142457
19970,0.739375,-28518.1246830093,-21882.276838546062,1.0,0.01978,0.542667,0.504438,-1.303392,0.001387,0.0769,0.051385,0.0,4,0.028504
19983,0.2675,1924.091121495323,-21511.64953271029,1.0,-0.955591,,2.735321,,0.0,,0.278634,,2,0.069658
20005,1.27,1419.6279527559018,-21495.53838582677,1.0,-0.574334,-1.044094,,,0.0,0.0,,,2,0.0
20014,0.223125,-32078.37114845938,-22155.87254901961,1.0,0.111689,0.564415,0.356006,-0.647351,0.007831,0.079982,0.036265,0.0,4,0.026629
20087,0.12125,-14362.097938144332,-22034.551546391755,1.0,-0.257486,-0.078012,-0.032075,0.024468,0.0,0.0,0.0,0.001102,4,0.000386
20100,0.959375,-33845.190553745924,-22195.363192182413,1.0,-0.076375,0.341134,0.213482,-0.502069,0.0,0.048341,0.021746,0.0,4,0.015105
20143,0.133125,-28357.894366197183,-22384.12441314553,1.0,,0.422794,0.563049,,,0.059913,0.057355,,2,0.026321
20253,0.125625,-36356.843283582086,-22648.13184079602,1.0,-0.316684,1.812225,0.437286,0.66191,0.0,0.256806,0.044544,0.029817,4,0.072933
20254,0.556875,-32601.67845117845,-22487.12626262626,1.0,-0.06772,0.772214,0.411768,-0.218447,0.0,0.109429,0.041945,0.0,4,0.032372
20270,0.233125,-26594.46782841823,-22401.44369973192,1.0,0.650586,1.108025,-0.103296,,0.045616,0.157016,0.0,,3,0.040526
20302,0.13,26954.54807692308,-22643.490384615376,1.0,0.750638,,,,0.052631,,,,1,0.010526
20335,0.144375,-32679.720779220777,-22916.166666666657,1.0,-0.039536,0.253537,-0.817366,0.048668,0.0,0.035928,0.0,0.002192,4,0.007953
20353,0.3075,-34764.37195121951,-22988.47357723578,1.0,0.124283,0.052231,-0.249272,0.462831,0.008714,0.007402,0.0,0.020849,4,0.01052
20387,1.60625,-25750.94747081712,-23140.122568093386,1.0,,0.170966,-5.49732,,,0.024227,0.0,,2,0.004845
20451,2.14125,-33812.46001167542,-23246.8292469352,1.0,0.004525,0.04109,-0.811726,0.204775,0.000317,0.005823,0.0,0.009225,4,0.004457
20457,0.25875,202.2777777777737,-23020.333333333343,0.57,,,,,,,,,0,0.0
20469,0.16125,-1876.468992248061,-23282.25193798449,1.0,-0.335674,-0.166327,,,0.0,0.0,,,2,0.0
20497,0.4025,6667.745341614907,-23230.28416149068,1.0,-0.039118,,,,0.0,,,,1,0.0
20678,0.16875,-33896.61111111111,-23832.0,1.0,0.03006,-0.299773,-0.607867,0.7823,0.002108,0.0,0.0,0.035241,4,0.012756
20716,0.2825,-26776.772123893803,-23830.584070796467,1.0,,,2.804808,,,,0.285712,,1,0.071428
20721,0.2125,3060.161764705881,-23712.95588235295,1.0,0.541608,,,,0.037975,,,,1,0.007595
20722,0.08125,4294.884615384617,-23862.76923076924,1.0,0.038104,,0.937898,,0.002672,,0.095539,,2,0.024419
20802,0.313125,-32255.58982035928,-24146.75548902196,1.0,-0.471466,-0.245506,-0.496049,1.259361,0.0,0.0,0.0,0.056731,4,0.019856
20807,0.77125,1583.0696920583505,-23779.99027552674,1.0,0.597246,,,,0.041876,,,,1,0.008375
20818,0.248125,-26784.69395465995,-24352.77455919396,1.0,-2.671605,0.115953,1.358915,,0.0,0.016431,0.138426,,3,0.037893
20824,0.22125,13432.97457627119,-24106.844632768363,1.0,,,0.811376,,,,0.082651,,1,0.020663
20830,0.213125,-27162.01026392962,-24292.755131964805,1.0,-3.341741,,1.685884,,0.0,,0.171733,,2,0.042933
20942,0.079375,-1431.0118110236217,-24446.94094488189,1.0,-0.082943,,1.145131,,0.0,,0.116649,,2,0.029162
20949,0.85625,28929.90145985401,-24643.93430656934,1.0,,,,,,,,,0,0.0
20996,0.365,-27642.494863013697,-24836.443493150684,1.0,-0.366079,0.359649,1.570463,,0.0,0.050965,0.159976,,3,0.050187
21007,0.260625,-33129.03717026379,-24488.28896882494,1.0,-0.043549,-0.580673,-0.441965,,0.0,0.0,0.0,,3,0.0
21038,0.989375,-4306.48547062539,-24769.856917245736,1.0,0.535309,0.359105,,,0.037533,0.050888,,,2,0.017684
21095,0.2175,-27062.6408045977,-24849.42816091953,1.0,,,1.198007,,,,0.122035,,1,0.030509
21112,0.24875,-37425.5,-25024.43718592965,1.0,-2.729717,0.115911,-1.190195,,0.0,0.016425,0.0,,3,0.003285
21129,1.22125,5555.155066530191,-24569.190378710337,1.0,,,,,,,,,0,0.0
21159,0.0875,-6679.785714285717,-24991.82142857142,1.0,0.736598,,,,0.051646,,,,1,0.010329
21278,0.115,-28167.07608695652,-25233.19565217392,1.0,,0.175819,1.659778,,,0.024915,0.169074,,2,0.047252
21282,0.739375,13608.988588334738,-25388.32079459002,1.0,,,,,,,,,0,0.0
21301,0.145625,29881.474248927043,-25317.0965665236,1.0,,,-0.110698,,,,0.0,,1,0.0
21392,0.2925,-36279.13247863248,-25706.92521367522,1.0,-0.019252,0.175602,-0.12617,,0.0,0.024884,0.0,,3,0.004977
21394,0.5125,-25930.13414634146,-25516.35975609756,1.0,1.064115,,,,0.07461,,,,1,0.014922
21423,0.645,14987.21802325581,-25937.67829457364,1.0,1.657952,,,,0.116247,,,,1,0.023249
21476,0.314375,-33679.47614314115,-25839.01292246522,1.0,0.241081,-0.673318,2.33437,,0.016903,0.0,0.237791,,3,0.062828
21477,0.395625,-23281.22669826224,-25574.77646129542,1.0,0.875862,1.303219,1.184324,,0.061411,0.184676,0.120641,,3,0.079378
21501,0.106875,-32721.40643274854,-25824.5,1.0,0.092434,-1.079348,1.635608,,0.006481,0.0,0.166612,,3,0.042949
21549,0.518125,-35669.61942098914,-25942.232207478883,1.0,0.870359,0.68038,1.10241,,0.061025,0.096415,0.112297,,3,0.059562
21553,0.170625,97.4853479853482,-26350.873626373635,0.2967,,,,,,,,,0,0.0
21555,0.146875,15537.478723404252,-26150.56382978724,1.0,0.819559,,2.803828,,0.057463,,0.285613,,2,0.082896
21568,0.175,16123.964285714284,-26260.57142857142,1.0,0.522841,,2.125698,,0.036659,,0.216535,,2,0.061466
21651,1.220625,16555.081157194058,-26487.710445468503,1.0,0.82991,,,,0.058189,,,,1,0.011638
21695,0.0825,15833.969696969696,-26468.060606060608,1.0,,,1.455943,,,,0.14831,,1,0.037078
21704,0.48625,-33532.95501285347,-26371.415167095125,1.0,0.695179,,3.632653,,0.048742,,0.370041,,2,0.102259
21791,0.139375,13272.706278026904,-26706.450672645733,1.0,,,,,,,,,0,0.0
21792,0.170625,15540.159340659338,-26601.42307692308,1.0,,,2.722256,,,,0.277303,,1,0.069326
21810,0.108125,-22410.326589595374,-26590.395953757223,1.0,,,3.735863,,,,0.380555,,1,0.095139
21846,0.60125,15072.706860706863,-26549.13617463618,1.0,1.788243,,3.00707,,0.125382,,0.306316,,2,0.101655
21880,0.23375,-35753.77540106952,-26690.00802139037,1.0,0.924879,0.820051,0.591549,-1.96165,0.064848,0.116208,0.060258,0.0,4,0.051276
21897,0.081875,-30428.553435114503,-26975.645038167942,1.0,0.179178,-0.247525,0.417054,,0.012563,0.0,0.042483,,3,0.013133
21924,0.3125,-31733.6,-27268.550000000003,1.0,-0.558997,-0.465499,-0.365088,-1.200654,0.0,0.0,0.0,0.0,4,0.0
21937,0.48125,-26600.175324675325,-27189.82467532468,1.0,0.089226,,,,0.006256,,,,1,0.001251
22013,0.221875,35230.06338028169,-27164.5,1.0,,0.95057,0.450652,,,0.134703,0.045906,,2,0.038417
22023,0.39625,15719.216088328074,-27268.900630914824,1.0,0.596874,,0.650388,0.289326,0.04185,,0.066252,0.013033,3,0.029495
22032,1.2525,-32252.57085828344,-27082.683632734523,1.0,-0.140426,-1.553876,0.318521,0.158073,0.0,0.0,0.032446,0.007121,4,0.010604
22033,0.215625,-27146.876811594204,-27197.543478260865,1.0,-0.106557,,,,0.0,,,,1,0.0
22123,1.258125,16656.392697466472,-27614.30377545952,1.0,0.918987,0.093639,2.1,,0.064434,0.013269,0.213917,,3,0.06902
22150,0.345625,15396.74231464738,-27810.666365280296,1.0,1.326052,,,,0.092976,,,,1,0.018595
22156,0.286875,14690.67647058823,-27779.61982570807,1.0,2.101794,0.169692,,,0.147367,0.024047,,,2,0.034283
22161,0.0975,-12650.820512820515,-27620.17307692308,1.0,-0.07678,-0.151381,-0.125761,0.147038,0.0,0.0,0.0,0.006624,4,0.002318
22164,0.8575,6780.039358600581,-27248.57069970845,1.0,,4.283442,,,,0.606997,,,1,0.121399
22175,0.10375,-32128.81325301205,-27689.56024096385,1.0,-0.807796,-4.525663,-0.047027,-2.503318,0.0,0.0,0.0,0.0,4,0.0
22193,0.2075,-27816.840361445786,-27990.162650602404,1.0,,1.822392,0.947564,0.350775,,0.258247,0.096524,0.015801,3,0.081311
22198,0.3725,-31144.0822147651,-27772.69630872483,1.0,-0.794473,-5.302562,0.687636,-3.926571,0.0,0.0,0.070046,0.0,4,0.017512
22215,0.32875,-31802.63878326996,-27907.48479087453,1.0,-0.85717,-3.092153,0.24651,-0.598974,0.0,0.0,0.025111,0.0,4,0.006278
22231,0.276875,15892.784424379235,-27841.48645598194,1.0,0.941915,,1.401743,,0.066042,,0.142789,,2,0.048906
22234,0.105,-28299.904761904763,-27834.0238095238,1.0,-0.105344,0.126428,0.507594,0.496938,0.0,0.017916,0.051706,0.022386,4,0.024345
22258,0.275625,-34108.946712018136,-28125.12358276645,1.0,-0.116621,-2.453026,0.955482,-0.619673,0.0,0.0,0.09733,0.0,4,0.024332
22273,0.21375,-28746.333333333336,-27989.192982456138,1.0,0.04712,0.248937,0.541083,0.303145,0.003304,0.035276,0.055118,0.013656,4,0.026275
22289,0.118125,-31531.58465608465,-28193.54761904762,1.0,-0.336775,0.479695,0.650307,-0.280887,0.0,0.067977,0.066244,0.0,4,0.030156
22303,0.441875,-30173.8026874116,-28246.88330975955,1.0,0.141109,0.554832,0.598766,-0.370666,0.009894,0.078624,0.060993,0.0,4,0.032952
22319,0.356875,14977.126970227677,-27809.657618213663,1.0,2.15251,,,,0.150922,,,,1,0.030184
22351,0.360625,-30881.17590987869,-28217.30762564992,1.0,-0.072362,0.569052,0.639611,-0.175879,0.0,0.080639,0.065154,0.0,4,0.032416
22355,0.239375,-1068.9725848563976,-28222.67232375979,1.0,0.029185,,-0.040038,0.447883,0.002046,,0.0,0.020176,3,0.007471
22360,0.415,-33977.8719879518,-28475.02710843373,1.0,0.056806,0.169395,0.845879,0.966857,0.003983,0.024005,0.086166,0.043554,4,0.042383
22361,0.3425,-28334.25912408759,-28315.558394160587,1.0,0.831928,0.253543,0.315238,0.271433,0.05833,0.035929,0.032112,0.012227,4,0.031159
22377,1.336875,-27408.237260402057,-28891.93805516596,1.0,0.863139,3.125792,0.468044,,0.060519,0.442949,0.047677,,3,0.112613
22379,0.14625,-325.2863247863206,-28357.08547008547,0.9188,0.552495,,0.223148,,0.038738,,0.022731,,2,0.01343
22383,0.105,-31840.67857142857,-28427.625,1.0,0.026266,0.347209,0.499712,0.139685,0.001842,0.049202,0.050903,0.006292,4,0.025137
22384,0.603125,-29243.634715025903,-28421.46891191709,1.0,0.438095,-0.253775,0.04755,-0.046944,0.030717,0.0,0.004844,0.0,4,0.007354
22402,0.124375,-31080.14824120603,-28564.19849246231,1.0,0.249421,0.279008,0.438446,0.849004,0.017488,0.039538,0.044662,0.038245,4,0.035956
22403,0.14375,-30627.02173913044,-28568.413043478256,1.0,0.120061,0.126974,0.298554,0.960628,0.008418,0.017993,0.030412,0.043274,4,0.028031
22409,0.08125,5399.884615384617,-28317.0,1.0,1.318216,0.273789,,,0.092426,0.038798,,,2,0.026245
22421,0.425,22528.94852941176,-28042.367647058825,1.0,,,,,,,,,0,0.0
22442,0.121875,-31473.57692307692,-28555.39743589744,1.0,0.310505,0.008721,0.45563,0.785114,0.021771,0.001236,0.046413,0.035367,4,0.028583
22443,0.27125,-27695.25806451613,-28368.163594470054,1.0,1.316804,,0.274227,,0.092327,,0.027934,,2,0.025449
22491,0.355625,16997.962214411244,-28504.816344463965,1.0,1.127896,1.15,,,0.079082,0.162964,,,2,0.048409
22493,0.31375,-32293.77689243028,-28762.14940239044,1.0,0.061241,0.129912,0.225358,0.098869,0.004294,0.01841,0.022956,0.004454,4,0.011839
22495,0.70625,-2666.407079646022,-27909.45575221238,1.0,-0.947039,1.268685,1.121223,0.453979,0.0,0.179783,0.114214,0.020451,4,0.071668
22496,0.180625,5476.66262975779,-28596.039792387543,1.0,0.854667,-0.473127,,,0.059925,0.0,,,2,0.011985
22504,0.2,17493.015625,-28767.9375,1.0,0.852757,1.073265,,,0.059791,0.15209,,,2,0.042376
22527,0.1125,15665.611111111117,-28724.22222222222,1.0,,,,,,,,,0,0.0
22529,0.554375,-33049.3726042841,-28948.59808342728,1.0,0.168668,1.005437,0.040523,0.369885,0.011826,0.142478,0.004128,0.016662,4,0.037724
22532,0.1625,-28152.03846153846,-28783.73076923077,1.0,0.71371,,-0.060286,,0.050042,,0.0,,2,0.010008
22541,0.63375,-29613.049309664697,-28879.80078895464,1.0,-0.12,1.180109,-0.418429,2.777585,0.0,0.167231,0.0,0.125123,4,0.077239
22546,0.14375,16017.65217391304,-28697.0,1.0,0.008353,0.150927,,,0.000586,0.021388,,,2,0.004395
22547,0.468125,16350.668224299065,-28604.03938584779,1.0,0.562259,0.837795,,,0.039423,0.118722,,,2,0.031629
22566,0.135625,16770.8133640553,-28885.559907834104,1.0,0.812449,0.633028,,,0.056965,0.089705,,,2,0.029334
22606,0.146875,22992.37234042553,-29084.712765957447,1.0,,,,,,,,,0,0.0
22625,0.234375,28183.03333333333,-28801.966666666674,1.0,0.722291,,,,0.050643,,,,1,0.010129
22646,0.351875,-28797.52486678508,-29157.27087033748,1.0,-0.193766,1.953525,-0.869845,3.498788,0.0,0.27683,0.0,0.157611,4,0.11053
22702,0.184375,12750.09322033899,-28920.60169491525,1.0,,,,,,,,,0,0.0
22739,0.10875,-25388.14367816092,-29260.706896551725,1.0,,,,,,,,,0,0.0
22752,0.156875,-12649.205179282872,-29173.90239043825,1.0,-0.021312,-1.194605,0.242284,0.949412,0.0,0.0,0.02468,0.042768,4,0.021139
22756,0.17375,17428.546762589925,-29261.730215827338,1.0,,,,,,,,,0,0.0
22792,1.1275,-21819.25,-28893.05598669623,1.0,,,,,,,,,0,0.0
22826,0.12125,16758.262886597935,-29489.577319587625,1.0,0.661889,,,,0.046408,,,,1,0.009282
22843,0.17125,-5306.430656934303,-29760.175182481747,1.0,,,,,,,,,0,0.0
22854,1.085,4138.32488479263,-29407.190092165896,1.0,-0.393443,,-0.493056,,0.0,,0.0,,2,0.0
22876,0.5475,-13886.601598173516,-29926.26940639269,1.0,0.210274,0.154674,0.283815,-0.290704,0.014743,0.021919,0.028911,0.0,4,0.01456
22892,0.083125,4528.071428571428,-29601.37969924812,1.0,0.304183,,,,0.021328,,,,1,0.004266
22927,0.251875,13824.127791563276,-30008.37096774194,1.0,1.033374,,,,0.072455,,,,1,0.014491
22956,0.564375,-11650.721483942412,-30283.414728682168,1.0,0.607428,0.207663,-0.145127,,0.04259,0.029427,0.0,,3,0.014403
22962,0.319375,-33371.243639921726,-30177.92465753424,1.0,,,,,,,,,0,0.0
23035,0.41,16227.167682926824,-29904.949695121963,1.0,0.571082,-0.078947,1.84052,,0.040041,0.0,0.187485,,3,0.054879
23070,0.518125,-28156.04885404101,-29945.0066344994,1.0,,,,,,,,,0,0.0
23080,0.820625,-9957.678217821784,-30435.48629093678,1.0,0.792968,-0.036387,0.112225,0.090526,0.055599,0.0,0.011432,0.004078,4,0.015405
23093,0.795,-26696.66745283019,-30320.431603773584,1.0,,,,,,,,,0,0.0
23145,0.1425,-27084.27192982456,-30619.236842105267,1.0,1.002576,0.87056,0.14039,0.390075,0.070295,0.123365,0.014301,0.017572,4,0.048457
23149,0.19375,-6904.693548387098,-30753.612903225803,1.0,1.020234,,2.100075,,0.071533,,0.213925,,2,0.067788
23262,2.11375,-9431.354523950322,-31225.10615020698,1.0,0.514582,-1.57762,0.702236,,0.03608,0.0,0.071533,,3,0.025099
23316,0.1475,14718.885593220344,-31175.45338983051,1.0,,,,,,,,,0,0.0
23321,0.455625,-2904.5123456790097,-31166.78395061729,1.0,0.448268,0.189699,0.910664,,0.03143,0.026882,0.092765,,3,0.034854
23327,0.101875,-8283.015337423312,-31164.99079754601,1.0,0.420286,,,,0.029468,,,,1,0.005894
23395,2.878125,-1160.9234527687297,-31108.457654723126,0.985,0.549436,,1.817303,,0.038524,,0.18512,,2,0.053985
23415,0.275625,-8651.577097505666,-31303.41156462585,1.0,0.429691,,,,0.030128,,,,1,0.006026
23455,0.151875,-6376.323045267491,-31575.32304526749,1.0,0.469953,,,,0.032951,,,,1,0.00659
23522,0.124375,1850.253768844217,-32147.615577889446,1.0,1.223908,,,,0.085814,,,,1,0.017163
23583,0.210625,-8820.232937685461,-32109.663204747776,1.0,0.683175,,,,0.047901,,,,1,0.00958
23610,0.10125,-23183.21604938272,-32143.944444444453,1.0,,,,,,,,,0,0.0
23614,0.2575,1346.2839805825206,-32132.995145631063,1.0,0.890727,,,,0.062453,,,,1,0.012491
23627,0.746875,2509.792887029289,-32081.90585774058,1.0,0.947182,,,,0.066411,,,,1,0.013282
23628,0.1375,17038.250000000007,-32324.84090909091,1.0,1.675339,0.594356,,,0.117466,0.084225,,,2,0.040338
23663,2.9075,-6820.55051590714,-31772.742691315565,1.0,0.744689,,,,0.052214,,,,1,0.010443
23664,0.638125,-1053.4872673849168,-32436.179725759062,1.0,-0.929861,0.202818,1.109067,,0.0,0.028741,0.112975,,3,0.033992
23778,0.081875,-1434.2786259541972,-32967.82061068702,1.0,,0.009378,0.776345,-0.192787,,0.001329,0.079083,0.0,3,0.020037
23904,0.095625,-228.2777777777737,-33230.7091503268,0.7712,,,,,,,,,0,0.0
23911,0.19125,-6543.718954248368,-33403.01307189543,1.0,,,,,,,,,0,0.0
23915,0.080625,-315.8100775193816,-33492.523255813954,1.0,,1.156237,,,,0.163848,,,1,0.03277
23960,0.15875,8656.586614173226,-33657.86614173227,1.0,,,,,,,,,0,0.0
24000,0.0875,7868.071428571435,-33814.857142857145,1.0,,,,,,,,,0,0.0
24017,1.31125,9405.493803622492,-34012.98903717825,1.0,,,,,,,,,0,0.0
24032,0.91,-26714.01304945055,-34188.03021978022,1.0,0.181684,-0.888592,1.190404,,0.012739,0.0,0.121261,,3,0.032863
24038,0.310625,21211.170020120728,-33993.061368209266,1.0,,,1.224125,,,,0.124696,,1,0.031174
24045,0.1275,6826.950980392154,-33885.03921568628,1.0,,,,,,,,,0,0.0
24063,0.53375,8365.249414519902,-33774.90983606556,1.0,,,,,,,,,0,0.0
24069,0.08125,-10613.769230769234,-34137.769230769234,1.0,0.49218,0.505626,0.211878,-1.22075,0.034509,0.071651,0.021583,0.0,4,0.026628
24086,0.106875,-2692.1666666666715,-34071.72222222222,1.0,1.284726,0.013197,0.794463,1.797176,0.090078,0.00187,0.080928,0.080958,4,0.066957
24096,0.096875,10287.080645161288,-34285.14516129032,1.0,,,3.336595,,,,0.339883,,1,0.084971
24102,0.1125,-5725.916666666664,-34166.30555555556,1.0,,0.562312,,,,0.079684,,,1,0.015937
24116,0.930625,6328.445601074542,-34070.75587642714,1.0,,,,,,,,,0,0.0
24117,0.093125,7995.640939597317,-34159.90268456376,1.0,,,,,,,,,0,0.0
24118,0.2325,-27149.827956989247,-34450.30645161291,1.0,-0.388037,0.27668,0.733532,0.905818,0.0,0.039208,0.074721,0.040805,4,0.040804
24132,0.349375,7128.927549194988,-34295.29606440071,1.0,,,,,,,,,0,0.0
24134,0.36375,-28557.759450171823,-33973.812714776635,1.0,0.92404,,,,0.064789,,,,1,0.012958
24164,0.359375,-2818.5869565217363,-34591.41304347826,1.0,0.486417,0.112564,0.726408,0.120231,0.034105,0.015951,0.073996,0.005416,4,0.030406
24165,0.220625,-24806.024079320112,-34470.17988668555,1.0,-0.227152,0.297419,0.732249,0.717582,0.0,0.042147,0.074591,0.032325,4,0.038391
24213,0.71875,-25794.78260869565,-34345.19565217392,1.0,-0.23846,0.186296,0.473057,0.327148,0.0,0.0264,0.048188,0.014737,4,0.022485
24214,0.104375,-25852.59580838324,-34626.59580838322,1.0,-0.4027,0.357472,0.664047,0.648706,0.0,0.050657,0.067643,0.029222,4,0.03727
24219,0.31625,8300.833992094864,-34573.56126482214,1.0,-0.401372,,0.851951,,0.0,,0.086784,,2,0.021696
24223,0.136875,-3100.271689497713,-34693.33561643836,1.0,-0.172638,0.451786,0.930472,-0.297006,0.0,0.064022,0.094783,0.0,4,0.0365
24224,0.486875,5690.129011553276,-35054.57060333762,1.0,,,1.470467,,,,0.149789,,1,0.037447
24238,0.079375,-3340.8543307086657,-34636.31102362204,1.0,-0.851782,0.703019,1.132432,-0.395191,0.0,0.099623,0.115355,0.0,4,0.048763
24245,0.22375,5678.061452513968,-34457.460893854746,1.0,,,,,,,,,0,0.0
24246,0.235625,10323.969496021222,-34739.75198938993,1.0,,,1.185484,,,,0.12076,,1,0.03019
24269,0.155,-24877.516129032258,-34841.53629032259,1.0,,-0.243613,1.758323,,,0.0,0.179112,,2,0.044778
24275,0.110625,-3764.906779661018,-34914.471751412435,1.0,-0.1199,0.817317,2.835881,,0.0,0.11582,0.288878,,3,0.095384
24279,0.535,10708.758177570096,-34857.443925233645,1.0,,,2.178404,,,,0.221904,,1,0.055476
24281,0.08375,-24692.4776119403,-34824.5,1.0,,,2.60279,,,,0.265134,,1,0.066284
24289,0.280625,7053.731625835186,-34846.270601336306,1.0,,,1.206709,,,,0.122922,,1,0.03073
24294,0.54,-24271.82523148148,-35367.179398148146,1.0,,0.224704,,,,0.031842,,,1,0.006368
24305,0.214375,9774.281341107868,-34605.84110787172,1.0,,,0.332057,,,,0.033825,,1,0.008456
24311,0.1,-26494.25,-34780.125,1.0,,,1.703494,,,,0.173527,,1,0.043382
24312,0.9575,7730.031984334208,-34883.883159268924,1.0,,,3.383665,,,,0.344678,,1,0.08617
24313,0.124375,9515.07788944724,-34862.31407035176,1.0,,,2.857587,,,,0.291089,,1,0.072772
24316,0.14125,-25752.82300884956,-35004.58849557521,1.0,,,5.108383,,,,0.520367,,1,0.130092
24325,0.334375,-681.6214953271046,-35117.58411214953,1.0,,,0.609645,-1.54534,,,0.062102,0.0,2,0.015526
24330,0.11875,26522.65789473684,-35076.21052631579,1.0,,,,,,,,,0,0.0
24337,0.459375,-10246.214285714284,-34781.6768707483,1.0,0.092166,-0.001804,0.106937,0.220496,0.006462,0.0,0.010893,0.009933,4,0.007492
24340,0.43875,5039.70655270655,-34716.05982905983,1.0,,,1.202354,,,,0.122478,,1,0.03062
24343,0.245625,-4581.034351145034,-35042.756997455464,1.0,,,3.051037,,,,0.310795,,1,0.077699
24365,0.339375,-25096.264272559853,-35071.921731123395,1.0,,-0.168613,3.819218,,,0.0,0.389046,,2,0.097262
24367,0.088125,-3848.372340425536,-35200.56382978724,1.0,-0.11882,,0.828607,,0.0,,0.084406,,2,0.021102
24372,0.3,-27017.010416666668,-35125.85416666667,1.0,,,,,,,,,0,0.0
24419,0.29125,5134.8540772532215,-35471.38841201717,1.0,,,,,,,,,0,0.0
24422,0.285625,-21281.24398249453,-35252.78227571116,1.0,,0.994298,,,,0.1409,,,1,0.02818
24449,0.74875,-25895.616861435727,-35299.353923205344,1.0,,0.180623,4.432272,,,0.025596,0.451495,,2,0.117993
24452,0.53,8620.018867924533,-34893.78066037735,1.0,,,1.987602,,,,0.202468,,1,0.050617
24468,0.19625,10242.891719745225,-35349.4203821656,1.0,,,,,,,,,0,0.0
24472,0.09625,-2627.123376623378,-35655.344155844155,1.0,,,0.584334,1.181287,,,0.059523,0.053214,2,0.033506
24475,0.0875,-2316.0357142857174,-35609.5,1.0,,,0.66595,0.860887,,,0.067837,0.038781,2,0.030533
24486,0.0825,6796.659090909088,-35511.621212121216,1.0,,,,,,,,,0,0.0
24487,0.2275,8783.909340659338,-35387.206043956045,1.0,,,,,,,,,0,0.0
24488,0.48875,9273.157289002564,-35223.34910485933,1.0,,,,,,,,,0,0.0
24489,0.563125,11331.82519422863,-35170.72641509434,1.0,,,,,,,,,0,0.0
24497,0.080625,7808.220930232565,-35487.678294573634,1.0,,,,,,,,,0,0.0
24503,1.0625,-3621.455882352937,-35513.5294117647,1.0,-0.9875,,0.854179,,0.0,,0.087011,,2,0.021753
24521,0.10125,-27030.28395061728,-35757.83333333334,1.0,,1.008882,,,,0.142966,,,1,0.028593
24525,0.775,4475.608870967742,-34958.89516129032,1.0,,,1.973345,,,,0.201015,,1,0.050254
24527,0.418125,-27397.09940209268,-35540.12032884902,1.0,,1.088619,,,,0.154266,,,1,0.030853
24529,0.1175,-2900.7659574468125,-35834.207446808505,1.0,-1.832523,-0.888783,0.269375,2.274342,0.0,0.0,0.02744,0.102453,4,0.042719
24530,0.34875,7150.306451612902,-35578.5770609319,1.0,,,,,,,,,0,0.0
24537,0.339375,10987.207182320446,-35647.059852670354,1.0,,,,,,,,,0,0.0
24546,0.166875,24977.02808988764,-35893.32022471911,1.0,,,,,,,,,0,0.0
24547,0.219375,-23245.514245014245,-35733.18945868946,1.0,,0.06804,,,,0.009642,,,1,0.001928
24556,0.094375,935.427152317876,-35693.04304635762,1.0,0.736141,,,,0.051614,,,,1,0.010323
24558,0.175,-25406.39285714285,-35789.678571428565,1.0,,0.419966,,,,0.059512,,,1,0.011902
24560,0.214375,24384.2667638484,-35916.62827988337,1.0,,,,,,,,,0,0.0
24569,0.33875,8120.4409594096,-35804.06642066421,1.0,2.438333,,,,0.170963,,,,1,0.034193
24578,0.156875,-994.2250996015936,-35809.85856573706,1.0,-0.091652,0.128669,0.606435,,0.0,0.018233,0.061775,,3,0.01909
24579,0.16125,6818.007751937992,-36021.3992248062,1.0,,,,,,,,,0,0.0
24584,0.284375,-26554.84065934065,-35861.58791208791,1.0,,0.833725,,,,0.118145,,,1,0.023629
24587,0.45375,8789.169421487597,-36008.900826446275,1.0,1.167426,,,,0.081854,,,,1,0.016371
24603,0.0875,-2588.892857142855,-36014.5,1.0,-0.497844,-0.73991,0.076275,1.597312,0.0,0.0,0.00777,0.071955,4,0.027127
24608,0.109375,-24802.64285714286,-35982.928571428565,1.0,,-0.17843,,,,0.0,,,1,0.0
24627,0.541875,10122.885236447515,-35584.64994232987,1.0,,,,,,,,,0,0.0
24628,0.115,12336.72826086956,-36085.233695652176,1.0,-0.178977,,0.726017,0.860487,0.0,,0.073956,0.038763,3,0.032056
24643,0.594375,9463.143533123024,-35942.034174553104,1.0,0.299735,,,,0.021016,,,,1,0.004203
24653,0.605625,3613.560887512896,-35729.2987616099,1.0,,,,,,,,,0,0.0
24664,0.373125,-26056.65577889448,-36311.64405360134,1.0,,0.69657,2.72766,,,0.098709,0.277854,,2,0.089205
24678,0.180625,6189.465397923879,-36354.08477508651,1.0,1.15312,,,,0.080851,,,,1,0.01617
24679,0.22125,12106.491525423737,-36485.16384180791,1.0,,,,,,,,,0,0.0
24682,0.09625,-20660.889610389608,-36116.22077922078,1.0,,,,,,,,,0,0.0
24689,0.148125,12431.778481012654,-36465.85021097046,1.0,,,,,,,,,0,0.0
24699,0.09625,21619.954545454544,-36365.57142857144,1.0,,,,,,,,,0,0.0
24706,0.355,11706.190140845072,-36318.47007042254,1.0,0.672316,,0.688343,,0.047139,,0.070118,,2,0.026957
24711,0.780625,10705.744995996793,-36232.38630904725,1.0,0.383326,,,,0.026877,,,,1,0.005375
24716,0.676875,23940.474145891043,-36237.24238227148,1.0,,,,,,,,,0,0.0
24725,0.290625,5685.252688172048,-36293.47849462366,1.0,0.573985,1.831216,,,0.040245,0.259498,,,2,0.059949
24726,0.28875,13479.370129870127,-36666.87012987013,1.0,,,,,,,,,0,0.0
24742,0.560625,5020.124303233002,-36131.4397993311,1.0,0.199595,0.338129,,,0.013995,0.047916,,,2,0.012382
24744,0.105,8060.21428571429,-36373.01190476191,1.0,1.091236,,-0.550873,-3.412249,0.076512,,0.0,0.0,3,0.015302
24745,0.23125,9874.837837837831,-36445.37837837839,1.0,0.854746,,,,0.05993,,,,1,0.011986
24747,0.0875,26298.78571428571,-36484.142857142855,1.0,,,,,,,,,0,0.0
24753,0.1175,6525.962765957447,-36334.60638297872,1.0,1.229348,,,,0.086195,,,,1,0.017239
24754,0.531875,12925.146298472384,-36485.16392479435,1.0,,,,,,,,,0,0.0
24756,0.29625,18301.29324894515,-36312.9493670886,1.0,,,,,,,,,0,0.0
24758,0.50125,-332.170822942644,-36603.365336658346,0.8254,0.881689,0.320024,-1.03599,-0.044444,0.061819,0.04535,0.0,0.0,4,0.021434
24761,0.981875,-24401.948122215148,-36374.5,1.0,,,1.553068,,,,0.158204,,1,0.039551
24763,0.328125,-2509.3095238095266,-36476.59523809524,1.0,1.189935,0.134837,-1.293325,-0.257192,0.083432,0.019107,0.0,0.0,4,0.020508
24765,0.755625,7462.899503722088,-36322.32878411911,1.0,1.112331,,,,0.077991,,,,1,0.015598
24779,0.798125,-1260.3277212216126,-36525.30266249021,1.0,0.840793,0.349378,-1.892675,-0.170986,0.058952,0.04951,0.0,0.0,4,0.021692
24783,0.083125,-24410.274436090225,-36705.8909774436,1.0,,,,,,,,,0,0.0
24788,0.12875,11309.20873786408,-36478.14077669903,1.0,,,,,,,,,0,0.0
24794,0.37375,3732.484949832775,-36708.739130434784,1.0,0.588125,,,,0.041236,,,,1,0.008247
24796,0.3825,21175.80718954248,-36326.62418300654,1.0,,,,,,,,,0,0.0
24802,0.25125,-21384.7039800995,-36813.74129353234,1.0,,,1.034752,,,,0.105405,,1,0.026351
24813,0.275,24813.64772727272,-36531.545454545456,1.0,,,,,,,,,0,0.0
24823,0.18,10460.524305555557,-36818.25,1.0,,,,,,,,,0,0.0
24838,0.294375,10985.646496815289,-37111.70806794055,1.0,,,,,,,,,0,0.0
24844,0.2275,-1309.2912087912118,-37170.79120879121,1.0,-1.107306,-0.288177,0.492354,0.166196,0.0,0.0,0.050154,0.007487,4,0.015159
24845,0.175625,68.27224199288321,-37043.89501779359,0.4875,,,,,,,,,0,0.0
24859,0.746875,4840.294979079496,-37142.805439330536,1.0,1.611504,,0.570966,,0.11299,,0.058162,,2,0.037138
24875,0.119375,6341.253926701575,-36870.3115183246,1.0,2.367001,,,,0.165961,,,,1,0.033192
24878,0.20375,12513.61042944785,-36914.68404907976,1.0,,,,,,,,,0,0.0
24883,0.129375,-23071.997584541063,-36824.016908212565,1.0,,,0.901869,,,,0.091869,,1,0.022967
24886,0.0925,20407.439189189183,-36976.86486486487,1.0,0.753142,,,,0.052806,,,,1,0.010561
24890,0.335,7861.95335820895,-36926.7854477612,1.0,2.839577,,,,0.199096,,,,1,0.039819
24892,0.248125,11336.149874055409,-36900.57052896725,1.0,,,,,,,,,0,0.0
24914,0.235,4167.917553191488,-37135.33776595745,1.0,1.629177,,,,0.114229,,,,1,0.022846
24915,0.29125,8443.008583690986,-37171.656652360514,1.0,,,,,,,,,0,0.0
24936,0.55375,-24573.468397291195,-37220.831828442446,1.0,,,1.091692,,,,0.111205,,1,0.027801
24940,0.90625,12433.896551724138,-37490.77586206896,1.0,,,,,,,,,0,0.0
24943,0.41,-24013.19054878049,-37378.692073170736,1.0,0.232213,,1.432523,,0.016282,,0.145924,,2,0.039737
24951,0.45375,6574.086776859505,-37083.5564738292,1.0,,,,,,,,,0,0.0
24963,0.105625,5831.896449704138,-37370.2100591716,1.0,,,,,,,,,0,0.0
24967,0.09625,-21342.05844155844,-37365.08441558442,1.0,,,4.314096,,,,0.439456,,1,0.109864
24969,0.18375,6179.517006802722,-37204.3469387755,1.0,,,,,,,,,0,0.0
24974,0.581875,5679.655746509132,-36915.23576799141,1.0,2.070327,,,,0.14516,,,,1,0.029032
24978,0.275625,-682.8696145124704,-37294.68140589568,1.0,,,0.105802,,,,0.010778,,1,0.002694
24990,1.1175,7428.037472035794,-37825.04530201343,1.0,,,,,,,,,0,0.0
24995,0.20375,13390.450920245392,-37415.987730061344,1.0,,,,,,,,,0,0.0
25006,0.303125,12880.376288659798,-37228.36597938144,1.0,,,,,,,,,0,0.0
25016,0.1225,-1557.770408163262,-37532.2806122449,1.0,0.854167,-0.873394,0.467398,-0.824295,0.05989,0.0,0.047612,0.0,4,0.023881
25018,0.728125,10365.40128755365,-37201.98927038626,1.0,,,,,,,,,0,0.0
25024,0.10375,4338.9578313253005,-37512.30120481928,1.0,,,1.871848,,,,0.190676,,1,0.047669
25025,0.4025,5341.464285714283,-37716.19254658386,1.0,,,,,,,,,0,0.0
25026,0.1775,11237.968309859149,-37704.69366197183,1.0,0.193989,,,,0.013601,,,,1,0.00272
25033,0.445625,-2012.386395511916,-37501.56872370267,1.0,0.462229,-0.218528,0.149073,0.472149,0.032409,0.0,0.015185,0.021269,4,0.017722
25036,0.34375,11693.090909090904,-37460.5,1.0,0.906962,,,,0.063591,,,,1,0.012718
25044,0.21875,-453.57142857142753,-37684.357142857145,1.0,,,0.763987,,,,0.077824,,1,0.019456
25046,1.001875,9088.504990642548,-37290.56363069246,1.0,,,,,,,,,0,0.0
25052,0.208125,-1029.328828828831,-37640.04054054055,1.0,,,0.655134,,,,0.066735,,1,0.016684
25055,0.1,-24416.28125,-37771.0625,1.0,1.376085,,,,0.096484,,,,1,0.019297
25056,1.763125,-21459.17600141793,-37703.71836228288,1.0,,,,,,,,,0,0.0
25071,0.095625,-23264.5522875817,-37742.96405228759,1.0,1.620074,,,,0.113591,,,,1,0.022718
25072,0.08,4854.3828125,-37704.1875,1.0,,,,,,,,,0,0.0
25076,0.23625,20195.531746031746,-37706.708994709,1.0,,,,,,,,,0,0.0
25082,0.11375,4834.939560439561,-37943.5934065934,1.0,,,,,,,,,0,0.0
25083,0.380625,6962.882594417075,-37329.63136288998,1.0,,,,,,,,,0,0.0
25100,0.824375,13842.942001516303,-38201.43328278999,1.0,,,,,,,,,0,0.0
25105,0.400625,6230.194227769105,-38038.15054602183,1.0,,,,,,,,,0,0.0
25116,0.23375,8323.163101604281,-37857.38770053476,1.0,,,,,,,,,0,0.0
25117,0.404375,9847.606646058724,-37581.8802163833,1.0,,,,,,,,,0,0.0
25118,0.233125,13520.478552278822,-37853.4544235925,1.0,,,,,,,,,0,0.0
25137,0.395625,5703.370458135862,-38044.918641390206,1.0,,,,,,,,,0,0.0
25141,0.20875,9957.508982035928,-38153.017964071856,1.0,,,,2.624773,,,,0.118239,1,0.041384
25153,0.155625,-21301.102409638555,-38062.95381526103,1.0,1.438596,,,,0.100867,,,,1,0.020173
25163,0.235,9540.1914893617,-37905.284574468096,1.0,,,,,,,,,0,0.0
25166,0.27,12327.567129629628,-37945.043981481474,1.0,,,,,,,,,0,0.0
25168,0.363125,470.0249569707376,-38301.22117039586,0.8744,-0.080275,,3.441009,,0.0,,0.350519,,2,0.08763
25180,1.01125,3877.636588380716,-37890.89369592088,1.0,-0.237979,,,,0.0,,,,1,0.0
25181,0.098125,8121.792993630574,-38135.487261146496,1.0,,,,,,,,,0,0.0
25194,0.15375,13098.382113821142,-38291.87804878049,1.0,,,,,,,,,0,0.0
25202,1.45,11149.392241379312,-38258.95043103449,1.0,,,,,,,,,0,0.0
25204,0.71375,-22679.76882661997,-38293.69877408056,1.0,1.567098,,,,0.109877,,,,1,0.021975
25205,0.191875,-20074.35993485342,-38167.82247557002,1.0,,,,-1.158215,,,,0.0,1,0.0
25211,0.431875,6706.301736613605,-38122.43777134588,1.0,,,,,,,,,0,0.0
25250,0.195625,4784.883386581467,-38387.35942492013,1.0,,,,,,,,,0,0.0
25264,0.245,7626.923469387759,-38696.94897959184,1.0,,,,,,,,,0,0.0
25276,0.1575,12165.571428571437,-38335.21428571429,1.0,,,,,,,,,0,0.0
25297,0.329375,4480.145161290326,-38636.64421252372,1.0,,,,,,,,,0,0.0
25298,0.489375,5304.768199233717,-38676.671136653895,1.0,,,,,,,,,0,0.0
25311,0.221875,-19870.00704225352,-38861.47183098592,1.0,,,,,,,,,0,0.0
25321,0.16375,7042.248091603047,-38796.923664122136,1.0,,,,,,,,,0,0.0
25322,0.706875,8939.707780725017,-38546.073828470384,1.0,,,,,,,,,0,0.0
25323,0.123125,11169.80456852792,-38766.251269035536,1.0,,,,,,,,,0,0.0
25336,0.609375,-20621.166666666668,-38881.32051282052,1.0,,,0.381329,,,,0.038844,,1,0.009711
25349,0.48625,6334.975578406171,-38835.93958868896,1.0,,,,,,,,,0,0.0
25358,0.225,4828.944444444445,-39116.375,1.0,,,,,,,,,0,0.0
25359,0.18,10288.99652777778,-38912.60763888889,1.0,,,,,,,,,0,0.0
25372,0.094375,-22834.274834437085,-38866.552980132445,1.0,,0.796743,0.802181,1.54,,0.112905,0.081714,0.069373,3,0.06729
25377,0.3375,5830.101851851847,-38963.66666666667,1.0,,,,,,,,,0,0.0
25384,0.1125,8708.527777777781,-39249.63888888889,1.0,,,,,,,,,0,0.0
25389,0.3225,6662.920542635664,-39320.43023255814,1.0,,,,,,,,,0,0.0
25394,0.125625,7860.445273631842,-39063.30597014926,1.0,,,,,,,,,0,0.0
25399,0.079375,-380.0275590551173,-39291.625984251965,1.0,,,,,,,,,0,0.0
25401,0.236875,7319.091029023752,-39110.12005277045,1.0,,,,,,,,,0,0.0
25411,0.543125,12711.49654775604,-38815.81185270425,1.0,,,,,,,,,0,0.0
25417,0.14375,-19323.217391304348,-39156.13043478261,1.0,,,1.064804,,,,0.108467,,1,0.027117
25422,0.2475,10600.762626262622,-39115.28282828283,1.0,,,,,,,,,0,0.0
25428,1.499375,11044.32075864944,-39525.90683618173,1.0,,,,,,,,,0,0.0
25439,1.17875,12025.441145281016,-39476.647401908805,1.0,,,,,,,,,0,0.0
25447,0.581875,-20099.18421052632,-39288.46348012889,1.0,,-0.129125,0.990402,,,0.0,0.100888,,2,0.025222
25464,0.729375,8328.741645244212,-39876.57797772065,1.0,,,,,,,,,0,0.0
25469,1.668125,-398.2894342450381,-40037.557324840775,0.8299,,-0.588467,0.350705,,,0.0,0.035725,,2,0.008931
25480,0.480625,9832.20481144343,-39395.046163849154,1.0,,,,,,,,,0,0.0
25482,0.18125,-19071.189655172413,-39609.3275862069,1.0,,0.23575,1.247859,2.169082,,0.033408,0.127113,0.097711,3,0.072659
25497,0.395625,-1230.2393364928869,-39406.727488151664,1.0,,-0.42185,-0.157175,,,0.0,0.0,,2,0.0
25499,0.255625,8003.350855745724,-39360.93031784841,1.0,,,,,,,,,0,0.0
25522,1.6825,-1849.4691679049065,-40099.20282317979,1.0,-1.316704,-0.355848,0.36528,,0.0,0.0,0.037209,,3,0.009302
25523,0.080625,5890.779069767435,-39664.61627906977,1.0,,,,,,,,,0,0.0
25527,0.35125,7367.249110320292,-39661.19928825623,1.0,,,,,,,,,0,0.0
25531,0.164375,-1598.2186311787082,-39687.99809885932,1.0,,-0.36,0.567959,,,0.0,0.057855,,2,0.014464
25534,0.530625,9352.562426383984,-39941.10777385159,1.0,-1.319967,,1.290957,,0.0,,0.131504,,2,0.032876
25545,0.13625,8799.041284403662,-39865.21100917431,1.0,-1.551009,-0.798805,,,0.0,0.0,,,2,0.0
25552,0.229375,6932.197547683929,-39602.76975476839,1.0,,,,,,,,,0,0.0
25567,0.080625,4611.903100775191,-40064.42248062015,1.0,,,,,,,,,0,0.0
25590,0.64375,-19541.64077669903,-40045.66504854368,1.0,,-0.855394,,,,0.0,,,1,0.0
25599,0.10125,6742.555555555555,-40093.79012345678,1.0,-1.960914,0.229201,3.884097,,0.0,0.03248,0.395655,,3,0.10541
25600,0.414375,7534.303921568629,-40001.80015082956,1.0,,0.114603,,,,0.01624,,,1,0.003248
25623,0.110625,5008.257062146891,-40162.07062146893,1.0,-1.408202,,,,0.0,,,,1,0.0
25624,1.195,5980.972280334732,-39899.55230125523,1.0,,,,,,,,,0,0.0
25657,0.194375,-19046.80225080386,-40211.55787781351,1.0,,,2.877747,,,,0.293142,,1,0.073286
25690,0.08875,17370.802816901414,-40447.21126760563,1.0,0.912938,,,,0.06401,,,,1,0.012802
25698,0.105,6452.625,-40559.32142857144,1.0,0.732355,,,,0.051349,,,,1,0.01027
25735,0.09,19311.131944444445,-40685.26388888889,1.0,,0.189437,3.826816,,,0.026845,0.38982,,2,0.102824
25781,0.114375,785.5655737704947,-41199.77322404372,1.0,,1.299078,,,,0.18409,,,1,0.036818
25824,0.26375,896.4194312796244,-41697.07109004739,1.0,,0.671473,,,,0.095153,,,1,0.019031
25871,1.85375,-1649.3705327039788,-41485.91267700607,1.0,0.368674,-0.004514,0.58115,,0.025849,0.0,0.059199,,3,0.01997
25872,0.1025,-1136.32317073171,-41817.64024390244,1.0,-0.234517,0.034896,0.977858,,0.0,0.004945,0.09961,,3,0.025892
25885,0.203125,-2808.653846153844,-41901.34615384616,1.0,,0.588698,,,,0.083423,,,1,0.016685
25903,0.1,-9225.1875,-42208.25,1.0,0.41336,0.310804,,,0.028983,0.044043,,,2,0.014605
25910,0.444375,-578.6997187060479,-41649.5,1.0,,0.384259,,,,0.054453,,,1,0.010891
25914,0.091875,-3228.3911564625814,-42153.921768707485,1.0,,0.612338,1.994549,,,0.086773,0.203175,,2,0.068148
25922,0.189375,-3727.397689768972,-42288.77392739274,1.0,,0.584458,,,,0.082822,,,1,0.016564
25923,0.239375,-2122.497389033939,-42128.02480417755,1.0,,0.269231,1.360483,,,0.038152,0.138586,,2,0.042277
25937,0.238125,-2627.3372703412097,-42224.4343832021,1.0,,0.337307,0.591561,,,0.047799,0.06026,,2,0.024625
25941,0.18875,-5108.364238410592,-42219.86423841059,1.0,,,,,,,,,0,0.0
25953,0.11625,-606.0107526881693,-42248.82795698925,1.0,-0.411474,0.329316,1.296474,0.725741,0.0,0.046667,0.132066,0.032693,4,0.053792
25970,0.24375,-2589.538461538461,-42597.1282051282,1.0,-0.26142,0.259516,0.098603,,0.0,0.036775,0.010044,,3,0.009866
25971,2.09875,168.67063728409994,-42009.25282906492,0.7082,,,,,,,,,0,0.0
25982,0.19125,-3481.954248366012,-42548.51960784313,1.0,0.45634,0.135183,1.490389,,0.031996,0.019156,0.151819,,3,0.048185
25983,0.2325,-2013.9408602150504,-42648.35752688172,1.0,-0.283295,0.16769,0.569842,,0.0,0.023763,0.058047,,3,0.019264
25990,0.274375,-3975.386104783596,-42652.176537585416,1.0,,,,,,,,,0,0.0
25996,0.18125,-745.9310344827609,-42809.1551724138,1.0,-0.32611,0.234362,0.658818,,0.0,0.033211,0.067111,,3,0.02342
25998,0.214375,-1139.6399416909626,-42710.28717201165,1.0,-0.056588,0.2,0.543326,,0.0,0.028342,0.055346,,3,0.019505
26006,0.13125,-3100.023809523809,-42696.5238095238,1.0,0.059124,0.09566,0.228694,,0.004145,0.013556,0.023296,,3,0.009364
26015,0.20875,-4351.922155688626,-42759.00598802396,1.0,,,,,,,,,0,0.0
26042,0.285,-4122.539473684206,-43214.41228070176,1.0,,,0.539952,,,,0.055002,,1,0.01375
26050,0.416875,-7040.4925037481225,-43295.227136431786,1.0,,,0.647001,,,,0.065907,,1,0.016477
26061,0.301875,-1510.5414078674949,-43250.1728778468,1.0,0.153869,0.335652,0.287413,-1.053383,0.010788,0.047565,0.029277,0.0,4,0.01899
26068,0.095,-5093.427631578947,-43395.55263157895,1.0,,,0.646251,,,,0.065831,,1,0.016458
26070,0.320625,-4789.0477582846,-43142.48245614035,1.0,,,0.783572,,,,0.079819,,1,0.019955
26076,0.326875,-1164.7925430210307,-43498.9741873805,1.0,-1.569061,0.413943,-0.390805,0.050876,0.0,0.058659,0.0,0.002292,4,0.012534
26088,0.2,-4510.65625,-43488.5625,1.0,,,-0.546481,-0.776704,,,0.0,0.0,2,0.0
26089,0.143125,-4963.054585152837,-43720.89737991267,1.0,,,,-0.050494,,,,0.0,1,0.0
26099,0.290625,4111.005376344088,-43873.10215053764,1.0,-0.153898,-0.421077,0.293132,0.048335,0.0,0.0,0.02986,0.002177,4,0.008227
26102,0.135625,-783.7949308755778,-43782.6797235023,1.0,,,,,,,,,0,0.0
26104,0.10625,-1777.705882352937,-43839.79411764706,1.0,-1.20718,-1.027913,-0.775302,-1.088315,0.0,0.0,0.0,0.0,4,0.0
26118,0.524375,-4580.654946364717,-44297.74195470799,1.0,,,,,,,,,0,0.0
26119,0.1125,-3006.1944444444453,-43908.38888888889,1.0,,-0.75,-0.1409,-0.144682,,0.0,0.0,0.0,3,0.0
26126,0.12,-2519.640625,-43867.72916666666,1.0,-1.759414,-0.573348,0.032882,-0.345411,0.0,0.0,0.00335,0.0,4,0.000838
26131,0.1475,-455.79661016949103,-44101.19491525424,1.0,,,,,,,,,0,0.0
26140,0.17375,-1148.2517985611485,-44217.03597122303,1.0,-0.583753,,0.904003,,0.0,,0.092086,,2,0.023022
26141,0.451875,-2566.267634854776,-44314.95643153526,1.0,0.251166,-0.894304,0.449821,-0.180352,0.01761,0.0,0.045821,0.0,4,0.014977
26145,0.74875,-4019.531719532555,-43997.66360601001,1.0,,,,,,,,,0,0.0
26146,0.20625,-1997.166666666664,-44200.25757575757,1.0,-0.04007,-0.933841,0.450303,-0.846667,0.0,0.0,0.04587,0.0,4,0.011468
26148,0.3525,-3479.843971631206,-44038.64007092199,1.0,,,-0.053035,-0.632821,,,0.0,0.0,2,0.0
26159,0.15375,-478.3455284552838,-44490.35365853658,1.0,,,2.964225,,,,0.301952,,1,0.075488
26162,0.20375,-5174.349693251534,-44294.74539877301,1.0,,,,,,,,,0,0.0
26164,0.155,-6278.120967741932,-44223.592741935485,1.0,,,,,,,,,0,0.0
26176,0.09375,-2878.5,-44605.0,1.0,0.125308,-1.530906,0.257625,0.980841,0.008786,0.0,0.026243,0.044184,4,0.023782
26187,0.15125,-3167.9586776859505,-44650.53305785124,1.0,-0.062074,,0.230577,1.114227,0.0,,0.023488,0.050193,3,0.02344
26191,0.6725,-970.713754646844,-44388.30111524163,1.0,,,0.171327,1.468258,,,0.017452,0.066141,2,0.027512
26193,0.49875,-1467.824561403504,-44581.23558897244,1.0,0.25922,,0.656158,1.589615,0.018175,,0.06684,0.071608,3,0.045408
26208,0.11625,-292.7043010752677,-44968.58602150538,0.8978,,,,,,,,,0,0.0
26213,0.19875,-2744.603773584909,-44937.78616352202,1.0,-0.962651,,0.362246,1.755771,0.0,,0.0369,0.079093,3,0.036908
26229,0.23625,-901.75661375661,-45213.52116402117,1.0,-0.261863,,,,0.0,,,,1,0.0
