region_id,area_px,area_km2,fill_ratio,bbox_aspect,centroid_row,centroid_col,geo_x,geo_y,dist_from_centre_km,bbox_r0,bbox_c0,bbox_r1,bbox_c1,slope_mean_deg,slope_std_deg,slope_max_deg,roughness_mean_m,roughness_std_m,elev_mean_m,lola_valid_pct,shadow_fraction,shadow_std,shadow_valid_px,dfsar_cpr_mean,dfsar_cpr_median,dfsar_cpr_std,dfsar_valid_pct,dfsar_cov_mean,minirf_s1_log_mean,minirf_s1_log_median,minirf_s1_log_std,minirf_valid_pct,minirf_cov_mean,m3_b09_750nm,m3_b22_1010nm,m3_b56_1818nm,m3_b61_2018nm,m3_b74_2537nm,m3_b81_2817nm,m3_b84_2936nm,m3_b85_2976nm,m3_valid_px,m3_valid_pct,grail_anom_context,grail_boug_context,qualification_status,disqualification_reason
70,161.0,0.100625,0.6708,1.67,34.95031055900621,1768.6335403726707,-1259.6614906832328,44601.742236024846,44.619,25,1763,45,1775,16.1743,3.2463,26.6656,15.0572,1.3292,-3110.843,1.0,0.5364,0.4224,161.0,,,,0.0,0.0,0.058327,0.057856,0.003936,1.0,1.0,0.00056,0.000671,-0.001108,0.003225,-0.010427,-0.006496,-0.011013,-0.003589,161,1.0,24.6404,85.2909,UNCERTAIN,high_shadow_variation
205,767.0,0.479375,0.5073,1.17,94.45762711864408,1726.400260756193,-2315.4934810951745,43114.0593220339,43.1757,71,1707,113,1743,12.4035,4.3161,29.1999,11.1729,3.3144,-3396.3609,1.0,0.6438,0.4595,767.0,,,,0.0,0.0,0.053007,0.052641,0.003733,1.0,1.0,0.002774,-0.00427,-0.001938,-0.000998,-0.00158,-0.009036,-0.006458,-0.00231,767,1.0,24.6404,85.2909,UNCERTAIN,high_shadow_variation
339,1325.0,0.828125,0.3288,1.05,127.77660377358492,2264.901886792453,11147.047169811318,42281.08490566038,43.7255,100,2231,162,2296,11.8911,5.3059,25.2789,10.1361,4.2272,-364.2371,1.0,0.0107,0.0873,1325.0,0.239759,0.21232,0.10152,1.0,1.0,0.067367,0.064855,0.010791,1.0,1.0,0.011882,0.015962,0.021864,0.019347,0.026785,0.024899,0.021298,0.019847,1325,1.0,67.2511,77.9602,UNCERTAIN,high_slope_variation
344,189.0,0.118125,0.525,1.11,133.5978835978836,2102.9523809523807,7098.309523809519,42135.55291005291,42.7289,126,2093,144,2113,13.5819,6.4002,27.3783,12.0774,5.1743,-526.9839,1.0,0.0578,0.1926,189.0,0.119673,0.118446,0.021412,1.0,1.0,0.112882,0.113627,0.010215,1.0,1.0,-0.000815,0.001326,-0.000287,-0.001644,-0.002672,-0.003349,-0.002962,-0.014589,189,1.0,67.2511,77.9602,UNCERTAIN,high_slope_variation
412,267.0,0.166875,0.4334,1.27,162.85767790262173,2290.737827715356,11792.945692883892,41404.058052434455,43.0504,149,2280,177,2302,8.7266,4.5458,24.9687,7.5058,3.0358,-367.7997,1.0,0.5696,0.4704,267.0,0.269898,0.264523,0.08693,1.0,1.0,0.078411,0.076274,0.009155,1.0,1.0,0.046473,0.048999,0.072134,0.070853,0.089968,0.093638,0.097727,0.090979,267,1.0,67.2511,77.9602,UNCERTAIN,high_shadow_variation
414,580.0,0.3625,0.5451,1.36,170.91551724137932,2263.6637931034484,11116.09482758621,41202.61206896552,42.6754,158,2247,186,2285,8.4644,6.5335,28.8225,7.3879,5.0827,-304.6677,1.0,0.0765,0.2382,580.0,0.290286,0.295099,0.087113,1.0,1.0,0.067655,0.068683,0.006957,1.0,1.0,0.035108,0.034028,0.053756,0.053082,0.065541,0.06724,0.068126,0.063626,580,1.0,67.2511,77.9602,UNCERTAIN,high_slope_variation
459,518.0,0.32375,0.4427,1.3,178.62548262548262,2044.2027027027027,5629.567567567567,41009.862934362936,41.394,166,2023,196,2062,7.423,3.7945,21.0181,6.8146,3.4591,-1127.5012,1.0,0.4536,0.4426,518.0,0.156813,0.158167,0.056255,1.0,1.0,0.11672,0.116774,0.016924,1.0,1.0,-0.001597,-0.000827,0.000213,-0.003455,-0.004321,-0.004563,-0.010249,-0.019507,518,1.0,67.2511,77.9602,UNCERTAIN,high_shadow_variation
465,155.0,0.096875,0.6151,1.29,180.56774193548387,2028.3806451612904,5234.016129032258,40961.3064516129,41.2939,174,2019,188,2037,8.658,6.0864,23.4288,7.0309,2.5632,-1145.353,1.0,0.7804,0.3541,155.0,0.130277,0.129248,0.040907,1.0,1.0,0.129927,0.128367,0.01039,1.0,1.0,-0.004094,6.4e-05,-0.000353,-0.003441,-0.006368,-0.004495,-0.011072,-0.018509,155,1.0,67.2511,77.9602,UNCERTAIN,high_slope_variation; high_shadow_variation
484,410.0,0.25625,0.5647,1.5,188.93414634146345,1599.3536585365853,-5491.658536585368,40752.14634146341,41.1199,179,1584,201,1617,18.7706,3.434,29.6761,17.6296,2.5423,-2944.0865,1.0,0.6873,0.4569,410.0,,,,0.0,0.0,0.08555,0.084972,0.008235,1.0,1.0,-0.002574,-0.003078,0.000956,-0.000857,-0.000108,-0.003252,-0.011535,-0.021248,410,1.0,-34.341,89.0052,UNCERTAIN,high_shadow_variation
505,235.0,0.146875,0.3615,1.04,193.7617021276596,2327.0297872340425,12700.244680851063,40631.45744680851,42.5698,179,2314,205,2339,7.5872,3.2537,16.1904,6.7737,2.1992,-282.3867,1.0,0.3011,0.4033,235.0,0.208117,0.171414,0.108127,1.0,1.0,0.14178,0.135694,0.050571,1.0,1.0,0.136037,0.164352,0.218589,0.235338,0.274473,0.262742,0.310144,0.290708,235,1.0,67.2511,77.9602,UNCERTAIN,high_shadow_variation
532,161.0,0.100625,0.5649,1.27,194.8944099378882,2058.211180124224,5979.779503105587,40603.13975155279,41.0407,187,2050,202,2069,6.8725,3.3336,16.7385,6.7638,2.9474,-1116.405,1.0,0.2825,0.3944,161.0,0.212548,0.196972,0.079655,1.0,1.0,0.137093,0.13265,0.029389,1.0,1.0,-0.001556,-0.000425,0.0009,-0.00226,-0.000395,-0.003724,-0.010342,-0.012905,161,1.0,67.2511,77.9602,UNCERTAIN,high_shadow_variation
598,692.0,0.4325,0.4733,1.26,218.66907514450867,2188.8179190751443,9244.947976878611,40008.77312138728,41.0626,196,2174,239,2208,6.2027,2.3109,17.2345,5.0695,1.5273,-450.9375,1.0,0.292,0.4093,692.0,0.147814,0.13955,0.042314,1.0,1.0,0.109407,0.104569,0.024547,1.0,1.0,0.211394,0.259616,0.347859,0.375294,0.458508,0.44337,0.491607,0.457674,692,1.0,67.2511,77.9602,UNCERTAIN,high_shadow_variation
615,189.0,0.118125,0.5526,1.06,217.25925925925927,1186.4126984126983,-15815.18253968254,40044.01851851852,43.0533,208,1178,227,1196,5.9416,2.7239,18.6436,5.6119,1.911,-956.6779,1.0,0.2849,0.37,189.0,,,,0.0,0.0,0.112214,0.106968,0.027448,1.0,1.0,0.06426,0.086431,0.116528,0.121061,0.159616,0.156701,0.174207,0.165111,189,1.0,46.1389,95.783,UNCERTAIN,high_shadow_variation
627,316.0,0.1975,0.513,1.27,221.0126582278481,2214.3259493670885,9882.648734177215,39950.1835443038,41.154,207,2204,235,2226,4.2011,2.0269,10.5004,3.7116,1.1865,-462.0295,1.0,0.2277,0.373,316.0,0.181836,0.167088,0.044781,1.0,1.0,0.099569,0.092799,0.026146,1.0,1.0,0.063231,0.070978,0.093429,0.100224,0.119651,0.118061,0.14011,0.127366,316,1.0,67.2511,77.9602,UNCERTAIN,high_shadow_variation
687,283.0,0.176875,0.536,1.09,241.26855123674912,2216.7809187279154,9944.022968197882,39443.78621908128,40.6776,229,2205,251,2229,5.3263,3.0861,17.9039,4.8378,2.4913,-465.2122,1.0,0.3768,0.4386,283.0,0.230402,0.220237,0.062856,1.0,1.0,0.082894,0.078885,0.013092,1.0,1.0,0.075364,0.088919,0.126011,0.130618,0.15738,0.162483,0.176801,0.169914,283,1.0,67.2511,77.9602,UNCERTAIN,high_shadow_variation
743,504.0,0.315,0.4421,1.27,253.3809523809524,2354.2757936507937,13381.394841269845,39140.97619047619,41.3649,240,2338,270,2376,8.4257,5.1542,23.513,7.4433,4.379,98.5903,1.0,0.017,0.1006,504.0,0.201726,0.199319,0.050154,1.0,1.0,0.079393,0.078517,0.012167,1.0,1.0,0.125221,0.151574,0.217728,0.237472,0.265789,0.272429,0.284587,0.309746,504,1.0,67.2511,77.9602,UNCERTAIN,high_slope_variation
795,1334.0,0.83375,0.4236,1.43,294.85082458770614,2384.689655172414,14141.741379310348,38104.22938530735,40.6435,259,2367,326,2414,15.0127,6.0098,29.4817,13.1839,5.2532,27.8161,1.0,0.4311,0.4673,1334.0,0.253282,0.20813,0.163993,1.0,1.0,0.112342,0.100372,0.039683,1.0,1.0,0.01981,0.022811,0.034219,0.033459,0.040931,0.034696,0.03953,0.039067,1334,1.0,67.2511,77.9602,UNCERTAIN,high_slope_variation; high_shadow_variation
805,808.0,0.505,0.5658,1.24,269.33044554455444,1099.826732673267,-17979.83168316832,38742.23886138614,42.7104,254,1077,288,1119,13.1533,4.7988,28.5772,11.6973,3.3877,-1669.6033,1.0,0.5642,0.4634,808.0,,,,0.0,0.0,0.123134,0.121115,0.020588,1.0,1.0,-0.001763,0.005678,0.00437,0.004125,0.00634,0.005081,0.008085,0.005634,688,0.8515,46.1389,95.783,UNCERTAIN,high_shadow_variation
809,289.0,0.180625,0.5536,1.61,277.29411764705884,1055.121107266436,-19097.4723183391,38543.14705882353,43.0143,269,1041,287,1070,7.7211,5.7471,24.1238,6.4706,4.0421,-1771.16,1.0,1.0,0.0,289.0,0.306915,0.241676,0.163571,0.99654,0.99654,0.198963,0.177085,0.072112,1.0,1.0,-0.005635,0.000943,-0.000705,-0.000673,0.00265,-0.003719,-0.003492,-0.009628,289,1.0,46.1389,95.783,UNCERTAIN,high_slope_variation
824,299.0,0.186875,0.562,1.47,292.2040133779264,2357.016722408027,13449.918060200676,38170.39966555184,40.4704,283,2341,302,2369,11.6532,5.8207,27.5484,9.304,3.7558,112.4116,1.0,0.1114,0.2572,299.0,0.282328,0.275193,0.093134,1.0,1.0,0.0922,0.08681,0.018227,1.0,1.0,0.0932,0.116972,0.150387,0.157756,0.189774,0.183895,0.200623,0.210997,299,1.0,67.2511,77.9602,UNCERTAIN,high_slope_variation
840,175.0,0.109375,0.4605,1.05,286.51428571428573,1006.3485714285714,-20316.785714285717,38312.642857142855,43.3656,278,996,298,1015,14.7004,5.4713,24.5135,13.2325,3.7737,-1871.4334,1.0,1.0,0.0,175.0,0.311023,0.287099,0.102272,1.0,1.0,0.12236,0.127952,0.016257,1.0,1.0,-0.009977,-0.004517,-0.004324,0.001957,-0.000931,-0.009503,-0.00697,-0.01048,175,1.0,46.1389,95.783,UNCERTAIN,high_slope_variation
860,261.0,0.163125,0.5438,1.88,299.9961685823755,2342.0383141762454,13075.457854406137,37975.595785440615,40.1633,292,2329,308,2359,8.3828,3.9519,19.0289,6.9532,2.7137,79.2562,1.0,0.2792,0.3981,261.0,0.261499,0.24881,0.111673,0.827586,0.827586,0.073207,0.07044,0.009828,1.0,1.0,0.054621,0.067618,0.086209,0.089723,0.108556,0.095854,0.107195,0.111293,261,1.0,67.2511,77.9602,UNCERTAIN,high_shadow_variation
926,245.0,0.153125,0.3062,1.28,312.8448979591837,2409.2326530612245,14755.316326530614,37654.37755102041,40.4419,302,2395,327,2427,8.1953,3.7695,21.2391,8.3905,3.1279,-52.206,1.0,0.3146,0.4217,245.0,0.487878,0.372818,0.272066,1.0,1.0,0.107709,0.10606,0.020338,1.0,1.0,-0.003459,0.000166,0.001195,-0.002308,-0.002827,-0.003737,-0.009997,-0.01643,245,1.0,-57.4093,73.0638,UNCERTAIN,high_shadow_variation
1023,499.0,0.311875,0.6397,1.15,329.062124248497,878.6533066132265,-23509.16733466934,37248.94689378758,44.0466,316,864,342,894,14.7546,3.1771,24.0465,13.185,2.6031,-1458.9495,1.0,0.8042,0.3557,499.0,0.229274,0.185822,0.111769,1.0,1.0,0.072319,0.072219,0.006751,1.0,1.0,-0.002705,-0.005582,-0.001152,0.008482,0.00384,-0.006254,0.003439,-0.009203,385,0.7715,46.1389,95.783,UNCERTAIN,high_shadow_variation
1104,1380.0,0.8625,0.3813,1.64,345.6695652173913,2170.75652173913,8793.413043478256,36833.760869565216,37.8685,307,2153,384,2200,15.3666,5.0283,29.8007,13.76,4.1221,-151.5121,1.0,0.0283,0.1395,1380.0,0.368196,0.331278,0.107016,0.555797,0.555797,0.099271,0.090821,0.025401,1.0,1.0,0.020006,0.021778,0.033499,0.031122,0.040431,0.042401,0.039891,0.036741,1380,1.0,67.2511,77.9602,UNCERTAIN,high_slope_variation
1111,266.0,0.16625,0.5758,1.05,341.9248120300752,960.6954887218044,-21458.11278195489,36927.37969924812,42.7086,333,950,355,971,6.6168,5.718,23.7838,6.0016,4.3077,-2354.7202,1.0,1.0,0.0,266.0,0.373804,0.36253,0.095418,1.0,1.0,0.108394,0.108229,0.021543,1.0,1.0,-0.009805,0.000779,0.000552,-0.000319,0.001412,-0.007914,-0.011577,0.016045,266,1.0,46.1389,95.783,UNCERTAIN,high_slope_variation
1179,678.0,0.42375,0.6043,1.03,373.8200589970501,884.4690265486726,-23363.774336283182,36129.99852507375,43.0254,358,869,391,903,9.9041,3.5594,18.7642,8.7619,2.8647,-1463.19,1.0,0.2949,0.4437,678.0,0.385895,0.291677,0.215967,1.0,1.0,0.071136,0.06841,0.012248,1.0,1.0,-0.008439,0.00015,0.000182,-0.001819,-0.003718,-0.009315,-0.017089,-0.027385,678,1.0,46.1389,95.783,UNCERTAIN,high_shadow_variation
1203,390.0,0.24375,0.5804,1.17,376.85641025641024,2333.7128205128206,12867.320512820515,36054.08974358974,38.2811,366,2320,390,2348,5.8618,3.5253,22.4174,4.2468,1.4746,33.6702,1.0,0.3066,0.3843,390.0,,,,0.0,0.0,0.067215,0.064319,0.014672,1.0,1.0,0.002141,0.001263,0.00343,0.003927,0.003337,-0.003252,-0.010377,-0.011212,390,1.0,67.2511,77.9602,UNCERTAIN,high_shadow_variation
1228,636.0,0.3975,0.4942,1.18,386.0849056603773,2097.39465408805,6959.3663522012575,35823.377358490565,36.4927,366,2084,405,2117,11.6142,4.0518,28.6327,10.4127,3.1301,-564.9279,1.0,0.4323,0.4737,636.0,0.143659,0.130781,0.049251,0.97956,0.97956,0.132986,0.119246,0.057396,1.0,1.0,0.003773,-5e-06,0.00019,-0.000724,-0.00092,-0.001577,-0.003504,-0.006969,636,1.0,67.2511,77.9602,UNCERTAIN,high_shadow_variation
1313,3208.0,2.005,0.5036,1.51,405.6658354114713,1883.401496259352,1609.5374064837888,35333.85411471322,35.37,360,1853,458,1918,9.9117,4.713,28.3187,8.4983,3.6265,-605.5783,1.0,0.523,0.4779,3208.0,0.147904,0.132169,0.069071,1.0,1.0,0.093748,0.090797,0.023093,1.0,1.0,0.024607,0.02376,0.035515,0.036106,0.042154,0.035433,0.041711,0.037448,3208,1.0,49.6089,82.7432,UNCERTAIN,high_shadow_variation
1345,146.0,0.09125,0.5407,1.2,401.7191780821918,2263.2876712328766,11106.691780821917,35432.520547945205,37.1322,394,2255,409,2273,9.0936,4.0011,18.8215,7.422,1.9228,-73.8655,1.0,0.5879,0.4222,146.0,,,,0.0,0.0,0.106657,0.107075,0.009252,1.0,1.0,0.003104,-0.000945,0.001031,0.00089,-0.004149,-0.009724,-0.008305,-0.007406,146,1.0,40.2924,84.9679,UNCERTAIN,high_shadow_variation
1482,127.0,0.079375,0.5427,1.38,427.5669291338583,2415.984251968504,14924.106299212595,34786.32677165354,37.8523,421,2408,434,2426,6.1251,3.0902,16.074,6.5273,2.5965,-218.6674,1.0,0.2866,0.3888,127.0,0.194207,0.195695,0.048489,1.0,1.0,0.1247,0.125526,0.020029,1.0,1.0,0.015338,-0.003244,7.5e-05,0.000671,-0.000766,-0.006805,-0.016499,-0.028208,127,1.0,-8.8513,82.0245,UNCERTAIN,high_shadow_variation
1484,516.0,0.3225,0.3576,1.05,434.281007751938,872.6182170542636,-23660.04457364341,34618.47480620155,41.9306,418,860,455,899,7.8066,3.7356,18.9041,6.776,2.9425,-1389.4171,1.0,0.3268,0.4153,516.0,0.246466,0.236039,0.077698,1.0,1.0,0.112637,0.109319,0.018288,1.0,1.0,0.00097,0.003174,0.00669,0.003506,0.003801,-4e-05,-0.006723,-0.007493,516,1.0,35.9271,86.4979,UNCERTAIN,high_shadow_variation
1569,141.0,0.088125,0.8011,1.45,449.51063829787233,1180.042553191489,-15974.436170212768,34237.73404255319,37.7803,442,1175,458,1186,6.406,3.1069,17.455,5.6439,2.0251,-1034.7163,1.0,0.5262,0.4062,141.0,,,,0.0,0.0,0.074504,0.074943,0.010067,1.0,1.0,0.035879,0.030457,0.050158,0.049642,0.062399,0.072083,0.069626,0.059013,141,1.0,35.9271,86.4979,UNCERTAIN,high_shadow_variation
1625,512.0,0.32,0.5322,1.42,463.5,722.853515625,-27404.162109375,33888.0,43.5812,451,706,477,743,5.0229,2.5333,15.5985,4.119,1.798,-1261.6539,1.0,0.2021,0.3581,512.0,0.265454,0.260906,0.045243,1.0,1.0,0.068975,0.066795,0.008875,1.0,1.0,0.034424,0.047186,0.058617,0.06034,0.080686,0.063687,0.067576,0.06,512,1.0,80.591,99.4056,UNCERTAIN,high_shadow_variation
1638,1754.0,1.09625,0.4229,1.11,440.3660205245154,1148.2884834663623,-16768.287913340937,34466.34948688711,38.3282,404,1116,472,1177,12.7674,6.4526,29.1501,11.0644,5.4828,-1142.3803,1.0,0.0541,0.1963,1754.0,,,,0.0,0.0,0.088572,0.086371,0.018304,1.0,1.0,0.046594,0.048601,0.069817,0.07122,0.091479,0.0902,0.097869,0.096431,1754,1.0,35.9271,86.4979,UNCERTAIN,high_slope_variation
1688,362.0,0.22625,0.5201,1.21,470.3259668508287,698.9917127071823,-28000.70718232044,33717.35082872928,43.8274,459,687,488,711,4.8644,2.3091,12.9758,3.9292,1.2305,-1266.4264,1.0,0.2006,0.3559,362.0,0.280357,0.266012,0.070093,1.0,1.0,0.077283,0.074814,0.01046,1.0,1.0,0.007556,0.018266,0.024666,0.024628,0.028379,0.020034,0.02218,0.02169,362,1.0,80.591,99.4056,UNCERTAIN,high_shadow_variation
1723,271.0,0.169375,0.4009,1.0,488.2619926199262,819.9114391143911,-24977.714022140222,33268.950184501846,41.6011,474,807,500,833,6.3924,3.0154,18.1419,4.8275,1.2317,-1169.5007,1.0,0.3824,0.4373,271.0,0.403737,0.401607,0.08012,1.0,1.0,0.106696,0.105852,0.012093,1.0,1.0,0.036333,0.034804,0.048464,0.050785,0.068198,0.05254,0.068752,0.063177,271,1.0,35.9271,86.4979,UNCERTAIN,high_shadow_variation
1735,2304.0,1.44,0.4045,1.39,446.2747395833333,843.7565104166666,-24381.587239583336,34318.63151041667,42.0972,404,812,493,876,12.755,4.5214,25.7309,11.0457,3.5173,-1234.8384,1.0,0.2235,0.3637,2304.0,0.244654,0.231971,0.093592,1.0,1.0,0.112371,0.113568,0.024919,1.0,1.0,0.033859,0.038766,0.057556,0.057974,0.073834,0.067587,0.076653,0.074652,2304,1.0,35.9271,86.4979,UNCERTAIN,high_shadow_variation
1741,324.0,0.2025,0.54,1.04,483.3858024691358,948.2283950617284,-21769.79012345679,33390.8549382716,39.86,470,938,495,962,7.3159,5.099,24.185,5.9048,3.0862,-1267.4447,1.0,0.0172,0.0979,324.0,,,,0.0,0.0,0.100717,0.098494,0.01261,1.0,1.0,0.008995,0.009067,0.008102,0.007143,0.013018,-0.000136,0.009239,0.008634,324,1.0,35.9271,86.4979,UNCERTAIN,high_slope_variation
1777,954.0,0.59625,0.645,1.76,483.1415094339623,675.6153039832285,-28585.117400419287,33396.96226415094,43.9591,470,651,499,702,7.7144,4.3188,25.4894,6.2136,2.7529,-1311.5736,1.0,0.2013,0.3544,954.0,0.273774,0.25768,0.068463,1.0,1.0,0.074632,0.074421,0.008762,1.0,1.0,0.002675,0.008794,0.00893,0.009088,0.009579,-0.006708,0.008645,-0.001998,954,1.0,80.591,99.4056,UNCERTAIN,high_shadow_variation
1789,291.0,0.181875,0.485,1.5,498.6701030927835,936.9072164948452,-22052.819587628863,33008.74742268041,39.697,489,923,509,953,7.9997,5.1238,22.6581,6.1431,2.0355,-1247.4958,1.0,0.0997,0.2566,291.0,,,,0.0,0.0,0.107685,0.108943,0.011749,1.0,1.0,0.008975,0.004166,0.005424,0.005944,0.009665,0.008703,0.012696,0.009879,291,1.0,35.9271,86.4979,UNCERTAIN,high_slope_variation
1790,1065.0,0.665625,0.3907,1.23,496.6075117370892,1807.123004694836,-297.42488262910774,33060.312206572766,33.0611,477,1778,524,1836,9.9798,4.8162,25.8807,8.1366,3.3705,-542.6155,1.0,0.4266,0.4701,1065.0,0.170538,0.16656,0.04877,1.0,1.0,0.124166,0.123069,0.017829,1.0,1.0,0.006914,0.003025,0.009389,0.011492,0.007523,0.006319,0.012545,0.007829,1065,1.0,49.6089,82.7432,UNCERTAIN,high_shadow_variation
1813,163.0,0.101875,0.5993,1.06,489.2147239263804,894.6625766871166,-23108.935582822087,33245.13190184049,40.4871,482,887,498,904,10.1519,5.3731,23.7226,8.0036,2.0765,-1221.1028,1.0,0.2312,0.349,163.0,0.259703,0.233496,0.080038,1.0,1.0,0.099569,0.099232,0.011152,1.0,1.0,0.001246,0.002002,0.00144,0.003347,0.003832,-0.006464,0.000785,-0.006381,163,1.0,35.9271,86.4979,UNCERTAIN,high_slope_variation
1821,162.0,0.10125,0.5329,1.19,490.5123456790124,2464.895061728395,16146.876543209872,33212.69135802469,36.9295,482,2458,498,2477,12.1396,5.4304,25.758,10.2418,3.5074,-454.4477,1.0,0.0289,0.1349,162.0,0.219465,0.216842,0.040256,1.0,1.0,0.11058,0.111777,0.016637,1.0,1.0,-0.000543,9.4e-05,0.000687,0.000943,0.002874,-0.000639,0.001887,-0.013359,162,1.0,-8.8513,82.0245,UNCERTAIN,high_slope_variation
1826,190.0,0.11875,0.3755,1.05,495.2052631578948,1096.7157894736845,-18057.605263157893,33095.36842105263,37.7005,485,1087,508,1109,9.17,3.5005,19.8816,7.9114,2.0751,-1159.9436,1.0,0.6082,0.4406,190.0,,,,0.0,0.0,0.099043,0.09743,0.011267,1.0,1.0,0.014859,-0.000921,0.003885,0.003889,0.004921,0.005706,0.007454,-0.00348,190,1.0,35.9271,86.4979,UNCERTAIN,high_shadow_variation
1847,4942.0,3.08875,0.4862,1.13,484.54127883448,783.1628895184136,-25896.42776203966,33361.968029138,42.2325,442,735,537,842,8.4677,3.7069,23.6679,7.0769,2.5941,-1198.1245,1.0,0.2587,0.4061,4942.0,0.334188,0.329561,0.089365,1.0,1.0,0.095345,0.093997,0.015732,1.0,1.0,0.030924,0.034569,0.048136,0.049025,0.063601,0.055332,0.063252,0.058677,4942,1.0,80.591,99.4056,UNCERTAIN,high_shadow_variation
1873,1136.0,0.71,0.4555,1.35,510.8741197183099,1775.5281690140846,-1087.295774647886,32703.64700704225,32.7212,489,1748,532,1806,11.6221,4.2347,26.0457,10.2491,2.9842,-554.0773,1.0,0.661,0.4456,1136.0,0.146595,0.130048,0.061032,1.0,1.0,0.125434,0.12853,0.023863,1.0,1.0,0.012435,0.011183,0.018772,0.018458,0.019383,0.011608,0.02528,0.015277,1136,1.0,49.6089,82.7432,UNCERTAIN,high_shadow_variation
1901,655.0,0.409375,0.5387,1.19,498.4732824427481,635.7832061068702,-29580.919847328245,33013.6679389313,44.3269,484,619,516,657,5.8452,4.4281,26.6163,4.9073,2.3538,-1373.5559,1.0,0.7638,0.3606,655.0,0.258193,0.234025,0.093531,1.0,1.0,0.086566,0.086373,0.010769,1.0,1.0,9.3e-05,0.00158,0.000226,0.001511,-0.000233,-0.019324,-0.005532,-0.009291,655,1.0,80.591,99.4056,UNCERTAIN,high_shadow_variation
1942,1298.0,0.81125,0.386,1.04,525.8258859784283,658.0154083204931,-29025.114791987675,32329.85285053929,43.4467,499,628,556,687,11.0148,5.2889,24.9516,9.1697,4.4905,-1332.8569,1.0,0.1201,0.2943,1298.0,0.273188,0.267782,0.055794,1.0,1.0,0.066544,0.072686,0.022262,1.0,1.0,0.014677,0.016113,0.021362,0.024394,0.028982,0.028888,0.029183,0.023647,1298,1.0,80.591,99.4056,UNCERTAIN,high_slope_variation
1965,814.0,0.50875,0.5139,1.22,533.3697788697789,1718.3058968058967,-2517.8525798525807,32141.25552825553,32.2392,513,1700,557,1736,11.6026,4.6884,25.3633,10.4361,3.6873,-562.0448,1.0,0.411,0.4453,814.0,0.214424,0.198052,0.111318,1.0,1.0,0.113343,0.110033,0.025324,1.0,1.0,0.043349,0.050086,0.059602,0.068508,0.078786,0.077265,0.08198,0.075515,814,1.0,49.6089,82.7432,UNCERTAIN,high_shadow_variation
2029,324.0,0.2025,0.5891,1.14,521.4567901234568,1813.432098765432,-139.6975308641995,32439.08024691358,32.4389,510,1802,535,1824,11.8235,3.411,23.822,10.2003,2.1102,-621.4422,1.0,0.3567,0.4459,324.0,0.193167,0.191714,0.039404,1.0,1.0,0.10548,0.101426,0.013021,1.0,1.0,0.002024,0.003129,0.001549,0.005111,-0.001763,-0.002435,0.001827,-0.011246,324,1.0,49.6089,82.7432,UNCERTAIN,high_shadow_variation
2138,151.0,0.094375,0.4689,1.64,553.4105960264901,1686.9205298013244,-3302.4867549668925,31640.235099337748,31.8116,541,1681,564,1695,7.7436,3.4535,15.5721,7.3715,2.6595,-657.524,1.0,0.5494,0.4705,151.0,0.272177,0.261519,0.079518,1.0,1.0,0.138205,0.135703,0.015685,1.0,1.0,0.035463,0.043228,0.054955,0.063607,0.080998,0.077726,0.081604,0.073671,151,1.0,49.6089,82.7432,UNCERTAIN,high_shadow_variation
2170,160.0,0.1,0.2857,2.19,555.19375,939.875,-21978.625,31595.65625,38.4876,549,921,565,956,11.9575,6.4181,27.1141,12.0189,5.4832,-1019.3358,1.0,0.2572,0.3932,160.0,,,,0.0,0.0,0.691234,0.810872,0.33532,1.0,1.0,0.039007,0.036858,0.054793,0.060092,0.066638,0.055073,0.060782,0.043458,160,1.0,35.9271,86.4979,UNCERTAIN,high_slope_variation; high_shadow_variation
2227,1456.0,0.91,0.4458,1.54,540.2788461538462,754.0679945054945,-26623.80013736264,31968.528846153844,41.6023,503,735,574,781,8.5921,4.1299,22.2239,7.2343,2.9161,-1136.1802,1.0,0.5792,0.4648,1456.0,0.304841,0.292976,0.071745,1.0,1.0,0.084513,0.082522,0.012211,1.0,1.0,0.019874,0.018013,0.02939,0.030769,0.036408,0.034791,0.034353,0.030628,1456,1.0,80.591,99.4056,UNCERTAIN,high_shadow_variation
2421,178.0,0.11125,0.3685,1.1,599.7415730337078,701.8258426966293,-27929.85393258427,30481.960674157304,41.3421,590,690,611,713,8.2918,4.6426,20.4872,7.4909,3.9261,-1062.2283,1.0,0.7092,0.4251,178.0,0.237378,0.198016,0.098225,1.0,1.0,0.134809,0.131703,0.011829,1.0,1.0,0.007295,0.00799,0.005508,0.008922,0.003608,0.004285,-0.0006,-0.012785,178,1.0,80.591,99.4056,UNCERTAIN,high_shadow_variation
2438,594.0,0.37125,0.4967,1.77,597.0218855218856,1846.3771043771044,683.9276094276065,30549.95286195286,30.5571,585,1823,611,1869,8.135,3.2942,26.449,6.9017,2.0077,-820.5672,1.0,0.5273,0.4425,594.0,0.182154,0.182747,0.03363,0.464646,0.464646,0.067676,0.066061,0.012236,1.0,1.0,0.003018,0.003365,0.007447,0.001831,0.003741,0.001746,-0.007522,0.001284,594,1.0,49.6089,82.7432,UNCERTAIN,high_shadow_variation
2470,1852.0,1.1575,0.42,1.11,570.5950323974082,719.3812095032397,-27490.96976241901,31210.624190064795,41.5908,536,685,606,748,8.8025,4.1535,25.9814,7.248,2.7001,-1109.2121,1.0,0.2083,0.3754,1852.0,0.307391,0.301924,0.087386,1.0,1.0,0.115775,0.100457,0.049176,1.0,1.0,0.042618,0.04568,0.069058,0.07081,0.083495,0.077465,0.086517,0.078513,1852,1.0,80.591,99.4056,UNCERTAIN,high_shadow_variation
2507,540.0,0.3375,0.5143,1.68,606.5944444444444,2233.9592592592594,10373.481481481482,30310.63888888889,32.0363,596,2210,621,2252,8.5303,5.1117,23.7733,6.5188,3.3625,-2052.9783,1.0,1.0,0.0,540.0,,,,0.0,0.0,0.08836,0.081533,0.017688,1.0,1.0,-0.000279,0.001809,-0.000877,-0.000675,-0.000822,-0.003483,0.003954,0.00356,540,1.0,40.2924,84.9679,UNCERTAIN,high_slope_variation
2532,290.0,0.18125,0.5503,1.82,609.6137931034483,1329.844827586207,-12229.379310344826,30235.15517241379,32.6141,601,1313,618,1344,6.5035,2.8245,14.0391,6.1085,2.5686,-2747.4676,1.0,0.5862,0.468,290.0,0.081357,0.080193,0.012371,1.0,1.0,0.116522,0.116391,0.006839,1.0,1.0,-0.001288,0.004325,0.002548,0.00322,0.002425,-0.000933,-0.006748,0.001098,290,1.0,-31.9971,79.6277,UNCERTAIN,high_shadow_variation
2542,249.0,0.155625,0.498,1.25,602.9116465863453,1450.5220883534137,-9212.44779116466,30402.708835341367,31.7672,591,1443,616,1463,14.5251,3.6048,24.5121,13.0977,2.2282,-2519.7512,1.0,0.7717,0.3883,249.0,0.179545,0.17011,0.069192,1.0,1.0,0.128611,0.121278,0.034124,1.0,1.0,0.002478,0.004721,0.004019,0.003484,0.008042,0.00169,0.002962,0.001795,249,1.0,-31.9971,79.6277,UNCERTAIN,high_shadow_variation
2579,311.0,0.194375,0.3888,3.12,601.2379421221865,846.3344051446945,-24317.13987138264,30444.551446945337,38.9633,579,838,629,854,11.9886,4.9525,23.7467,11.3408,4.3914,-1050.9709,1.0,0.5311,0.4619,311.0,0.489923,0.452434,0.13164,0.733119,0.733119,0.103877,0.0948,0.021644,1.0,1.0,0.096634,0.119167,0.159391,0.177663,0.205677,0.206642,0.206537,0.201921,311,1.0,35.9271,86.4979,UNCERTAIN,high_shadow_variation
2583,479.0,0.299375,0.5525,3.0,608.1670146137787,1381.7724425887266,-10931.188935281833,30271.32463465553,32.1839,600,1353,617,1404,10.1515,5.2033,21.5023,9.1826,4.5496,-2773.9244,1.0,0.225,0.3822,479.0,0.19118,0.183132,0.056142,1.0,1.0,0.161649,0.159184,0.035873,1.0,1.0,-0.002215,0.003442,0.000671,-0.002242,0.000765,0.000263,-0.007532,0.000154,479,1.0,-31.9971,79.6277,UNCERTAIN,high_slope_variation; high_shadow_variation
2624,623.0,0.389375,0.4992,1.22,617.5987158908507,2289.828250401284,11770.2062600321,30035.53210272873,32.2591,602,2272,634,2311,8.2943,5.1127,28.6864,6.0718,2.625,-2087.0103,1.0,1.0,0.0,623.0,,,,0.0,0.0,0.115681,0.111228,0.022819,1.0,1.0,0.000593,0.001332,0.00031,0.002066,0.007559,-0.003862,0.006156,0.002573,623,1.0,40.2924,84.9679,UNCERTAIN,high_slope_variation
2644,174.0,0.10875,0.6042,1.12,617.5574712643678,1717.5459770114942,-2536.850574712648,30036.56321839081,30.143,610,1709,626,1727,8.0399,3.6514,19.4025,7.4533,2.4774,-1192.0885,1.0,0.2674,0.3778,174.0,0.193186,0.178867,0.053807,1.0,1.0,0.136896,0.138333,0.009441,1.0,1.0,0.008304,0.013861,0.013822,0.011311,0.010493,0.01047,0.011795,0.012377,174,1.0,49.6089,82.7432,UNCERTAIN,high_shadow_variation
2728,764.0,0.4775,0.5685,1.31,633.8285340314136,2265.668848167539,11166.221204188478,29629.78664921466,31.6637,613,2249,655,2281,8.7883,5.1136,26.5341,7.1162,3.5318,-2094.3945,1.0,1.0,0.0,764.0,,,,0.0,0.0,0.144535,0.122587,0.070502,1.0,1.0,0.000301,0.002806,0.002128,0.00201,0.002283,0.004296,0.001414,-0.002543,764,1.0,40.2924,84.9679,UNCERTAIN,high_slope_variation
2792,1137.0,0.710625,0.6338,1.18,646.3447669305189,2146.0712401055407,8176.28100263852,29316.880826737022,30.4353,626,2123,665,2169,8.3648,5.3879,26.8051,5.913,2.2177,-2136.6271,1.0,1.0,0.0,1137.0,,,,0.0,0.0,0.089757,0.088356,0.015866,1.0,1.0,0.001451,0.004425,0.002214,0.001045,0.003261,0.004967,-0.005454,-0.012225,1137,1.0,40.2924,84.9679,UNCERTAIN,high_slope_variation
2851,1257.0,0.785625,0.41,1.74,624.521877486078,744.7708830548926,-26856.227923627685,29862.45306284805,40.1618,586,722,659,764,13.1774,5.7408,28.0328,11.417,4.3711,-1310.9817,1.0,0.9925,0.0737,1257.0,0.24153,0.232768,0.064804,1.0,1.0,0.128349,0.121029,0.028416,1.0,1.0,0.00271,0.00165,0.000817,0.002011,0.004098,0.004892,-0.001521,0.000594,1257,1.0,80.591,99.4056,UNCERTAIN,high_slope_variation
2929,220.0,0.1375,0.2489,1.31,666.3363636363637,879.5590909090909,-23486.522727272728,28817.090909090908,37.1751,653,863,679,897,9.5759,4.7208,24.4928,10.0181,3.8024,-1049.7916,1.0,0.2858,0.4139,220.0,,,,0.0,0.0,0.142789,0.128998,0.034486,1.0,1.0,0.03215,0.034629,0.049563,0.047739,0.057155,0.060635,0.054433,0.047469,220,1.0,35.9271,86.4979,UNCERTAIN,roi_edge_partial; high_shadow_variation
3017,183.0,0.114375,0.4541,2.38,673.5901639344262,917.0273224043716,-22549.81693989071,28635.745901639344,36.4479,667,903,680,934,10.8316,5.7732,24.3625,10.865,4.9415,-978.694,1.0,0.3329,0.4515,183.0,,,,0.0,0.0,0.182443,0.179792,0.020953,1.0,1.0,0.037498,0.04641,0.063146,0.062581,0.077159,0.068697,0.070311,0.058095,183,1.0,35.9271,86.4979,UNCERTAIN,high_slope_variation; high_shadow_variation
3024,353.0,0.220625,0.6171,1.18,675.7790368271955,1787.0594900849858,-799.0127478753566,28581.024079320112,28.5917,665,1774,687,1800,11.3831,5.8112,27.6852,9.5783,4.4276,-500.5297,1.0,0.055,0.202,353.0,,,,0.0,0.0,0.069618,0.062235,0.026803,1.0,1.0,0.05817,0.068103,0.08525,0.09306,0.11239,0.115727,0.118172,0.104635,353,1.0,49.6089,82.7432,UNCERTAIN,high_slope_variation
3045,827.0,0.516875,0.589,1.08,674.8681983071342,2117.8476420798065,7470.691051995163,28603.79504232165,29.5629,658,2100,694,2139,8.9544,5.9049,27.569,6.8009,3.2145,-2198.1661,1.0,1.0,0.0,827.0,,,,0.0,0.0,0.076066,0.07623,0.015866,1.0,1.0,-0.001452,-0.000391,0.004071,0.000133,0.003061,0.004274,-0.024882,0.003121,827,1.0,40.2924,84.9679,UNCERTAIN,high_slope_variation
3089,672.0,0.42,0.4736,1.3,683.7916666666666,1838.2083333333333,479.7083333333285,28380.708333333336,28.3843,668,1816,701,1859,12.8676,5.4795,28.8436,11.3986,4.3897,-613.4034,1.0,0.15,0.312,672.0,,,,0.0,0.0,0.090008,0.08705,0.024566,1.0,1.0,0.006295,0.00168,0.001048,-0.000793,-5.7e-05,0.030088,-0.000758,0.007311,672,1.0,49.6089,82.7432,UNCERTAIN,high_slope_variation
3097,495.0,0.309375,0.5249,1.78,681.1878787878788,2232.676767676768,10341.419191919194,28445.80303030303,30.267,670,2214,693,2255,9.8166,6.0145,27.5055,6.5115,2.7676,-2132.2801,1.0,1.0,0.0,495.0,,,,0.0,0.0,0.098395,0.092953,0.042414,1.0,1.0,0.001999,0.000395,0.004108,0.000458,0.006265,0.001278,0.000917,0.000942,495,1.0,40.2924,84.9679,UNCERTAIN,high_slope_variation
3127,857.0,0.535625,0.318,1.12,696.0898483080514,2566.4399066511087,18685.49766627772,28073.253792298718,33.7231,673,2539,722,2594,10.1814,4.9123,24.8054,9.2012,4.181,-990.2941,1.0,0.2107,0.3838,857.0,0.194645,0.188387,0.038872,1.0,1.0,0.09468,0.092591,0.040309,1.0,1.0,0.000506,-0.001033,-0.000139,0.002075,2.2e-05,0.004935,-0.013381,-0.013576,857,1.0,-8.8513,82.0245,UNCERTAIN,high_shadow_variation
3173,811.0,0.506875,0.493,1.34,693.6263871763256,2100.214549938348,7029.863748458694,28134.840320591866,28.9994,670,2085,717,2120,9.3792,5.2352,27.4063,7.5524,3.0019,-2182.3933,1.0,1.0,0.0,811.0,,,,0.0,0.0,0.066093,0.06745,0.011009,1.0,1.0,0.004852,-7.6e-05,0.002021,0.001183,0.002769,-0.002467,-0.005421,-0.004176,811,1.0,40.2924,84.9679,UNCERTAIN,high_slope_variation
3229,325.0,0.203125,0.625,1.3,711.3753846153846,784.28,-25868.5,27691.115384615383,37.8936,698,776,724,796,5.742,2.6136,15.6051,4.9174,1.6116,-1124.6731,1.0,0.6956,0.4173,325.0,0.422688,0.425855,0.056452,0.08,0.08,0.08728,0.086355,0.009763,1.0,1.0,0.001704,0.001954,-0.001322,0.002157,-0.002213,-0.003007,-0.000322,-0.002138,325,1.0,80.591,99.4056,UNCERTAIN,high_shadow_variation
3234,292.0,0.1825,0.632,1.05,697.5102739726027,2212.2602739726026,9831.00684931506,28037.74315068493,29.711,687,2202,708,2224,8.386,5.2441,28.9332,5.4418,1.7021,-2143.4908,1.0,1.0,0.0,292.0,,,,0.0,0.0,0.06475,0.064378,0.009964,1.0,1.0,0.005606,0.000606,0.001785,0.000801,0.004866,0.000625,0.002904,0.003721,292,1.0,40.2924,84.9679,UNCERTAIN,high_slope_variation
3239,260.0,0.1625,0.5882,1.53,706.5384615384615,770.2346153846154,-26219.634615384617,27812.03846153846,38.222,695,762,721,779,11.5002,4.3225,22.9164,9.8102,3.1569,-1153.9526,1.0,0.4948,0.4563,260.0,0.370905,0.366418,0.057266,0.807692,0.807692,0.080439,0.081679,0.008574,1.0,1.0,0.001193,0.001515,-0.001785,-0.000138,-0.006153,-0.005025,-0.000906,-0.005548,260,1.0,80.591,99.4056,UNCERTAIN,high_shadow_variation
3321,180.0,0.1125,0.5921,1.19,718.2888888888889,2346.972222222222,13198.805555555557,27518.277777777777,30.5197,708,2339,727,2355,6.6245,5.2043,25.3671,4.9307,2.0235,-2120.9453,1.0,1.0,0.0,180.0,,,,0.0,0.0,0.065696,0.063859,0.012287,1.0,1.0,0.000819,-0.003771,-0.000919,0.000186,0.002969,-0.00876,-0.016744,-0.025368,180,1.0,40.2924,84.9679,UNCERTAIN,high_slope_variation
3406,138.0,0.08625,0.5391,1.0,728.2028985507246,1425.123188405797,-9847.420289855072,27270.427536231884,28.9933,720,1416,736,1432,5.4786,6.0644,25.9538,4.4615,3.1142,-3531.4385,1.0,1.0,0.0,138.0,0.162304,0.160785,0.024839,1.0,1.0,0.084002,0.08405,0.004288,1.0,1.0,0.00375,0.00189,0.002817,0.000347,0.004578,0.001581,0.001149,0.003125,138,1.0,-31.9971,79.6277,UNCERTAIN,high_slope_variation
3423,1041.0,0.650625,0.4086,1.06,742.0509125840538,688.0701248799231,-28273.746878001923,26924.227185398657,39.0418,716,664,768,713,9.7489,5.7695,27.4249,8.5195,4.9706,-1683.0717,1.0,1.0,0.0,1041.0,0.26268,0.250871,0.064643,1.0,1.0,0.011235,0.010284,0.005762,1.0,1.0,0.004174,0.002231,0.000738,0.001589,-0.000236,0.00515,-0.004358,-0.008111,1041,1.0,80.591,99.4056,UNCERTAIN,high_slope_variation
3436,980.0,0.6125,0.4649,1.82,731.6704081632653,762.665306122449,-26408.867346938776,27183.73979591837,37.8989,697,748,759,782,11.7102,5.5681,28.5092,9.8669,3.8672,-1223.434,1.0,0.8739,0.3131,980.0,0.299254,0.289947,0.050495,0.39898,0.39898,0.076415,0.075739,0.009436,1.0,1.0,0.002713,0.00274,0.000687,0.001401,-0.000406,0.003506,-0.003793,-0.000307,980,1.0,80.591,99.4056,UNCERTAIN,high_slope_variation
3498,465.0,0.290625,0.511,1.35,746.0215053763441,2490.72688172043,16792.672043010745,26824.9623655914,31.6475,727,2477,762,2503,12.1614,6.41,26.3887,10.8926,5.7595,-658.458,1.0,0.0237,0.1275,465.0,,,,0.0,0.0,0.053616,0.047773,0.018311,1.0,1.0,0.002749,0.000829,0.001793,0.001383,0.002398,-0.006116,-0.004608,-0.008115,465,1.0,-8.8513,82.0245,UNCERTAIN,high_slope_variation
3628,183.0,0.114375,0.4973,1.44,755.6284153005464,2725.3169398907103,22657.42349726775,26584.789617486334,34.93,746,2717,769,2733,8.7338,3.8839,17.3236,8.5206,3.5367,-2510.7224,1.0,0.3185,0.44,183.0,0.579204,0.579694,0.093495,1.0,1.0,0.174,0.187417,0.037233,1.0,1.0,0.005387,0.006996,0.016148,0.008752,0.012677,0.012714,0.0093,0.004256,183,1.0,-8.8513,82.0245,UNCERTAIN,high_shadow_variation
3673,386.0,0.24125,0.6266,1.27,768.5466321243523,399.4145077720207,-35490.13730569948,26261.834196891192,44.1494,757,385,779,413,8.86,4.9773,23.2065,7.6405,4.002,960.603,1.0,0.2869,0.4167,386.0,0.297978,0.308838,0.082561,1.0,1.0,0.092513,0.08365,0.036248,1.0,1.0,0.035921,0.026497,0.0288,0.032214,0.038717,0.040655,0.037708,0.03941,386,1.0,87.8469,114.4256,UNCERTAIN,high_shadow_variation
3820,1097.0,0.685625,0.5678,1.1,789.5077484047403,1814.8887876025524,-103.28030993619176,25737.806289881493,25.7375,769,1791,815,1833,13.1446,5.8816,28.3822,11.573,4.6224,-730.0777,1.0,0.1501,0.3238,1097.0,,,,0.0,0.0,0.056582,0.055447,0.007374,1.0,1.0,0.078192,0.091554,0.125695,0.132872,0.158798,0.145133,0.160351,0.160723,1097,1.0,49.6089,82.7432,UNCERTAIN,high_slope_variation
3830,1817.0,1.135625,0.3889,1.14,766.6152999449642,2023.9939460649423,5124.348651623557,26310.11750137589,26.8041,736,1990,800,2063,14.4516,5.4263,29.8683,12.7533,4.3317,-1542.4773,1.0,1.0,0.0,1817.0,,,,0.0,0.0,0.052876,0.05218,0.00671,0.988993,0.988993,0.003375,0.002607,0.00238,0.002969,0.004906,-0.000838,-0.00539,-0.007277,1817,1.0,40.2924,84.9679,UNCERTAIN,high_slope_variation
3836,487.0,0.304375,0.4134,1.23,798.9774127310062,1930.977412731006,2798.935318275151,25501.064681724845,25.6538,783,1915,821,1946,8.8632,5.5093,29.8763,6.4439,3.0756,-1645.2398,1.0,1.0,0.0,487.0,,,,0.0,0.0,0.061585,0.061849,0.008769,1.0,1.0,0.007621,0.001379,0.002286,0.000811,-0.000929,-0.003225,-0.006646,-0.005729,487,1.0,49.6089,82.7432,UNCERTAIN,high_slope_variation
3857,324.0,0.2025,0.5,1.12,792.4320987654321,2249.043209876543,10750.580246913582,25664.6975308642,27.8251,780,2237,807,2261,11.1468,5.4912,25.6296,8.5365,2.5155,-2088.6893,1.0,1.0,0.0,324.0,,,,0.0,0.0,0.028857,0.029029,0.002057,1.0,1.0,0.003286,-0.000453,0.00254,0.002813,0.001207,0.004296,-0.007114,-0.006133,324,1.0,40.2924,84.9679,UNCERTAIN,high_slope_variation
3934,374.0,0.23375,0.4359,1.27,812.1764705882352,2533.5026737967914,17862.066844919784,25171.08823529412,30.8647,794,2522,827,2548,10.2729,3.8516,18.1309,9.0563,3.2408,-945.0195,1.0,0.7358,0.4261,374.0,,,,0.0,0.0,0.037908,0.035998,0.007863,1.0,1.0,-8.1e-05,0.002013,-0.001228,-0.00083,0.004246,-0.007308,-0.00368,0.000392,374,1.0,33.734,87.2227,UNCERTAIN,high_shadow_variation
3942,1251.0,0.781875,0.6212,1.39,791.1710631494805,724.6930455635492,-27358.173860911276,25696.22342126299,37.5328,767,706,820,744,10.1664,5.2379,27.729,8.8614,4.357,-1366.756,1.0,0.5606,0.4659,1251.0,0.327473,0.320829,0.081417,0.438849,0.438849,0.084576,0.081629,0.015513,1.0,1.0,0.009115,0.002295,0.002415,0.001102,0.004956,0.000703,-0.001813,-0.0035,1251,1.0,80.591,99.4056,UNCERTAIN,high_slope_variation; high_shadow_variation
4013,287.0,0.179375,0.4783,1.04,805.602787456446,1957.644599303136,3465.6149825784014,25335.43031358885,25.5709,794,1946,818,1971,4.1364,2.2788,12.8784,3.3654,1.44,-1648.5666,1.0,1.0,0.0,287.0,,,,0.0,0.0,0.051961,0.051961,0.0,0.003484,0.003484,0.007618,0.000829,0.001503,0.001516,-0.003298,0.001446,-0.011175,-0.005802,287,1.0,33.7027,75.9158,UNCERTAIN,no_radar_coverage
4064,217.0,0.135625,0.5711,1.05,812.7649769585254,1966.6820276497697,3691.5506912442434,25156.375576036862,25.4254,804,1957,823,1977,4.2062,2.9091,17.443,3.272,2.6925,-1650.2146,1.0,1.0,0.0,217.0,,,,0.0,0.0,,,,0.0,0.0,0.007775,-0.002875,-0.000136,0.001112,-0.003465,0.00671,-0.010695,-0.003246,217,1.0,33.7027,75.9158,UNCERTAIN,no_radar_coverage
4065,1561.0,0.975625,0.6107,1.97,846.9333760409994,1977.0365150544524,3950.412876361312,24302.16559897501,24.6207,814,1960,885,1996,7.5321,4.1676,27.7947,6.2841,3.0436,-1614.693,1.0,1.0,0.0,1561.0,,,,0.0,0.0,,,,0.0,0.0,0.006365,0.001064,0.002999,0.001275,0.001506,0.001653,-0.003866,-0.000267,1561,1.0,33.7027,75.9158,UNCERTAIN,no_radar_coverage
4125,391.0,0.244375,0.6109,1.6,821.0588235294117,1815.1815856777491,-95.96035805626887,24949.029411764703,24.9487,805,1807,837,1827,9.7733,5.3002,22.5556,8.8617,4.6186,-742.448,1.0,0.1164,0.2769,391.0,,,,0.0,0.0,0.048154,0.044216,0.009509,1.0,1.0,0.075812,0.078003,0.109411,0.115314,0.139183,0.139859,0.135447,0.147874,391,1.0,33.7027,75.9158,UNCERTAIN,high_slope_variation
4219,395.0,0.246875,0.6077,1.04,843.8126582278481,1998.129113924051,4477.727848101269,24380.1835443038,24.7876,832,1986,857,2012,8.303,4.1961,19.6371,7.2734,2.7576,-1581.6512,1.0,1.0,0.0,395.0,,,,0.0,0.0,,,,0.0,0.0,0.004144,0.000695,0.0032,0.000247,-0.000394,-0.002398,-0.005198,-0.005731,395,1.0,33.7027,75.9158,UNCERTAIN,no_radar_coverage
4257,398.0,0.24875,0.5528,1.8,842.1105527638191,1818.608040201005,-10.298994974873494,24422.73618090452,24.4222,822,1809,858,1829,11.4963,5.1194,23.7692,10.3147,4.3099,-752.0671,1.0,0.0487,0.1764,398.0,,,,0.0,0.0,0.043629,0.043702,0.003571,1.0,1.0,0.033556,0.025658,0.041859,0.037717,0.051484,0.052713,0.051499,0.046487,398,1.0,33.7027,75.9158,UNCERTAIN,high_slope_variation
4317,170.0,0.10625,0.6641,1.0,853.1,1505.5647058823529,-7836.382352941175,24148.0,25.3871,846,1498,862,1514,8.6388,6.6559,26.0849,6.6387,3.1184,-3058.523,1.0,0.9551,0.1813,170.0,0.314595,0.290702,0.09705,1.0,1.0,0.038522,0.038524,0.001775,1.0,1.0,0.007176,0.003457,0.006863,0.006764,0.00791,0.010511,0.011096,0.0048,170,1.0,-19.4926,68.1002,UNCERTAIN,high_slope_variation
4332,162.0,0.10125,0.609,1.36,853.5123456790124,1563.8641975308642,-6378.895061728392,24137.69135802469,24.9657,845,1557,864,1571,7.3713,5.1185,20.7562,7.0358,4.8736,-2975.8084,1.0,1.0,0.0,162.0,0.310299,0.241653,0.150761,1.0,1.0,0.067708,0.063812,0.013023,1.0,1.0,0.003904,0.003408,0.004801,0.003916,0.006574,0.006651,0.006655,0.006044,162,1.0,-19.4926,68.1002,UNCERTAIN,high_slope_variation
4396,506.0,0.31625,0.5628,1.07,857.2213438735178,2461.438735177865,16060.46837944664,24044.966403162056,28.9152,844,2447,873,2478,15.2072,4.5094,27.5974,13.6062,3.5475,-1199.1949,1.0,0.818,0.3505,506.0,,,,0.0,0.0,0.070802,0.066293,0.02735,1.0,1.0,0.028276,0.028927,0.032621,0.036257,0.044188,0.045401,0.041423,0.049741,506,1.0,33.734,87.2227,UNCERTAIN,high_shadow_variation
4462,159.0,0.099375,0.6625,1.07,859.6037735849056,2000.1572327044023,4528.43081761006,23985.40566037736,24.4087,852,1993,868,2008,11.1549,3.9642,22.7618,10.1481,3.289,-1529.4181,1.0,1.0,0.0,159.0,,,,0.0,0.0,,,,0.0,0.0,0.010445,0.00906,0.007821,0.00362,0.007581,0.008485,0.003444,-0.002391,159,1.0,53.7768,91.9349,UNCERTAIN,no_radar_coverage
4607,190.0,0.11875,0.5882,1.12,884.2210526315789,2260.863157894737,11046.078947368427,23369.973684210527,25.8488,877,2253,894,2272,10.9505,6.9513,28.349,9.9827,6.3034,-1321.0821,1.0,0.7891,0.3731,190.0,,,,0.0,0.0,,,,0.0,0.0,-0.000411,0.004501,-0.000288,0.000134,0.002639,-0.000112,0.001951,0.006608,190,1.0,53.7768,91.9349,UNCERTAIN,high_slope_variation; high_shadow_variation; no_radar_coverage
4632,241.0,0.150625,0.4184,1.78,878.7261410788382,2254.365145228216,10883.628630705389,23507.346473029047,25.9044,872,2242,890,2274,11.7417,4.0518,22.0068,10.771,3.3365,-1309.5539,1.0,0.1346,0.3057,241.0,,,,0.0,0.0,,,,0.0,0.0,-0.000554,0.00499,9.2e-05,0.000201,0.001855,0.000191,0.002083,0.008712,241,1.0,53.7768,91.9349,UNCERTAIN,no_radar_coverage
4653,1037.0,0.648125,0.3987,1.0,898.9267116682738,2352.382835101253,13334.07087753134,23002.332208293155,26.5875,877,2332,928,2383,11.5477,4.7104,27.6769,10.1163,3.5783,-1225.9804,1.0,0.2946,0.4181,1037.0,,,,0.0,0.0,0.220988,0.205102,0.223937,0.747348,0.747348,-0.00235,0.001451,0.001512,0.001181,0.000912,-0.004362,-0.004616,-0.004908,1037,1.0,53.7768,91.9349,UNCERTAIN,high_shadow_variation
4662,349.0,0.218125,0.5875,1.23,884.2808022922636,1130.810888252149,-17205.227793696275,23368.47994269341,29.0184,874,1117,896,1144,15.0813,6.3101,26.5998,12.5829,4.8689,-2554.0124,1.0,0.9207,0.258,349.0,,,,0.0,0.0,0.036789,0.036528,0.003253,1.0,1.0,-6.8e-05,-0.001045,0.00107,-0.001965,0.002122,-0.003826,-0.000717,-0.003062,349,1.0,-14.3965,65.3367,UNCERTAIN,high_slope_variation
4686,486.0,0.30375,0.6532,1.29,895.0041152263375,1678.2777777777778,-3518.5555555555547,23100.397119341564,23.3663,883,1663,907,1694,18.3715,3.8802,27.359,16.579,2.6064,-1693.5909,1.0,0.1759,0.3598,486.0,0.427476,0.421634,0.082854,1.0,1.0,0.044973,0.044444,0.005393,1.0,1.0,0.001043,0.001449,-0.000405,0.000834,0.001744,0.002596,0.000684,-0.000638,486,1.0,33.7027,75.9158,UNCERTAIN,high_shadow_variation
4693,487.0,0.304375,0.4831,1.29,892.6447638603696,1703.7597535934292,-2881.5061601642665,23159.38090349076,23.3374,878,1689,906,1725,13.8984,3.3361,24.8969,12.5053,2.4049,-1546.4973,1.0,0.5007,0.475,487.0,0.391441,0.380537,0.090402,1.0,1.0,0.042524,0.042193,0.004249,1.0,1.0,0.001747,0.001452,-6.4e-05,0.000691,0.000559,0.001809,0.000258,-0.000634,487,1.0,33.7027,75.9158,UNCERTAIN,high_shadow_variation
4745,530.0,0.33125,0.3943,1.31,915.4792452830188,1039.8603773584905,-19478.990566037737,22588.51886792453,29.8267,897,1022,929,1064,14.3112,5.1494,28.3807,12.7167,4.0689,-2730.9156,1.0,1.0,0.0,530.0,,,,0.0,0.0,0.034852,0.034787,0.001981,1.0,1.0,0.00231,0.00343,-0.00183,0.000532,-0.000307,-0.003846,-0.002045,-0.003164,530,1.0,-14.3965,65.3367,UNCERTAIN,high_slope_variation
4761,401.0,0.250625,0.4284,1.62,909.0,2611.049875311721,19800.74688279302,22750.5,30.1604,891,2599,930,2623,11.9235,4.2231,24.8693,10.8431,2.7923,-1273.806,1.0,0.6161,0.4377,401.0,,,,0.0,0.0,0.05435,0.050962,0.013045,1.0,1.0,-0.000509,-0.001332,0.002721,0.001216,0.002729,-0.001264,-0.002428,-0.001347,401,1.0,33.734,87.2227,UNCERTAIN,high_shadow_variation
4803,187.0,0.116875,0.6471,1.0,902.6844919786096,1115.7860962566845,-17580.84759358289,22908.38770053476,28.8763,895,1108,912,1125,8.0749,3.3142,15.2589,6.7531,2.1358,-2487.4535,1.0,0.6233,0.4469,187.0,,,,0.0,0.0,0.035261,0.034974,0.002048,1.0,1.0,0.000447,0.004347,-0.000299,-0.001843,-0.002328,-0.00764,-0.00516,-0.000877,187,1.0,-14.3965,65.3367,UNCERTAIN,high_shadow_variation
4828,572.0,0.3575,0.4889,1.3,903.2097902097902,1132.7657342657342,-17156.356643356645,22895.255244755244,28.6093,885,1120,924,1150,10.6087,4.4214,25.0501,8.898,3.3119,-2550.5048,1.0,0.3799,0.441,572.0,0.17935,0.18512,0.040189,0.111888,0.111888,0.034586,0.033992,0.002388,1.0,1.0,0.000939,0.003379,0.000417,-0.001206,0.000362,-0.003357,-0.002955,0.002366,572,1.0,-14.3965,65.3367,UNCERTAIN,high_shadow_variation
4934,398.0,0.24875,0.4901,1.04,925.21608040201,921.9798994974874,-22426.002512562816,22345.097989949747,31.6573,912,910,940,939,6.7532,5.0361,23.9728,5.3611,3.1984,-2854.6646,1.0,1.0,0.0,398.0,,,,0.0,0.0,0.031801,0.03222,0.00265,1.0,1.0,0.00167,0.003812,0.000389,-0.000587,0.000445,-0.001125,-0.002503,-0.001528,398,1.0,-14.3965,65.3367,UNCERTAIN,high_slope_variation
4950,550.0,0.34375,0.6824,1.19,920.2854545454544,2627.990909090909,20224.27272727272,22468.36363636364,30.2299,905,2616,936,2642,11.4507,5.0206,25.6322,9.719,3.6666,-1356.9333,1.0,0.3893,0.4542,550.0,0.211193,0.20343,0.039155,0.105455,0.105455,0.058825,0.05794,0.009858,1.0,1.0,0.00216,-0.000153,0.001848,0.000665,0.008656,0.002577,0.001294,0.005518,550,1.0,33.734,87.2227,UNCERTAIN,high_slope_variation; high_shadow_variation
4954,298.0,0.18625,0.5889,1.05,936.6308724832214,978.1275167785236,-21022.31208053691,22059.728187919463,30.4717,927,967,950,989,7.4739,5.1458,27.7771,5.8923,2.2455,-2886.9165,1.0,1.0,0.0,298.0,,,,0.0,0.0,0.028516,0.028181,0.002095,1.0,1.0,0.00371,0.00356,-0.001789,0.001055,0.002094,0.00124,-0.000173,0.000241,298,1.0,-14.3965,65.3367,UNCERTAIN,high_slope_variation
4970,618.0,0.38625,0.5518,1.09,924.6699029126214,2104.210355987055,7129.758899676381,22358.752427184463,23.4677,908,2086,940,2121,8.7196,5.3762,27.4023,7.5015,3.735,-844.1258,1.0,0.1011,0.2592,618.0,0.253387,0.247124,0.035815,0.061489,0.061489,,,,0.0,0.0,-0.003566,0.002577,-0.00119,0.001503,0.000534,-0.004794,-0.005035,0.000474,618,1.0,53.7768,91.9349,UNCERTAIN,high_slope_variation; no_radar_coverage
5041,357.0,0.223125,0.5758,1.55,940.8319327731092,2050.8599439775912,5795.998599439779,21954.70168067227,22.7065,932,2034,952,2065,10.4285,4.6298,23.5361,8.9584,2.9888,-1049.9295,1.0,0.5616,0.4458,357.0,0.218844,0.208101,0.050639,1.0,1.0,,,,0.0,0.0,-0.000971,0.001605,0.001227,0.004132,0.003138,-0.001536,-0.00054,0.005068,357,1.0,53.7768,91.9349,UNCERTAIN,high_shadow_variation
5078,506.0,0.31625,0.5163,1.25,939.3517786561264,2119.286561264822,7506.664031620552,21991.70553359684,23.2373,922,2103,950,2138,9.1,4.1425,23.0357,7.6896,2.4294,-877.3634,1.0,0.2729,0.3828,506.0,0.274989,0.2671,0.049549,0.369565,0.369565,,,,0.0,0.0,-0.001103,0.001812,0.000169,0.002091,0.003302,-0.00116,-0.005072,0.007601,506,1.0,53.7768,91.9349,UNCERTAIN,high_shadow_variation
5119,1313.0,0.820625,0.5587,1.06,955.8910891089108,2634.3975628332064,20384.439070830165,21578.222772277222,29.6841,929,2613,979,2660,10.0468,4.2206,25.1477,8.5777,3.063,-1427.9639,1.0,0.5534,0.4794,1313.0,0.240849,0.232699,0.047287,0.065499,0.065499,0.037977,0.035526,0.012815,1.0,1.0,0.002008,5.5e-05,0.001935,-0.001905,0.004933,0.001252,-0.001964,0.001805,1313,1.0,33.734,87.2227,UNCERTAIN,high_shadow_variation
5133,1179.0,0.736875,0.6408,1.15,947.4274809160304,2169.3757421543683,8758.893553859205,21789.81297709924,23.4841,927,2148,967,2194,11.0466,4.7533,27.0294,9.4473,3.244,-997.6749,1.0,0.1967,0.3687,1179.0,0.355917,0.350048,0.064042,0.268872,0.268872,,,,0.0,0.0,-0.002717,0.000462,0.000181,0.001706,0.003358,-0.000503,-4.4e-05,0.003531,1179,1.0,53.7768,91.9349,UNCERTAIN,high_shadow_variation
5135,296.0,0.185,0.592,1.25,961.2094594594596,2276.6824324324325,11441.560810810814,21445.263513513517,24.3063,950,2267,975,2287,12.0674,6.9678,27.0582,12.137,6.2276,-2322.8349,1.0,1.0,0.0,296.0,,,,0.0,0.0,0.063759,0.063367,0.009496,0.148649,0.148649,0.000759,0.000243,-0.000824,-0.002853,0.001756,-0.000778,-0.005045,0.000639,296,1.0,53.7768,91.9349,UNCERTAIN,high_slope_variation
5143,164.0,0.1025,0.7321,1.14,957.5670731707318,1163.7926829268292,-16380.682926829268,21536.323170731703,27.0574,950,1157,966,1171,5.8783,2.5744,14.4655,4.8694,0.9474,-2514.9966,1.0,0.6924,0.4266,164.0,0.199889,0.166267,0.08049,1.0,1.0,0.029366,0.029814,0.001583,1.0,1.0,-0.00194,0.002925,-0.001772,0.000844,0.00193,-0.002757,0.000873,0.003597,164,1.0,-14.3965,65.3367,UNCERTAIN,high_shadow_variation
5185,775.0,0.484375,0.5319,1.52,960.872258064516,1189.996129032258,-15725.59677419355,21453.6935483871,26.5992,945,1170,976,1217,10.3968,3.9598,22.6009,9.0991,3.2306,-2508.5006,1.0,0.3158,0.4467,775.0,0.296988,0.268671,0.107069,1.0,1.0,0.030066,0.029959,0.001946,1.0,1.0,-0.000267,0.003216,-0.000848,0.001467,0.003107,-0.001934,-0.000178,0.004259,775,1.0,-14.3965,65.3367,UNCERTAIN,high_shadow_variation
5187,388.0,0.2425,0.5105,1.9,956.1443298969072,2101.6494845360826,7065.737113402065,21571.89175257732,22.6993,947,2085,967,2123,17.7699,3.342,29.0795,15.8262,2.1993,-910.7292,1.0,0.6997,0.4119,388.0,0.217395,0.215766,0.04483,1.0,1.0,,,,0.0,0.0,-0.003495,0.000832,0.002183,0.002588,0.010369,-0.000996,0.000253,0.006134,388,1.0,53.7768,91.9349,UNCERTAIN,high_shadow_variation
5196,261.0,0.163125,0.5625,1.81,955.647509578544,2346.605363984674,13189.634099616853,21584.3122605364,25.2951,941,2340,970,2356,12.8739,4.7143,27.4874,12.3269,4.5409,-1377.8415,1.0,0.4636,0.4433,261.0,,,,0.0,0.0,0.071202,0.05693,0.052009,1.0,1.0,0.001779,-0.00223,0.000475,-0.00285,0.001763,-0.001351,-0.009217,-0.004769,261,1.0,53.7768,91.9349,UNCERTAIN,high_shadow_variation
5279,587.0,0.366875,0.526,1.16,962.1720613287904,2606.24531516184,19680.632879046,21421.19846678024,29.0894,945,2593,981,2624,10.5139,5.1928,25.2093,8.9172,4.4048,-1524.3399,1.0,1.0,0.0,587.0,,,,0.0,0.0,0.051752,0.049088,0.01284,1.0,1.0,0.00227,0.000907,0.002928,-0.001847,0.004389,0.000889,-0.001673,0.002834,587,1.0,33.734,87.2227,UNCERTAIN,high_slope_variation
5311,164.0,0.1025,0.5754,1.27,976.3963414634146,2715.4085365853657,22409.71341463414,21065.59146341464,30.7564,970,2708,985,2727,4.4709,2.1851,11.1392,3.5596,1.0574,-1533.6663,1.0,0.2863,0.3653,164.0,0.198642,0.190902,0.035151,1.0,1.0,0.036706,0.034087,0.009949,1.0,1.0,0.000948,0.00025,-0.001617,0.000631,-0.000551,-0.000383,-0.004434,-0.014794,164,1.0,33.734,87.2227,UNCERTAIN,high_shadow_variation
5328,770.0,0.48125,0.4923,1.35,980.0155844155844,2669.7415584415585,21268.03896103897,20975.11038961039,29.8711,963,2648,997,2694,8.865,3.2337,21.86,7.4272,1.6722,-1537.2095,1.0,0.2936,0.4241,770.0,0.191444,0.18396,0.037548,0.77013,0.77013,0.033998,0.033262,0.006086,1.0,1.0,0.00018,-1.3e-05,-0.003181,0.000345,0.001716,0.00475,-0.004292,-0.009042,770,1.0,33.734,87.2227,UNCERTAIN,high_shadow_variation
5357,143.0,0.089375,0.4427,1.12,982.8531468531468,2342.72027972028,13092.506993006997,20904.171328671328,24.6656,974,2335,991,2354,12.2507,3.8479,20.6553,11.6661,3.1499,-1477.0501,1.0,0.6755,0.4146,143.0,,,,0.0,0.0,0.026578,0.024196,0.004429,1.0,1.0,0.005732,1e-06,-0.000423,-0.001398,0.006305,-0.001163,-0.000291,-0.001099,143,1.0,53.7768,91.9349,UNCERTAIN,high_shadow_variation
5363,680.0,0.425,0.3598,1.07,993.295588235294,1949.6132352941177,3264.830882352944,20643.110294117647,20.8993,973,1930,1018,1972,9.9444,3.8407,21.0985,7.7641,2.0227,-1054.9876,1.0,0.4329,0.4443,680.0,0.271742,0.25975,0.0694,1.0,1.0,,,,0.0,0.0,0.021314,0.015574,0.022618,0.018796,0.02709,0.027435,0.021091,0.03014,680,1.0,33.7027,75.9158,UNCERTAIN,high_shadow_variation
5365,936.0,0.585,0.4647,1.39,968.0117521367522,2002.738247863248,4592.956196581195,21275.206196581195,21.7649,941,1984,994,2022,8.0731,3.4332,24.5047,6.4421,2.1573,-1129.4815,1.0,0.3054,0.4035,936.0,0.262197,0.260648,0.045811,1.0,1.0,,,,0.0,0.0,0.004874,0.000918,0.001873,0.000294,0.005022,0.002687,0.000475,0.0011,936,1.0,53.7768,91.9349,UNCERTAIN,high_shadow_variation
5418,685.0,0.428125,0.5708,1.33,998.7007299270072,986.8262773722628,-20804.84306569343,20507.981751824816,29.2126,985,967,1015,1007,4.8168,3.4192,22.4114,3.9875,2.9838,-2937.793,1.0,1.0,0.0,685.0,,,,0.0,0.0,,,,0.0,0.0,0.003411,0.001104,0.002092,0.002155,0.00224,-0.00075,-0.001668,-0.001718,685,1.0,-14.3965,65.3367,UNCERTAIN,no_radar_coverage
5470,245.0,0.153125,0.6863,1.24,999.5428571428572,1998.7632653061223,4493.581632653062,20486.92857142857,20.9736,990,1991,1011,2008,14.5185,6.9138,28.1525,11.9721,4.2143,-1111.7881,1.0,0.5879,0.4539,245.0,0.267957,0.265281,0.062497,1.0,1.0,,,,0.0,0.0,0.006901,0.001278,0.003251,-0.000208,0.004833,0.002076,0.001284,0.00629,245,1.0,33.7027,75.9158,UNCERTAIN,high_slope_variation; high_shadow_variation
5478,131.0,0.081875,0.5746,1.58,1004.1984732824428,2649.740458015267,20768.011450381677,20370.53816793893,29.0907,998,2640,1010,2659,6.2846,2.8526,16.1483,5.2667,1.4094,-1559.9963,1.0,0.5511,0.4412,131.0,,,,0.0,0.0,0.036232,0.03458,0.008956,1.0,1.0,0.076186,0.101917,0.132552,0.136455,0.163519,0.168168,0.173365,0.162465,131,1.0,33.734,87.2227,UNCERTAIN,high_shadow_variation
5506,1159.0,0.724375,0.5,1.61,985.7592752372736,1224.7670405522,-14856.323986195,20831.51811906816,25.5857,958,1209,1019,1247,10.7118,5.9965,25.6995,9.3127,4.9913,-2462.1073,1.0,0.1993,0.3774,1159.0,0.196028,0.194319,0.034276,1.0,1.0,0.030388,0.030476,0.002169,0.295082,0.295082,0.002201,0.004068,0.001657,0.002795,0.003007,0.001118,0.000537,0.000985,1159,1.0,-19.4926,68.1002,UNCERTAIN,high_slope_variation; high_shadow_variation
5540,531.0,0.331875,0.5175,1.41,1015.693032015066,1237.2203389830509,-14544.991525423728,20083.174199623358,24.7963,998,1227,1036,1254,5.2636,3.406,19.3275,4.5519,2.4063,-2412.4025,1.0,0.638,0.4523,531.0,0.21829,0.203809,0.07146,1.0,1.0,,,,0.0,0.0,-0.000746,-0.000462,0.00186,-0.000467,0.005017,0.000806,-0.00172,-0.00341,531,1.0,-19.4926,68.1002,UNCERTAIN,high_shadow_variation
5601,517.0,0.323125,0.4488,1.12,1017.2321083172149,1775.3617021276596,-1091.457446808512,20044.69729206963,20.0739,1001,1761,1037,1793,10.1213,6.8293,24.521,8.4605,5.2723,-2179.0481,1.0,1.0,0.0,517.0,0.221375,0.214249,0.068343,1.0,1.0,,,,0.0,0.0,0.008325,0.005328,0.00312,0.000834,0.004055,0.004215,-0.00016,-0.000659,517,1.0,33.7027,75.9158,UNCERTAIN,high_slope_variation
5641,282.0,0.17625,0.4172,1.0,1016.7304964539009,1250.468085106383,-14213.797872340429,20057.23758865248,24.5823,1006,1241,1032,1267,5.2292,2.6162,13.842,4.0035,1.3578,-2405.1301,1.0,0.6013,0.4632,282.0,0.241253,0.237441,0.054853,1.0,1.0,,,,0.0,0.0,-0.002009,-0.001339,0.001118,-0.000993,0.003584,-0.001656,-0.005646,-0.003226,282,1.0,-19.4926,68.1002,UNCERTAIN,high_shadow_variation
5654,417.0,0.260625,0.3737,1.16,1027.292565947242,1959.8465227817744,3520.6630695443678,19793.185851318947,20.1035,1008,1945,1044,1976,10.232,4.163,22.4544,8.3862,2.9038,-1065.5498,1.0,0.2229,0.3869,417.0,0.281562,0.280587,0.058389,1.0,1.0,,,,0.0,0.0,0.04407,0.046118,0.057387,0.059203,0.070507,0.079495,0.072342,0.064449,417,1.0,33.7027,75.9158,UNCERTAIN,high_shadow_variation
5694,372.0,0.2325,0.6,1.55,1021.7096774193548,1659.217741935484,-3995.0564516129016,19932.75806451613,20.3286,1007,1649,1038,1669,5.5988,2.1864,18.758,4.9525,1.5158,-2181.1838,1.0,0.6258,0.416,372.0,0.197189,0.192483,0.035301,1.0,1.0,,,,0.0,0.0,0.004515,-0.000423,-0.001936,-0.001813,-0.001595,-0.003697,-0.004022,-0.005688,372,1.0,33.7027,75.9158,UNCERTAIN,high_shadow_variation
5760,741.0,0.463125,0.4924,1.23,1024.3157894736842,1597.4102564102564,-5540.2435897435935,19867.605263157897,20.625,1003,1579,1046,1614,7.0731,5.3136,26.4289,6.0397,4.9198,-2141.5424,1.0,0.4734,0.4746,741.0,0.238716,0.212845,0.0847,1.0,1.0,,,,0.0,0.0,0.010088,0.003075,5.4e-05,0.001379,0.002616,-0.000982,-0.003936,-0.001101,741,1.0,-19.4926,68.1002,UNCERTAIN,high_slope_variation; high_shadow_variation
5781,1873.0,1.170625,0.4992,1.2,1057.6385477843032,1501.455953016551,-7939.101174586227,19034.53630539242,20.6232,1023,1475,1090,1531,7.2069,3.6516,22.2698,6.0694,2.7597,-2218.5466,1.0,0.4336,0.4573,1873.0,0.232374,0.223618,0.061688,1.0,1.0,,,,0.0,0.0,0.004895,0.004239,0.00339,0.002926,0.002727,0.001649,-0.003842,-0.011501,1873,1.0,-19.4926,68.1002,UNCERTAIN,high_shadow_variation
5807,569.0,0.355625,0.4758,2.26,1026.8734622144111,1630.7170474516695,-4707.573813708266,19803.663444639715,20.3549,1005,1620,1057,1643,6.414,3.6422,18.0458,5.4262,2.9237,-2163.5599,1.0,0.7532,0.3917,569.0,0.19118,0.188319,0.038443,1.0,1.0,,,,0.0,0.0,0.005501,0.000865,-0.002039,-0.003905,-0.003347,-0.003785,-0.008054,-0.008094,569,1.0,33.7027,75.9158,UNCERTAIN,high_shadow_variation
5832,665.0,0.415625,0.5329,1.22,1051.7714285714285,1607.2,-5295.5,19181.214285714286,19.8982,1039,1590,1071,1629,5.1901,3.1199,16.92,4.0794,1.8658,-2130.2384,1.0,0.434,0.453,665.0,0.187213,0.186318,0.034131,1.0,1.0,,,,0.0,0.0,0.006495,0.002282,-0.003446,-0.002351,-0.004478,-0.004284,-0.01228,-0.018026,665,1.0,33.7027,75.9158,UNCERTAIN,high_shadow_variation
5840,272.0,0.17,0.5667,1.88,1035.595588235294,1586.091911764706,-5823.202205882357,19585.610294117647,20.4323,1021,1580,1051,1596,4.518,2.279,11.7318,3.735,1.4509,-2127.0978,1.0,0.2356,0.3629,272.0,0.217218,0.205777,0.049307,1.0,1.0,,,,0.0,0.0,0.012204,0.003812,0.000385,0.004004,0.00477,0.001012,0.000229,-0.002828,272,1.0,-19.4926,68.1002,UNCERTAIN,high_shadow_variation
5847,147.0,0.091875,0.5765,1.13,1050.374149659864,1521.312925170068,-7442.676870748299,19216.1462585034,20.6065,1042,1515,1059,1530,3.8669,2.2427,11.8419,2.9691,0.7504,-2187.8871,1.0,0.6694,0.399,147.0,0.174176,0.173614,0.023561,1.0,1.0,,,,0.0,0.0,0.007819,0.005517,0.008203,0.005009,0.012345,0.013661,0.009951,0.002092,147,1.0,-19.4926,68.1002,UNCERTAIN,high_shadow_variation
5851,250.0,0.15625,0.5656,1.53,1043.216,2435.836,15420.399999999994,19395.1,24.7781,1032,2428,1058,2445,11.1375,6.167,23.8232,8.3796,3.7703,-1930.7086,1.0,0.9946,0.0561,250.0,0.255756,0.250042,0.034776,0.436,0.436,0.056321,0.056366,0.006781,1.0,1.0,0.000125,-0.003127,-0.003969,-0.002466,-0.003219,-0.010102,-0.008643,-0.013358,250,1.0,33.734,87.2227,UNCERTAIN,high_slope_variation
5877,1678.0,1.04875,0.4255,1.17,1040.9547079856973,2364.2794994040523,13631.487485101308,19451.632300357567,23.7524,1014,2334,1072,2402,12.578,5.2786,26.9354,11.1947,4.5399,-1856.2323,1.0,0.5712,0.4716,1678.0,0.245729,0.236314,0.060097,0.895709,0.895709,0.049395,0.045736,0.014351,1.0,1.0,0.001044,0.00102,-0.001531,-0.00198,-0.00436,-0.008125,-0.011203,-0.012592,1678,1.0,53.7768,91.9349,UNCERTAIN,high_slope_variation; high_shadow_variation
5900,1402.0,0.87625,0.5216,1.17,1046.0984308131242,1294.5791726105565,-13111.020684736091,19323.039229671896,23.3505,1018,1271,1074,1319,9.9917,5.0941,24.7781,8.7642,4.2089,-2348.8647,1.0,0.2217,0.3769,1402.0,0.356577,0.319707,0.130435,0.715407,0.715407,,,,0.0,0.0,0.003667,0.000916,0.000961,-0.001866,0.001232,0.002487,-0.003344,0.000832,1402,1.0,-19.4926,68.1002,UNCERTAIN,high_slope_variation; high_shadow_variation
5924,522.0,0.32625,0.5736,1.35,1054.639846743295,1456.5632183908046,-9061.419540229886,19109.503831417624,21.1484,1042,1442,1068,1477,11.5146,5.1965,26.4175,10.3347,4.2163,-2358.0923,1.0,0.9058,0.2694,522.0,0.20257,0.154284,0.11999,1.0,1.0,,,,0.0,0.0,0.000721,0.001266,0.000783,-0.001579,0.001702,0.001351,-0.002689,-0.008862,522,1.0,-19.4926,68.1002,UNCERTAIN,high_slope_variation
5963,2218.0,1.38625,0.3108,1.92,1105.802073940487,1206.2569882777275,-15319.075293056809,17830.448151487828,23.5067,1052,1176,1169,1237,8.5818,3.7082,20.6453,7.2638,3.0305,-2473.5369,1.0,0.2778,0.432,2218.0,0.232803,0.211987,0.079171,0.587466,0.587466,,,,0.0,0.0,0.002857,0.000602,0.000791,0.001297,-0.001781,-0.001869,-0.00504,-0.012821,2218,1.0,-19.4926,68.1002,UNCERTAIN,high_shadow_variation
5967,522.0,0.32625,0.4293,1.19,1059.2567049808429,1731.4463601532566,-2189.340996168583,18994.082375478927,19.1193,1043,1711,1075,1749,5.1617,3.5701,24.9138,4.0596,3.1253,-2191.724,1.0,0.7945,0.3564,522.0,0.221484,0.204864,0.066634,1.0,1.0,,,,0.0,0.0,0.001221,0.000298,-0.001141,-0.000962,0.006065,0.001709,-0.001288,-0.011872,522,1.0,33.7027,75.9158,UNCERTAIN,high_shadow_variation
5975,331.0,0.206875,0.4963,1.26,1061.271903323263,1542.060422960725,-6923.989425981876,18943.702416918422,20.1688,1049,1528,1072,1557,6.0251,4.1367,17.4959,4.4977,2.5383,-2179.4445,1.0,0.2793,0.3925,331.0,0.194848,0.1921,0.030071,1.0,1.0,,,,0.0,0.0,0.00621,0.005328,0.001766,0.002897,-0.002052,0.001717,-0.008718,-0.018207,331,1.0,-19.4926,68.1002,UNCERTAIN,high_shadow_variation
6066,2083.0,1.301875,0.4286,1.67,1062.783005280845,1680.0748919827172,-3473.6277004320727,18905.92486797888,19.2218,1015,1655,1105,1709,7.5788,4.4554,25.5089,6.1537,3.2706,-2145.5939,1.0,0.7042,0.4255,2083.0,0.230893,0.212283,0.08392,1.0,1.0,,,,0.0,0.0,0.004513,0.001802,0.000346,0.001113,0.002848,-0.000173,-0.000765,-0.010331,2083,1.0,33.7027,75.9158,UNCERTAIN,high_shadow_variation
6069,1624.0,1.015,0.4164,1.08,1085.277709359606,2465.581896551724,16164.0474137931,18343.55726600985,24.4491,1049,2430,1114,2490,6.7205,5.1801,29.1117,5.1714,3.5536,-1920.0475,1.0,1.0,0.0,1624.0,0.250226,0.24348,0.053296,0.965517,0.965517,0.050523,0.047687,0.018205,1.0,1.0,0.010996,0.00584,0.008114,0.006656,0.01026,0.005843,0.004782,0.004211,1624,1.0,33.734,87.2227,UNCERTAIN,high_slope_variation
6080,649.0,0.405625,0.4829,1.31,1078.7904468412944,1239.0431432973803,-14499.421417565483,18505.73882896764,23.5088,1060,1223,1102,1255,6.7225,4.8327,22.7848,5.3133,3.2809,-2508.8895,1.0,0.7848,0.3943,649.0,0.179116,0.170637,0.044619,0.74114,0.74114,,,,0.0,0.0,-0.003126,-0.002548,-0.003048,-0.001985,-0.008467,-0.00615,-0.013352,-0.026607,649,1.0,-19.4926,68.1002,UNCERTAIN,high_shadow_variation
6124,334.0,0.20875,0.6627,1.14,1081.562874251497,1543.317365269461,-6892.565868263475,18436.42814371257,19.6821,1070,1532,1091,1556,6.3409,4.7378,19.7876,4.4111,1.8118,-2165.3611,1.0,0.216,0.354,334.0,0.167974,0.161666,0.034837,1.0,1.0,,,,0.0,0.0,0.007908,0.006075,0.005333,0.001897,0.006886,0.00251,0.001888,0.004069,334,1.0,-19.4926,68.1002,UNCERTAIN,high_shadow_variation
6142,2433.0,1.520625,0.5475,2.3,1071.911631730374,1651.444718454583,-4189.382038635427,18677.70920674065,19.1412,1021,1633,1122,1677,6.726,2.929,19.6906,5.6163,1.9059,-2097.2165,1.0,0.4047,0.4441,2433.0,0.197488,0.192136,0.037093,1.0,1.0,,,,0.0,0.0,0.006635,0.000655,-0.001899,-0.001093,0.000669,-0.003095,-0.005005,-0.008728,2433,1.0,33.7027,75.9158,UNCERTAIN,high_shadow_variation
6170,279.0,0.174375,0.6341,1.1,1080.9032258064517,1741.0824372759855,-1948.439068100357,18452.91935483871,18.555,1070,1731,1092,1751,5.303,3.27,19.6807,4.0909,1.5386,-2207.6972,1.0,0.7135,0.4,279.0,0.2008,0.196129,0.03512,1.0,1.0,,,,0.0,0.0,0.015503,0.00054,0.004656,-0.001374,-0.000553,-0.006296,-0.00182,-0.008183,279,1.0,33.7027,75.9158,UNCERTAIN,high_shadow_variation
6171,1081.0,0.675625,0.5172,1.45,1078.004625346901,1970.7659574468084,3793.648936170212,18525.38436632747,18.9094,1061,1941,1099,1996,10.2215,5.4632,29.3725,8.6705,3.8818,-902.2391,1.0,0.0281,0.1393,1081.0,0.298286,0.281959,0.086274,1.0,1.0,,,,0.0,0.0,0.04297,0.04816,0.062521,0.063042,0.080077,0.081891,0.080485,0.084548,1081,1.0,33.7027,75.9158,UNCERTAIN,high_slope_variation
6306,318.0,0.19875,0.395,1.52,1100.062893081761,2154.5911949685533,8389.279874213833,17973.92767295597,19.8351,1083,2145,1118,2168,10.6415,6.0566,29.2301,7.951,2.8327,-1010.9533,1.0,0.3036,0.4237,318.0,0.246546,0.244399,0.057713,1.0,1.0,,,,0.0,0.0,0.035071,0.045788,0.062881,0.067354,0.082301,0.081824,0.076916,0.08207,318,1.0,53.7768,91.9349,UNCERTAIN,high_slope_variation; high_shadow_variation
6330,576.0,0.36,0.5152,1.65,1112.109375,1532.2743055555557,-7168.6423611111095,17672.765625,19.0707,1093,1520,1136,1546,4.5747,2.5897,15.1614,3.5355,1.1944,-2150.5008,1.0,0.3509,0.4107,576.0,0.162282,0.159057,0.02639,1.0,1.0,,,,0.0,0.0,0.012979,0.005299,0.006233,0.003843,0.005923,0.00054,0.006018,0.002407,576,1.0,-19.4926,68.1002,UNCERTAIN,high_shadow_variation
6352,1540.0,0.9625,0.5704,1.33,1096.3915584415583,1179.548051948052,-15986.7987012987,18065.711038961043,24.1229,1075,1149,1120,1209,6.7935,3.2246,21.4886,5.7524,2.1886,-2514.1664,1.0,0.5063,0.4451,1540.0,0.207209,0.201485,0.046534,1.0,1.0,,,,0.0,0.0,-0.000569,0.00127,0.000708,0.002595,-0.004662,-0.005338,-0.011771,-0.026542,1540,1.0,-14.3965,65.3367,UNCERTAIN,high_shadow_variation
6375,265.0,0.165625,0.4809,1.53,1102.332075471698,1418.0867924528302,-10023.330188679249,17917.19811320755,20.5296,1088,1408,1117,1427,7.9356,4.1873,22.578,6.2169,1.8306,-2251.869,1.0,0.8168,0.3784,265.0,0.181897,0.17678,0.041524,1.0,1.0,,,,0.0,0.0,0.011251,0.003352,0.000864,0.0042,0.00451,-0.002885,0.001406,-0.006122,265,1.0,-19.4926,68.1002,UNCERTAIN,high_shadow_variation
6380,896.0,0.56,0.5385,1.62,1110.8236607142858,2139.4319196428573,8010.297991071435,17704.908482142855,19.4324,1083,2123,1135,2155,8.4308,4.7453,24.9865,7.0112,3.1732,-1045.5922,1.0,0.3613,0.4541,896.0,0.251268,0.249081,0.051431,1.0,1.0,,,,0.0,0.0,0.023519,0.02995,0.04194,0.04447,0.056152,0.05433,0.051727,0.05213,896,1.0,53.7768,91.9349,UNCERTAIN,high_shadow_variation
6410,482.0,0.30125,0.5766,1.73,1107.9232365145228,1635.1742738589212,-4596.143153526973,17777.41908713693,18.3613,1090,1624,1128,1646,4.9524,2.7141,12.1431,4.0049,1.7865,-2036.0696,1.0,0.2952,0.3973,482.0,0.196606,0.186641,0.039542,1.0,1.0,,,,0.0,0.0,0.016363,0.001403,-0.000885,0.000314,0.00026,-0.001713,-0.002762,-0.000627,482,1.0,33.7027,75.9158,UNCERTAIN,high_shadow_variation
6476,219.0,0.136875,0.6801,1.64,1116.8584474885845,1455.986301369863,-9075.842465753429,17554.038812785388,19.7608,1110,1444,1124,1467,5.6449,3.0758,15.7158,4.1335,1.4837,-2279.2661,1.0,0.5043,0.4601,219.0,0.185051,0.177066,0.034951,1.0,1.0,,,,0.0,0.0,0.009322,0.005015,0.003004,0.001823,0.001325,-0.007136,-0.001411,-0.00636,219,1.0,-19.4926,68.1002,UNCERTAIN,high_shadow_variation
6494,3025.0,1.890625,0.4908,1.37,1109.0280991735538,1260.84,-13954.500000000004,17749.797520661155,22.5777,1057,1226,1149,1293,8.8884,3.4512,26.4513,7.6855,2.529,-2424.6904,1.0,0.17,0.3421,3025.0,0.21659,0.21462,0.029092,0.055868,0.055868,,,,0.0,0.0,0.00189,-0.001787,-0.002816,-0.003911,-0.004583,-0.007329,-0.008555,-0.013378,3025,1.0,-19.4926,68.1002,UNCERTAIN,no_radar_coverage
6500,727.0,0.454375,0.614,1.16,1128.2723521320495,1671.685006877579,-3683.3748280605214,17268.69119669876,17.6566,1111,1654,1148,1686,4.8105,2.291,14.1238,3.9576,1.43,-2076.574,1.0,0.7085,0.4026,727.0,0.178652,0.175261,0.036096,1.0,1.0,,,,0.0,0.0,0.004412,0.001805,0.001791,0.000499,0.001358,0.000799,-0.003567,-0.003472,727,1.0,33.7027,75.9158,UNCERTAIN,high_shadow_variation
6521,1889.0,1.180625,0.54,1.25,1137.2053996823715,1220.1736368448917,-14971.159078877714,17045.365007940713,22.6859,1100,1193,1166,1246,7.9905,2.4713,16.914,6.9423,1.7201,-2379.0583,1.0,0.0177,0.1151,1889.0,,,,0.0,0.0,,,,0.0,0.0,0.004319,-0.000661,0.000254,-0.001755,-0.001833,-0.0037,-0.004457,-0.003345,1889,1.0,-19.4926,68.1002,UNCERTAIN,no_radar_coverage
6543,392.0,0.245,0.5026,1.15,1128.359693877551,900.4744897959183,-22963.63775510204,17266.507653061224,28.7301,1113,886,1143,912,16.2481,2.7673,25.2376,14.9084,1.4842,-2191.8928,1.0,0.3806,0.4238,392.0,0.179574,0.174636,0.027471,1.0,1.0,0.042533,0.04119,0.006003,1.0,1.0,0.002146,0.002433,0.002936,0.001318,0.001341,-0.000888,-0.000803,-0.010395,392,1.0,-14.3965,65.3367,UNCERTAIN,high_shadow_variation
6565,763.0,0.476875,0.4258,1.75,1123.534731323722,1428.9633027522937,-9751.417431192662,17387.131716906948,19.9343,1096,1415,1152,1447,6.1672,4.2177,23.8433,5.5601,3.6642,-2284.3808,1.0,0.6823,0.4224,763.0,0.213778,0.200813,0.068376,1.0,1.0,,,,0.0,0.0,0.008528,0.002484,0.001464,0.001206,0.001319,-0.006333,-0.002612,-0.005764,763,1.0,-19.4926,68.1002,UNCERTAIN,high_shadow_variation
6579,337.0,0.210625,0.5106,1.36,1134.2166172106824,2800.86350148368,24546.087537091986,17120.08456973294,29.9268,1122,2793,1152,2815,8.8994,5.4475,25.5005,7.381,3.0682,-2096.8802,1.0,1.0,0.0,337.0,0.172286,0.157531,0.051802,1.0,1.0,,,,0.0,0.0,0.001185,0.000421,0.002409,-0.000705,0.006077,-0.004713,-0.006809,-0.012033,337,1.0,-50.1159,79.0402,UNCERTAIN,high_slope_variation
6590,875.0,0.546875,0.5227,2.3,1143.806857142857,2342.5234285714287,13087.585714285711,16880.328571428574,21.3595,1115,2328,1177,2355,9.1852,3.4237,26.1204,7.6557,2.1075,-1829.9774,1.0,0.4001,0.4425,875.0,0.237398,0.233141,0.043256,1.0,1.0,0.045712,0.045712,0.0,0.002286,0.002286,0.005972,0.001351,0.001057,0.00249,0.004067,0.000605,-0.006349,-0.002201,875,1.0,53.7768,91.9349,UNCERTAIN,high_shadow_variation
6601,1178.0,0.73625,0.5864,1.2,1141.431239388795,1639.6213921901528,-4484.965195246179,16939.719015280134,17.5228,1120,1621,1169,1662,6.818,3.4385,20.1043,5.7338,2.3509,-2018.2298,1.0,0.4862,0.4624,1178.0,0.211811,0.2056,0.04491,1.0,1.0,,,,0.0,0.0,0.006919,0.003966,0.001804,-0.000347,0.001608,-0.002546,-0.00801,-0.006412,1178,1.0,33.7027,75.9158,UNCERTAIN,high_shadow_variation
6604,389.0,0.243125,0.4381,1.54,1131.9537275064267,482.0,-33425.5,17176.65681233933,37.5799,1116,471,1153,495,9.0274,4.6708,24.1863,8.5433,3.8399,2043.3513,1.0,0.3831,0.4434,389.0,0.116426,0.101806,0.052645,1.0,1.0,0.096752,0.093861,0.017445,1.0,1.0,0.027894,0.009521,0.003627,0.004101,0.006441,0.006644,0.005651,-0.005167,389,1.0,104.6201,87.4983,UNCERTAIN,high_shadow_variation
6687,769.0,0.480625,0.3715,1.02,1147.0533159947984,1337.7516254876464,-12031.70936280884,16799.167100130042,20.6627,1130,1317,1175,1363,7.2646,2.1795,14.6386,6.2603,1.5947,-2100.3352,1.0,0.2018,0.3688,769.0,0.248917,0.231416,0.079168,0.806242,0.806242,,,,0.0,0.0,-0.000499,-0.002161,0.001512,4.7e-05,0.000562,-0.00217,-0.00452,-0.005839,769,1.0,-19.4926,68.1002,UNCERTAIN,high_shadow_variation
6701,2219.0,1.386875,0.5779,1.67,1170.425416854439,2616.803965750338,19944.599143758453,16214.864578639026,25.7043,1128,2595,1208,2643,7.4113,4.3554,22.344,6.2494,3.4762,-2056.1412,1.0,0.7935,0.3892,2219.0,0.20845,0.203743,0.050036,1.0,1.0,0.025854,0.024495,0.006436,0.614691,0.614691,-0.00274,-0.004689,-0.00341,-0.001848,-0.000891,-0.004115,-0.008978,-0.006146,2219,1.0,33.734,87.2227,UNCERTAIN,high_shadow_variation
6738,1319.0,0.824375,0.3149,1.2,1140.1220621683094,2774.497346474602,23886.933661865056,16972.448445792266,29.3028,1110,2733,1169,2804,7.7638,5.057,24.1678,6.6332,4.3517,-2073.1257,1.0,1.0,0.0,1319.0,0.193267,0.189931,0.039642,1.0,1.0,0.018985,0.018597,0.002968,0.091736,0.091736,0.000986,0.00071,0.000464,-8.4e-05,0.002686,-0.001158,-0.003527,-0.009971,1319,1.0,33.734,87.2227,UNCERTAIN,high_slope_variation
6745,2533.0,1.583125,0.5705,1.23,1125.3478089222267,2302.028030003948,12075.200750098702,17341.804776944333,21.1316,1091,2264,1151,2338,14.3673,5.1032,29.9085,12.6409,4.2168,-1755.3789,1.0,0.4162,0.4649,2533.0,0.282153,0.276763,0.053554,1.0,1.0,0.050699,0.045633,0.01896,0.088827,0.088827,0.005663,0.004413,0.002552,0.002087,-0.00034,-1.3e-05,0.001814,-0.006034,2533,1.0,53.7768,91.9349,UNCERTAIN,high_slope_variation; high_shadow_variation
6750,295.0,0.184375,0.439,1.17,1153.5254237288136,1913.91186440678,2372.296610169491,16637.36440677966,16.8052,1140,1903,1168,1927,5.2935,3.1127,16.85,4.7551,2.3508,-851.874,1.0,0.3287,0.4013,295.0,0.252555,0.241078,0.055311,1.0,1.0,,,,0.0,0.0,0.013485,0.007639,0.003849,0.004291,0.001993,-0.000174,-0.006329,-0.010713,295,1.0,33.7027,75.9158,UNCERTAIN,high_shadow_variation
6754,725.0,0.453125,0.5021,1.0,1151.288275862069,2978.5958620689657,28989.396551724145,16693.293103448275,33.4524,1133,2961,1171,2999,10.7692,5.285,27.4971,9.708,4.4026,-1570.7997,1.0,0.0941,0.2585,725.0,0.220353,0.212107,0.052695,1.0,1.0,,,,0.0,0.0,2.8e-05,0.000536,-0.002484,0.000548,-0.002612,0.000296,-0.00801,-0.005506,725,1.0,-50.1159,79.0402,UNCERTAIN,high_slope_variation
6782,802.0,0.50125,0.6266,1.25,1151.058603491272,1361.8104738154614,-11430.238154613464,16699.0349127182,20.2356,1134,1340,1166,1380,12.1467,4.1934,20.9301,10.5366,3.4914,-2159.628,1.0,0.7986,0.3698,802.0,0.231926,0.204744,0.107246,1.0,1.0,,,,0.0,0.0,-0.001102,0.000355,0.000721,-0.003169,2.4e-05,-0.003438,-0.0044,-0.008441,802,1.0,-19.4926,68.1002,UNCERTAIN,high_shadow_variation
6805,522.0,0.32625,0.5294,1.17,1147.2777777777778,1516.4616858237548,-7563.95785440613,16793.555555555555,18.4177,1131,1503,1165,1532,4.4026,3.0229,18.4723,3.2202,1.4434,-2148.0274,1.0,0.3203,0.4079,522.0,0.168242,0.165859,0.029294,1.0,1.0,,,,0.0,0.0,0.007622,0.003502,0.000895,-0.002516,0.003966,3.3e-05,-0.004799,-0.004331,522,1.0,-19.4926,68.1002,UNCERTAIN,high_shadow_variation
6821,132.0,0.0825,0.5546,1.21,1152.5075757575758,2124.8939393939395,7646.848484848488,16662.810606060608,18.3334,1145,2119,1162,2133,4.3891,2.6982,15.0857,4.3005,1.7785,-1145.8306,1.0,0.7464,0.3656,132.0,0.170373,0.175036,0.036277,1.0,1.0,,,,0.0,0.0,0.014036,0.002342,0.001316,0.002444,0.000936,0.000703,-0.007751,-0.006094,132,1.0,53.7768,91.9349,UNCERTAIN,high_shadow_variation
6919,2866.0,1.79125,0.3994,1.18,1142.0055826936498,2125.7752965806003,7668.8824145150065,16925.360432658756,18.5815,1099,2085,1191,2163,12.139,6.2713,29.9377,10.4767,5.4645,-1130.287,1.0,0.2704,0.4097,2866.0,0.246073,0.240279,0.072995,1.0,1.0,,,,0.0,0.0,0.003252,0.002073,0.001118,0.000375,0.000966,0.000279,-0.003534,-0.002588,2866,1.0,53.7768,91.9349,UNCERTAIN,high_slope_variation; high_shadow_variation
6941,197.0,0.123125,0.684,1.12,1172.944162436548,1638.2893401015228,-4518.266497461926,16151.895939086296,16.7713,1165,1630,1183,1646,5.0354,3.1808,16.6265,4.236,2.0416,-1971.0981,1.0,0.5578,0.4473,197.0,0.213494,0.205099,0.044144,1.0,1.0,,,,0.0,0.0,0.016213,0.009031,0.003901,0.002708,-0.001714,0.001337,-0.003367,-0.007795,197,1.0,33.7027,75.9158,UNCERTAIN,high_shadow_variation
6955,1508.0,0.9425,0.4787,1.56,1171.9840848806366,1412.6518567639257,-10159.203580901856,16175.897877984084,19.1009,1153,1381,1198,1451,7.2009,4.4788,28.9604,5.8466,3.0774,-2283.6517,1.0,0.4815,0.463,1508.0,0.214352,0.207736,0.049803,0.982095,0.982095,,,,0.0,0.0,0.002178,0.001171,0.002097,4.5e-05,0.001765,-0.002242,-0.003449,-0.006773,1508,1.0,-19.4926,68.1002,UNCERTAIN,high_shadow_variation
6960,1708.0,1.0675,0.4313,1.1,1170.846018735363,2544.5351288056204,18137.878220140512,16204.349531615924,24.3221,1140,2515,1200,2581,7.8547,4.0844,28.0798,6.2028,2.42,-2027.5592,1.0,0.6924,0.4124,1708.0,0.221172,0.209259,0.067483,1.0,1.0,0.04721,0.046203,0.008772,0.333724,0.333724,-0.000594,-0.003316,-0.001496,-0.00013,-0.000268,-0.003171,-0.007886,-0.006344,1708,1.0,33.734,87.2227,UNCERTAIN,high_shadow_variation
7009,410.0,0.25625,0.5125,1.28,1178.5487804878048,1542.0853658536585,-6923.365853658535,16011.780487804876,17.4438,1161,1530,1193,1555,5.2215,3.3713,18.036,3.6385,1.5733,-2114.53,1.0,0.277,0.3956,410.0,0.184585,0.181276,0.034718,1.0,1.0,,,,0.0,0.0,0.02432,0.00584,0.003865,0.005562,0.002744,0.007262,0.005375,0.001848,410,1.0,-19.4926,68.1002,UNCERTAIN,high_shadow_variation
7063,435.0,0.271875,0.4252,1.06,1170.9218390804597,2207.7379310344827,9717.948275862063,16202.45402298851,18.8932,1154,2189,1185,2222,9.3926,3.9512,21.5507,8.1851,2.4117,-1202.11,1.0,0.3803,0.4154,435.0,0.236907,0.233985,0.040265,1.0,1.0,,,,0.0,0.0,0.002637,0.000232,-0.000516,0.001964,0.002856,-0.000566,-0.000295,-0.00098,435,1.0,53.7768,91.9349,UNCERTAIN,high_shadow_variation
7088,393.0,0.245625,0.4746,1.57,1177.2849872773536,3050.89058524173,30796.764631043246,16043.37531806616,34.7253,1166,3032,1189,3068,10.1258,5.0447,25.2512,8.8345,3.8767,-1455.1672,1.0,0.0769,0.2463,393.0,0.251138,0.252651,0.038664,1.0,1.0,,,,0.0,0.0,-0.003584,-0.001211,-0.002881,-0.003874,-0.004007,-0.00469,-0.005603,-0.012122,393,1.0,-50.1159,79.0402,UNCERTAIN,high_slope_variation
7105,980.0,0.6125,0.4444,1.09,1190.3489795918367,2504.488775510204,17136.719387755104,15716.775510204085,23.2526,1171,2475,1216,2524,6.1123,3.7135,24.3714,4.7527,2.1016,-2011.5277,1.0,0.7722,0.3653,980.0,0.224628,0.217346,0.052088,1.0,1.0,,,,0.0,0.0,-0.003759,-0.00298,-0.003941,-0.000422,-0.004169,-0.005712,-0.009275,-0.011065,980,1.0,33.734,87.2227,UNCERTAIN,high_shadow_variation
7120,160.0,0.1,0.5333,1.33,1186.59375,1399.6,-10485.5,15810.65625,18.9709,1179,1389,1194,1409,3.4915,2.1922,12.8563,3.328,2.0315,-2266.5635,1.0,0.6617,0.3872,160.0,0.199511,0.196389,0.034346,0.6625,0.6625,,,,0.0,0.0,0.00617,0.000746,0.002357,0.001308,-0.000573,-0.000874,-0.003707,-0.012088,160,1.0,-19.4926,68.1002,UNCERTAIN,high_shadow_variation
7144,431.0,0.269375,0.5071,1.36,1186.002320185615,1443.0719257540604,-9398.701856148487,15825.441995359626,18.4053,1175,1425,1200,1459,8.3076,4.487,25.6262,6.7971,2.8284,-2277.3421,1.0,0.1797,0.3532,431.0,0.226321,0.209693,0.076327,1.0,1.0,,,,0.0,0.0,0.010319,0.003021,0.003183,0.00097,0.000527,-0.001489,-0.005253,-0.016979,431,1.0,-19.4926,68.1002,UNCERTAIN,high_shadow_variation
7200,301.0,0.188125,0.4479,1.52,1189.9634551495017,1332.0099667774086,-12175.250830564786,15726.413621262458,19.8879,1180,1318,1201,1350,8.4994,3.0767,20.3628,7.5697,2.1235,-1999.926,1.0,0.0121,0.0908,301.0,,,,0.0,0.0,,,,0.0,0.0,0.002744,0.001341,0.002255,0.000819,0.000361,-0.002787,-0.004377,-0.011168,301,1.0,-19.4926,68.1002,UNCERTAIN,no_radar_coverage
7202,394.0,0.24625,0.5777,1.41,1195.548223350254,1676.3730964467004,-3566.1725888324872,15586.79441624365,15.989,1186,1661,1208,1692,7.9731,3.2526,19.7555,6.4159,1.9284,-1975.31,1.0,0.3503,0.4424,394.0,0.198109,0.183268,0.046455,1.0,1.0,,,,0.0,0.0,0.002928,0.001965,0.001717,0.003368,0.0039,0.005279,0.007372,0.000463,394,1.0,33.7027,75.9158,UNCERTAIN,high_shadow_variation
7246,173.0,0.108125,0.5986,1.0,1206.4913294797689,3036.3872832369943,30434.18208092486,15313.216763005776,34.0698,1199,3028,1216,3045,7.6143,2.653,15.1776,6.4,1.2764,-1543.1385,1.0,0.5632,0.4526,173.0,0.169436,0.17195,0.036441,1.0,1.0,,,,0.0,0.0,0.00043,0.001835,-0.001501,0.001797,0.000382,-0.008783,-0.004638,0.001831,173,1.0,25.3927,84.5067,UNCERTAIN,high_shadow_variation
7256,1172.0,0.7325,0.4607,1.1,1208.5017064846415,1653.7730375426622,-4131.174061433441,15262.957337883963,15.8115,1185,1631,1233,1684,8.1446,5.3523,26.9065,6.7054,4.0196,-1918.4716,1.0,0.2547,0.3786,1172.0,0.292811,0.283988,0.087295,1.0,1.0,,,,0.0,0.0,0.005841,0.001979,0.002095,0.001576,0.006611,0.000691,0.004246,0.003206,1172,1.0,85.0522,75.7671,UNCERTAIN,high_slope_variation; high_shadow_variation
7285,179.0,0.111875,0.585,1.06,1207.6480446927374,2154.8435754189945,8395.589385474865,15284.298882681567,17.4381,1200,2146,1217,2164,6.0399,2.5939,12.1968,5.5799,1.3879,-1042.7815,1.0,0.227,0.3608,179.0,0.266362,0.268837,0.059884,1.0,1.0,,,,0.0,0.0,-0.001339,0.000532,-0.001623,0.001017,0.000359,-0.000669,-0.001019,-0.00554,179,1.0,86.6499,88.4185,UNCERTAIN,high_shadow_variation
7291,184.0,0.115,0.5974,1.57,1200.9021739130435,2951.516304347826,28312.40760869565,15452.945652173912,32.2552,1194,2940,1208,2962,9.4025,4.8412,23.6678,8.6409,4.1984,-1700.8739,1.0,0.2107,0.3856,184.0,0.309899,0.263833,0.124677,1.0,1.0,,,,0.0,0.0,0.004676,-0.002294,-0.000938,-0.000133,-0.002324,-0.007681,-0.005904,0.009559,184,1.0,25.3927,84.5067,UNCERTAIN,high_shadow_variation
7294,232.0,0.145,0.5309,1.21,1200.75,1356.176724137931,-11571.081896551725,15456.75,19.3074,1189,1347,1212,1366,13.5566,2.6628,24.9037,11.9264,1.2274,-1995.5547,1.0,0.0,0.0,232.0,,,,0.0,0.0,,,,0.0,0.0,0.01746,0.001878,0.003845,0.001532,0.00059,-0.002785,-0.003844,-0.014239,232,1.0,0.5626,56.8385,UNCERTAIN,no_radar_coverage
7306,1027.0,0.641875,0.3224,1.33,1186.6163583252192,2351.4118792599807,13309.796981499516,15810.09104186952,20.6666,1151,2326,1216,2375,8.2604,3.0117,19.543,6.9798,1.8796,-1840.7608,1.0,0.621,0.4422,1027.0,0.237728,0.234704,0.046716,1.0,1.0,,,,0.0,0.0,0.000284,-0.00033,-0.000682,0.001191,0.002248,-0.001061,-0.000795,0.000773,1027,1.0,53.7768,91.9349,UNCERTAIN,high_shadow_variation
7308,387.0,0.241875,0.5316,1.08,1210.1705426356589,2780.651162790697,24040.779069767435,15221.236434108529,28.4544,1199,2767,1225,2795,7.2288,4.2182,21.4121,5.9949,2.861,-2060.3674,1.0,0.6822,0.4201,387.0,0.235307,0.225451,0.037686,1.0,1.0,,,,0.0,0.0,0.001726,0.000594,0.003804,-0.00052,0.0001,-0.011913,7.5e-05,-0.003584,387,1.0,33.5851,91.8903,UNCERTAIN,high_shadow_variation
7347,960.0,0.6,0.5882,1.41,1206.203125,2486.694791666667,16691.86979166667,15320.421875,22.6569,1182,2471,1230,2505,7.3046,5.6534,28.84,5.343,3.1588,-1997.7413,1.0,0.7867,0.3628,960.0,0.24252,0.2319,0.065712,1.0,1.0,,,,0.0,0.0,-0.004457,-0.003942,-0.003766,-0.00298,-0.003597,-0.005317,-0.009769,-0.008764,960,1.0,33.5851,91.8903,UNCERTAIN,high_slope_variation; high_shadow_variation
7352,845.0,0.528125,0.4801,1.1,1204.2118343195266,1122.3171597633136,-17417.57100591716,15370.204142011837,23.2289,1182,1098,1222,1142,15.538,6.3177,27.736,13.9044,5.2052,-2654.5129,1.0,0.8107,0.3544,845.0,,,,0.0,0.0,0.054086,0.052149,0.013533,1.0,1.0,0.009622,0.004775,0.003537,0.003227,0.002941,0.003235,-0.000716,-0.000837,845,1.0,50.752,65.3557,UNCERTAIN,high_slope_variation; high_shadow_variation
7357,506.0,0.31625,0.4381,1.06,1201.810276679842,2587.7727272727275,19218.818181818184,15430.243083003952,24.6467,1185,2568,1220,2601,5.0708,2.5074,14.8628,4.4131,1.8877,-2007.1506,1.0,0.6912,0.4211,506.0,0.220825,0.219994,0.036559,1.0,1.0,,,,0.0,0.0,-0.005546,-0.004996,-0.003148,-0.004127,-0.003811,-0.005219,-0.013802,-0.008667,506,1.0,33.5851,91.8903,UNCERTAIN,high_shadow_variation
7367,649.0,0.405625,0.5547,1.3,1207.446841294299,2724.9275808936827,22647.689522342072,15289.328967642525,27.3256,1191,2707,1221,2746,4.1307,2.3388,19.4259,3.4027,1.4699,-2063.9439,1.0,0.7978,0.3753,649.0,0.228332,0.221883,0.045733,1.0,1.0,0.020908,0.021004,0.003169,0.292758,0.292758,-0.000889,0.000735,0.001784,-0.001421,-0.001768,-0.0086,-0.003621,-0.006639,649,1.0,33.5851,91.8903,UNCERTAIN,high_shadow_variation
7382,435.0,0.271875,0.3884,1.09,1212.4275862068966,2412.2528735632186,14830.821839080469,15164.810344827583,21.2114,1196,2393,1228,2428,5.4265,2.5882,13.1045,4.4351,1.5751,-1876.6315,1.0,0.7164,0.3934,435.0,0.285647,0.278726,0.07953,1.0,1.0,,,,0.0,0.0,-0.00506,-0.006235,-0.003408,-0.002441,-0.003795,-0.008008,-0.006455,-0.011517,435,1.0,33.5851,91.8903,UNCERTAIN,high_shadow_variation
7386,312.0,0.195,0.489,1.32,1218.0608974358977,2933.878205128205,27871.455128205125,15023.977564102564,31.6631,1205,2924,1234,2946,11.6987,6.3221,26.9485,11.1037,5.4885,-1741.1094,1.0,0.619,0.459,312.0,0.236975,0.228536,0.057647,1.0,1.0,,,,0.0,0.0,1e-05,0.003812,0.001932,0.003357,0.001631,-0.004116,-0.006127,-0.002637,312,1.0,25.3927,84.5067,UNCERTAIN,high_slope_variation; high_shadow_variation
7407,579.0,0.361875,0.4874,1.09,1214.7685664939552,2533.544041450777,17863.10103626943,15106.28583765112,23.3943,1199,2518,1235,2551,6.5213,3.0684,20.5159,4.9434,1.6426,-2039.5353,1.0,0.8003,0.3588,579.0,0.253988,0.246316,0.053167,1.0,1.0,,,,0.0,0.0,-0.002029,-0.003928,-0.002253,-0.001988,-0.002043,-0.003704,-0.008331,-0.007321,579,1.0,33.5851,91.8903,UNCERTAIN,high_shadow_variation
7415,399.0,0.249375,0.5363,1.29,1226.609022556391,3184.4536340852133,34135.840852130335,14810.274436090223,37.2105,1216,3171,1240,3202,12.201,4.5116,25.441,10.8301,3.5529,-1519.7751,1.0,0.4637,0.4756,399.0,0.242611,0.218566,0.106225,1.0,1.0,,,,0.0,0.0,0.029984,0.037504,0.052552,0.05689,0.071869,0.062234,0.06662,0.06919,399,1.0,25.3927,84.5067,UNCERTAIN,high_shadow_variation
7421,400.0,0.25,0.3941,1.21,1222.165,2516.69,17441.75,14921.375,22.9535,1205,2499,1234,2534,10.7752,6.5019,29.8026,8.6585,4.1453,-2025.081,1.0,0.4828,0.4431,400.0,0.29323,0.283404,0.079375,1.0,1.0,,,,0.0,0.0,0.001683,-0.000998,-0.001538,-0.000196,-0.000825,-0.002986,-0.003088,-0.005549,400,1.0,33.5851,91.8903,UNCERTAIN,high_slope_variation; high_shadow_variation
7440,765.0,0.478125,0.4688,1.59,1230.848366013072,2772.718954248366,23842.47385620915,14704.290849673202,28.0123,1214,2748,1246,2799,7.821,4.4533,20.4658,5.9695,3.1395,-2040.7187,1.0,0.6911,0.4161,765.0,0.277817,0.264449,0.068412,1.0,1.0,,,,0.0,0.0,0.012706,0.00735,0.004738,0.003742,0.003608,-0.001741,0.002363,-0.002924,765,1.0,33.5851,91.8903,UNCERTAIN,high_shadow_variation
7448,509.0,0.318125,0.4281,1.41,1238.7406679764244,2413.612966601179,14864.824165029471,14506.983300589389,20.7706,1219,2400,1260,2429,5.5289,2.5779,14.2369,4.6477,1.3188,-1861.899,1.0,0.3407,0.4064,509.0,0.301329,0.292322,0.059943,1.0,1.0,,,,0.0,0.0,0.02449,0.027837,0.035754,0.034481,0.040517,0.042026,0.04185,0.03821,509,1.0,33.5851,91.8903,UNCERTAIN,high_shadow_variation
7450,830.0,0.51875,0.4049,1.22,1218.5590361445784,2845.5481927710844,25663.204819277104,15011.52409638554,29.7314,1201,2819,1242,2869,10.2217,3.6664,21.9882,8.8724,2.7419,-1916.4656,1.0,0.574,0.4685,830.0,0.236082,0.233997,0.035555,1.0,1.0,,,,0.0,0.0,0.007423,0.010788,0.006941,0.012358,0.012988,0.002328,0.006138,0.010611,830,1.0,25.3927,84.5067,UNCERTAIN,high_shadow_variation
7454,136.0,0.085,0.5965,1.58,1229.0220588235295,1671.779411764706,-3681.014705882357,14749.948529411762,15.2017,1221,1666,1240,1678,4.9878,3.1172,19.2114,4.5376,2.3041,-1924.3112,1.0,0.5794,0.4262,136.0,0.287318,0.275483,0.061102,1.0,1.0,,,,0.0,0.0,0.002288,0.001719,0.003296,0.001662,0.00466,-0.000203,0.001384,-0.00357,136,1.0,85.0522,75.7671,UNCERTAIN,high_shadow_variation
7459,768.0,0.48,0.6019,1.52,1220.7291666666667,2556.7994791666665,18444.486979166664,14957.270833333332,23.7471,1200,2542,1244,2571,5.144,4.2043,25.143,3.9672,2.5471,-2030.54,1.0,0.726,0.3922,768.0,0.278449,0.273597,0.048161,1.0,1.0,,,,0.0,0.0,0.005235,0.000948,0.002014,0.001644,0.001692,0.001189,-0.00373,0.000578,768,1.0,33.5851,91.8903,UNCERTAIN,high_shadow_variation
7461,202.0,0.12625,0.5489,1.44,1223.2970297029703,2715.0940594059407,22401.851485148523,14893.074257425742,26.9008,1215,2704,1231,2727,4.2178,1.9971,10.2591,3.4288,1.0642,-2056.6685,1.0,0.3671,0.424,202.0,0.246128,0.227847,0.061417,1.0,1.0,,,,0.0,0.0,0.001338,0.001419,-0.000772,-6e-06,-0.001512,-0.014549,-0.004442,-0.0036,202,1.0,33.5851,91.8903,UNCERTAIN,high_shadow_variation
7472,956.0,0.5975,0.5085,1.18,1214.9968619246863,2749.9205020920504,23272.51255230125,15100.578451882844,27.7425,1195,2725,1235,2772,5.6437,3.1048,16.8505,4.6794,2.2624,-2052.9447,1.0,0.4658,0.4306,956.0,0.272811,0.269528,0.042199,1.0,1.0,,,,0.0,0.0,0.000741,0.002449,0.001396,-4.4e-05,-0.000687,-0.011648,-0.002012,-0.003321,956,1.0,33.5851,91.8903,UNCERTAIN,high_shadow_variation
7492,844.0,0.5275,0.5015,1.55,1215.7310426540284,2341.107819905213,13052.195497630324,15082.22393364929,19.9457,1189,2326,1240,2359,7.1558,2.8286,16.097,6.139,1.9623,-1779.3182,1.0,0.4085,0.4197,844.0,0.236078,0.23457,0.043939,1.0,1.0,,,,0.0,0.0,0.002567,0.003711,0.003806,0.004748,0.004598,0.005183,0.004512,0.000844,844,1.0,86.6499,88.4185,UNCERTAIN,high_shadow_variation
7493,148.0,0.0925,0.5139,1.12,1234.6351351351352,2535.6283783783783,17915.20945945946,14609.62162162162,23.1171,1226,2528,1244,2544,5.4935,3.4348,16.8719,5.1086,2.5888,-2016.9224,1.0,0.557,0.4222,148.0,0.311916,0.297982,0.08514,1.0,1.0,,,,0.0,0.0,0.024578,0.014863,0.013024,0.011782,0.015569,0.015202,0.018533,0.010185,148,1.0,33.5851,91.8903,UNCERTAIN,high_shadow_variation
7501,237.0,0.148125,0.4122,1.09,1229.4303797468351,2455.502109704641,15912.05274261604,14739.740506329115,21.69,1216,2446,1241,2469,6.4153,3.9541,22.7063,5.6149,2.7012,-1937.1764,1.0,0.7445,0.384,237.0,0.321639,0.310057,0.062554,1.0,1.0,,,,0.0,0.0,0.012679,0.007845,0.007583,0.005338,0.007076,0.005836,0.006482,0.004847,237,1.0,33.5851,91.8903,UNCERTAIN,high_shadow_variation
7532,368.0,0.23,0.3339,1.31,1231.1766304347825,2917.2065217391305,27454.663043478256,14696.084239130436,31.1407,1212,2901,1250,2930,9.9285,5.7472,29.1237,9.2849,4.7845,-1730.2797,1.0,0.1424,0.3211,368.0,0.299789,0.280685,0.078314,1.0,1.0,,,,0.0,0.0,0.005271,0.003773,0.001676,0.004774,0.00476,0.001841,0.000343,-0.001418,368,1.0,25.3927,84.5067,UNCERTAIN,high_slope_variation
7541,2568.0,1.605,0.5637,1.01,1251.3064641744547,2370.623831775701,13790.095794392524,14192.838395638631,19.789,1221,2335,1289,2402,6.0842,2.9636,18.3618,4.9413,1.8079,-1785.1664,1.0,0.36,0.4223,2568.0,0.311657,0.304163,0.07239,1.0,1.0,,,,0.0,0.0,0.028478,0.032411,0.036891,0.04024,0.049866,0.043012,0.047691,0.041707,2568,1.0,86.6499,88.4185,UNCERTAIN,high_shadow_variation
7555,415.0,0.259375,0.4632,1.14,1234.4843373493975,2482.944578313253,16598.114457831318,14613.391566265062,22.1145,1222,2467,1254,2495,10.1522,4.0752,22.657,7.713,2.4603,-1985.8043,1.0,0.5023,0.4525,415.0,0.292319,0.288358,0.068022,1.0,1.0,,,,0.0,0.0,0.013068,0.006933,0.005149,0.006948,0.010388,0.003415,0.005132,0.001135,415,1.0,33.5851,91.8903,UNCERTAIN,high_shadow_variation
7556,176.0,0.11,0.5641,1.85,1232.3522727272727,2719.340909090909,22508.02272727272,14666.69318181818,26.865,1226,2707,1239,2731,3.1775,1.1665,5.5893,2.6622,0.5988,-2044.5977,1.0,0.478,0.4211,176.0,0.266749,0.265352,0.043141,1.0,1.0,,,,0.0,0.0,0.017373,0.004529,0.00286,0.003701,0.005925,-0.006009,-0.000593,-0.003182,176,1.0,33.5851,91.8903,UNCERTAIN,high_shadow_variation
7568,161.0,0.100625,0.4879,1.47,1236.1180124223602,3049.4596273291927,30760.99068322981,14572.549689440995,34.0384,1223,3042,1245,3057,5.4826,2.7899,15.269,4.818,1.7095,-1512.2711,1.0,0.6152,0.4425,161.0,0.252062,0.25357,0.060122,1.0,1.0,,,,0.0,0.0,0.013829,0.005807,0.003576,0.006514,0.010554,0.007539,0.004824,-0.009539,161,1.0,25.3927,84.5067,UNCERTAIN,high_shadow_variation
7573,292.0,0.1825,0.553,1.09,1235.832191780822,1253.5068493150684,-14137.82876712329,14579.695205479453,20.3081,1225,1244,1247,1268,5.0556,2.4214,12.1552,4.3466,1.6669,-1941.5988,1.0,0.2821,0.4196,292.0,,,,0.0,0.0,0.061295,0.06114,0.006715,1.0,1.0,-0.000268,0.000393,0.000134,0.002176,0.002796,0.000808,-0.008557,0.000797,292,1.0,0.5626,56.8385,UNCERTAIN,high_shadow_variation
7584,342.0,0.21375,0.6465,1.0,1229.9619883040937,1613.0906432748538,-5148.233918128652,14726.450292397658,15.5998,1218,1602,1241,1625,8.0538,3.8842,18.4398,6.4922,2.3495,-1977.4414,1.0,0.2434,0.3877,342.0,0.185552,0.18787,0.038275,1.0,1.0,,,,0.0,0.0,0.009761,0.001527,0.004791,0.001958,0.003544,-0.000892,0.0014,-0.002041,342,1.0,85.0522,75.7671,UNCERTAIN,high_shadow_variation
7585,206.0,0.12875,0.6776,1.19,1234.6359223300972,2399.1747572815534,14503.868932038837,14609.601941747567,20.5865,1226,2391,1245,2407,8.3308,4.6311,20.2517,5.9229,2.2247,-1852.5115,1.0,0.52,0.4486,206.0,0.28612,0.267048,0.062662,1.0,1.0,,,,0.0,0.0,0.064651,0.067314,0.093199,0.094183,0.113801,0.117812,0.120617,0.111411,206,1.0,86.6499,88.4185,UNCERTAIN,high_shadow_variation
7595,897.0,0.560625,0.3955,1.29,1243.8338907469342,2731.1727982162765,22803.819955406914,14379.652731326643,26.9592,1226,2699,1268,2753,4.5836,2.3407,11.9038,3.6536,1.5466,-2045.3268,1.0,0.6772,0.434,897.0,0.252993,0.249492,0.050486,1.0,1.0,,,,0.0,0.0,0.01683,0.004727,0.0043,0.005139,0.010352,0.000247,0.003044,-0.007577,897,1.0,33.5851,91.8903,UNCERTAIN,high_shadow_variation
7618,323.0,0.201875,0.4894,1.36,1228.080495356037,3133.160990712074,32853.52476780185,14773.487616099072,36.0226,1215,3122,1245,3144,8.1116,5.2189,24.0423,8.0434,4.6314,-1478.72,1.0,0.0261,0.1305,323.0,0.306015,0.293269,0.083866,1.0,1.0,,,,0.0,0.0,0.041074,0.047204,0.059862,0.063913,0.080298,0.075587,0.084275,0.073698,323,1.0,25.3927,84.5067,UNCERTAIN,high_slope_variation
7653,190.0,0.11875,0.5758,1.47,1242.157894736842,2682.236842105264,21580.421052631587,14421.552631578948,25.9558,1235,2672,1250,2694,2.7025,1.2484,6.4755,2.2678,0.8818,-2062.308,1.0,0.4539,0.4161,190.0,0.20791,0.205957,0.041737,1.0,1.0,,,,0.0,0.0,0.0144,0.004331,0.005774,0.004436,0.008566,0.002228,0.001719,0.001786,190,1.0,33.5851,91.8903,UNCERTAIN,high_shadow_variation
7682,201.0,0.125625,0.4568,1.1,1242.313432835821,1749.7064676616917,-1732.8383084577144,14417.664179104477,14.5209,1231,1742,1251,1764,10.5484,5.3848,24.7011,9.758,4.7039,-1749.84,1.0,0.1473,0.3074,201.0,0.463312,0.378452,0.228693,1.0,1.0,,,,0.0,0.0,0.048897,0.05949,0.093984,0.101213,0.123291,0.122928,0.129795,0.130725,201,1.0,85.0522,75.7671,UNCERTAIN,high_slope_variation
7696,350.0,0.21875,0.3638,1.42,1243.9114285714286,2554.16,18378.5,14377.714285714286,23.3344,1229,2536,1255,2573,6.092,2.7266,16.2068,5.2127,2.0551,-2012.3038,1.0,0.4032,0.427,350.0,0.24535,0.244051,0.035482,1.0,1.0,,,,0.0,0.0,0.011015,0.005165,0.00494,0.007992,0.008962,0.005049,0.004838,0.002999,350,1.0,33.5851,91.8903,UNCERTAIN,high_shadow_variation
7698,2523.0,1.576875,0.512,1.2,1239.9449068569163,2592.2802219579867,19331.505548949663,14476.877328577091,24.1514,1208,2560,1272,2637,8.2926,5.2508,27.9937,6.7245,3.8348,-2044.8718,1.0,0.4818,0.462,2523.0,0.226108,0.216476,0.065706,1.0,1.0,,,,0.0,0.0,0.014055,0.005534,0.005971,0.007381,0.008832,0.005336,0.002903,0.002094,2523,1.0,33.5851,91.8903,UNCERTAIN,high_slope_variation; high_shadow_variation
7706,1087.0,0.679375,0.4492,1.25,1248.6485740570376,1541.6283348666054,-6934.791628334868,14259.28564857406,15.8555,1232,1516,1276,1571,5.6168,2.9363,23.0963,4.5394,2.0331,-2039.3776,1.0,0.5941,0.4471,1087.0,0.164334,0.156054,0.043497,0.299908,0.299908,0.065668,0.065668,0.001011,0.00184,0.00184,0.011417,0.00246,0.004154,0.003189,0.004573,0.003894,0.002227,-0.001301,1087,1.0,0.5626,56.8385,UNCERTAIN,high_shadow_variation
7709,268.0,0.1675,0.6175,2.21,1245.186567164179,2767.25,23705.75,14345.835820895523,27.7088,1239,2752,1253,2783,4.6035,2.2911,11.8603,3.5277,1.1568,-2037.4251,1.0,0.6434,0.4084,268.0,0.300058,0.30193,0.058913,1.0,1.0,,,,0.0,0.0,0.006496,0.003287,0.003783,0.00277,0.014167,-0.000814,0.002448,-0.00228,268,1.0,33.5851,91.8903,UNCERTAIN,high_shadow_variation
7719,376.0,0.235,0.4352,1.5,1250.590425531915,2675.6702127659573,21416.255319148928,14210.739361702126,25.7023,1240,2659,1264,2695,4.2228,2.0931,12.5966,3.2554,1.0247,-2074.1884,1.0,0.6912,0.4113,376.0,0.190495,0.189083,0.035003,1.0,1.0,,,,0.0,0.0,0.009535,0.00353,0.003971,0.005177,0.008316,0.000553,-7.5e-05,-0.002958,376,1.0,33.5851,91.8903,UNCERTAIN,high_shadow_variation
7754,978.0,0.61125,0.5175,1.07,1257.2269938650306,2449.147239263804,15753.180981595098,14044.825153374231,21.105,1239,2428,1281,2473,6.108,3.2274,19.0759,5.0339,2.0414,-1892.3859,1.0,0.2311,0.3559,978.0,0.353783,0.354534,0.085692,1.0,1.0,,,,0.0,0.0,0.013929,0.011097,0.007303,0.006001,0.008565,0.001177,0.002136,0.002343,978,1.0,33.5851,91.8903,UNCERTAIN,high_shadow_variation
7756,616.0,0.385,0.3954,1.08,1247.862012987013,2704.50487012987,22137.12175324676,14278.949675324677,26.3429,1228,2687,1266,2728,2.7347,1.566,16.2357,2.2483,0.8152,-2063.2016,1.0,0.5386,0.4414,616.0,0.205611,0.201943,0.038224,1.0,1.0,,,,0.0,0.0,0.015015,0.003552,0.004628,0.004136,0.009557,0.00095,0.000881,-0.000385,616,1.0,33.5851,91.8903,UNCERTAIN,high_shadow_variation
7764,3528.0,2.205,0.3886,1.15,1233.7947845804988,1334.999433106576,-12100.5141723356,14630.63038548753,18.9855,1191,1278,1293,1367,9.144,3.0638,18.7537,7.9664,2.4021,-1879.6437,1.0,0.1847,0.3794,3528.0,,,,0.0,0.0,0.042928,0.041787,0.009477,0.790816,0.790816,0.003065,-2.1e-05,0.001703,0.002548,0.003297,0.001404,0.000324,-0.00235,3528,1.0,0.5626,56.8385,UNCERTAIN,high_shadow_variation
7776,992.0,0.62,0.5135,1.1,1262.7862903225807,1460.717741935484,-8957.556451612902,13905.84274193548,16.5405,1243,1436,1285,1482,4.9972,3.0576,18.8661,3.9997,2.0154,-2060.9691,1.0,0.4279,0.4288,992.0,,,,0.0,0.0,0.056434,0.054735,0.011129,0.767137,0.767137,-0.001158,0.00026,0.000996,0.002735,0.002923,0.003021,0.001387,-0.001715,992,1.0,0.5626,56.8385,UNCERTAIN,high_shadow_variation
7846,267.0,0.166875,0.6388,1.16,1267.3857677902622,1600.5917602996255,-5460.705992509364,13790.855805243446,14.832,1258,1592,1280,1611,6.097,3.0035,13.5236,4.782,1.3011,-1928.519,1.0,0.5855,0.442,267.0,,,,0.0,0.0,,,,0.0,0.0,0.01194,0.005243,0.005569,0.003732,0.004811,0.001872,0.002658,0.001465,267,1.0,85.0522,75.7671,UNCERTAIN,high_shadow_variation; no_radar_coverage
7860,3158.0,1.97375,0.4429,1.85,1276.5075997466752,2754.849271690944,23395.7317922736,13562.810006333122,27.0429,1249,2693,1311,2808,9.2733,4.7698,24.1449,7.8699,3.9359,-2026.0266,1.0,0.3213,0.4485,3158.0,0.288892,0.27927,0.076561,1.0,1.0,,,,0.0,0.0,0.028526,0.022047,0.025751,0.027775,0.033092,0.025144,0.03102,0.022965,3158,1.0,33.5851,91.8903,UNCERTAIN,high_shadow_variation
7881,259.0,0.161875,0.4905,1.09,1270.5289575289576,1530.3088803088804,-7217.777992277988,13712.27606177606,15.4952,1261,1519,1283,1543,6.8998,4.0302,20.6549,5.2622,2.5862,-2048.3183,1.0,0.2785,0.3933,259.0,,,,0.0,0.0,0.058761,0.060711,0.007362,0.146718,0.146718,0.009574,0.005418,0.005121,0.004767,0.005182,0.00208,0.003919,0.003707,259,1.0,0.5626,56.8385,UNCERTAIN,high_shadow_variation
7882,133.0,0.083125,0.5542,1.07,1264.6691729323309,1542.7293233082708,-6907.266917293229,13858.770676691727,15.484,1257,1535,1272,1551,4.4995,2.2988,13.0115,3.4892,0.825,-2040.8042,1.0,0.2141,0.3421,133.0,,,,0.0,0.0,,,,0.0,0.0,0.012483,0.005264,0.005602,0.006165,0.007112,0.008505,0.004402,0.006121,133,1.0,0.5626,56.8385,UNCERTAIN,no_radar_coverage
7887,1449.0,0.905625,0.4848,1.24,1275.717046238785,2577.265700483092,18956.14251207729,13582.573844030368,23.3201,1247,2548,1296,2609,5.1366,2.4119,15.9332,4.2609,1.501,-2026.6888,1.0,0.3154,0.4228,1449.0,0.218027,0.211613,0.049722,1.0,1.0,,,,0.0,0.0,0.018631,0.007368,0.0089,0.007253,0.00966,0.0054,0.00705,0.006142,1449,1.0,33.5851,91.8903,UNCERTAIN,high_shadow_variation
7894,128.0,0.08,0.5614,1.58,1270.9453125,2754.8359375,23395.3984375,13701.8671875,27.1126,1266,2746,1278,2765,6.7209,3.8295,17.0292,5.7219,2.054,-1997.6806,1.0,0.3241,0.4335,128.0,0.391891,0.394965,0.072845,1.0,1.0,,,,0.0,0.0,-8.4e-05,0.002593,8.4e-05,-0.002783,-0.001561,-0.01964,-0.003435,-0.001523,128,1.0,33.5851,91.8903,UNCERTAIN,high_shadow_variation
7914,1755.0,1.096875,0.4835,1.2,1278.3333333333333,1315.6746438746438,-12583.6339031339,13517.166666666668,18.4671,1250,1287,1316,1342,6.1004,3.4341,23.4294,5.2655,2.7511,-1816.9168,1.0,0.5421,0.4701,1755.0,,,,0.0,0.0,0.085176,0.073626,0.033792,1.0,1.0,0.002608,0.001167,0.001751,0.002671,0.002164,0.001331,-0.001991,-0.004318,1755,1.0,0.5626,56.8385,UNCERTAIN,high_shadow_variation
7925,342.0,0.21375,0.6477,1.09,1280.5438596491229,1608.9502923976609,-5251.742690058476,13461.903508771928,14.4494,1271,1598,1293,1622,6.9708,3.1336,16.2612,5.5786,1.8957,-1915.2547,1.0,0.0897,0.2444,342.0,,,,0.0,0.0,,,,0.0,0.0,0.013419,0.003582,0.00442,0.00167,0.003928,-0.007024,-0.001132,-0.001147,342,1.0,85.0522,75.7671,UNCERTAIN,no_radar_coverage
7930,1399.0,0.874375,0.456,1.13,1263.6926375982846,3068.6654753395283,31241.1368834882,13883.184060042884,34.1873,1241,3038,1293,3097,10.3754,4.0331,26.5261,8.6782,2.8319,-1483.9011,1.0,0.3134,0.4303,1399.0,0.227467,0.212099,0.067598,1.0,1.0,,,,0.0,0.0,0.009516,0.00323,0.00272,0.003161,0.004076,-0.002421,-0.001239,-0.004193,1399,1.0,25.3927,84.5067,UNCERTAIN,high_shadow_variation
7936,158.0,0.09875,0.462,1.06,1268.8101265822784,1435.886075949367,-9578.348101265825,13755.246835443042,16.7609,1259,1428,1277,1447,3.6887,1.7079,9.5924,2.8266,0.8489,-2057.9494,1.0,0.7149,0.3799,158.0,,,,0.0,0.0,0.058843,0.060144,0.007114,1.0,1.0,-0.000898,0.002083,0.001328,0.004285,0.004688,0.00341,-0.000634,-0.004824,158,1.0,0.5626,56.8385,UNCERTAIN,high_shadow_variation
7972,223.0,0.139375,0.5963,1.29,1279.578475336323,2450.5784753363228,15788.961883408068,13486.038116591924,20.7646,1269,2443,1291,2460,8.121,3.8419,19.6865,6.1743,2.3973,-1862.5065,1.0,0.2271,0.3864,223.0,0.412219,0.401902,0.11884,1.0,1.0,,,,0.0,0.0,0.005169,0.003429,0.002165,0.001489,0.006876,0.000536,0.001586,0.001808,223,1.0,33.5851,91.8903,UNCERTAIN,high_shadow_variation
7984,2002.0,1.25125,0.4376,1.23,1271.254245754246,2638.8886113886115,20496.71528471529,13694.143856143855,24.6506,1245,2601,1306,2676,4.1495,2.919,16.5085,3.3377,2.24,-2049.9662,1.0,0.2143,0.3674,2002.0,0.21778,0.206843,0.053267,1.0,1.0,,,,0.0,0.0,0.020179,0.008941,0.00728,0.007595,0.008935,-0.000631,0.001202,0.001536,2002,1.0,33.5851,91.8903,UNCERTAIN,high_shadow_variation
7985,486.0,0.30375,0.4559,1.58,1276.2366255144034,3052.4362139917694,30835.40534979424,13569.584362139914,33.6894,1257,3040,1298,3066,5.8328,2.5582,14.6519,4.9437,1.423,-1528.2529,1.0,0.3502,0.4334,486.0,0.224809,0.21989,0.040895,1.0,1.0,,,,0.0,0.0,0.013526,0.00552,0.003312,0.005435,0.008242,0.000151,0.003469,-0.005418,486,1.0,25.3927,84.5067,UNCERTAIN,high_shadow_variation
8053,314.0,0.19625,0.7548,1.62,1289.3949044585988,1737.6178343949043,-2035.054140127388,13240.627388535033,13.3955,1282,1725,1298,1751,11.164,3.5089,20.8331,9.8943,2.6617,-1641.8135,1.0,0.0129,0.0813,314.0,,,,0.0,0.0,,,,0.0,0.0,0.075099,0.090105,0.137883,0.149957,0.189785,0.18213,0.193296,0.197325,314,1.0,85.0522,75.7671,UNCERTAIN,no_radar_coverage
8059,591.0,0.369375,0.5117,1.06,1290.0812182741115,2743.4957698815565,23111.89424703892,13223.469543147206,26.6276,1273,2727,1306,2762,7.147,2.8344,19.7609,6.1068,1.8894,-1983.7615,1.0,0.6479,0.4507,591.0,0.315228,0.298121,0.098539,1.0,1.0,,,,0.0,0.0,0.022982,0.016025,0.01659,0.021301,0.022378,0.018422,0.019143,0.005313,591,1.0,33.5851,91.8903,UNCERTAIN,high_shadow_variation
8083,1193.0,0.745625,0.4453,1.21,1282.0117351215424,1489.3855825649623,-8240.86043587594,13425.20662196144,15.752,1255,1466,1312,1513,6.7933,3.6359,19.9967,5.488,2.6252,-2053.4988,1.0,0.4246,0.4574,1193.0,,,,0.0,0.0,0.064012,0.06251,0.0109,0.82062,0.82062,0.003706,0.002146,0.002609,0.002173,0.002491,0.003146,0.00183,0.002741,1193,1.0,0.5626,56.8385,UNCERTAIN,high_shadow_variation
8087,580.0,0.3625,0.4215,1.34,1286.8413793103448,2679.305172413793,21507.129310344822,13304.46551724138,25.2898,1270,2657,1302,2700,4.7672,3.4137,18.6266,3.6631,1.5837,-2045.2579,1.0,0.2632,0.3876,580.0,0.221009,0.214422,0.043186,1.0,1.0,,,,0.0,0.0,0.024871,0.010903,0.008325,0.005367,0.008544,0.002281,0.000423,0.002988,580,1.0,33.5851,91.8903,UNCERTAIN,high_shadow_variation
8090,173.0,0.108125,0.6407,1.2,1287.7398843930637,3151.693641618497,33316.84104046243,13282.002890173408,35.867,1280,3144,1298,3159,8.5321,3.309,20.1334,7.8377,3.0246,-1391.3334,1.0,0.2888,0.4214,173.0,0.245207,0.248707,0.06886,1.0,1.0,,,,0.0,0.0,0.036515,0.044112,0.056421,0.06,0.075876,0.069294,0.077379,0.069142,173,1.0,25.3927,84.5067,UNCERTAIN,high_shadow_variation
8121,164.0,0.1025,0.4881,1.31,1287.371951219512,1555.8292682926829,-6579.768292682929,13291.201219512195,14.83,1280,1546,1296,1567,6.9034,2.3567,17.353,6.0164,1.1942,-1976.8429,1.0,0.2351,0.3756,164.0,,,,0.0,0.0,0.050705,0.05133,0.005716,0.829268,0.829268,0.01322,0.004979,0.004984,0.003889,0.002825,0.012313,-0.004063,-0.005403,164,1.0,0.5626,56.8385,UNCERTAIN,high_shadow_variation
8147,254.0,0.15875,0.4951,1.42,1292.0866141732283,1955.9409448818897,3423.0236220472434,13173.334645669293,13.6104,1277,1949,1304,1968,6.3709,2.7403,15.9318,5.9937,2.02,-557.9649,1.0,0.0274,0.1179,254.0,,,,0.0,0.0,,,,0.0,0.0,0.093236,0.112378,0.169748,0.182628,0.224998,0.224619,0.236527,0.241696,254,1.0,85.0522,75.7671,UNCERTAIN,no_radar_coverage
8152,941.0,0.588125,0.3919,1.0,1288.1785334750266,1452.9776833156218,-9151.057917109458,13271.036663124334,16.1195,1265,1426,1314,1475,3.9986,2.0597,12.1537,3.1597,1.2103,-2064.7521,1.0,0.3936,0.4406,941.0,,,,0.0,0.0,0.062861,0.060202,0.011116,1.0,1.0,0.002032,0.000888,0.002059,0.001074,0.001243,0.000174,0.001749,0.000379,941,1.0,0.5626,56.8385,UNCERTAIN,high_shadow_variation
8172,488.0,0.305,0.3824,1.52,1295.797131147541,2629.0758196721317,20251.395491803283,13080.571721311477,24.1087,1280,2609,1309,2653,4.0605,2.2132,11.3913,3.1666,1.5472,-2037.8259,1.0,0.2011,0.3527,488.0,0.224313,0.220858,0.038355,1.0,1.0,,,,0.0,0.0,0.034736,0.011363,0.008553,0.009576,0.00795,0.006777,0.000541,0.000405,488,1.0,33.5851,91.8903,UNCERTAIN,high_shadow_variation
8173,1266.0,0.79125,0.5429,1.2,1293.0647709320697,3099.181674565561,32004.041864139028,13148.880726698262,34.6002,1268,3077,1321,3121,5.8069,3.1115,19.1145,4.8546,2.3561,-1443.0685,1.0,0.2542,0.3985,1266.0,0.226138,0.22132,0.043557,1.0,1.0,,,,0.0,0.0,0.006248,0.003921,0.00459,0.002186,0.005302,0.002889,-0.000405,-0.000609,1266,1.0,25.3927,84.5067,UNCERTAIN,high_shadow_variation
8180,3690.0,2.30625,0.3812,1.25,1254.9536585365854,1393.4753387533876,-10638.61653116531,14101.658536585364,17.6639,1208,1357,1318,1445,9.7202,3.6243,23.7395,8.4181,2.8449,-1978.3223,1.0,0.4686,0.4827,3690.0,,,,0.0,0.0,0.052558,0.045972,0.01684,0.80813,0.80813,0.001071,-0.000858,0.00119,0.002638,0.002738,0.002495,-2.6e-05,-0.001723,3690,1.0,0.5626,56.8385,UNCERTAIN,high_shadow_variation
8181,289.0,0.180625,0.5971,1.0,1293.681660899654,1434.674740484429,-9608.631487889274,13133.458477508651,16.2724,1282,1423,1304,1445,3.912,2.1234,10.1393,3.1223,1.1674,-2049.1563,1.0,0.6101,0.4247,289.0,,,,0.0,0.0,0.070008,0.069863,0.010067,1.0,1.0,0.00411,-0.001229,0.002854,0.000231,0.000522,0.002578,0.005498,0.00083,289,1.0,0.5626,56.8385,UNCERTAIN,high_shadow_variation
8193,839.0,0.524375,0.5205,1.68,1297.7890345649582,1600.7938021454113,-5455.654946364717,13030.774135876043,14.1261,1282,1573,1313,1625,5.814,3.0541,19.2447,5.0734,2.1429,-1912.1846,1.0,0.2487,0.3924,839.0,,,,0.0,0.0,0.056836,0.05453,0.012273,0.747318,0.747318,0.011964,0.005676,0.004157,0.005417,0.003544,0.001077,-0.005919,-0.005062,839,1.0,85.0522,75.7671,UNCERTAIN,high_shadow_variation
8223,545.0,0.340625,0.3993,1.11,1309.765137614679,2670.229357798165,21280.23394495412,12731.371559633026,24.7981,1287,2653,1326,2688,4.4576,2.6058,16.3882,3.5514,1.6269,-2038.86,1.0,0.2355,0.3736,545.0,0.201625,0.198647,0.041129,1.0,1.0,,,,0.0,0.0,0.008177,0.004154,0.00128,0.001032,0.00159,-0.000658,-0.004205,-0.006084,545,1.0,33.5851,91.8903,UNCERTAIN,high_shadow_variation
8226,690.0,0.43125,0.5349,1.43,1305.41884057971,3244.9115942028984,35647.289855072464,12840.028985507248,37.8896,1290,3223,1320,3266,5.9813,2.595,15.7607,5.2346,1.7506,-1237.2961,1.0,0.5815,0.4517,690.0,0.210246,0.204835,0.039689,1.0,1.0,,,,0.0,0.0,0.027037,0.035959,0.050937,0.054338,0.063494,0.060672,0.064321,0.063027,690,1.0,31.5436,77.8519,UNCERTAIN,high_shadow_variation
8327,246.0,0.15375,0.6508,1.17,1306.9552845528456,1759.6707317073171,-1483.731707317071,12801.61788617886,12.8868,1298,1750,1316,1771,10.0101,2.8668,19.9102,8.8982,2.4088,-1515.8145,1.0,0.022,0.1292,246.0,,,,0.0,0.0,,,,0.0,0.0,0.007321,0.006284,0.007124,0.009277,0.013139,0.008863,0.006037,0.007794,246,1.0,85.0522,75.7671,UNCERTAIN,no_radar_coverage
8329,1315.0,0.821875,0.4981,1.36,1306.6912547528518,2598.4631178707223,19486.07794676805,12808.218631178705,23.3188,1272,2576,1332,2620,6.1136,4.5192,26.0192,4.852,3.1478,-2030.9087,1.0,0.2005,0.3615,1315.0,0.224722,0.22099,0.047016,1.0,1.0,,,,0.0,0.0,0.010356,0.005966,0.003882,0.002989,0.004165,0.003503,6.1e-05,-0.000289,1315,1.0,33.5851,91.8903,UNCERTAIN,high_shadow_variation
8337,285.0,0.178125,0.5182,1.14,1314.3333333333333,1193.4245614035087,-15639.885964912282,12617.166666666672,20.094,1303,1185,1328,1207,2.7538,1.5168,8.0985,2.4469,1.0684,-2126.6835,1.0,0.6644,0.3969,285.0,,,,0.0,0.0,0.061637,0.060173,0.00823,1.0,1.0,0.002021,0.000358,0.003426,0.00125,0.001499,-0.009081,-0.002764,-0.006938,285,1.0,50.752,65.3557,UNCERTAIN,high_shadow_variation
8350,310.0,0.19375,0.3846,1.19,1307.2903225806451,1448.4354838709678,-9264.612903225803,12793.241935483871,15.7949,1294,1433,1320,1464,3.8744,1.8865,10.083,2.7963,0.9046,-2055.5413,1.0,0.6466,0.414,310.0,,,,0.0,0.0,0.079498,0.080789,0.010291,1.0,1.0,0.003093,0.002006,0.000967,0.001728,0.000278,-0.008184,-0.003584,0.005612,310,1.0,0.5626,56.8385,UNCERTAIN,high_shadow_variation
8356,377.0,0.235625,0.5464,1.3,1312.427055702918,3303.2281167108754,37105.20291777188,12664.823607427054,39.2074,1298,3293,1328,3316,6.3102,3.3172,15.6727,5.1554,2.097,-1105.8459,1.0,0.2887,0.4186,377.0,0.205241,0.203374,0.038034,1.0,1.0,,,,0.0,0.0,0.002914,0.009183,0.007023,0.004628,0.009717,0.00468,0.004598,0.001482,377,1.0,31.5436,77.8519,UNCERTAIN,high_shadow_variation
8393,407.0,0.254375,0.505,1.19,1321.3906633906631,1507.7027027027027,-7782.932432432433,12440.733415233415,14.674,1310,1493,1336,1524,6.1635,3.6605,16.5949,5.0755,2.7385,-1906.2996,1.0,0.3075,0.4217,407.0,,,,0.0,0.0,0.060201,0.058231,0.009705,1.0,1.0,0.005308,0.002538,0.003811,0.004971,0.003072,-0.004047,-0.003726,-0.004496,407,1.0,0.5626,56.8385,UNCERTAIN,high_shadow_variation
8416,1010.0,0.63125,0.5755,1.15,1327.49900990099,2034.0237623762373,5375.094059405936,12288.024752475249,13.4119,1308,2010,1347,2055,8.5588,3.8738,27.3049,7.1272,2.7282,-369.0242,1.0,0.064,0.211,1010.0,,,,0.0,0.0,,,,0.0,0.0,0.00452,0.003073,0.002599,0.001739,0.003165,-0.012587,-0.001733,-0.003574,1010,1.0,86.6499,88.4185,UNCERTAIN,no_radar_coverage
8460,140.0,0.0875,0.549,1.13,1329.071428571429,1667.5642857142857,-3786.392857142855,12248.714285714284,12.82,1323,1659,1338,1676,4.3521,2.2126,10.1932,3.8072,1.3864,-1763.9377,1.0,0.196,0.3538,140.0,,,,0.0,0.0,0.049908,0.048281,0.006787,1.0,1.0,0.003472,0.003149,0.004247,0.002893,0.002593,-0.008066,-0.003931,-0.000507,140,1.0,85.0522,75.7671,UNCERTAIN,high_shadow_variation
8464,850.0,0.53125,0.5886,1.0,1317.0823529411764,2632.1470588235293,20328.17647058824,12548.441176470587,23.8895,1300,2612,1338,2650,5.5686,3.7524,17.8118,4.3795,2.4166,-2024.3177,1.0,0.3274,0.4168,850.0,0.232453,0.221507,0.053649,1.0,1.0,,,,0.0,0.0,0.002025,0.002049,0.0013,0.000242,0.000529,-0.001264,-0.003248,-0.007276,850,1.0,33.5851,91.8903,UNCERTAIN,high_shadow_variation
8484,240.0,0.15,0.5742,1.16,1325.85,3427.5666666666666,40213.66666666667,12329.25,42.0616,1317,3418,1336,3440,9.5853,6.1959,28.5343,7.988,3.6097,-892.859,1.0,0.2243,0.3933,240.0,0.253686,0.241095,0.071673,1.0,1.0,,,,0.0,0.0,-0.000698,0.00569,5.3e-05,0.001703,-0.000767,-0.001688,-0.005022,-0.008591,240,1.0,31.5436,77.8519,UNCERTAIN,high_slope_variation; high_shadow_variation
8498,850.0,0.53125,0.5743,1.08,1325.384705882353,1439.8423529411764,-9479.441176470587,12340.882352941177,15.5607,1305,1419,1342,1459,3.0875,2.23,17.7984,2.42,1.3179,-2059.5843,1.0,0.7738,0.376,850.0,,,,0.0,0.0,0.077439,0.075834,0.01548,1.0,1.0,0.000716,0.001255,0.001358,0.003447,0.002874,-0.006861,-0.004906,0.000197,850,1.0,0.5626,56.8385,UNCERTAIN,high_shadow_variation
8504,139.0,0.086875,0.4826,1.12,1334.302158273381,1500.8705035971225,-7953.737410071946,12117.946043165466,14.4944,1327,1494,1345,1510,5.5805,2.398,12.2662,4.803,1.0766,-1920.0394,1.0,0.2506,0.3671,139.0,,,,0.0,0.0,0.062813,0.061562,0.010694,1.0,1.0,0.003578,0.000503,0.002084,0.001912,0.001297,-0.007121,-0.005375,-0.001534,139,1.0,0.5626,56.8385,UNCERTAIN,high_shadow_variation
8521,584.0,0.365,0.3817,1.32,1343.0291095890411,1554.070205479452,-6623.7448630137005,11899.772260273974,13.6184,1322,1539,1367,1573,4.1135,2.3771,14.6455,3.176,1.5046,-1866.8366,1.0,0.2433,0.3807,584.0,,,,0.0,0.0,0.073228,0.066277,0.021822,1.0,1.0,0.01187,0.003967,0.005242,0.00638,0.007267,-0.005308,0.001214,0.004829,584,1.0,0.5626,56.8385,UNCERTAIN,high_shadow_variation
8544,233.0,0.145625,0.5201,1.75,1346.5278969957085,2384.163090128756,14128.577253218886,11812.302575107293,18.416,1334,2377,1362,2393,5.2817,3.4874,22.6431,4.0122,1.6711,-1581.6452,1.0,0.2474,0.369,233.0,0.405276,0.38534,0.119971,1.0,1.0,0.042547,0.040346,0.004368,0.103004,0.103004,0.0028,0.001827,-0.000605,-0.002376,0.001241,-0.000908,-0.007084,-0.008882,233,1.0,86.6499,88.4185,UNCERTAIN,high_shadow_variation
8565,231.0,0.144375,0.558,1.28,1334.2640692640691,1581.2337662337663,-5944.6558441558445,12118.898268398269,13.4977,1325,1571,1343,1594,3.1822,1.4689,7.7687,2.6739,1.0117,-1862.172,1.0,0.3016,0.3968,231.0,,,,0.0,0.0,0.055452,0.054469,0.009089,1.0,1.0,0.011568,0.001839,0.0055,0.004631,0.004228,-0.003356,0.000408,0.007228,231,1.0,0.5626,56.8385,UNCERTAIN,high_shadow_variation
8587,436.0,0.2725,0.5981,1.0,1333.3004587155965,3248.2201834862385,35730.00458715596,12142.988532110096,37.7374,1320,3234,1347,3261,7.334,2.8919,19.2569,6.1709,2.1867,-1277.9265,1.0,0.6635,0.4212,436.0,0.200074,0.195259,0.037758,1.0,1.0,,,,0.0,0.0,0.003339,0.008023,0.004455,0.005003,0.00602,0.00314,-0.003607,-0.006452,436,1.0,31.5436,77.8519,UNCERTAIN,high_shadow_variation
8595,344.0,0.215,0.4674,1.39,1336.3081395348838,2725.7267441860463,22667.66860465116,12067.7965116279,25.6801,1323,2709,1346,2741,4.9192,2.2563,12.6434,3.8411,1.3231,-1932.118,1.0,0.2488,0.3849,344.0,0.240557,0.237439,0.050738,1.0,1.0,,,,0.0,0.0,0.000756,7.3e-05,-0.001171,0.000776,0.000732,-0.002279,-0.002398,-0.021347,344,1.0,33.5851,91.8903,UNCERTAIN,high_shadow_variation
8640,3659.0,2.286875,0.504,1.67,1340.731620661383,2763.2107133096474,23604.767832741185,11957.209483465427,26.4608,1290,2733,1400,2799,12.2334,3.9854,29.0301,10.7069,3.1894,-1872.9867,1.0,0.3166,0.4488,3659.0,0.269811,0.267123,0.075738,1.0,1.0,,,,0.0,0.0,0.016629,0.020796,0.025836,0.027456,0.03119,0.028264,0.029306,0.021676,3659,1.0,33.5851,91.8903,UNCERTAIN,high_shadow_variation
8679,1081.0,0.675625,0.5476,1.12,1363.3515263644774,3405.308048103608,39657.20120259019,11391.711840888063,41.2613,1342,3385,1384,3432,5.1612,3.4126,23.0465,4.2508,2.2636,-903.1887,1.0,0.2219,0.3709,1081.0,0.187785,0.178077,0.054113,1.0,1.0,,,,0.0,0.0,-0.002224,4.5e-05,0.002421,-0.001838,0.000422,-0.001894,-0.003694,-0.000748,1081,1.0,31.5436,77.8519,UNCERTAIN,high_shadow_variation
8687,915.0,0.571875,0.4085,1.4,1362.2590163934426,2725.446994535519,22660.674863387976,11419.024590163935,25.3754,1338,2708,1394,2748,7.8709,3.4255,21.613,6.7548,2.572,-1941.1586,1.0,0.5681,0.4725,915.0,0.256431,0.256228,0.057282,1.0,1.0,,,,0.0,0.0,0.002062,0.004708,0.004095,0.002179,0.001818,-0.000128,-0.001758,-0.004815,915,1.0,33.5851,91.8903,UNCERTAIN,high_shadow_variation
8701,454.0,0.28375,0.5398,1.0,1343.8502202643172,2099.715859030837,7017.396475770918,11879.24449339207,13.7969,1329,2086,1358,2115,6.082,2.7321,15.0629,4.9085,1.3414,-371.1742,1.0,0.0648,0.2023,454.0,,,,0.0,0.0,,,,0.0,0.0,0.00797,0.003541,0.003344,0.000573,8e-05,0.000933,-0.001253,-0.002799,454,1.0,86.6499,88.4185,UNCERTAIN,no_radar_coverage
8705,870.0,0.54375,0.6214,1.14,1353.967816091954,2187.1816091954024,9204.04022988506,11626.30459770115,14.8284,1332,2169,1372,2204,16.5781,2.9506,27.079,14.8207,1.7646,-658.9806,1.0,0.0029,0.0405,870.0,0.373313,0.376397,0.063736,0.075862,0.075862,0.039564,0.039711,0.003953,0.027586,0.027586,0.002679,0.001274,0.00072,0.00144,0.001072,-0.002326,-0.00503,-0.007556,870,1.0,86.6499,88.4185,UNCERTAIN,no_radar_coverage
8721,594.0,0.37125,0.5252,1.34,1348.5555555555557,1578.6784511784513,-6008.538720538716,11761.61111111111,13.2068,1333,1560,1362,1599,10.2397,4.1126,25.4574,8.2368,2.7657,-1855.5128,1.0,0.2391,0.41,594.0,,,,0.0,0.0,0.063273,0.062641,0.008709,1.0,1.0,0.013348,0.004644,0.004792,0.006704,0.007242,-0.00534,0.001191,0.005083,594,1.0,0.5626,56.8385,UNCERTAIN,high_shadow_variation
8724,1731.0,1.081875,0.5236,1.02,1336.0063547082611,2132.73714615829,7842.928653957257,12075.34113229347,14.3987,1311,2100,1368,2158,10.3603,3.0436,20.4052,8.8344,2.1054,-464.7621,1.0,0.0233,0.1276,1731.0,0.39761,0.408778,0.089613,0.023686,0.023686,,,,0.0,0.0,0.004969,0.001874,0.001105,0.001129,0.00102,-0.006373,-0.002068,-0.005799,1731,1.0,86.6499,88.4185,UNCERTAIN,no_radar_coverage
8727,534.0,0.33375,0.5651,1.3,1357.3464419475656,3255.516853932584,35912.4213483146,11541.838951310863,37.7219,1346,3239,1373,3274,8.7424,3.4548,20.6225,7.1976,2.1278,-1307.516,1.0,0.5383,0.4536,534.0,0.192759,0.185977,0.03899,1.0,1.0,,,,0.0,0.0,0.000898,0.003147,0.00145,0.002387,-0.000657,0.000325,-0.006961,-0.00276,534,1.0,31.5436,77.8519,UNCERTAIN,high_shadow_variation
8731,438.0,0.27375,0.6222,1.45,1348.579908675799,1514.052511415525,-7624.187214611877,11761.002283105025,14.0153,1334,1504,1366,1526,13.7021,5.9925,26.2718,11.2354,4.3017,-1908.2783,1.0,0.3885,0.4668,438.0,,,,0.0,0.0,0.059901,0.060859,0.00696,1.0,1.0,0.005909,0.002915,0.002004,0.00293,0.002729,-0.010687,-0.001853,0.001154,438,1.0,0.5626,56.8385,UNCERTAIN,high_slope_variation; high_shadow_variation
8757,851.0,0.531875,0.5,1.24,1356.8025851938896,2788.560517038778,24238.51292596945,11555.435370152758,26.8523,1339,2767,1376,2813,8.1223,4.0513,22.4263,7.0133,3.1851,-1747.0606,1.0,0.365,0.4582,851.0,0.288775,0.283061,0.065228,1.0,1.0,,,,0.0,0.0,0.03401,0.040082,0.053554,0.05724,0.064818,0.061229,0.066435,0.062084,851,1.0,33.5851,91.8903,UNCERTAIN,high_shadow_variation
8825,1087.0,0.679375,0.4473,1.2,1362.0929162833486,3219.613615455382,35014.840386384545,11423.177092916289,36.8314,1344,3187,1389,3241,8.6422,3.3881,22.9906,7.2524,2.1409,-1409.16,1.0,0.5683,0.4618,1087.0,0.224535,0.207924,0.061776,1.0,1.0,,,,0.0,0.0,0.014235,0.019792,0.027252,0.028823,0.033051,0.036447,0.028984,0.032638,1087,1.0,31.5436,77.8519,UNCERTAIN,high_shadow_variation
8835,204.0,0.1275,0.5795,1.38,1359.171568627451,3381.426470588235,39060.161764705874,11496.21078431372,40.7172,1352,3371,1368,3393,7.5209,4.7119,19.7127,5.716,2.5162,-917.582,1.0,0.2461,0.4047,204.0,0.195155,0.181387,0.045698,1.0,1.0,,,,0.0,0.0,0.00187,-0.001488,0.000803,-0.001803,0.001294,-0.00084,-0.001762,0.001099,204,1.0,31.5436,77.8519,UNCERTAIN,high_shadow_variation
8841,190.0,0.11875,0.6643,1.69,1362.6052631578948,2113.6631578947367,7366.07894736842,11410.368421052632,13.5813,1352,2108,1374,2121,5.0756,2.1401,10.5756,4.3557,1.5358,-392.9573,1.0,0.2499,0.3811,190.0,,,,0.0,0.0,,,,0.0,0.0,0.0049,0.004505,0.002897,-0.000171,0.00236,-5.8e-05,-0.002277,-0.004614,190,1.0,86.6499,88.4185,UNCERTAIN,high_shadow_variation; no_radar_coverage
8858,407.0,0.254375,0.5848,1.21,1367.7739557739558,2890.095823095823,26776.895577395582,11281.151105651108,29.0565,1355,2876,1379,2905,9.9064,3.873,22.9064,8.6266,2.9866,-1981.8834,1.0,0.7456,0.4124,407.0,0.24518,0.239941,0.055861,1.0,1.0,,,,0.0,0.0,0.011594,0.005796,0.004419,0.001701,0.003501,0.003664,-0.002526,-0.006424,407,1.0,25.3927,84.5067,UNCERTAIN,high_shadow_variation
8876,1244.0,0.7775,0.2679,1.59,1381.3014469453376,1405.9903536977492,-10325.741157556266,10942.963826366562,15.0449,1336,1384,1422,1438,8.672,4.7206,21.3091,7.4484,4.0303,-2031.0011,1.0,0.6011,0.4733,1244.0,,,,0.0,0.0,0.069743,0.066128,0.01591,1.0,1.0,0.002355,-0.000336,0.00144,0.00041,0.001972,-0.006323,-0.004623,-0.006859,1244,1.0,0.5626,56.8385,UNCERTAIN,high_shadow_variation
8878,147.0,0.091875,0.5742,1.0,1363.0340136054422,1560.5986394557824,-6460.5340136054365,11399.649659863942,13.1024,1354,1554,1370,1570,4.1163,2.701,15.3016,3.5308,1.3755,-1858.3219,1.0,0.262,0.3744,147.0,,,,0.0,0.0,0.0642,0.065525,0.005589,1.0,1.0,0.016763,0.006755,0.00706,0.006049,0.009566,0.001826,-0.001691,-0.004469,147,1.0,0.5626,56.8385,UNCERTAIN,high_shadow_variation
8888,153.0,0.095625,0.5,1.06,1367.0718954248366,3242.176470588235,35578.911764705874,11298.702614379086,37.3302,1358,3233,1375,3251,8.2292,3.7599,23.2853,7.7154,2.0925,-1354.5906,1.0,0.3344,0.4372,153.0,0.20829,0.205692,0.035923,1.0,1.0,,,,0.0,0.0,0.007257,0.01054,0.016366,0.017594,0.021327,0.021606,0.013948,0.020927,153,1.0,31.5436,77.8519,UNCERTAIN,high_shadow_variation
8896,196.0,0.1225,0.5939,1.47,1367.5816326530612,3175.112244897959,33902.30612244898,11285.959183673467,35.7318,1356,3167,1378,3182,4.0546,1.9671,9.2243,3.4582,1.3226,-1452.918,1.0,0.7433,0.3832,196.0,0.205365,0.198125,0.036317,1.0,1.0,,,,0.0,0.0,0.017151,0.012593,0.013865,0.016536,0.014869,0.017829,0.015674,0.028611,196,1.0,25.3927,84.5067,UNCERTAIN,high_shadow_variation
8919,500.0,0.3125,0.5388,1.1,1374.902,1529.918,-7227.550000000003,11102.949999999995,13.2474,1363,1515,1392,1547,7.9873,3.9751,21.5879,6.3813,2.1645,-1855.18,1.0,0.2581,0.3868,500.0,,,,0.0,0.0,0.063027,0.060323,0.009714,1.0,1.0,0.01193,0.005024,0.008805,0.005095,0.004365,0.001398,0.001656,-0.000252,500,1.0,0.5626,56.8385,UNCERTAIN,high_shadow_variation
8949,1255.0,0.784375,0.4474,1.08,1371.5665338645415,1372.7282868525897,-11157.292828685257,11186.336653386454,15.7986,1345,1347,1400,1398,9.0526,2.8158,26.8182,7.9228,1.9151,-1991.8111,1.0,0.2653,0.3982,1255.0,,,,0.0,0.0,0.07959,0.073584,0.022524,1.0,1.0,0.002115,0.000528,0.002134,0.000845,0.001859,-0.010542,-0.004822,-0.003061,1255,1.0,0.5626,56.8385,UNCERTAIN,high_shadow_variation
8957,2234.0,1.39625,0.5002,1.33,1357.9946284691136,1439.6418979409132,-9484.452551477174,11525.634288272158,14.9256,1329,1405,1387,1482,6.418,3.1759,21.7628,5.3872,2.3648,-2009.3161,1.0,0.2128,0.3695,2234.0,,,,0.0,0.0,0.068669,0.067218,0.01285,1.0,1.0,0.001236,0.000436,0.001212,0.00111,0.001217,-0.013121,-0.004443,-0.001792,2234,1.0,0.5626,56.8385,UNCERTAIN,high_shadow_variation
8966,445.0,0.278125,0.5298,1.07,1380.2831460674158,1655.01797752809,-4100.050561797754,10968.4213483146,11.709,1366,1643,1396,1671,9.1409,4.4263,22.3635,7.1107,3.0338,-1701.6684,1.0,0.2654,0.4093,445.0,,,,0.0,0.0,0.068561,0.065641,0.017989,1.0,1.0,0.012548,0.006124,0.007507,0.005211,0.00575,0.004678,0.005098,0.001318,445,1.0,85.0522,75.7671,UNCERTAIN,high_shadow_variation
8980,1470.0,0.91875,0.5094,2.11,1389.6591836734694,1446.2319727891156,-9319.700680272108,10734.020408163262,14.2146,1372,1407,1409,1485,7.0317,3.0237,21.6588,5.9508,2.125,-2003.3545,1.0,0.7967,0.3692,1470.0,,,,0.0,0.0,0.074422,0.074647,0.019085,1.0,1.0,0.004945,0.000146,0.001589,0.000244,-8.7e-05,-0.000563,-0.004715,-0.004786,1470,1.0,0.5626,56.8385,UNCERTAIN,high_shadow_variation
8984,284.0,0.1775,0.4733,1.04,1382.5492957746478,3389.3697183098598,39258.74295774648,10911.767605633802,40.7473,1369,3376,1394,3400,6.5526,3.4416,19.6188,5.0342,1.8826,-934.3593,1.0,0.1862,0.3526,284.0,0.195674,0.193318,0.037925,1.0,1.0,,,,0.0,0.0,-0.00224,-0.000564,0.001849,-0.00246,-0.001048,5.1e-05,-0.003181,-0.003676,284,1.0,31.5436,77.8519,UNCERTAIN,high_shadow_variation
9000,778.0,0.48625,0.5173,1.47,1379.9935732647814,3273.236503856041,36355.41259640103,10975.660668380464,37.9764,1366,3250,1398,3297,6.8631,2.9365,24.84,5.7108,1.7569,-1329.7081,1.0,0.4962,0.4709,778.0,0.181414,0.18222,0.025998,1.0,1.0,,,,0.0,0.0,0.015902,0.022134,0.031067,0.030161,0.038229,0.035676,0.036205,0.038892,778,1.0,31.5436,77.8519,UNCERTAIN,high_shadow_variation
9020,192.0,0.12,0.3097,1.55,1376.1979166666667,1681.6666666666667,-3433.8333333333285,11070.552083333328,11.5902,1367,1667,1387,1698,9.9415,5.3092,22.1129,8.6951,3.761,-1658.7385,1.0,0.0975,0.2725,192.0,,,,0.0,0.0,0.067505,0.066155,0.009082,1.0,1.0,0.009822,0.000628,0.003084,0.003608,0.002702,0.005821,0.001225,-0.000885,192,1.0,85.0522,75.7671,UNCERTAIN,high_slope_variation
9066,200.0,0.125,0.5682,1.38,1382.165,3212.805,34844.625,10921.375,36.5164,1373,3206,1395,3222,6.2424,4.96,21.5886,5.3776,3.462,-1452.7998,1.0,0.7916,0.3727,200.0,0.290932,0.25863,0.088095,1.0,1.0,,,,0.0,0.0,0.000115,-0.001253,0.003971,-0.002742,9.1e-05,-0.001758,-0.000504,-0.003914,200,1.0,31.5436,77.8519,UNCERTAIN,high_shadow_variation
9074,254.0,0.15875,0.5976,1.47,1377.4724409448818,1732.1338582677165,-2172.1535433070894,11038.688976377956,11.2498,1364,1724,1389,1741,11.2974,3.5675,21.4275,9.9706,2.9298,-1446.9706,1.0,0.4013,0.4722,254.0,,,,0.0,0.0,0.088511,0.080058,0.031605,1.0,1.0,0.010387,0.002258,0.00171,0.001037,0.00243,0.004091,-0.000865,-0.0045,254,1.0,85.0522,75.7671,UNCERTAIN,high_shadow_variation
9078,827.0,0.516875,0.4808,1.08,1391.8609431680777,3246.7122128174124,35692.305320435305,10678.976420798062,37.256,1371,3226,1414,3266,8.5267,3.8894,17.2738,7.2105,2.8536,-1385.1098,1.0,0.4066,0.4611,827.0,0.201983,0.195238,0.059982,1.0,1.0,,,,0.0,0.0,-0.001221,0.000544,0.002744,-0.000885,0.002367,-0.003167,-0.005027,-0.004035,827,1.0,31.5436,77.8519,UNCERTAIN,high_shadow_variation
9090,1320.0,0.825,0.4615,1.06,1403.030303030303,2661.932575757576,21072.814393939392,10399.742424242424,23.4995,1381,2636,1433,2691,6.9422,5.1628,29.4839,5.6141,3.5931,-1928.0617,1.0,0.2984,0.4206,1320.0,0.233744,0.220122,0.068019,1.0,1.0,0.019371,0.021233,0.003673,0.014394,0.014394,-3.8e-05,0.000395,0.001398,-0.002045,-0.001147,-0.001532,-0.006884,-0.005519,1320,1.0,33.5851,91.8903,UNCERTAIN,high_slope_variation; high_shadow_variation
9091,656.0,0.41,0.4666,1.03,1387.4740853658536,2952.6570121951218,28340.92530487804,10788.647865853658,30.3252,1369,2936,1407,2973,11.1355,5.083,28.848,9.0634,3.1611,-2059.6523,1.0,1.0,0.0,656.0,0.190479,0.182581,0.063047,1.0,1.0,,,,0.0,0.0,0.001446,0.001998,0.001374,-0.001229,0.000371,-0.000666,-0.002036,-0.000584,656,1.0,25.3927,84.5067,UNCERTAIN,high_slope_variation
9114,811.0,0.506875,0.5851,1.27,1399.537607891492,366.0961775585697,-36323.09556103576,10487.059802712703,37.8061,1384,345,1417,387,10.985,5.6523,28.0617,9.9464,4.7405,1008.9448,1.0,0.0035,0.0442,811.0,0.420088,0.398259,0.12697,0.434032,0.434032,0.054971,0.053215,0.011793,1.0,1.0,0.026775,0.017245,0.015325,0.019909,0.023214,0.015013,0.013717,0.020007,811,1.0,124.8132,107.6433,UNCERTAIN,high_slope_variation
9119,672.0,0.42,0.4898,1.75,1401.5208333333333,1662.915178571429,-3902.6205357142826,10437.479166666672,11.1426,1380,1649,1429,1677,8.0446,4.491,24.1393,6.8066,3.2086,-1672.8743,1.0,0.2192,0.3762,672.0,,,,0.0,0.0,0.067306,0.06518,0.014368,1.0,1.0,0.007662,0.005078,0.015311,0.003829,0.007828,0.000974,0.004006,0.000591,672,1.0,85.0522,75.7671,UNCERTAIN,high_shadow_variation
9163,307.0,0.191875,0.6463,1.32,1395.5602605863191,3221.14006514658,35053.0016286645,10586.49348534202,36.6171,1383,3213,1408,3232,6.8189,3.6544,18.0353,5.6308,2.3572,-1439.9092,1.0,0.4764,0.4626,307.0,0.21893,0.193128,0.080005,1.0,1.0,,,,0.0,0.0,-0.00045,7.4e-05,0.003901,-0.001347,0.003056,-0.002374,0.001021,-0.004162,307,1.0,31.5436,77.8519,UNCERTAIN,high_shadow_variation
9167,240.0,0.15,0.5217,1.15,1381.4166666666667,2122.1,7577.0,10940.083333333328,13.3076,1372,2112,1395,2132,11.5055,2.2152,19.558,10.2457,1.1698,-361.396,1.0,0.0,0.0,240.0,,,,0.0,0.0,,,,0.0,0.0,0.001615,0.003042,0.00047,0.001239,0.004332,-0.00149,-0.000105,-0.005771,240,1.0,86.6499,88.4185,UNCERTAIN,no_radar_coverage
9206,638.0,0.39875,0.6224,1.64,1396.1238244514109,1515.869905956113,-7578.7523510971805,10572.404388714736,13.0075,1384,1496,1409,1537,5.9137,2.6821,19.5673,4.9533,1.936,-1834.5245,1.0,0.3422,0.4481,638.0,,,,0.0,0.0,0.078528,0.078541,0.014151,1.0,1.0,0.007406,0.002359,0.004962,0.003796,0.003497,0.001166,1e-05,-0.003206,638,1.0,0.5626,56.8385,UNCERTAIN,high_shadow_variation
9213,383.0,0.239375,0.6079,1.94,1399.634464751958,3487.869451697128,41721.23629242819,10484.638381201046,43.0188,1391,3470,1409,3505,9.457,2.6852,20.0803,8.1747,1.2628,-849.5174,1.0,0.6575,0.4492,383.0,0.158673,0.156028,0.026409,1.0,1.0,,,,0.0,0.0,-0.003176,0.000196,0.001742,0.00036,0.000859,-0.009986,-0.002757,0.000209,383,1.0,31.5436,77.8519,UNCERTAIN,high_shadow_variation
9223,157.0,0.098125,0.5097,1.57,1394.1910828025475,2911.1592356687897,27303.480891719737,10620.72292993631,29.2967,1384,2904,1406,2918,10.127,5.085,21.1148,6.5193,2.8736,-2075.3738,1.0,0.9664,0.1566,157.0,0.182864,0.184374,0.023579,1.0,1.0,,,,0.0,0.0,0.001494,0.003817,0.001774,-0.001867,-0.000598,-0.001505,-0.001422,-0.001837,157,1.0,25.3927,84.5067,UNCERTAIN,high_slope_variation
9231,820.0,0.5125,0.4141,1.02,1399.692682926829,684.5170731707317,-28362.573170731703,10483.182926829264,30.2373,1375,661,1420,705,15.1685,5.1753,29.8096,13.8323,4.1031,884.4691,1.0,0.0239,0.1189,820.0,,,,0.0,0.0,0.042619,0.042054,0.00636,1.0,1.0,0.000763,0.00153,0.00347,0.003669,0.006109,0.004105,-0.002561,0.004703,820,1.0,162.995,83.983,UNCERTAIN,high_slope_variation
9255,138.0,0.08625,0.6133,2.78,1400.1811594202898,1430.144927536232,-9721.8768115942,10470.97101449276,14.2876,1396,1418,1405,1443,4.1118,2.1402,11.269,3.9287,1.7643,-2053.8142,1.0,0.811,0.3536,138.0,,,,0.0,0.0,0.052774,0.053903,0.006044,1.0,1.0,0.002825,-0.000748,0.001296,0.000687,-0.000501,0.002258,-0.00465,-0.011391,138,1.0,0.5626,56.8385,UNCERTAIN,high_shadow_variation
9354,693.0,0.433125,0.5081,1.42,1416.7056277056276,3407.3593073593074,39708.482683982686,10057.859307359307,40.9628,1403,3386,1434,3430,9.8201,4.2321,24.4114,8.5454,3.0478,-1009.0831,1.0,0.329,0.4069,693.0,0.149827,0.14317,0.040575,1.0,1.0,,,,0.0,0.0,-0.001338,-2.8e-05,-0.001439,0.001032,0.002451,-0.004338,-0.001448,-0.000607,693,1.0,31.5436,77.8519,UNCERTAIN,high_shadow_variation
9405,156.0,0.0975,0.5865,1.36,1410.698717948718,1503.3846153846157,-7890.88461538461,10208.032051282047,12.9016,1401,1497,1420,1511,3.657,1.4881,7.7306,3.25,1.0832,-1847.4072,1.0,0.6808,0.4012,156.0,,,,0.0,0.0,0.064139,0.063375,0.015912,1.0,1.0,0.003391,-0.000248,0.003366,0.001985,0.003822,0.000156,0.000444,-0.004649,156,1.0,0.5626,56.8385,UNCERTAIN,high_shadow_variation
9459,707.0,0.441875,0.567,1.48,1425.3790664780763,1568.934936350778,-6252.1265912305535,9841.023338048091,11.6584,1411,1548,1440,1591,5.0142,3.0545,20.547,4.4406,2.0912,-1750.4345,1.0,0.2322,0.3746,707.0,,,,0.0,0.0,0.082403,0.079331,0.020938,1.0,1.0,0.010612,0.009497,0.007843,0.007649,0.014514,0.002545,0.008011,0.00398,707,1.0,0.5626,56.8385,UNCERTAIN,high_shadow_variation
9482,658.0,0.41125,0.4281,1.83,1420.9559270516718,2903.773556231003,27118.83890577508,9951.601823708204,28.8874,1400,2889,1453,2918,5.6695,2.8059,23.5003,4.6659,1.5138,-2057.941,1.0,0.7352,0.3993,658.0,0.222985,0.21289,0.063483,1.0,1.0,,,,0.0,0.0,0.001708,0.002849,0.003741,-0.00025,0.002755,-0.000549,-0.003303,-0.003773,658,1.0,25.3927,84.5067,UNCERTAIN,high_shadow_variation
9546,309.0,0.193125,0.4478,1.3,1432.1197411003236,2745.2265372168285,23155.16343042071,9672.506472491908,25.0945,1418,2734,1448,2757,4.7401,2.7554,16.6776,3.6153,1.4606,-1753.8261,1.0,0.2035,0.353,309.0,0.215833,0.212384,0.04678,1.0,1.0,,,,0.0,0.0,-0.001643,0.001523,0.001206,-0.001497,0.002702,-0.002438,-0.003363,-0.0036,302,0.9773,33.5851,91.8903,UNCERTAIN,high_shadow_variation
9590,1074.0,0.67125,0.4942,1.29,1415.4525139664804,2751.77374301676,23318.843575419,10089.187150837992,25.4081,1397,2724,1438,2777,9.1396,5.0745,24.0057,7.9355,4.4181,-1786.4045,1.0,0.0286,0.1435,1074.0,0.294753,0.285352,0.086087,1.0,1.0,,,,0.0,0.0,0.002101,-0.000123,0.002303,-0.000585,0.00133,-0.003062,-0.007839,-0.006129,1074,1.0,33.5851,91.8903,UNCERTAIN,high_slope_variation
9629,164.0,0.1025,0.5395,1.19,1428.9878048780488,2891.7134146341464,26817.335365853665,9750.80487804878,28.5353,1420,2884,1439,2900,5.9354,2.6407,15.9854,4.7725,1.2379,-2042.5,1.0,0.4529,0.4188,164.0,0.180904,0.180221,0.030843,1.0,1.0,,,,0.0,0.0,0.010444,0.004346,0.0039,0.000896,0.004278,-0.000778,-0.010507,-0.015111,164,1.0,25.3927,84.5067,UNCERTAIN,high_shadow_variation
9674,764.0,0.4775,0.4548,1.87,1437.163612565445,3453.4842931937173,40861.60732984294,9546.409685863871,41.9623,1421,3424,1451,3480,8.0077,2.8986,24.3459,6.9674,1.892,-1007.7418,1.0,0.7029,0.4354,764.0,0.154437,0.154631,0.024576,1.0,1.0,,,,0.0,0.0,-0.009428,0.000465,-0.002004,-0.001263,0.00242,-0.00172,-0.003518,-0.000116,764,1.0,31.5436,77.8519,UNCERTAIN,high_shadow_variation
9677,3083.0,1.926875,0.4426,1.06,1432.7628932857606,1529.480376256893,-7238.490593577684,9656.427667855984,12.0675,1394,1481,1480,1562,8.4626,4.8653,27.7938,7.129,3.7756,-1827.6222,1.0,0.3632,0.4461,3083.0,,,,0.0,0.0,0.077809,0.07227,0.02902,1.0,1.0,0.006369,0.003997,0.004812,0.003614,0.006545,0.002606,0.004011,-0.001052,3083,1.0,0.5626,56.8385,UNCERTAIN,high_shadow_variation
9681,549.0,0.343125,0.598,1.26,1429.27868852459,2603.255009107468,19605.8752276867,9743.532786885247,21.8938,1412,2588,1446,2615,9.1117,5.5977,24.4773,7.3108,4.1202,-1866.4858,1.0,0.1695,0.3492,549.0,0.298295,0.289635,0.076511,1.0,1.0,0.031202,0.027205,0.012042,1.0,1.0,0.003364,0.00187,0.004667,0.000734,0.003463,0.001268,-0.00062,-0.000563,549,1.0,33.5851,91.8903,UNCERTAIN,high_slope_variation
9709,3108.0,1.9425,0.307,1.54,1439.9864864864865,3365.8703346203347,38671.25836550837,9475.83783783784,39.8157,1405,3311,1486,3436,7.7285,2.9656,23.3608,6.7758,2.256,-1054.3576,1.0,0.1861,0.3557,3108.0,0.198652,0.190785,0.059096,1.0,1.0,,,,0.0,0.0,0.015563,0.021161,0.029551,0.032632,0.041748,0.036948,0.037255,0.037604,3103,0.9984,31.5436,77.8519,UNCERTAIN,high_shadow_variation
9802,279.0,0.174375,0.337,1.57,1457.562724014337,2735.5734767025087,22913.83691756272,9036.431899641577,24.6316,1447,2718,1470,2754,8.5297,4.0309,16.699,7.7787,3.2905,-1753.8477,1.0,0.6447,0.4396,279.0,0.230871,0.23146,0.039833,1.0,1.0,,,,0.0,0.0,-0.000755,0.00191,-0.001001,0.001423,0.000238,-0.009458,0.000407,-0.004016,279,1.0,33.5851,91.8903,UNCERTAIN,high_shadow_variation
9803,474.0,0.29625,0.5097,1.03,1448.3270042194092,2893.5675105485234,26863.68776371308,9267.324894514772,28.4176,1433,2878,1463,2909,3.824,1.9939,13.9372,3.2907,1.3309,-2035.3625,1.0,0.6412,0.4158,474.0,0.209076,0.209201,0.052754,1.0,1.0,,,,0.0,0.0,0.003224,0.00217,0.00015,0.000714,0.003309,-0.002137,-0.003063,-0.003904,474,1.0,25.3927,84.5067,UNCERTAIN,high_shadow_variation
9805,982.0,0.61375,0.4546,1.35,1455.0030549898167,3244.3085539714866,35632.21384928716,9100.423625254582,36.7763,1437,3217,1477,3271,7.7713,3.8508,20.466,6.6465,3.0067,-1288.9698,1.0,0.185,0.3569,982.0,0.165409,0.15904,0.030011,1.0,1.0,,,,0.0,0.0,0.004432,0.010088,0.010064,0.011536,0.013145,0.009454,0.000941,0.000587,982,1.0,31.5436,77.8519,UNCERTAIN,high_shadow_variation
9817,621.0,0.388125,0.5414,1.19,1438.1143317230274,442.26409017713365,-34418.89774557166,9522.641706924318,35.7113,1418,429,1455,460,10.0318,5.0668,29.742,8.5431,3.4774,778.222,1.0,0.0701,0.2147,621.0,0.527801,0.493323,0.177152,1.0,1.0,0.07444,0.068383,0.025352,1.0,1.0,0.031072,0.018339,0.017098,0.012631,0.018091,0.014612,0.01558,0.014957,621,1.0,162.995,83.983,UNCERTAIN,high_slope_variation
9828,1543.0,0.964375,0.6379,1.44,1464.6675307841867,1434.705119896306,-9607.872002592354,8858.811730395333,13.0679,1436,1414,1495,1455,12.7164,4.5288,29.2283,11.322,3.8386,-1829.1366,1.0,0.7462,0.4219,1543.0,,,,0.0,0.0,0.075559,0.062804,0.03686,1.0,1.0,4e-06,0.002318,0.000605,-0.000258,0.000851,-0.001011,-0.003739,-0.006567,1543,1.0,0.5626,56.8385,UNCERTAIN,high_shadow_variation
9844,226.0,0.14125,0.5136,1.1,1450.787610619469,1457.3628318584072,-9041.429203539818,9205.809734513276,12.9026,1442,1447,1462,1469,4.6505,2.295,11.4195,4.3698,1.8989,-1841.0912,1.0,0.6336,0.4561,226.0,,,,0.0,0.0,0.052791,0.051522,0.008262,1.0,1.0,-0.002081,0.001739,0.001282,0.001672,-0.000466,-0.002802,-0.008533,-0.0136,226,1.0,0.5626,56.8385,UNCERTAIN,high_shadow_variation
9878,234.0,0.14625,0.5355,1.21,1462.034188034188,3222.337606837607,35082.94017094017,8924.645299145297,36.2007,1452,3215,1475,3234,6.2247,2.0307,12.72,5.0328,0.9309,-1343.9313,1.0,0.4056,0.4554,234.0,0.146312,0.143174,0.019818,1.0,1.0,,,,0.0,0.0,-0.013251,-0.000777,0.000956,0.000397,-0.002592,-0.008904,-0.023284,-0.023826,234,1.0,31.5436,77.8519,UNCERTAIN,high_shadow_variation
9902,925.0,0.578125,0.4392,1.38,1470.7232432432431,1407.0713513513513,-10298.71621621622,8707.41891891892,13.4857,1442,1388,1496,1427,11.7642,4.9653,25.0507,10.3055,4.1065,-1762.4878,1.0,0.8393,0.3584,925.0,,,,0.0,0.0,0.054648,0.051881,0.012149,1.0,1.0,0.000825,0.001423,0.000687,-0.002675,0.001005,-0.000778,-0.002147,-0.005657,925,1.0,0.5626,56.8385,UNCERTAIN,high_shadow_variation
9906,2955.0,1.846875,0.4664,1.22,1489.4416243654823,3189.0724196277497,34251.31049069374,8239.45939086294,35.2288,1452,3148,1524,3236,10.8617,3.3531,21.5075,9.4068,2.7307,-1470.1298,1.0,0.3531,0.4339,2955.0,0.165527,0.161331,0.029842,1.0,1.0,,,,0.0,0.0,-0.000873,0.000708,-0.000388,-0.000322,-0.002336,-0.001884,-0.009417,-0.008149,2955,1.0,25.3927,84.5067,UNCERTAIN,high_shadow_variation
9946,200.0,0.125,0.4577,1.21,1460.79,2894.07,26876.25,8955.75,28.3294,1451,2885,1474,2904,6.8889,5.3065,18.8403,5.6244,3.494,-2042.1742,1.0,0.7998,0.3495,200.0,0.256183,0.243896,0.07036,1.0,1.0,,,,0.0,0.0,-0.00071,-8.4e-05,-0.001423,0.000429,0.000336,-0.004342,-0.005377,-0.00636,200,1.0,25.3927,84.5067,UNCERTAIN,high_slope_variation
9966,152.0,0.095,0.4691,1.0,1468.2631578947369,211.48684210526315,-40188.32894736842,8768.92105263158,41.1333,1459,204,1477,222,13.2076,5.1372,25.96,11.9982,3.807,-207.38,1.0,0.0,0.0,152.0,0.319125,0.311826,0.112484,1.0,1.0,0.021936,0.0145,0.013402,0.677632,0.677632,0.011552,0.006962,0.003998,0.000287,-0.001442,0.003,-0.007668,-0.004275,152,1.0,124.8132,107.6433,UNCERTAIN,high_slope_variation
10000,216.0,0.135,0.6261,1.53,1466.6296296296296,2843.583333333333,25614.083333333343,8809.759259259263,27.0871,1460,2833,1475,2856,8.6569,4.1781,18.2144,6.8813,2.0485,-1968.7533,1.0,0.1876,0.3631,216.0,0.257286,0.249518,0.051173,1.0,1.0,,,,0.0,0.0,-0.005653,0.002675,-0.002902,0.000535,0.000739,-0.004373,-0.002675,0.000822,216,1.0,25.3927,84.5067,UNCERTAIN,high_shadow_variation
10113,608.0,0.38,0.5714,1.36,1471.685855263158,2913.470394736842,27361.259868421053,8683.353618421053,28.7064,1458,2896,1486,2934,6.0996,3.0798,14.9156,4.9443,2.1173,-2060.0578,1.0,0.7782,0.3891,608.0,0.233697,0.228476,0.04985,1.0,1.0,,,,0.0,0.0,-0.000378,0.003619,3.3e-05,-0.000329,0.001376,-0.000337,-0.003786,3.9e-05,608,1.0,25.3927,84.5067,UNCERTAIN,high_shadow_variation
10114,2386.0,1.49125,0.4872,1.41,1485.248533109807,3037.8072087175187,30469.680217937974,8344.28667225482,31.5919,1460,2994,1519,3077,9.4026,4.1351,25.3969,8.1379,3.3357,-1584.4747,1.0,0.3996,0.4648,2386.0,0.190138,0.185489,0.050465,1.0,1.0,,,,0.0,0.0,-0.00084,-0.00162,0.001645,-0.00049,-0.002796,-0.006567,-0.011173,-0.01495,2197,0.9208,25.3927,84.5067,UNCERTAIN,high_shadow_variation
10131,435.0,0.271875,0.4677,1.03,1487.6758620689654,2896.6,26939.5,8283.603448275862,28.1846,1473,2880,1503,2911,4.4732,2.0528,14.3518,3.9497,2.1562,-2047.2482,1.0,0.4942,0.4727,435.0,0.217951,0.21024,0.058283,1.0,1.0,,,,0.0,0.0,0.009859,0.00686,0.004079,0.004024,0.007838,0.007209,0.00585,0.009129,435,1.0,25.3927,84.5067,UNCERTAIN,high_shadow_variation
10136,696.0,0.435,0.5581,1.48,1478.2270114942528,948.2327586206897,-21769.68103448276,8519.824712643684,23.3768,1454,934,1497,963,10.9145,2.9038,29.1281,9.7043,2.218,-630.379,1.0,0.2579,0.4052,696.0,,,,0.0,0.0,0.043877,0.043157,0.00756,1.0,1.0,0.002673,0.003222,0.001868,0.001493,0.002768,-0.002946,-0.003142,-0.006424,696,1.0,50.752,65.3557,UNCERTAIN,high_shadow_variation
10206,1381.0,0.863125,0.4256,1.07,1485.5771180304127,3082.532947139754,31587.82367849385,8336.07204923968,32.6696,1459,3056,1514,3115,8.5333,3.8017,24.0233,7.3732,3.1574,-1576.292,1.0,0.2065,0.3772,1381.0,0.218638,0.221319,0.052865,1.0,1.0,,,,0.0,0.0,-0.003616,-0.005544,-0.000641,-0.000967,-0.00117,-0.005445,-0.010961,-0.009258,1318,0.9544,25.3927,84.5067,UNCERTAIN,high_shadow_variation
10265,578.0,0.36125,0.3691,2.15,1494.6487889273355,3267.968858131488,36223.7214532872,8109.280276816615,37.1207,1462,3254,1520,3281,13.6497,3.8183,23.433,11.8685,3.1308,-1225.5616,1.0,0.2251,0.3828,578.0,0.254344,0.238872,0.077453,1.0,1.0,,,,0.0,0.0,0.034202,0.041756,0.056297,0.060436,0.070493,0.068985,0.072212,0.066615,578,1.0,31.5436,77.8519,UNCERTAIN,high_shadow_variation
10274,409.0,0.255625,0.4734,1.19,1491.682151589242,3576.0513447432763,43925.7836185819,8183.44621026895,44.682,1476,3561,1508,3588,6.7045,3.007,17.0475,5.4769,1.9886,-1168.2735,1.0,0.5174,0.4562,409.0,0.152385,0.152002,0.027375,1.0,1.0,,,,0.0,0.0,0.000495,0.000829,-0.000759,-0.002624,1.1e-05,-0.003569,-0.003673,-0.003783,409,1.0,31.5436,77.8519,UNCERTAIN,high_shadow_variation
10336,132.0,0.0825,0.5893,1.14,1500.1060606060605,3376.128787878788,38927.719696969696,7972.848484848488,39.7362,1494,3369,1508,3385,3.0694,2.2739,8.9832,2.3624,1.23,-1227.4339,1.0,0.5845,0.4293,132.0,0.182554,0.187018,0.03266,1.0,1.0,,,,0.0,0.0,0.042326,0.051162,0.070193,0.073515,0.095502,0.094457,0.10214,0.099287,132,1.0,31.5436,77.8519,UNCERTAIN,high_shadow_variation
10358,231.0,0.144375,0.6754,1.06,1493.5844155844156,3082.619047619048,31589.9761904762,8135.889610389611,32.6212,1484,3073,1503,3091,8.5032,4.0305,17.4425,6.6634,2.745,-1571.569,1.0,0.3248,0.4321,231.0,0.224277,0.228527,0.051715,1.0,1.0,,,,0.0,0.0,0.014044,-0.006119,-0.004523,-0.001437,-0.005499,-0.012446,-0.012456,-0.017217,231,1.0,25.3927,84.5067,UNCERTAIN,high_shadow_variation
10371,374.0,0.23375,0.487,1.33,1491.9598930481284,3137.4732620320856,32961.33155080213,8176.502673796793,33.9607,1480,3120,1504,3152,8.1287,3.3631,19.6098,7.1534,2.9865,-1554.8963,1.0,0.3181,0.4244,374.0,0.322402,0.306034,0.097274,1.0,1.0,,,,0.0,0.0,0.009264,0.002486,0.001617,0.001724,0.00191,0.001528,-0.001654,-0.001529,374,1.0,25.3927,84.5067,UNCERTAIN,high_shadow_variation
10394,191.0,0.119375,0.4452,2.54,1510.7591623036649,2960.5340314136124,28537.850785340317,7706.5209424083805,29.5605,1494,2954,1527,2967,13.5969,3.3718,21.6949,11.7905,1.29,-1932.1231,1.0,0.2008,0.3869,191.0,0.203704,0.200315,0.032113,1.0,1.0,,,,0.0,0.0,-0.00114,0.001704,-0.000853,-0.00149,-0.00045,-0.002931,-0.008569,-0.003628,191,1.0,25.3927,84.5067,UNCERTAIN,high_shadow_variation
10441,812.0,0.5075,0.4614,1.72,1500.5086206896551,3005.9864532019706,29674.16133004926,7962.784482758623,30.7243,1484,2977,1516,3032,11.449,3.4776,23.4288,10.0756,2.7984,-1694.9164,1.0,0.3275,0.4318,812.0,0.174474,0.173881,0.041123,1.0,1.0,,,,0.0,0.0,-0.000171,-1.2e-05,-8.9e-05,0.000836,-0.004015,-0.003779,-0.010662,-0.014208,728,0.8966,25.3927,84.5067,UNCERTAIN,high_shadow_variation
10519,328.0,0.205,0.5467,1.5,1523.8658536585365,3594.3353658536585,44382.88414634146,7378.853658536587,44.9925,1513,3581,1533,3611,8.2907,3.8907,23.9732,6.4075,2.0483,-1191.5951,1.0,0.6423,0.4223,328.0,0.161701,0.157457,0.029596,1.0,1.0,,,,0.0,0.0,0.000108,-0.004151,-2.6e-05,4.9e-05,0.001356,-0.000944,-0.007778,-0.005574,328,1.0,31.5436,77.8519,UNCERTAIN,high_shadow_variation
10530,664.0,0.415,0.4985,1.03,1516.7183734939758,3038.356927710844,30483.423192771093,7557.540662650601,31.4067,1500,3021,1537,3057,9.6252,3.556,21.6953,8.1276,2.471,-1668.3827,1.0,0.6951,0.4277,664.0,0.187943,0.182768,0.049804,1.0,1.0,,,,0.0,0.0,-0.002503,2.2e-05,-0.001151,5.7e-05,0.000203,0.002911,-0.011896,-0.013928,664,1.0,25.3927,84.5067,UNCERTAIN,high_shadow_variation
10552,506.0,0.31625,0.4134,1.06,1512.7411067193675,3434.021739130435,40375.04347826088,7656.972332015815,41.0951,1493,3418,1527,3454,3.8518,2.5611,18.7803,3.0273,1.1193,-1208.4232,1.0,0.6674,0.4114,506.0,0.210388,0.190769,0.076054,1.0,1.0,,,,0.0,0.0,-0.000651,-0.001252,-0.001589,0.000896,-0.001461,-0.00377,-0.004097,-0.009974,506,1.0,31.5436,77.8519,UNCERTAIN,high_shadow_variation
10570,211.0,0.131875,0.5582,1.17,1522.137440758294,3459.341232227488,41008.0308056872,7422.063981042651,41.6747,1515,3448,1533,3469,2.4521,1.4011,6.9095,2.1842,0.9009,-1199.458,1.0,0.6216,0.4189,211.0,0.14382,0.144242,0.018621,1.0,1.0,,,,0.0,0.0,0.001325,0.003104,0.000202,0.00091,-0.000862,-0.007344,-0.007587,-0.013537,211,1.0,31.5436,77.8519,UNCERTAIN,high_shadow_variation
10571,987.0,0.616875,0.4565,1.02,1510.4721377912867,3557.7375886524824,43467.93971631206,7713.69655521783,44.1475,1485,3532,1531,3579,6.1559,3.339,22.4106,5.0756,2.206,-1161.3366,1.0,0.2975,0.4218,987.0,0.196275,0.181999,0.058067,1.0,1.0,,,,0.0,0.0,0.001388,-0.000323,0.000218,-0.000451,-0.000599,-0.005787,-0.009585,-0.008591,987,1.0,31.5436,77.8519,UNCERTAIN,high_shadow_variation
10604,5618.0,3.51125,0.3962,1.36,1477.7673549305805,3468.551263794945,41238.28159487362,8531.316126735495,42.1119,1435,3406,1537,3545,11.0264,4.8066,27.9271,9.558,4.1962,-1069.5542,1.0,0.3418,0.4526,5618.0,0.151752,0.145233,0.03527,1.0,1.0,,,,0.0,0.0,-0.001474,-0.00035,-9.2e-05,0.000335,0.000515,-0.002418,-0.005235,-0.004191,5618,1.0,31.5436,77.8519,UNCERTAIN,high_shadow_variation
10611,283.0,0.176875,0.5145,1.14,1522.7879858657243,3416.095406360424,39926.885159010606,7405.800353356892,40.6083,1512,3406,1537,3428,6.0391,3.389,17.8224,4.5606,1.9977,-1214.5228,1.0,0.466,0.454,283.0,0.213127,0.196603,0.055814,1.0,1.0,,,,0.0,0.0,1.1e-05,0.00171,0.000973,0.000479,-0.00038,-0.005784,-0.005168,-0.009085,283,1.0,31.5436,77.8519,UNCERTAIN,high_shadow_variation
10621,647.0,0.404375,0.6162,1.17,1522.5625965996908,3510.8284389489954,42295.21097372488,7411.435085007732,42.9401,1510,3494,1540,3529,6.2112,4.258,19.8977,4.9373,3.0651,-1199.0268,1.0,0.4086,0.4564,647.0,0.183466,0.172661,0.044736,1.0,1.0,,,,0.0,0.0,-0.000986,0.00116,6.1e-05,-0.000189,-9.9e-05,-0.006836,-0.007415,-0.012081,647,1.0,31.5436,77.8519,UNCERTAIN,high_shadow_variation
10649,444.0,0.2775,0.6116,1.5,1523.90990990991,3010.3063063063064,29782.157657657663,7377.752252252256,30.6827,1514,2994,1536,3027,5.834,2.9221,15.7445,5.1481,2.5526,-1708.5408,1.0,0.2814,0.4187,444.0,0.189983,0.192002,0.03904,1.0,1.0,,,,0.0,0.0,-0.00609,8.1e-05,-0.002611,-0.001096,-0.0026,-0.007833,-0.017582,-0.014444,444,1.0,25.3927,84.5067,UNCERTAIN,high_shadow_variation
10654,440.0,0.275,0.4215,1.24,1537.4954545454543,3444.802272727273,40644.55681818182,7038.11363636364,41.2498,1520,3431,1556,3460,4.0471,1.9744,13.0181,2.7844,0.8281,-1209.865,1.0,0.4813,0.431,440.0,0.171831,0.172514,0.036312,1.0,1.0,,,,0.0,0.0,0.00048,-0.001234,0.001137,0.000918,0.000239,-0.004755,-0.003627,-0.007705,440,1.0,31.5436,77.8519,UNCERTAIN,high_shadow_variation
10696,253.0,0.158125,0.4583,1.04,1523.9446640316205,3058.5296442687745,30987.74110671936,7376.883399209488,31.8541,1513,3047,1537,3070,7.0957,2.4352,18.7749,6.0837,1.4888,-1666.4879,1.0,0.4011,0.4374,253.0,0.175275,0.16377,0.040633,1.0,1.0,,,,0.0,0.0,-0.000349,-0.000231,8.9e-05,0.001354,0.000256,-0.007065,-0.010809,-0.00928,253,1.0,25.3927,84.5067,UNCERTAIN,high_shadow_variation
10698,246.0,0.15375,0.5913,1.62,1534.658536585366,3426.849593495935,40195.73983739837,7109.036585365851,40.82,1523,3419,1549,3435,5.4835,3.8414,16.9588,3.8101,1.7475,-1211.6171,1.0,0.5772,0.4269,246.0,0.176546,0.169601,0.035099,1.0,1.0,,,,0.0,0.0,0.001349,-0.006524,0.001073,0.000686,-0.000797,-0.001662,-0.003555,-0.005973,246,1.0,31.5436,77.8519,UNCERTAIN,high_shadow_variation
10699,261.0,0.163125,0.522,1.25,1535.4176245210729,3588.977011494253,44248.92528735632,7090.059386973182,44.8138,1524,3578,1544,3603,4.7354,2.2001,15.6624,4.1126,1.4922,-1216.0113,1.0,0.4631,0.4458,261.0,0.16642,0.163094,0.026639,1.0,1.0,,,,0.0,0.0,0.001049,-0.001357,1.5e-05,0.000127,0.000789,-0.004686,-0.004157,-0.008718,261,1.0,31.5436,77.8519,UNCERTAIN,high_shadow_variation
10739,150.0,0.09375,0.5556,1.2,1534.246666666667,3437.826666666667,40470.16666666667,7119.333333333336,41.092,1525,3431,1543,3446,2.6205,1.5523,7.4156,1.9073,0.586,-1208.5976,1.0,0.2608,0.3624,150.0,0.201817,0.190378,0.043155,1.0,1.0,,,,0.0,0.0,0.000857,-0.005258,0.002742,0.000983,-0.000388,-0.001628,-0.002508,-0.003694,150,1.0,31.5436,77.8519,UNCERTAIN,high_shadow_variation
10740,157.0,0.098125,0.6038,1.54,1531.6751592356688,3496.0700636942674,41926.25159235668,7183.621019108279,42.5376,1525,3486,1538,3506,5.0938,2.5067,15.1361,3.3842,0.9851,-1191.785,1.0,0.3162,0.4147,157.0,0.16678,0.167963,0.027484,1.0,1.0,,,,0.0,0.0,0.002883,0.001691,0.000565,-5.2e-05,0.000609,-0.008901,-0.015102,-0.021264,157,1.0,31.5436,77.8519,UNCERTAIN,high_shadow_variation
10755,890.0,0.55625,0.515,1.69,1529.368539325843,3302.4078651685395,37084.69662921349,7241.286516853936,37.7855,1514,3276,1546,3330,9.8712,5.8389,24.9134,8.8978,5.0686,-1217.157,1.0,0.3436,0.4089,890.0,0.152571,0.147396,0.028399,1.0,1.0,,,,0.0,0.0,0.014612,0.007894,0.021369,0.023252,0.027478,0.026398,0.026984,0.028534,890,1.0,31.5436,77.8519,UNCERTAIN,high_slope_variation; high_shadow_variation
10756,410.0,0.25625,0.4039,1.21,1537.5682926829268,3349.390243902439,38259.25609756098,7036.292682926833,38.9013,1522,3336,1557,3365,6.3359,3.5029,18.3645,5.4814,2.5364,-1222.4983,1.0,0.4186,0.468,410.0,0.191112,0.172914,0.095209,1.0,1.0,,,,0.0,0.0,0.002958,0.002634,0.004528,0.005948,0.005646,0.007091,-0.000483,1e-06,410,1.0,31.5436,77.8519,UNCERTAIN,high_shadow_variation
10775,1009.0,0.630625,0.539,1.44,1539.735381565907,834.3607532210109,-24616.48116947473,6982.115460852328,25.5869,1526,807,1562,859,10.0791,5.1221,27.5705,8.9169,4.5219,-284.8652,1.0,0.9478,0.1967,1009.0,,,,0.0,0.0,0.064835,0.064986,0.016594,0.995045,0.995045,0.000554,-0.001476,0.003888,0.001452,0.000638,-0.000189,-0.004088,-0.001138,1009,1.0,50.752,65.3557,UNCERTAIN,high_slope_variation
10828,191.0,0.119375,0.5685,1.31,1544.151832460733,3540.6596858638745,43040.99214659687,6871.704188481679,43.5865,1533,3534,1554,3550,4.114,2.0898,10.6929,3.2853,1.1913,-1182.7386,1.0,0.364,0.4105,191.0,0.171115,0.168674,0.023427,1.0,1.0,,,,0.0,0.0,-0.00012,0.00177,-0.00215,3.5e-05,0.000352,-0.007243,-0.004857,-0.011886,191,1.0,31.5436,77.8519,UNCERTAIN,high_shadow_variation
10838,582.0,0.36375,0.4899,1.09,1534.4175257731958,3068.414089347079,31234.852233676967,7115.061855670101,32.0354,1518,3048,1551,3084,8.9859,5.7903,27.4282,7.4096,3.9908,-1693.7839,1.0,0.7286,0.3968,582.0,0.164823,0.141588,0.074814,1.0,1.0,,,,0.0,0.0,-0.001356,0.00047,0.000752,-0.000267,-0.000273,0.001411,-0.00656,-0.005426,582,1.0,25.3927,84.5067,UNCERTAIN,high_slope_variation; high_shadow_variation
10857,1233.0,0.770625,0.3943,1.11,1554.7364152473642,1047.1330089213302,-19297.174776966745,6607.089618815895,20.3963,1531,1014,1584,1073,7.5929,3.8162,28.1044,6.3794,2.4481,-959.2492,1.0,0.1981,0.3554,1233.0,,,,0.0,0.0,0.039033,0.036347,0.013234,1.0,1.0,0.004705,0.00351,0.000438,0.000144,7e-05,-0.003,-0.007305,-0.010623,1233,1.0,50.752,65.3557,UNCERTAIN,high_shadow_variation
10867,1647.0,1.029375,0.5069,1.0,1546.6964177292043,3374.433515482696,38885.33788706739,6808.08955676989,39.4772,1517,3344,1574,3401,8.684,4.3469,26.4075,7.2457,3.2137,-1222.7744,1.0,0.4387,0.4772,1647.0,0.253007,0.228888,0.102874,1.0,1.0,,,,0.0,0.0,0.013567,0.01428,0.021914,0.023275,0.027951,0.027662,0.026187,0.025047,1647,1.0,31.5436,77.8519,UNCERTAIN,high_shadow_variation
10868,388.0,0.2425,0.4355,1.22,1548.7731958762886,3416.541237113402,39938.03092783505,6756.170103092787,40.5059,1530,3404,1563,3431,4.7539,2.8933,14.0804,3.7711,1.2344,-1214.1779,1.0,0.4141,0.4327,388.0,0.204291,0.200026,0.048713,1.0,1.0,,,,0.0,0.0,0.001794,1e-05,0.000216,0.000118,0.000968,-0.006922,-0.005003,-0.006901,388,1.0,31.5436,77.8519,UNCERTAIN,high_shadow_variation
10876,290.0,0.18125,0.3625,1.28,1551.1413793103447,3446.7344827586207,40692.86206896552,6696.965517241384,41.2407,1537,3429,1562,3461,5.631,2.8079,16.7358,4.0666,1.185,-1212.1908,1.0,0.4222,0.4187,290.0,0.167937,0.166974,0.030087,1.0,1.0,,,,0.0,0.0,-0.000865,0.001105,2e-06,0.000156,-0.000158,-0.007849,-0.003698,-0.008486,290,1.0,31.5436,77.8519,UNCERTAIN,high_shadow_variation
10935,129.0,0.080625,0.5972,1.5,1556.015503875969,455.73643410852713,-34082.089147286824,6575.1124031007785,34.7099,1550,446,1562,464,6.5903,2.4709,11.9877,6.4259,1.9209,-32.1929,1.0,0.6189,0.4686,129.0,0.521418,0.483906,0.160567,1.0,1.0,0.025738,0.02336,0.006528,1.0,1.0,0.112372,0.140106,0.183028,0.195841,0.237512,0.245386,0.245132,0.235455,129,1.0,162.995,83.983,UNCERTAIN,high_shadow_variation
10940,276.0,0.1725,0.4825,1.18,1553.4927536231885,2900.293478260869,27031.836956521744,6638.181159420288,27.8353,1540,2891,1566,2913,3.8102,2.195,10.1576,3.3433,1.6678,-1910.3167,1.0,0.297,0.4297,276.0,0.231649,0.231619,0.054787,1.0,1.0,,,,0.0,0.0,0.020472,0.020635,0.026439,0.027899,0.031887,0.036907,0.029966,0.035919,276,1.0,25.3927,84.5067,UNCERTAIN,high_shadow_variation
10957,249.0,0.155625,0.5986,1.62,1561.313253012048,1202.9036144578313,-15402.909638554218,6442.668674698798,16.6954,1553,1190,1569,1216,5.1774,2.7468,14.2905,4.7621,2.1204,-1138.1311,1.0,0.7605,0.3745,249.0,,,,0.0,0.0,0.025778,0.025513,0.004191,1.0,1.0,0.004499,0.001801,0.001978,0.003982,0.00338,-0.00093,0.005767,0.004037,249,1.0,0.5626,56.8385,UNCERTAIN,high_shadow_variation
10959,525.0,0.328125,0.5939,1.31,1561.1980952380952,1294.7085714285715,-13107.78571428571,6445.547619047618,14.6061,1549,1277,1575,1311,7.9072,3.4868,20.7403,7.1447,2.8668,-1191.552,1.0,0.5748,0.4774,525.0,,,,0.0,0.0,0.033926,0.03241,0.00708,1.0,1.0,-1.4e-05,0.002866,-0.00046,0.003451,0.006907,-0.001885,0.00294,-4.3e-05,525,1.0,0.5626,56.8385,UNCERTAIN,high_shadow_variation
10974,1037.0,0.648125,0.4796,1.02,1564.4088717454194,2902.116682738669,27077.417068466733,6365.278206364514,27.8159,1542,2877,1588,2924,4.2735,1.9129,12.2279,3.5908,1.2516,-1920.906,1.0,0.497,0.4643,1037.0,0.201199,0.194902,0.044632,0.944069,0.944069,,,,0.0,0.0,0.00595,0.004504,0.007896,0.006637,0.008617,0.007648,0.004984,0.008838,943,0.9094,25.3927,84.5067,UNCERTAIN,high_shadow_variation
10988,265.0,0.165625,0.4569,1.45,1550.2641509433963,3396.679245283018,39441.48113207547,6718.8962264150905,40.0101,1536,3387,1565,3407,4.0023,3.0178,19.4182,3.9265,2.4122,-1209.3038,1.0,0.4645,0.439,265.0,0.330113,0.308486,0.100145,1.0,1.0,,,,0.0,0.0,0.05428,0.055922,0.08419,0.083136,0.101428,0.109657,0.107925,0.106113,265,1.0,31.5436,77.8519,UNCERTAIN,high_shadow_variation
11009,446.0,0.27875,0.327,1.42,1563.419282511211,3444.0291479820626,40625.22869955156,6390.017937219731,41.1251,1548,3421,1579,3465,5.7191,2.9934,15.7932,4.3128,1.7144,-1199.9521,1.0,0.708,0.3878,446.0,0.173184,0.171097,0.030912,1.0,1.0,,,,0.0,0.0,-0.000446,0.002285,6e-05,0.000706,-0.001046,-0.006056,-0.00274,-0.011047,446,1.0,31.5436,77.8519,UNCERTAIN,high_shadow_variation
11032,252.0,0.1575,0.5431,1.81,1566.321428571429,601.9563492063492,-30426.591269841272,6317.464285714283,31.0749,1554,595,1583,611,13.6413,6.46,29.7334,12.0972,5.3327,1556.9565,1.0,0.1089,0.2671,252.0,,,,0.0,0.0,0.050092,0.044578,0.015779,1.0,1.0,0.108243,0.143353,0.193323,0.209354,0.248219,0.243605,0.249142,0.251878,252,1.0,162.995,83.983,UNCERTAIN,high_slope_variation
11053,2497.0,1.560625,0.4399,1.3,1553.2735282338806,3031.1702042450943,30303.755106127355,6643.661794152984,31.0239,1526,2992,1592,3078,6.5556,3.1751,26.567,5.4005,2.0833,-1728.2524,1.0,0.4804,0.4702,2497.0,0.193786,0.181608,0.0534,1.0,1.0,,,,0.0,0.0,0.001332,0.000635,0.000676,-9.8e-05,0.00073,-0.002242,-0.005168,-0.004478,2497,1.0,25.3927,84.5067,UNCERTAIN,high_shadow_variation
11121,375.0,0.234375,0.5499,1.41,1571.5226666666667,3220.1653333333334,35028.63333333333,6187.433333333334,35.5713,1560,3205,1582,3236,6.8847,5.1729,26.3617,5.2837,2.7692,-1772.1204,1.0,1.0,0.0,375.0,0.189674,0.181483,0.03496,1.0,1.0,,,,0.0,0.0,0.002078,-0.000586,-0.000618,-0.000136,0.000833,-0.006215,0.002506,-0.007742,375,1.0,31.5436,77.8519,UNCERTAIN,high_slope_variation
11122,424.0,0.265,0.4206,1.75,1573.1580188679245,3363.997641509434,38624.44103773584,6146.54952830189,39.1109,1561,3346,1585,3388,10.9879,4.8333,24.6713,9.428,3.4903,-1233.8136,1.0,0.2992,0.4343,424.0,0.224771,0.209326,0.075717,1.0,1.0,,,,0.0,0.0,0.001578,0.002074,0.000387,0.000796,0.00038,-0.001269,-0.002261,-0.007854,424,1.0,31.5436,77.8519,UNCERTAIN,high_shadow_variation
11126,134.0,0.08375,0.5317,1.29,1572.3507462686566,422.8283582089553,-34904.79104477612,6166.731343283587,35.4448,1567,415,1581,433,11.8706,5.0704,24.3322,10.4865,3.2091,-30.0439,1.0,0.1546,0.3275,134.0,0.30222,0.296681,0.087162,1.0,1.0,0.028674,0.028472,0.005978,1.0,1.0,0.092925,0.127977,0.157451,0.178593,0.20054,0.200895,0.201492,0.213612,134,1.0,162.995,83.983,UNCERTAIN,high_slope_variation
11160,943.0,0.589375,0.5476,1.02,1585.7486744432665,757.6765641569459,-26533.58589607635,5831.783138918341,27.1663,1564,738,1606,779,18.7277,3.6042,28.8529,17.2134,2.5711,154.7132,1.0,0.9403,0.2176,943.0,,,,0.0,0.0,,,,0.0,0.0,0.000268,0.0014,0.001363,0.000955,0.003783,0.00045,-0.001557,-0.00102,923,0.9788,162.995,83.983,UNCERTAIN,no_radar_coverage
11184,350.0,0.21875,0.4986,1.04,1588.98,3169.2285714285717,33755.214285714275,5751.0,34.242,1577,3158,1604,3184,8.4977,5.1853,27.5573,6.0073,2.8475,-1763.8267,1.0,0.999,0.0192,350.0,0.195742,0.191969,0.032926,1.0,1.0,,,,0.0,0.0,0.00104,0.001593,0.000673,0.002234,-0.001387,-0.007638,-0.006591,-0.020919,350,1.0,25.3927,84.5067,UNCERTAIN,high_slope_variation
11243,951.0,0.594375,0.4215,1.02,1590.4206098843322,3421.7665615141955,40068.66403785489,5714.984752891694,40.4746,1570,3395,1617,3443,6.5763,3.0849,25.2982,5.2506,1.8084,-1163.5756,1.0,0.2128,0.3818,951.0,0.171812,0.171117,0.025639,1.0,1.0,,,,0.0,0.0,0.000707,0.000476,0.000124,0.00022,-0.000356,-0.003435,-0.005551,-0.00957,951,1.0,31.5436,77.8519,UNCERTAIN,high_shadow_variation
11312,1589.0,0.993125,0.3462,1.57,1599.198867212083,2848.8363750786657,25745.40937696664,5495.528319697922,26.3258,1569,2811,1623,2896,6.2138,2.7547,15.9122,5.2611,1.954,-1859.3409,1.0,0.0148,0.0952,1589.0,,,,0.0,0.0,,,,0.0,0.0,0.001342,0.000688,0.001627,-9.2e-05,0.000492,0.000654,-1.8e-05,-0.000698,1589,1.0,25.3927,84.5067,UNCERTAIN,no_radar_coverage
11331,158.0,0.09875,0.5725,1.92,1595.8164556962026,2986.3164556962024,29182.41139240506,5580.088607594931,29.7115,1590,2976,1602,2999,5.3399,2.3093,13.4726,4.5459,2.185,-1800.6415,1.0,0.2142,0.3687,158.0,0.234692,0.217871,0.105438,0.860759,0.860759,,,,0.0,0.0,-0.001134,0.00251,0.001264,0.001,-0.002761,-0.006047,-0.013788,-0.014824,158,1.0,25.3927,84.5067,UNCERTAIN,high_shadow_variation
11351,593.0,0.370625,0.4608,1.18,1592.185497470489,808.3170320404722,-25267.574198988197,5670.862563237773,25.8955,1570,791,1609,824,15.363,3.3632,23.9981,13.7262,2.3836,-157.2818,1.0,0.3046,0.4351,593.0,,,,0.0,0.0,,,,0.0,0.0,0.000926,0.002461,9.8e-05,0.003319,0.00365,-0.001555,0.001903,0.001108,593,1.0,50.752,65.3557,UNCERTAIN,high_shadow_variation; no_radar_coverage
11369,1783.0,1.114375,0.4176,1.15,1615.8278182837914,3082.5154234436345,31587.385586090862,5079.804542905215,31.9937,1591,3051,1652,3121,6.1578,3.0492,18.7395,5.169,2.2506,-1758.5938,1.0,0.1893,0.3522,1783.0,0.167642,0.164011,0.030311,1.0,1.0,,,,0.0,0.0,0.001282,0.001739,0.001228,0.000992,0.001173,-0.002833,-0.003355,-0.006402,1783,1.0,66.0189,90.6798,UNCERTAIN,high_shadow_variation
11402,1081.0,0.675625,0.4743,1.23,1599.444958371878,3123.413506012951,32609.83765032378,5489.3760407030495,33.069,1581,3094,1624,3147,6.7699,4.2008,19.1578,5.4505,3.0759,-1739.7654,1.0,0.6561,0.4433,1081.0,0.180141,0.177354,0.02884,1.0,1.0,,,,0.0,0.0,0.001166,0.002107,0.000839,0.000549,-0.002287,-0.006498,-0.007926,-0.017014,1081,1.0,25.3927,84.5067,UNCERTAIN,high_shadow_variation
11405,296.0,0.185,0.5362,1.04,1614.5405405405406,603.625,-30384.875,5111.986486486487,30.8113,1604,593,1628,616,11.8224,5.9447,29.0277,10.4877,4.7856,1734.6631,1.0,0.0342,0.1384,296.0,,,,0.0,0.0,0.076172,0.072789,0.023161,1.0,1.0,0.054061,0.066922,0.093491,0.102297,0.124415,0.121867,0.123432,0.12209,296,1.0,197.9616,97.7418,UNCERTAIN,high_slope_variation
11420,497.0,0.310625,0.4581,1.13,1595.7826961770625,870.3038229376258,-23717.904426559355,5580.932595573438,24.3651,1580,854,1615,885,7.1532,2.8478,18.3305,6.316,2.1792,-354.9124,1.0,0.0707,0.2109,497.0,,,,0.0,0.0,,,,0.0,0.0,0.006781,0.002957,0.001285,0.002266,0.00013,-0.004031,0.002395,2.9e-05,497,1.0,50.752,65.3557,UNCERTAIN,no_radar_coverage
11430,184.0,0.115,0.6259,1.5,1604.4619565217392,775.195652173913,-26095.608695652176,5363.95108695652,26.6406,1598,765,1612,786,19.6482,2.1594,26.1537,17.8465,1.3959,79.4783,1.0,0.742,0.3982,184.0,,,,0.0,0.0,,,,0.0,0.0,0.004633,0.004225,-0.002589,0.000737,0.003933,-0.004751,0.001407,-0.002604,159,0.8641,197.9616,97.7418,UNCERTAIN,high_shadow_variation; no_radar_coverage
11435,487.0,0.304375,0.3865,1.03,1610.217659137577,1389.0205338809037,-10749.986652977415,5220.058521560575,11.9497,1591,1374,1626,1410,9.6936,4.9988,25.1578,8.7959,3.9296,-1145.7664,1.0,0.6736,0.4465,487.0,,,,0.0,0.0,0.216188,0.205693,0.088221,1.0,1.0,0.001395,0.005362,0.002636,0.002922,0.001873,0.006384,0.001464,0.003422,487,1.0,121.4156,78.1985,UNCERTAIN,high_shadow_variation
11440,1073.0,0.670625,0.4706,1.58,1604.7931034482758,3468.174277726002,41228.85694315005,5355.672413793101,41.5757,1584,3439,1622,3499,9.5817,5.548,27.9436,8.4346,4.7213,-1013.2165,1.0,0.0617,0.1983,1073.0,0.193342,0.187535,0.037777,1.0,1.0,,,,0.0,0.0,0.000234,0.000593,-0.000101,-0.000365,-0.000211,-0.001193,-0.007543,-0.021648,1073,1.0,63.3495,86.7715,UNCERTAIN,high_slope_variation
11456,138.0,0.08625,0.4481,1.57,1613.340579710145,2836.623188405797,25440.079710144928,5141.985507246376,25.9549,1607,2826,1621,2848,4.2233,2.4545,13.1599,3.5836,1.2615,-1833.198,1.0,0.0548,0.179,138.0,,,,0.0,0.0,,,,0.0,0.0,0.002992,0.001416,0.001174,-0.000403,0.000908,-0.001427,-0.007782,-0.000882,138,1.0,66.0189,90.6798,UNCERTAIN,no_radar_coverage
11457,300.0,0.1875,0.4926,1.38,1608.19,2931.81,27819.75,5270.75,28.315,1598,2917,1619,2946,4.9014,2.3407,10.7021,4.0522,1.8009,-1886.4179,1.0,0.1388,0.2899,300.0,,,,0.0,0.0,,,,0.0,0.0,0.000852,0.002825,2.4e-05,5.9e-05,0.001505,-0.004564,-0.011009,-0.017761,300,1.0,66.0189,90.6798,UNCERTAIN,no_radar_coverage
11461,135.0,0.084375,0.4167,1.0,1604.7037037037037,3535.555555555556,42913.38888888889,5357.907407407409,43.247,1596,3527,1614,3545,4.3313,2.2392,12.8886,3.2162,0.966,-1018.8999,1.0,0.3899,0.4317,135.0,0.241582,0.215972,0.079602,1.0,1.0,,,,0.0,0.0,0.001935,0.002173,0.000844,0.002019,0.003327,-0.008314,-0.005162,-0.011587,135,1.0,63.3495,86.7715,UNCERTAIN,high_shadow_variation
11463,135.0,0.084375,0.625,1.5,1608.2074074074071,896.3111111111111,-23067.722222222223,5270.3148148148175,23.6615,1603,888,1615,906,7.498,2.6562,16.5744,7.1653,2.0111,-377.9671,1.0,0.0883,0.2509,135.0,,,,0.0,0.0,,,,0.0,0.0,0.008339,0.00355,-0.000321,0.001617,-0.000769,-0.003052,0.004412,-0.006591,135,1.0,131.1381,81.2218,UNCERTAIN,no_radar_coverage
11468,237.0,0.148125,0.687,1.53,1615.6708860759493,3108.8143459915614,32244.85864978904,5083.727848101269,32.6436,1608,3098,1623,3121,3.6357,2.0211,8.9183,2.5025,0.9057,-1725.362,1.0,0.5159,0.4235,237.0,0.165815,0.165811,0.017086,1.0,1.0,,,,0.0,0.0,-0.0017,-0.000773,0.001297,0.000405,-0.003398,-0.010782,-0.007806,-0.010233,237,1.0,66.0189,90.6798,UNCERTAIN,high_shadow_variation
11471,157.0,0.098125,0.623,1.29,1613.407643312102,882.7643312101911,-23406.39171974522,5140.30891719745,23.9636,1607,875,1621,893,6.0035,3.1153,17.7056,5.6006,2.6405,-345.0961,1.0,0.2127,0.3495,157.0,,,,0.0,0.0,,,,0.0,0.0,0.010272,0.001963,0.000113,0.000485,-0.002914,-0.004916,0.003454,-0.007934,157,1.0,131.1381,81.2218,UNCERTAIN,no_radar_coverage
11477,832.0,0.52,0.547,1.0,1615.8497596153843,2806.715144230769,24692.37860576922,5079.25600961539,25.2098,1594,2787,1633,2826,11.9333,6.7685,28.1947,10.6597,5.9789,-1850.1609,1.0,0.0317,0.1534,832.0,,,,0.0,0.0,,,,0.0,0.0,0.000695,0.001781,0.001094,-0.000207,0.000734,-0.001382,-0.002087,-0.004126,832,1.0,66.0189,90.6798,UNCERTAIN,high_slope_variation; no_radar_coverage
11521,722.0,0.45125,0.5014,1.41,1620.4030470914126,2916.0512465373963,27425.781163434905,4965.423822714685,27.8721,1605,2895,1637,2940,5.6399,3.2607,19.3985,4.4401,2.1747,-1884.5237,1.0,0.0475,0.1809,722.0,,,,0.0,0.0,,,,0.0,0.0,0.000762,0.002015,-0.00072,0.000891,0.000889,-0.003636,-0.005306,-0.005761,722,1.0,66.0189,90.6798,UNCERTAIN,no_radar_coverage
11540,385.0,0.240625,0.5392,1.62,1621.4857142857145,2975.8233766233766,28920.08441558441,4938.357142857145,29.3391,1611,2961,1632,2995,6.1475,2.8961,14.1145,4.8814,1.7887,-1817.9432,1.0,0.5114,0.4664,385.0,,,,0.0,0.0,,,,0.0,0.0,7.1e-05,-0.000912,0.000616,0.000656,-0.00125,-0.006636,-0.006167,-0.011328,385,1.0,66.0189,90.6798,UNCERTAIN,high_shadow_variation; no_radar_coverage
11541,736.0,0.46,0.5841,1.03,1624.8111413043478,3017.0991847826085,29951.979619565216,4855.221467391304,30.3434,1609,2999,1644,3035,5.1355,2.4465,16.7843,4.271,1.6013,-1796.4193,1.0,0.3301,0.4091,736.0,0.19701,0.194159,0.028998,0.019022,0.019022,,,,0.0,0.0,-1.5e-05,0.000447,0.001363,-0.000153,-0.001577,-0.009597,-0.005647,-0.010573,736,1.0,66.0189,90.6798,UNCERTAIN,high_shadow_variation; no_radar_coverage
11553,586.0,0.36625,0.4228,1.27,1615.470989761092,3174.266211604096,33881.15529010238,5088.7252559726985,34.2616,1599,3155,1632,3197,6.5909,3.2431,21.6625,5.8013,2.7655,-1737.8656,1.0,0.6695,0.4156,586.0,0.282753,0.273524,0.071004,1.0,1.0,,,,0.0,0.0,0.002743,0.001329,0.001108,0.0008,-0.003487,-0.012677,-0.00594,-0.008493,586,1.0,66.0189,90.6798,UNCERTAIN,high_shadow_variation
11560,503.0,0.314375,0.542,1.1,1629.6163021868788,2888.347912524851,26733.197813121267,4735.092445328031,27.1497,1615,2872,1644,2904,4.7922,4.166,26.275,3.3156,1.5057,-1879.7301,1.0,0.0742,0.2173,503.0,,,,0.0,0.0,,,,0.0,0.0,0.005944,0.001519,0.003292,0.00143,0.002775,-0.002179,-0.004525,-0.00872,503,1.0,66.0189,90.6798,UNCERTAIN,no_radar_coverage
11576,315.0,0.196875,0.4345,1.16,1625.8825396825396,2831.273015873016,25306.3253968254,4828.436507936509,25.7632,1615,2814,1640,2843,4.1245,1.7002,11.8851,3.2525,0.8102,-1823.6502,1.0,0.0509,0.1759,315.0,,,,0.0,0.0,,,,0.0,0.0,0.000836,-5.2e-05,0.000499,-0.000532,-0.001606,-0.003371,-0.007204,-0.009182,315,1.0,66.0189,90.6798,UNCERTAIN,no_radar_coverage
11608,1867.0,1.166875,0.523,1.37,1638.950187466524,3044.9132297803963,30647.330744509905,4501.745313336905,30.9766,1605,3017,1675,3068,7.4649,3.337,27.2194,6.2305,2.6825,-1808.0044,1.0,0.4967,0.482,1867.0,0.172817,0.154737,0.071826,0.488484,0.488484,,,,0.0,0.0,0.000333,0.000258,0.000628,0.00172,-0.001027,-0.004882,-0.006478,-0.014369,1867,1.0,66.0189,90.6798,UNCERTAIN,high_shadow_variation
11623,644.0,0.4025,0.5164,1.48,1637.5481366459628,3383.495341614907,39111.88354037267,4536.796583850926,39.3746,1623,3361,1652,3404,7.4506,2.3894,13.9009,6.1137,1.2735,-1132.0029,1.0,0.2509,0.3875,644.0,0.154756,0.149003,0.035241,1.0,1.0,,,,0.0,0.0,0.019494,0.026156,0.032905,0.032583,0.045777,0.043883,0.044748,0.033934,644,1.0,63.3495,86.7715,UNCERTAIN,high_shadow_variation
11625,663.0,0.414375,0.5667,1.3,1633.7933634992455,228.579185520362,-39761.02036199095,4630.66591251886,40.0292,1619,209,1649,248,5.7193,2.952,17.2975,5.0675,2.16,-1783.7684,1.0,0.7624,0.3649,663.0,0.139242,0.143491,0.018976,0.098039,0.098039,0.032216,0.030949,0.013888,1.0,1.0,0.003593,0.010038,0.003568,0.006653,0.012032,0.009334,0.003029,0.008754,663,1.0,35.5577,101.3636,UNCERTAIN,high_shadow_variation
11641,556.0,0.3475,0.5991,1.1,1639.6960431654677,2977.169064748201,28953.72661870504,4483.098920863311,29.2992,1626,2964,1658,2993,6.4305,3.4854,18.1533,4.689,1.8333,-1824.4094,1.0,0.2807,0.409,556.0,,,,0.0,0.0,,,,0.0,0.0,0.011953,0.004747,0.005087,0.007182,0.004721,0.003195,0.004073,0.00059,556,1.0,66.0189,90.6798,UNCERTAIN,high_shadow_variation; no_radar_coverage
11643,799.0,0.499375,0.5109,1.35,1631.650813516896,3114.5919899874843,32389.29974968711,4684.229662077596,32.7267,1614,3092,1648,3138,4.6041,2.878,14.3298,3.589,1.866,-1726.8964,1.0,0.3241,0.4118,799.0,0.178474,0.169054,0.038779,1.0,1.0,,,,0.0,0.0,0.001859,0.00154,0.000472,0.00045,-0.003377,-0.005835,-0.008477,-0.015778,799,1.0,66.0189,90.6798,UNCERTAIN,high_shadow_variation
11644,1838.0,1.14875,0.5282,1.03,1662.5669205658323,3126.9396082698586,32697.99020674647,3911.32698585419,32.9315,1633,3094,1691,3154,9.8464,4.4599,25.5674,8.2578,3.487,-1740.5604,1.0,0.5449,0.4763,1838.0,0.189996,0.181265,0.055332,1.0,1.0,,,,0.0,0.0,0.00187,0.001711,0.00014,0.001504,0.000263,0.003525,-0.004633,-0.007061,1838,1.0,66.0189,90.6798,UNCERTAIN,high_shadow_variation
11653,148.0,0.0925,0.6167,1.07,1636.5405405405406,2822.5405405405404,25088.013513513502,4561.986486486487,25.4998,1629,2815,1645,2830,4.6007,2.2087,10.3477,4.3481,1.8073,-1824.7073,1.0,0.0714,0.2199,148.0,,,,0.0,0.0,,,,0.0,0.0,-0.000257,0.002156,0.000107,0.000192,-0.00807,-0.020766,-0.010293,-0.017533,148,1.0,66.0189,90.6798,UNCERTAIN,no_radar_coverage
11660,152.0,0.095,0.4524,1.71,1633.9407894736842,2996.743421052632,29443.085526315783,4626.980263157893,29.8048,1622,2990,1646,3004,6.6558,3.459,14.1905,5.3875,1.8331,-1812.5532,1.0,0.3426,0.4349,152.0,,,,0.0,0.0,,,,0.0,0.0,-0.002684,-0.000259,-7.3e-05,0.000739,6.3e-05,-0.002214,-0.005778,-0.003945,152,1.0,66.0189,90.6798,UNCERTAIN,high_shadow_variation; no_radar_coverage
11667,147.0,0.091875,0.5833,1.29,1633.5510204081634,2811.5238095238096,24812.59523809524,4636.724489795917,25.2425,1627,2803,1641,2821,3.721,1.9857,9.6081,3.4071,1.4969,-1812.2261,1.0,0.0354,0.1552,147.0,,,,0.0,0.0,,,,0.0,0.0,-0.000141,0.000703,0.001823,-0.001056,-0.003259,-0.01084,-0.009445,-0.012253,147,1.0,66.0189,90.6798,UNCERTAIN,no_radar_coverage
11700,413.0,0.258125,0.5441,1.43,1644.549636803874,2933.1476997578693,27853.192493946728,4361.759079903146,28.1931,1629,2922,1662,2945,5.8444,2.0847,13.8393,4.8098,1.0285,-1831.6377,1.0,0.0494,0.1603,413.0,,,,0.0,0.0,,,,0.0,0.0,0.011012,0.009215,0.008179,0.010609,0.011146,0.008139,0.009207,-0.017929,413,1.0,66.0189,90.6798,UNCERTAIN,no_radar_coverage
11746,986.0,0.61625,0.5168,1.47,1640.1176470588234,2951.5243407707912,28312.60851926978,4472.558823529413,28.6641,1614,2933,1667,2969,3.9651,2.3195,15.1315,3.3524,1.74,-1812.3658,1.0,0.0342,0.153,986.0,,,,0.0,0.0,,,,0.0,0.0,0.009523,0.011213,0.015052,0.016461,0.016612,0.010791,0.011478,0.007187,986,1.0,66.0189,90.6798,UNCERTAIN,no_radar_coverage
11771,1408.0,0.88,0.5041,1.16,1668.6271306818182,3416.7649147727275,39943.62286931819,3759.821732954544,40.1206,1644,3391,1693,3448,6.1317,2.8563,17.8131,5.2381,2.1968,-1133.5541,1.0,0.2595,0.412,1408.0,0.167378,0.161497,0.030058,1.0,1.0,,,,0.0,0.0,0.002833,0.002182,-0.001675,-0.000263,0.000832,-0.003244,-0.005297,-0.000518,1408,1.0,63.3495,86.7715,UNCERTAIN,high_shadow_variation
11776,694.0,0.43375,0.4986,1.66,1655.6657060518733,3384.988472622478,39149.211815561954,4083.857348703168,39.3621,1641,3359,1670,3407,5.589,3.2718,21.6985,4.3243,1.5322,-1164.4323,1.0,0.4199,0.4415,694.0,0.162644,0.15776,0.034574,1.0,1.0,,,,0.0,0.0,0.001984,0.002307,0.001648,0.002401,0.004435,0.002417,0.000751,-0.001501,694,1.0,63.3495,86.7715,UNCERTAIN,high_shadow_variation
11785,2077.0,1.298125,0.391,1.3,1625.7053442465094,3532.4756860857005,42836.39215214251,4832.866393837263,43.1086,1587,3503,1670,3567,7.5271,4.3759,29.988,6.6981,3.8433,-1001.3393,1.0,0.1871,0.3645,2077.0,0.233591,0.217835,0.078176,1.0,1.0,,,,0.0,0.0,-0.000588,0.001619,0.000125,-0.000423,0.000881,-0.004167,-0.006075,-0.011481,2077,1.0,63.3495,86.7715,UNCERTAIN,high_shadow_variation
11801,604.0,0.3775,0.3625,1.44,1660.458609271523,2993.700331125828,29367.008278145688,3964.034768211925,29.6338,1637,2977,1686,3011,3.9585,2.508,13.5913,3.3956,2.0873,-1814.6791,1.0,0.1348,0.2776,604.0,,,,0.0,0.0,,,,0.0,0.0,0.004796,0.002151,0.002719,0.001186,0.001055,-0.002284,-0.00217,-0.007824,604,1.0,66.0189,90.6798,UNCERTAIN,no_radar_coverage
11853,223.0,0.139375,0.4646,1.2,1657.0269058295964,3602.165919282512,44578.64798206279,4049.8273542600873,44.7627,1647,3592,1671,3612,7.0302,2.6942,14.9264,6.3683,2.1585,-969.2673,1.0,0.228,0.3832,223.0,0.263199,0.25883,0.047705,1.0,1.0,0.029389,0.029588,0.002976,1.0,1.0,-8.1e-05,0.001239,-0.000444,0.001287,-0.001711,-0.00293,-0.004732,-0.004506,223,1.0,63.3495,86.7715,UNCERTAIN,high_shadow_variation
11891,167.0,0.104375,0.3662,1.26,1667.4610778443114,3077.934131736527,31472.85329341318,3788.973053892216,31.7005,1654,3070,1678,3089,5.438,3.27,15.8019,4.4052,2.0763,-1721.784,1.0,0.2168,0.3708,167.0,0.174099,0.167588,0.037888,1.0,1.0,,,,0.0,0.0,0.002368,0.007102,0.005249,0.003926,0.00598,0.004925,0.001771,0.000282,167,1.0,66.0189,90.6798,UNCERTAIN,high_shadow_variation
11901,360.0,0.225,0.5643,1.32,1664.5166666666669,36.59722222222222,-44560.569444444445,3862.583333333336,44.7271,1654,22,1676,51,6.4065,6.3837,28.6506,5.0282,3.4413,-2041.1018,1.0,1.0,0.0,360.0,0.35354,0.316437,0.136894,1.0,1.0,0.060505,0.057751,0.013757,1.0,1.0,0.007097,0.010353,0.00356,0.002354,0.00378,0.004361,8.9e-05,0.001489,360,1.0,35.5577,101.3636,UNCERTAIN,high_slope_variation
11905,192.0,0.12,0.4,1.2,1664.09375,2981.53125,29062.78125,3873.15625,29.3202,1654,2970,1674,2994,6.9503,4.2205,18.0069,5.1692,2.4479,-1808.3848,1.0,0.0815,0.2451,192.0,,,,0.0,0.0,,,,0.0,0.0,0.004141,-0.000928,0.006112,0.001041,0.000974,0.001075,-0.002701,-0.002723,189,0.9844,66.0189,90.6798,UNCERTAIN,no_radar_coverage
11929,345.0,0.215625,0.5111,1.08,1667.7101449275362,1472.5710144927536,-8661.22463768116,3782.746376811592,9.4506,1657,1460,1682,1487,10.8359,4.9149,25.5346,9.6975,4.1151,-964.9002,1.0,0.3831,0.4376,345.0,,,,0.0,0.0,0.189766,0.195829,0.066642,1.0,1.0,0.000543,0.001071,-0.002951,0.000497,0.001527,-0.005279,-0.008158,-0.009774,345,1.0,121.4156,78.1985,UNCERTAIN,high_shadow_variation
11932,1022.0,0.63875,0.4005,1.32,1684.1702544031311,3168.6761252446186,33741.40313111547,3371.2436399217186,33.9099,1660,3140,1704,3198,7.3222,4.7475,23.8625,6.0714,3.6236,-1718.8011,1.0,0.3416,0.4309,1022.0,0.169259,0.159589,0.044299,1.0,1.0,,,,0.0,0.0,0.002259,0.000577,-0.002069,0.000209,0.000983,0.000149,-0.002699,-0.003973,1022,1.0,66.0189,90.6798,UNCERTAIN,high_shadow_variation
11967,497.0,0.310625,0.4733,1.17,1668.199195171026,2960.740442655936,28543.011066398398,3770.520120724352,28.7914,1652,2946,1687,2976,7.4903,4.9165,21.5901,5.7543,3.1991,-1791.4247,1.0,0.1133,0.2892,497.0,,,,0.0,0.0,,,,0.0,0.0,0.002352,0.000748,0.002447,0.00124,0.000591,0.000615,-0.003674,-0.001629,477,0.9598,66.0189,90.6798,UNCERTAIN,no_radar_coverage
11976,354.0,0.22125,0.59,1.5,1673.1242937853108,57.175141242937855,-44046.12146892656,3647.392655367228,44.1963,1663,44,1683,74,7.1463,5.4091,24.64,6.1418,4.4103,-2027.807,1.0,1.0,0.0,354.0,0.370673,0.334263,0.16067,1.0,1.0,0.055703,0.04817,0.019347,1.0,1.0,0.006164,0.006901,0.002715,-0.000806,0.00482,0.006193,-0.003364,-0.0011,354,1.0,35.5577,101.3636,UNCERTAIN,high_slope_variation
12011,1689.0,1.055625,0.5675,1.29,1662.1432800473654,2916.5038484310244,27437.09621077561,3921.917998815865,27.7164,1630,2894,1692,2942,5.6246,3.1172,19.522,4.474,1.7809,-1830.56,1.0,0.1339,0.307,1689.0,,,,0.0,0.0,0.056403,0.056403,0.006574,0.001184,0.001184,0.001738,0.003941,0.0012,0.001647,0.001335,-0.001571,-0.003789,-0.005028,1666,0.9864,66.0189,90.6798,UNCERTAIN,no_radar_coverage
12035,1922.0,1.20125,0.509,1.08,1667.809053069719,3263.3735691987517,36108.839229968784,3780.2736732570193,36.3066,1637,3233,1701,3292,11.8043,3.6908,26.6004,10.3157,2.6403,-1344.2916,1.0,0.3125,0.4277,1922.0,0.211552,0.182704,0.122525,0.770552,0.770552,,,,0.0,0.0,0.005311,0.006273,0.007435,0.006922,0.010187,0.010272,0.006736,0.005162,1922,1.0,63.3495,86.7715,UNCERTAIN,high_shadow_variation
12045,505.0,0.315625,0.5636,1.14,1682.5821782178218,1492.7287128712871,-8157.282178217822,3410.945544554452,8.8411,1668,1478,1700,1506,10.4178,3.7825,22.0936,9.1577,2.7182,-895.5469,1.0,0.1902,0.3561,505.0,,,,0.0,0.0,0.118582,0.113872,0.04255,1.0,1.0,0.000311,-0.000393,0.000184,0.001507,0.005353,-0.001428,0.000312,-0.000609,505,1.0,121.4156,78.1985,UNCERTAIN,high_shadow_variation
12073,134.0,0.08375,0.5255,1.13,1688.2686567164178,3486.507462686567,41687.18656716417,3268.783582089556,41.8156,1680,3481,1697,3496,9.4364,2.8386,17.7719,8.6272,1.8318,-1052.5263,1.0,0.2654,0.3676,134.0,0.228787,0.217289,0.042694,1.0,1.0,,,,0.0,0.0,0.003913,0.004787,0.003015,-0.000756,-0.002373,0.003058,-0.004261,0.016793,134,1.0,63.3495,86.7715,UNCERTAIN,high_shadow_variation
12113,323.0,0.201875,0.5862,1.53,1684.0123839009289,815.5541795665634,-25086.645510835915,3375.190402476779,25.3121,1676,802,1695,831,11.4079,5.1425,22.7765,9.9834,3.581,734.0189,1.0,0.478,0.4578,323.0,,,,0.0,0.0,0.064738,0.053368,0.03352,0.928793,0.928793,0.002189,0.00176,0.000789,0.004349,0.003478,0.01012,-0.0023,-0.003339,323,1.0,131.1381,81.2218,UNCERTAIN,high_slope_variation; high_shadow_variation
12138,1683.0,1.051875,0.4754,1.02,1708.934046345811,2889.774212715389,26768.855317884736,2752.1488413547195,26.9104,1677,2859,1736,2919,12.6185,5.8244,26.0525,11.1401,4.9659,-1724.3898,1.0,0.0463,0.1887,1683.0,,,,0.0,0.0,0.049323,0.047459,0.009584,0.948901,0.948901,0.004513,0.00227,9.5e-05,0.000676,0.001785,-0.000865,-0.00447,-0.003528,1676,0.9958,66.0189,90.6798,UNCERTAIN,high_slope_variation
12168,858.0,0.53625,0.5222,1.71,1685.8251748251748,1626.1515151515152,-4821.71212121212,3329.8706293706277,5.8591,1663,1612,1716,1643,8.9713,5.0734,23.6967,7.6311,4.148,-601.4927,1.0,0.4062,0.4562,858.0,,,,0.0,0.0,0.042358,0.039946,0.012201,1.0,1.0,0.011643,0.007608,0.005999,0.007854,0.009272,0.006037,0.0048,0.001237,790,0.9207,87.7915,75.1252,UNCERTAIN,high_slope_variation; high_shadow_variation
12177,189.0,0.118125,0.6217,1.19,1688.1851851851852,3057.126984126984,30952.6746031746,3270.8703703703723,31.1255,1679,3050,1698,3066,13.0261,3.8555,21.5249,10.3754,2.1818,-1701.4008,1.0,0.3278,0.4512,189.0,0.148402,0.145238,0.024433,1.0,1.0,,,,0.0,0.0,0.001935,0.001109,-0.002599,0.000174,0.000647,0.000964,-0.000891,-0.009574,189,1.0,66.0189,90.6798,UNCERTAIN,high_shadow_variation
12178,1905.0,1.190625,0.5188,1.26,1683.755905511811,3341.5984251968503,38064.46062992126,3381.602362204721,38.2148,1654,3313,1722,3367,9.3316,3.9453,24.9777,8.1239,3.0098,-1083.6096,1.0,0.2155,0.3967,1905.0,0.197776,0.180947,0.078058,0.971129,0.971129,,,,0.0,0.0,0.001824,0.000116,-0.000549,-0.000446,0.000833,-0.001517,-0.003619,0.001431,1905,1.0,63.3495,86.7715,UNCERTAIN,high_shadow_variation
12201,670.0,0.41875,0.4653,1.41,1705.641791044776,3170.382089552239,33784.052238805976,2834.455223880599,33.9032,1689,3152,1721,3197,13.6022,5.5623,27.3834,11.8525,4.5041,-1654.4931,1.0,0.0022,0.0266,670.0,0.169079,0.17073,0.04483,1.0,1.0,,,,0.0,0.0,7.4e-05,0.002532,0.002749,-0.000266,-3.5e-05,0.000199,-0.004296,0.0087,670,1.0,66.0189,90.6798,UNCERTAIN,high_slope_variation
12215,928.0,0.58,0.5972,1.14,1700.917025862069,78.68211206896552,-43508.44719827586,2952.574353448276,43.608,1683,59,1720,101,15.8836,5.7203,29.54,13.9146,4.782,-2118.3347,1.0,1.0,0.0,928.0,0.455907,0.378786,0.203929,1.0,1.0,0.046363,0.035461,0.02853,1.0,1.0,0.000148,0.010712,-0.003373,0.001587,0.001346,-0.001185,-0.007139,-0.009818,928,1.0,35.5577,101.3636,UNCERTAIN,high_slope_variation
12221,660.0,0.4125,0.4231,1.73,1711.1621212121213,3272.275757575758,36331.39393939395,2696.446969696968,36.4318,1687,3254,1739,3284,14.9597,3.3193,25.8393,13.3642,1.6812,-1448.1956,1.0,0.3142,0.397,660.0,0.197838,0.199502,0.026418,0.057576,0.057576,,,,0.0,0.0,0.001063,0.000747,0.001838,-0.00303,-0.001677,0.000889,-0.00745,-0.003114,660,1.0,63.3495,86.7715,UNCERTAIN,high_shadow_variation; no_radar_coverage
12239,537.0,0.335625,0.4475,1.33,1695.8640595903166,1609.2737430167597,-5243.656424581008,3078.8985102420847,6.0801,1677,1594,1717,1624,12.8308,6.3535,27.4233,11.46,5.2417,-661.4218,1.0,0.0524,0.1923,537.0,,,,0.0,0.0,0.028555,0.02669,0.007469,1.0,1.0,0.01013,0.009654,0.00629,0.007253,0.007503,0.00641,0.003843,-0.002095,484,0.9013,87.7915,75.1252,UNCERTAIN,high_slope_variation
12362,1072.0,0.67,0.3941,1.7,1723.141791044776,80.7919776119403,-43455.70055970149,2396.955223880599,43.5212,1704,42,1744,110,8.0222,5.0307,28.7507,6.6684,3.3787,-2071.8895,1.0,1.0,0.0,1072.0,0.330061,0.277179,0.141101,1.0,1.0,0.042981,0.040397,0.013862,1.0,1.0,0.008131,0.011867,0.003597,0.004189,0.003851,0.0055,0.00271,-0.002038,1072,1.0,35.5577,101.3636,UNCERTAIN,high_slope_variation
12377,3516.0,2.1975,0.4025,1.44,1744.0480659840728,2992.780147895336,29344.003697383392,1874.2983503981811,29.4043,1698,2942,1776,3054,12.5668,5.3497,27.0031,11.017,4.5981,-1613.9523,1.0,0.011,0.0916,3516.0,0.126036,0.114776,0.05241,0.5876,0.5876,0.043309,0.040206,0.011303,0.98066,0.98066,0.002358,-0.000173,-0.000165,-0.002508,0.000341,0.000379,-0.003605,-0.003216,3516,1.0,66.0189,90.6798,UNCERTAIN,high_slope_variation
12486,806.0,0.50375,0.5905,1.11,1729.2481389578163,3239.3548387096776,35508.37096774194,2244.29652605459,35.5797,1711,3224,1750,3259,6.3038,2.6261,18.2964,5.2369,1.5797,-1570.7315,1.0,0.8078,0.3717,806.0,0.195505,0.190931,0.044547,0.858561,0.858561,,,,0.0,0.0,0.001139,-1.6e-05,0.001165,-0.007128,-0.00054,-0.000478,-0.005729,-0.000989,806,1.0,63.3495,86.7715,UNCERTAIN,high_shadow_variation
12574,656.0,0.41,0.5231,1.15,1750.6798780487804,3060.550304878049,31038.257621951227,1708.5030487804906,31.0857,1733,3044,1771,3077,8.9597,5.0602,23.7674,7.6204,3.9938,-1468.434,1.0,0.0316,0.1484,656.0,0.161682,0.160656,0.028795,1.0,1.0,0.044965,0.038491,0.015144,1.0,1.0,0.001813,0.000565,0.002115,-0.00968,-0.000383,-0.000367,-0.002242,-0.002082,656,1.0,66.0189,90.6798,UNCERTAIN,high_slope_variation
12575,517.0,0.323125,0.5402,1.14,1735.4274661508705,3217.454545454545,34960.86363636363,2089.813346228235,35.0237,1719,3205,1752,3234,8.2145,3.8895,24.1423,6.776,2.2278,-1543.0605,1.0,0.2964,0.4186,517.0,0.184912,0.18171,0.032884,1.0,1.0,,,,0.0,0.0,-0.000509,0.000369,0.002003,-0.007029,-0.00105,-0.001445,-0.007341,-0.004076,517,1.0,63.3495,86.7715,UNCERTAIN,high_shadow_variation
12658,727.0,0.454375,0.466,1.03,1749.5818431911966,640.4965612104539,-29463.08596973865,1735.953920220083,29.5137,1729,622,1768,662,12.3212,4.9236,27.6204,11.1838,3.8417,2249.9127,1.0,0.6204,0.4557,727.0,,,,0.0,0.0,0.066111,0.06416,0.019322,1.0,1.0,0.018603,0.024547,0.030166,0.034992,0.040738,0.03885,0.045155,0.033892,727,1.0,197.9616,97.7418,UNCERTAIN,high_shadow_variation
12691,549.0,0.343125,0.6239,2.2,1758.5846994535518,3273.6994535519125,36366.98633879781,1510.8825136612068,36.3988,1737,3264,1781,3284,12.8889,3.8153,26.3344,11.1697,2.2222,-1462.9994,1.0,0.0073,0.0585,549.0,0.195552,0.189007,0.036307,0.092896,0.092896,,,,0.0,0.0,-0.000161,-0.002208,-0.002661,-0.000885,-0.001655,-0.003022,-0.00649,-0.009067,549,1.0,63.3495,86.7715,UNCERTAIN,no_radar_coverage
12738,665.0,0.415625,0.6198,1.28,1783.424060150376,3511.9353383458647,42322.88345864661,889.898496240603,42.3327,1765,3498,1802,3527,13.3455,4.312,26.5415,11.5895,3.1512,-1165.9048,1.0,0.7761,0.3919,665.0,0.295352,0.274162,0.102077,1.0,1.0,0.033669,0.033458,0.0063,1.0,1.0,-0.007299,0.000989,0.000675,-7e-05,-0.001132,-0.002645,-0.013436,-0.023226,665,1.0,63.3495,86.7715,UNCERTAIN,high_shadow_variation
12920,204.0,0.1275,0.6071,1.71,1791.186274509804,3530.803921568628,42794.59803921569,695.8431372549021,42.8007,1781,3524,1805,3538,5.5705,3.1209,20.2037,5.1887,1.7364,-1123.3653,1.0,0.2257,0.3723,204.0,0.19798,0.188547,0.054164,1.0,1.0,0.039407,0.040809,0.008022,1.0,1.0,-0.018932,0.0007,0.001163,0.001536,4e-06,-0.004469,-0.015092,0.001244,204,1.0,63.3495,86.7715,UNCERTAIN,high_shadow_variation
12963,140.0,0.0875,0.5833,1.07,1797.9571428571428,1830.9285714285716,297.7142857142826,526.5714285714275,0.6047,1790,1824,1806,1839,8.9566,3.0113,17.8717,8.5441,2.3667,2533.1126,1.0,0.0,0.0,140.0,,,,0.0,0.0,,,,0.0,0.0,0.007112,0.003432,0.007923,0.005456,0.004958,0.009358,0.002398,0.025572,113,0.8071,87.7915,75.1252,UNCERTAIN,no_radar_coverage
12969,163.0,0.101875,0.7762,1.07,1804.7791411042945,1806.466257668712,-313.8435582822058,356.02147239264013,0.4739,1797,1800,1812,1814,14.076,5.0276,26.1527,12.9157,3.5014,2531.599,1.0,0.0226,0.1298,163.0,,,,0.0,0.0,,,,0.0,0.0,,,,,,,,,0,0.0,87.7915,75.1252,UNCERTAIN,high_slope_variation; no_radar_coverage
13011,262.0,0.16375,0.6238,1.05,1807.7900763358775,317.8587786259542,-37529.03053435114,280.7480916030545,37.5296,1798,307,1819,327,6.6001,4.4335,22.3119,6.4885,3.6379,-1790.4692,1.0,0.8176,0.3506,262.0,0.171952,0.1648,0.04022,1.0,1.0,0.044962,0.043532,0.008068,1.0,1.0,0.006354,0.008035,0.006993,0.007473,0.010122,0.007098,0.009526,0.004829,262,1.0,35.5577,101.3636,UNCERTAIN,high_shadow_variation
13014,420.0,0.2625,0.4575,1.26,1814.554761904762,2453.2285714285717,15855.214285714284,111.63095238094684,15.8561,1801,2437,1828,2471,12.631,5.1581,27.166,10.8375,3.0469,1765.1,1.0,0.0742,0.223,420.0,,,,0.0,0.0,0.449239,0.290029,0.38529,1.0,1.0,-0.00031,0.000294,0.001744,0.00043,-0.000458,-0.004175,-0.007029,-0.008653,420,1.0,109.6418,85.181,UNCERTAIN,high_slope_variation
13210,229.0,0.143125,0.3319,1.3,1828.1921397379915,330.6200873362445,-37209.99781659389,-229.30349344978455,37.2102,1815,318,1845,341,19.9989,5.05,28.748,19.2664,5.0138,-1745.5174,1.0,0.2217,0.3872,229.0,0.263681,0.23673,0.068604,1.0,1.0,0.03047,0.029182,0.006569,1.0,1.0,0.003534,0.006391,0.003024,0.003844,0.004844,0.003236,0.002232,-0.000295,229,1.0,35.5577,101.3636,UNCERTAIN,high_slope_variation; high_shadow_variation
13226,143.0,0.089375,0.6356,1.0,1842.6153846153843,1805.6433566433568,-334.41608391608315,-589.8846153846098,0.6783,1836,1799,1851,1814,11.8281,5.2497,28.869,12.0509,6.6189,2685.0943,1.0,0.0674,0.2258,143.0,,,,0.0,0.0,,,,0.0,0.0,0.085794,0.113739,0.151238,0.170322,0.184598,0.181388,0.182459,0.179226,38,0.2657,87.7915,75.1252,UNCERTAIN,high_slope_variation; no_radar_coverage
13305,1391.0,0.869375,0.3993,1.29,1830.4421279654923,3506.233644859813,42180.34112149532,-285.55319913731364,42.1818,1798,3478,1865,3530,12.4227,6.0,29.373,11.1714,5.3436,-938.0281,1.0,0.001,0.0247,1391.0,0.215654,0.209571,0.058417,1.0,1.0,0.037511,0.036712,0.007058,1.0,1.0,-0.007195,0.00113,-0.000602,0.001521,-0.004162,-0.003126,-0.007158,-0.008235,1391,1.0,63.3495,86.7715,UNCERTAIN,high_slope_variation
13472,2080.0,1.3,0.3799,1.03,1886.7,3193.5846153846155,34364.11538461539,-1692.0,34.4063,1851,3154,1926,3227,10.2728,5.2526,28.4648,8.7963,4.0684,-945.8926,1.0,0.1462,0.3364,2080.0,0.178618,0.171468,0.054776,0.948558,0.948558,0.04812,0.04474,0.012652,1.0,1.0,-5e-05,0.001142,-0.000695,-0.001013,0.000722,-0.000651,-0.005936,-0.00861,2080,1.0,66.0189,90.6798,UNCERTAIN,high_slope_variation
13611,272.0,0.17,0.5181,1.19,1902.283088235294,3337.1875,37954.1875,-2081.577205882357,38.0118,1892,3327,1917,3348,7.8362,4.3309,23.3164,7.1374,3.4323,-1175.3934,1.0,0.2026,0.367,272.0,0.160458,0.151359,0.052706,1.0,1.0,0.056546,0.05145,0.015736,1.0,1.0,-0.000406,0.001477,-0.002277,-0.001836,0.001823,0.005037,-0.001947,-0.000571,272,1.0,63.3495,86.7715,UNCERTAIN,high_shadow_variation
13782,195.0,0.121875,0.4924,1.22,1925.430769230769,190.4974358974359,-40713.0641025641,-2660.269230769234,40.7994,1916,180,1934,202,6.2079,6.6126,27.7537,5.8227,6.337,-2408.9411,1.0,1.0,0.0,195.0,0.263405,0.257067,0.040823,1.0,1.0,0.032185,0.029235,0.009007,0.938462,0.938462,0.004252,0.007144,0.007305,0.00533,0.00967,0.006245,0.000886,0.009015,195,1.0,35.5577,101.3636,UNCERTAIN,high_slope_variation
13835,192.0,0.12,0.3629,1.0,1940.5625,2968.265625,28731.140625,-3038.5625,28.8919,1929,2959,1952,2982,12.4843,7.249,28.9676,10.8219,5.0856,-476.5217,1.0,0.1913,0.3768,192.0,0.315958,0.293046,0.108866,1.0,1.0,0.072261,0.07343,0.007716,1.0,1.0,-0.004182,-0.00088,8.3e-05,0.001548,-0.002249,-0.000493,0.000762,-0.007768,192,1.0,66.0189,90.6798,UNCERTAIN,high_slope_variation; high_shadow_variation
13934,1194.0,0.74625,0.5593,1.74,1934.488274706868,3475.107202680067,41402.18006700168,-2886.706867671696,41.5032,1918,3442,1953,3503,10.7777,4.1793,23.0542,9.103,3.1541,-767.3983,1.0,0.2775,0.4237,1194.0,0.160144,0.158826,0.030049,1.0,1.0,0.071383,0.0715,0.022081,1.0,1.0,0.000724,0.003124,0.000307,-0.001347,-0.002761,-0.007954,-0.000409,-0.017963,1194,1.0,63.3495,86.7715,UNCERTAIN,high_shadow_variation
13949,711.0,0.444375,0.4489,1.22,1944.2756680731363,166.9029535864979,-41302.92616033755,-3131.391701828412,41.421,1922,147,1966,183,7.5967,5.4697,29.9951,6.7963,5.2791,-2390.2104,1.0,1.0,0.0,711.0,0.274035,0.247895,0.086402,1.0,1.0,0.03357,0.033972,0.003285,0.052039,0.052039,0.004646,0.005,0.007053,0.005595,0.008699,0.004628,0.001546,0.007447,711,1.0,35.5577,101.3636,UNCERTAIN,high_slope_variation
14042,1000.0,0.625,0.3876,1.4,1954.684,3321.354,37558.34999999999,-3391.5999999999985,37.7117,1922,3301,1982,3344,16.5557,3.8046,29.3199,14.791,2.5933,-1057.0071,1.0,0.4768,0.4855,1000.0,0.183419,0.182207,0.067341,1.0,1.0,0.067819,0.058089,0.02621,1.0,1.0,0.001846,-0.001606,0.000639,-0.000747,-0.000575,-0.003336,-0.00646,-0.009578,1000,1.0,63.3495,86.7715,UNCERTAIN,high_shadow_variation
14093,181.0,0.113125,0.6351,1.27,1972.1160220994475,3412.972375690608,39848.80939226519,-3827.400552486186,40.0327,1964,3406,1983,3421,13.6592,5.2456,23.5395,11.4321,3.1596,-719.1925,1.0,0.1854,0.3593,181.0,0.089168,0.073772,0.039743,1.0,1.0,0.052346,0.049478,0.011856,1.0,1.0,-0.000608,0.000584,0.00026,-0.000927,0.000975,-0.00253,-0.004531,-0.018491,181,1.0,63.3495,86.7715,UNCERTAIN,high_slope_variation; high_shadow_variation
14314,2270.0,1.41875,0.4046,1.85,2002.4140969162995,218.8396475770925,-40004.50881057269,-4584.85242290749,40.2659,1971,170,2026,272,8.9566,5.5296,26.2342,7.5327,4.695,-2389.3827,1.0,1.0,0.0,2270.0,0.297093,0.281336,0.071783,1.0,1.0,,,,0.0,0.0,-0.005744,0.003849,0.005046,0.005024,0.007069,0.005023,0.002652,-0.00038,2270,1.0,57.7818,98.3332,UNCERTAIN,high_slope_variation
14338,1669.0,1.043125,0.5582,1.41,2016.5817855002997,3484.834631515878,41645.36578789694,-4939.04463750749,41.9378,1983,3462,2048,3508,16.4811,3.3556,29.1072,14.6092,2.6066,-985.8179,1.0,0.6762,0.4443,1669.0,0.211615,0.20886,0.059973,1.0,1.0,0.06203,0.057278,0.020608,1.0,1.0,-0.001421,-0.000323,0.001367,-0.001094,-0.001484,-0.00294,-0.010366,-0.007755,1669,1.0,71.5812,82.9217,UNCERTAIN,high_shadow_variation
14448,172.0,0.1075,0.4526,1.05,2028.1627906976744,1381.110465116279,-10947.738372093025,-5228.569767441863,12.132,2018,1370,2037,1390,10.2648,5.7624,27.2486,8.02,2.8403,1639.4944,1.0,0.9502,0.1917,172.0,,,,0.0,0.0,0.038085,0.036394,0.007875,1.0,1.0,0.00226,0.001882,0.001643,0.004476,0.004322,0.00806,-0.002217,0.001129,172,1.0,268.3,83.5558,UNCERTAIN,high_slope_variation
14515,141.0,0.088125,0.5875,1.67,2031.936170212766,2196.7021276595747,9442.053191489364,-5322.904255319147,10.8398,2026,2187,2038,2207,10.5897,5.7269,24.1446,9.678,4.2525,-5578.1055,1.0,1.0,0.0,141.0,,,,0.0,0.0,0.11165,0.09379,0.071511,1.0,1.0,0.000235,0.004187,0.000889,0.000297,-0.003308,-0.012583,-0.007913,-0.02462,141,1.0,-15.0742,77.5565,UNCERTAIN,high_slope_variation
14736,1075.0,0.671875,0.4594,1.16,2053.078139534884,1319.2055813953489,-12495.360465116277,-5851.453488372092,13.7974,2028,1296,2080,1341,12.6723,5.0403,26.1439,11.226,3.9264,1772.6767,1.0,0.1825,0.3454,1075.0,,,,0.0,0.0,0.035329,0.031596,0.015422,1.0,1.0,0.007097,0.003764,0.003658,0.00432,0.007206,-0.002049,0.001648,0.004787,1075,1.0,268.3,83.5558,UNCERTAIN,high_slope_variation
14866,1526.0,0.95375,0.4817,1.38,2069.847313237221,3399.194626474443,39504.36566186107,-6270.682830930535,39.9995,2047,3370,2095,3436,9.6857,5.6281,28.4011,8.3332,4.6302,-852.5082,1.0,0.3301,0.4273,1526.0,0.161419,0.155985,0.071005,1.0,1.0,0.106422,0.099125,0.034733,1.0,1.0,-0.000863,-0.000262,-0.001021,-0.000389,-0.002686,-0.005705,-0.009265,-0.012855,1526,1.0,71.5812,82.9217,UNCERTAIN,high_slope_variation; high_shadow_variation
14870,356.0,0.2225,0.6246,1.58,2086.1011235955057,2192.733146067416,9342.8286516854,-6677.0280898876445,11.4842,2070,2184,2100,2203,11.9861,5.198,27.4003,10.0484,3.1771,-5579.3963,1.0,1.0,0.0,356.0,,,,0.0,0.0,0.016867,0.017229,0.003058,1.0,1.0,0.000132,0.001032,0.000525,0.000623,0.000554,-5.2e-05,-0.002863,0.000162,356,1.0,-15.0742,77.5565,UNCERTAIN,high_slope_variation
14890,549.0,0.343125,0.4766,1.12,2077.023679417122,2849.8597449908925,25770.99362477231,-6450.091985428051,26.5665,2064,2829,2096,2865,10.5948,5.2289,27.4923,8.8505,3.4919,171.8517,1.0,0.0909,0.2694,549.0,0.532883,0.527405,0.135899,1.0,1.0,0.036878,0.035592,0.009084,1.0,1.0,0.001279,0.000543,-0.001547,0.000367,-0.001229,-0.000678,-0.010005,-0.00148,549,1.0,127.1508,86.7202,UNCERTAIN,high_slope_variation
14942,257.0,0.160625,0.4138,1.17,2081.9844357976654,2837.782101167315,25469.052529182867,-6574.1108949416375,26.3044,2071,2826,2098,2849,10.2949,5.2012,22.5021,9.0513,3.6461,195.8923,1.0,0.0056,0.0581,257.0,0.550274,0.530591,0.159454,1.0,1.0,0.038103,0.034029,0.013645,1.0,1.0,0.001713,0.000648,-0.001678,0.001468,-0.00291,0.000199,-0.017609,-0.002854,257,1.0,127.1508,86.7202,UNCERTAIN,high_slope_variation
14943,413.0,0.258125,0.4275,1.83,2086.2929782082324,2888.1549636803875,26728.37409200969,-6681.8244552058095,27.5515,2076,2868,2099,2910,6.1998,3.2745,19.4358,5.0992,1.5984,151.5695,1.0,0.2998,0.411,413.0,0.587391,0.577377,0.167147,1.0,1.0,0.043656,0.042306,0.011821,1.0,1.0,0.000202,-0.003154,-0.009009,0.000774,-0.002538,-0.003601,-0.004433,-0.007836,413,1.0,127.1508,86.7202,UNCERTAIN,high_shadow_variation
14951,803.0,0.501875,0.6434,1.22,2082.087173100872,3465.483188044832,41161.57970112079,-6576.679327521801,41.6842,2067,3446,2099,3485,11.2573,5.895,25.659,9.5338,4.5826,-799.7888,1.0,0.1578,0.3354,803.0,0.197572,0.187267,0.046114,1.0,1.0,0.056206,0.054853,0.010192,1.0,1.0,-0.002099,0.01069,0.00038,0.000568,0.000339,0.002467,-0.002157,0.003472,803,1.0,71.5812,82.9217,UNCERTAIN,high_slope_variation
14976,222.0,0.13875,0.6099,2.15,2089.653153153153,2544.9054054054054,18147.135135135133,-6765.828828828831,19.368,2075,2540,2103,2553,10.5161,5.5138,28.5447,10.6776,6.5343,2325.6787,1.0,0.1843,0.3522,222.0,0.753304,0.753319,0.207445,1.0,1.0,0.057297,0.049981,0.033272,1.0,1.0,0.000294,-9.7e-05,-0.001225,-0.000169,-0.000226,-0.001189,-0.003041,-0.005934,222,1.0,159.2376,82.1903,UNCERTAIN,high_slope_variation; high_shadow_variation
14985,1040.0,0.65,0.3641,1.1,2089.8365384615386,802.4961538461539,-25413.096153846152,-6770.413461538461,26.2992,2067,775,2118,831,10.9781,5.4232,29.6224,9.4765,3.8848,2153.5843,1.0,0.1142,0.281,1040.0,,,,0.0,0.0,0.032365,0.030587,0.008784,1.0,1.0,0.00538,0.003468,0.001667,0.00207,0.001632,0.001983,-0.002295,-8.3e-05,959,0.9221,202.389,88.4478,UNCERTAIN,high_slope_variation
15072,396.0,0.2475,0.511,1.24,2086.853535353536,2056.0176767676767,5924.941919191915,-6695.838383838382,8.9416,2073,2044,2104,2069,18.7367,5.8121,29.7602,17.3326,4.3315,-5247.6391,1.0,1.0,0.0,396.0,,,,0.0,0.0,0.017241,0.017315,0.0024,1.0,1.0,0.004173,0.004202,0.000571,-0.00077,0.002842,0.003368,-0.000981,-0.000948,396,1.0,-15.0742,77.5565,UNCERTAIN,high_slope_variation
15095,555.0,0.346875,0.6639,2.32,2115.210810810811,3372.3981981981983,38834.45495495496,-7404.770270270274,39.5347,2093,3363,2137,3382,14.1571,4.1557,27.2058,12.5258,2.8834,-987.0886,1.0,0.6994,0.4379,555.0,0.1383,0.133037,0.051273,1.0,1.0,0.036904,0.034383,0.009271,1.0,1.0,-0.001885,0.001872,-2.1e-05,-0.002125,-2.7e-05,0.00066,-0.002858,-0.00178,555,1.0,71.5812,82.9217,UNCERTAIN,high_shadow_variation
15137,2768.0,1.73,0.4584,1.62,2105.923410404624,3001.3034682080925,29557.08670520231,-7172.5852601156,30.4155,2077,2950,2138,3049,8.3552,4.2327,25.4498,6.9599,3.0493,78.1406,1.0,0.2645,0.4179,2768.0,0.264397,0.258331,0.060512,0.856936,0.856936,0.05112,0.048972,0.013499,1.0,1.0,0.000818,0.002794,-0.00109,-0.001263,-0.000479,-0.003227,-0.004941,-0.003875,2768,1.0,127.1508,86.7202,UNCERTAIN,high_shadow_variation
15138,879.0,0.549375,0.46,1.26,2103.1012514220706,3350.229806598408,38280.245164960186,-7102.031285551762,38.9341,2079,3332,2128,3371,14.1575,5.0043,29.1611,12.5911,3.6074,-1120.3521,1.0,0.9732,0.1556,879.0,0.281181,0.278133,0.076339,1.0,1.0,0.079903,0.056818,0.065866,1.0,1.0,-0.002789,0.007099,-3.6e-05,-0.000863,-0.001047,-0.000932,-0.004106,-0.003323,879,1.0,71.5812,82.9217,UNCERTAIN,high_slope_variation
15225,470.0,0.29375,0.4747,1.1,2124.3936170212764,2965.214893617021,28654.87234042553,-7634.340425531911,29.655,2108,2949,2141,2979,6.6063,3.0432,18.8611,5.6434,2.0163,63.9412,1.0,0.2871,0.4196,470.0,0.267117,0.257839,0.054231,1.0,1.0,0.046841,0.046358,0.010004,1.0,1.0,-0.003997,0.009756,0.000606,-0.000986,-0.001778,0.002257,-0.004793,-0.004874,470,1.0,127.1508,86.7202,UNCERTAIN,high_shadow_variation
15233,1228.0,0.7675,0.4283,1.3,2118.692996742671,3463.9438110749184,41123.09527687296,-7491.824918566774,41.8005,2092,3441,2153,3488,7.8517,4.3865,28.0221,6.8231,4.1736,-821.7553,1.0,0.2253,0.3748,1228.0,0.18942,0.185234,0.038754,1.0,1.0,0.060324,0.056688,0.016939,1.0,1.0,-0.000287,-0.000721,-0.001578,0.000839,0.000821,-0.000177,-0.001105,-0.001417,1228,1.0,71.5812,82.9217,UNCERTAIN,high_shadow_variation
15242,643.0,0.401875,0.6482,1.03,2112.881804043546,3427.9828926905134,40224.07231726284,-7346.545101088646,40.89,2098,3414,2130,3445,5.8845,3.3933,17.0785,4.8681,2.1309,-806.9105,1.0,0.209,0.3597,643.0,0.178669,0.168427,0.034006,1.0,1.0,0.083306,0.077959,0.020478,1.0,1.0,-0.000973,-0.000452,-0.001883,-0.00059,-0.00072,0.001496,-0.00334,-0.003418,643,1.0,71.5812,82.9217,UNCERTAIN,high_shadow_variation
15250,1212.0,0.7575,0.5445,1.26,2103.8564356435645,3394.1526402640266,39378.31600660067,-7120.910891089116,40.0176,2076,3375,2129,3417,10.4829,3.5216,22.2017,8.9987,2.4146,-882.7463,1.0,0.526,0.4533,1212.0,0.127444,0.120652,0.041262,1.0,1.0,0.073441,0.071613,0.025695,1.0,1.0,-0.00214,0.003591,0.000313,-0.001917,-0.000402,0.001039,-0.002383,-0.002373,1212,1.0,71.5812,82.9217,UNCERTAIN,high_shadow_variation
15334,291.0,0.181875,0.5575,1.61,2129.536082474227,2799.9037800687283,24522.09450171821,-7762.902061855675,25.7221,2113,2791,2142,2809,9.2118,4.1762,25.4595,7.2689,1.8871,283.3603,1.0,0.5195,0.4823,291.0,0.302113,0.287613,0.060838,1.0,1.0,0.019101,0.021446,0.013446,0.85567,0.85567,-0.002766,0.008541,1.1e-05,-0.001198,0.001512,-0.003635,-0.001652,0.001001,291,1.0,127.1508,86.7202,UNCERTAIN,high_shadow_variation
15354,355.0,0.221875,0.692,1.42,2131.543661971831,2818.701408450704,24992.035211267605,-7813.091549295779,26.1855,2123,2807,2142,2834,7.5668,5.0573,24.0166,6.1825,3.4004,314.4485,1.0,0.3754,0.4592,355.0,0.387852,0.375183,0.079532,1.0,1.0,0.027269,0.025045,0.011984,0.752113,0.752113,-0.004677,0.015851,5.1e-05,-0.000131,9.7e-05,-0.002948,-0.003487,0.004295,355,1.0,127.1508,86.7202,UNCERTAIN,high_slope_variation; high_shadow_variation
15358,640.0,0.4,0.4805,1.03,2126.5265625,63.66875,-43883.78125,-7687.664062500007,44.5517,2109,50,2146,86,9.7402,6.2455,26.5839,7.7261,4.0938,-2444.9695,1.0,1.0,0.0,640.0,0.305229,0.262335,0.12093,1.0,1.0,0.009218,0.008908,0.001172,1.0,1.0,0.002894,0.003789,0.003088,0.004147,0.005179,-0.002635,0.000978,0.005723,640,1.0,57.7818,98.3332,UNCERTAIN,high_slope_variation
15365,240.0,0.15,0.5333,1.39,2127.3875,1277.375,-13541.125,-7709.187499999993,15.5816,2118,1266,2136,1291,9.0141,3.9396,20.5652,8.4937,3.0859,1922.9507,1.0,0.5055,0.411,240.0,0.207334,0.206722,0.04589,1.0,1.0,0.044466,0.043513,0.005143,1.0,1.0,0.005545,0.00373,0.004501,-0.001587,0.005973,0.003265,-0.001613,0.004608,240,1.0,268.3,83.5558,UNCERTAIN,high_shadow_variation
15368,371.0,0.231875,0.5946,1.08,2133.380053908356,2920.4070080862534,27534.67520215633,-7859.001347708894,28.6349,2120,2908,2144,2934,5.3278,2.4396,13.6739,4.4574,1.6443,127.7545,1.0,0.37,0.4345,371.0,0.307636,0.30296,0.05826,1.0,1.0,0.02772,0.02642,0.006153,1.0,1.0,-0.001554,0.002965,0.002705,0.001035,0.000669,0.000463,-0.004784,-0.005058,371,1.0,127.1508,86.7202,UNCERTAIN,high_shadow_variation
15444,295.0,0.184375,0.4966,1.23,2144.55593220339,3545.905084745763,43172.12711864407,-8138.398305084753,43.9331,2133,3533,2155,3560,11.5719,6.1428,27.1001,10.9614,5.2901,-1711.1308,1.0,1.0,0.0,295.0,0.20243,0.198341,0.067001,1.0,1.0,0.094316,0.090907,0.023869,1.0,1.0,-0.001024,0.002513,-0.000228,0.002153,0.007954,0.004929,0.002262,0.004976,295,1.0,71.5812,82.9217,UNCERTAIN,high_slope_variation
15480,1065.0,0.665625,0.4926,1.02,2160.39530516432,2973.3446009389672,28858.11502347418,-8534.382629107982,30.0942,2137,2950,2184,2996,12.9141,5.8922,26.1074,11.1729,4.7746,147.7953,1.0,0.0157,0.1003,1065.0,0.271893,0.272725,0.043999,0.171831,0.171831,0.023483,0.020633,0.00813,1.0,1.0,-5.6e-05,-0.002515,0.000554,-0.000529,-0.001718,-0.001991,-0.003454,-0.004367,1065,1.0,127.1508,86.7202,UNCERTAIN,high_slope_variation
15573,292.0,0.1825,0.553,1.09,2160.458904109589,739.3458904109589,-26991.85273972603,-8535.972602739726,28.3091,2150,728,2174,750,15.5373,5.3976,27.8862,14.2586,4.5129,1616.1947,1.0,0.0951,0.2683,292.0,0.338067,0.3273,0.077201,1.0,1.0,0.015207,0.015149,0.002127,1.0,1.0,-0.000172,0.001584,-0.00224,-0.002015,-0.001697,-0.008561,-0.019837,-0.020654,292,1.0,117.2382,89.0249,UNCERTAIN,high_slope_variation
15598,417.0,0.260625,0.4572,2.53,2148.3741007194244,3199.019184652278,34499.979616306955,-8233.852517985608,35.4695,2123,3191,2171,3210,9.5094,3.9306,24.5369,7.4629,2.275,-446.8354,1.0,0.7831,0.3559,417.0,0.412676,0.400739,0.136546,1.0,1.0,0.066314,0.06294,0.018467,1.0,1.0,0.001138,-0.002401,-0.002123,0.00075,0.001176,-0.00287,0.001139,-0.001894,417,1.0,127.1508,86.7202,UNCERTAIN,high_shadow_variation
15608,216.0,0.135,0.6429,1.31,2155.810185185185,3451.296296296296,40806.9074074074,-8419.754629629628,41.6671,2148,3442,2164,3463,5.2072,2.2534,12.6071,4.781,1.8623,-912.44,1.0,0.5791,0.4664,216.0,0.19011,0.18873,0.026957,1.0,1.0,0.046568,0.04724,0.005933,1.0,1.0,-0.003565,0.001208,0.000501,0.001814,0.017756,0.008653,0.000761,0.004421,216,1.0,71.5812,82.9217,UNCERTAIN,high_shadow_variation
15643,822.0,0.51375,0.4551,1.02,2160.6727493917274,3321.026763990268,37550.16909975669,-8541.318734793182,38.5099,2142,3302,2185,3344,8.9696,5.3738,28.6028,7.6026,4.377,-713.995,1.0,0.1424,0.3135,822.0,0.254065,0.237467,0.068367,1.0,1.0,0.054973,0.052848,0.014218,1.0,1.0,0.000617,0.001419,0.001585,0.002607,0.009416,0.005283,0.002049,0.004307,822,1.0,71.5812,82.9217,UNCERTAIN,high_slope_variation
15749,1995.0,1.246875,0.4263,1.11,2196.206015037594,3337.863157894737,37971.07894736843,-9429.650375939857,39.125,2155,3303,2227,3368,12.7943,5.6308,29.9474,10.9385,4.5812,-704.6582,1.0,0.2596,0.423,1995.0,0.223426,0.212543,0.062587,1.0,1.0,0.045973,0.041072,0.021743,1.0,1.0,0.000801,0.001927,0.000914,0.00057,-0.000549,-0.004847,-0.002377,-0.004175,1995,1.0,71.5812,82.9217,UNCERTAIN,high_slope_variation; high_shadow_variation
15750,1356.0,0.8475,0.5231,1.12,2183.67994100295,3454.920353982301,40897.50884955753,-9116.498525073745,41.9019,2158,3431,2206,3485,6.3148,3.3327,23.0062,5.3064,2.2647,-872.4796,1.0,0.2254,0.3806,1356.0,0.213154,0.205258,0.046391,1.0,1.0,0.058299,0.055088,0.014547,1.0,1.0,-0.000679,0.003027,-0.000331,0.001127,0.001806,-0.001098,-0.002111,-0.004831,1356,1.0,71.5812,82.9217,UNCERTAIN,high_shadow_variation
15817,465.0,0.290625,0.4697,1.1,2183.89247311828,3313.6731182795697,37366.32795698925,-9121.81182795699,38.4642,2168,3298,2198,3331,9.2861,4.551,24.2115,8.2512,3.3,-716.806,1.0,0.4077,0.4568,465.0,0.260357,0.242447,0.069096,1.0,1.0,0.053395,0.042745,0.026167,1.0,1.0,0.008891,0.004201,0.001971,0.003451,0.003256,-2.8e-05,-0.001024,-0.001804,465,1.0,71.5812,82.9217,UNCERTAIN,high_shadow_variation
15895,281.0,0.175625,0.5916,1.32,2199.896797153025,3268.537366548043,36237.934163701066,-9521.919928825628,37.4687,2191,3257,2210,3282,5.9522,2.9599,13.4334,5.0929,1.9698,-539.9219,1.0,0.4164,0.4534,281.0,0.314983,0.307162,0.050189,1.0,1.0,0.069599,0.068187,0.013357,1.0,1.0,0.005058,0.003376,0.000856,-0.000769,0.001724,-0.016526,-0.004558,-0.006639,281,1.0,71.5812,82.9217,UNCERTAIN,high_shadow_variation
15998,542.0,0.33875,0.3777,1.17,2206.577490774908,1111.8948339483395,-17678.129151291512,-9688.937269372698,20.159,2190,1094,2225,1135,11.1201,5.2378,25.98,10.3964,4.4827,2943.0688,1.0,0.031,0.138,542.0,0.417492,0.40425,0.108683,1.0,1.0,0.038796,0.037144,0.011295,1.0,1.0,0.003273,0.003769,0.001843,0.000695,0.0069,-0.003431,0.000484,-0.006442,542,1.0,202.389,88.4478,UNCERTAIN,high_slope_variation
16035,412.0,0.2575,0.4016,1.41,2211.245145631068,3441.635922330097,40565.39805825242,-9805.628640776697,41.7343,2199,3423,2226,3461,10.5111,6.3933,29.7416,7.8709,3.7542,-870.2719,1.0,0.2355,0.3816,412.0,0.205901,0.206053,0.031719,1.0,1.0,0.058482,0.056898,0.017999,1.0,1.0,-0.00183,0.000552,0.000963,-0.000734,-0.003787,-0.008838,-0.003426,-0.009426,412,1.0,71.5812,82.9217,UNCERTAIN,high_slope_variation; high_shadow_variation
16036,593.0,0.370625,0.452,1.28,2216.342327150084,3514.301854974705,42382.04637436762,-9933.058178752108,43.5311,2201,3490,2233,3531,7.3366,5.2661,24.8982,6.7735,4.9904,-881.803,1.0,0.0732,0.2224,593.0,0.207885,0.203424,0.041249,1.0,1.0,0.056431,0.056013,0.016748,1.0,1.0,-0.00086,0.003522,-0.000697,-0.00078,-0.00242,-0.00245,-0.002192,-0.002126,593,1.0,71.5812,82.9217,UNCERTAIN,high_slope_variation
16077,146.0,0.09125,0.5489,1.36,2225.746575342466,3298.1164383561645,36977.41095890412,-10168.16438356164,38.3506,2217,3291,2236,3305,8.5149,5.3097,22.8238,7.4335,3.0335,-543.8269,1.0,0.0589,0.1915,146.0,0.231442,0.228493,0.022008,1.0,1.0,0.034558,0.03341,0.006163,1.0,1.0,0.000657,-0.00051,-0.000163,-0.00236,-0.002513,-0.005838,-0.002657,-0.000944,146,1.0,71.5812,82.9217,UNCERTAIN,high_slope_variation
16085,370.0,0.23125,0.5958,1.17,2230.35945945946,1588.0243243243244,-5774.891891891886,-10283.486486486494,11.7942,2217,1577,2244,1600,9.6715,5.2156,27.3218,8.6051,3.5376,2878.8834,1.0,0.1676,0.3285,370.0,0.539148,0.518289,0.118179,1.0,1.0,0.093244,0.084907,0.057303,1.0,1.0,0.002205,0.003521,-0.001116,0.000176,0.000555,0.004781,-0.003277,-0.007354,370,1.0,268.3,83.5558,UNCERTAIN,high_slope_variation
16090,136.0,0.085,0.4772,1.27,2220.4926470588234,3504.625,42140.125,-10036.816176470587,43.3195,2211,3499,2230,3514,5.2257,1.7478,9.766,4.0951,0.5152,-882.1462,1.0,0.605,0.414,136.0,0.154029,0.14889,0.030101,1.0,1.0,0.054475,0.049219,0.023321,1.0,1.0,-0.001255,0.003893,-0.0007,-0.000638,-0.001155,-0.000611,-0.00137,-0.001226,136,1.0,71.5812,82.9217,UNCERTAIN,high_shadow_variation
16098,285.0,0.178125,0.4957,1.09,2231.480701754386,2855.7263157894736,25917.65789473684,-10311.517543859642,27.8942,2222,2842,2245,2867,5.2474,3.3482,17.7402,4.4778,1.9913,626.1005,1.0,0.2799,0.3936,285.0,0.570989,0.542096,0.144517,0.835088,0.835088,0.060493,0.0623,0.007621,1.0,1.0,-0.001601,0.001996,-0.002171,-0.000306,0.000849,-0.003717,-0.005957,-0.005614,285,1.0,127.1508,86.7202,UNCERTAIN,high_shadow_variation
16118,1526.0,0.95375,0.4607,1.44,2206.8322411533422,3288.992136304063,36749.303407601576,-9695.306028833556,38.0073,2174,3265,2243,3313,13.1269,7.0445,29.8387,11.3141,5.8332,-577.6004,1.0,0.0191,0.1147,1526.0,0.236119,0.234498,0.054573,1.0,1.0,0.05069,0.050013,0.013127,1.0,1.0,0.003379,0.002168,0.001604,-1.3e-05,-0.001176,-0.004534,-0.003201,-0.003278,1526,1.0,71.5812,82.9217,UNCERTAIN,high_slope_variation
16165,178.0,0.11125,0.4944,1.11,2243.213483146068,2851.325842696629,25807.646067415728,-10604.83707865169,27.9022,2234,2845,2254,2863,8.0299,4.1753,17.7077,6.797,2.8795,620.2656,1.0,0.418,0.4549,178.0,0.364878,0.351436,0.068991,0.280899,0.280899,0.053232,0.053376,0.008156,1.0,1.0,0.000392,0.001608,-0.005213,-0.000244,-0.000551,-0.002194,-0.009017,-0.004714,178,1.0,127.1508,86.7202,UNCERTAIN,high_shadow_variation
16249,344.0,0.215,0.5539,1.17,2253.595930232558,1504.4156976744189,-7865.107558139534,-10864.398255813954,13.4126,2241,1493,2268,1516,12.5135,4.3425,22.6664,10.397,2.8538,3353.7889,1.0,0.2142,0.3852,344.0,0.440499,0.440502,0.091676,1.0,1.0,0.034902,0.031665,0.013816,1.0,1.0,0.007823,0.00715,0.006291,0.007913,0.011348,0.006021,0.009531,0.010315,344,1.0,268.3,83.5558,UNCERTAIN,high_shadow_variation
16370,622.0,0.38875,0.3362,1.35,2262.9983922829583,3504.207395498392,42129.68488745981,-11099.45980707396,43.5679,2247,3483,2284,3533,5.3686,2.7216,16.5078,4.4329,1.5192,-912.0308,1.0,0.2584,0.4007,622.0,0.196041,0.189337,0.045312,1.0,1.0,0.043181,0.040976,0.011106,1.0,1.0,-0.000427,0.000996,-0.001021,0.000708,-0.00669,-0.012528,-0.022266,-0.040142,622,1.0,71.5812,82.9217,UNCERTAIN,high_shadow_variation
16421,338.0,0.21125,0.7042,1.2,2278.3136094674555,1044.0562130177516,-19374.09467455621,-11482.340236686388,22.5209,2269,1034,2289,1058,12.6966,5.28,25.1191,10.8633,3.7457,1851.5583,1.0,0.0768,0.2436,338.0,0.384959,0.386054,0.063033,1.0,1.0,,,,0.0,0.0,0.011267,0.009665,0.012448,0.012745,0.017832,0.01485,0.015449,0.013529,338,1.0,202.389,88.4478,UNCERTAIN,high_slope_variation
16440,200.0,0.125,0.5556,1.6,2270.535,3473.075,41351.375,-11287.875,42.865,2260,3466,2284,3481,4.4319,2.5209,14.2882,3.8052,1.3428,-891.0052,1.0,0.2712,0.4081,200.0,0.192112,0.188076,0.0487,1.0,1.0,0.072848,0.059539,0.04536,1.0,1.0,-0.000271,-0.001038,0.001095,0.00233,-0.005325,-0.008252,-0.014628,-0.038409,200,1.0,71.5812,82.9217,UNCERTAIN,high_shadow_variation
16648,239.0,0.149375,0.4178,1.18,2302.560669456067,3241.828451882845,35570.21129707113,-12088.516736401674,37.5689,2290,3231,2312,3257,10.4072,3.9603,25.4492,9.0114,2.3617,-262.0631,1.0,0.7403,0.394,239.0,0.246698,0.249901,0.041543,1.0,1.0,0.06218,0.062788,0.006204,1.0,1.0,0.000398,0.000523,-0.001394,0.001022,-0.001034,-0.00537,-0.004068,0.000204,239,1.0,71.5812,82.9217,UNCERTAIN,high_shadow_variation
16729,541.0,0.338125,0.541,1.6,2326.96303142329,1113.8059149722735,-17630.352125693164,-12698.575785582252,21.7274,2305,1103,2345,1128,14.0742,5.2888,28.558,12.0071,4.1713,2272.2327,1.0,0.2665,0.412,541.0,0.33868,0.340815,0.076927,1.0,1.0,,,,0.0,0.0,0.024568,0.030051,0.035351,0.037493,0.041491,0.043102,0.042685,0.039122,541,1.0,202.389,88.4478,UNCERTAIN,high_slope_variation; high_shadow_variation
17277,150.0,0.09375,0.5556,1.2,2395.72,3408.3,39732.0,-14417.499999999993,42.2676,2386,3402,2404,3417,10.7905,5.3457,24.3533,9.2626,3.6886,-651.4637,1.0,0.0168,0.1007,150.0,0.207996,0.20042,0.052255,0.813333,0.813333,0.103806,0.104614,0.024376,1.0,1.0,-0.003972,0.001217,0.000196,0.000439,-0.002186,-0.000456,-0.007795,-0.010096,150,1.0,71.5812,82.9217,UNCERTAIN,high_slope_variation
17281,333.0,0.208125,0.3854,1.5,2395.81981981982,1446.7777777777778,-9306.055555555557,-14419.995495495496,17.1623,2379,1435,2415,1459,9.9761,5.1729,21.1965,8.4441,3.5936,3215.7749,1.0,0.053,0.1952,333.0,0.433727,0.424253,0.096521,1.0,1.0,0.01618,0.014491,0.004881,0.648649,0.648649,0.002335,0.001117,0.010578,0.00205,-0.001408,-0.006845,-0.008467,-0.010119,333,1.0,268.3,83.5558,UNCERTAIN,high_slope_variation
17305,1093.0,0.683125,0.5741,2.43,2393.462946020128,2592.822506861848,19345.0626715462,-14361.073650503204,24.0937,2380,2561,2408,2629,11.6647,6.0699,28.6169,10.2329,5.0435,2106.495,1.0,0.0204,0.1176,1093.0,0.359167,0.332795,0.1137,1.0,1.0,0.082287,0.078311,0.02031,1.0,1.0,-0.00441,-0.006753,-0.002598,-0.003971,-2e-06,-0.009411,-0.007149,-0.008294,1093,1.0,159.2376,82.1903,UNCERTAIN,high_slope_variation
17473,472.0,0.295,0.4932,1.14,2408.1504237288136,1573.156779661017,-6146.580508474573,-14728.260593220344,15.9597,2394,1557,2423,1590,6.7739,3.0308,14.7006,6.0925,2.282,2562.251,1.0,0.7536,0.4017,472.0,0.330372,0.322921,0.099882,1.0,1.0,0.016277,0.016331,0.001453,0.90678,0.90678,-0.000525,0.000974,0.000592,0.001347,0.001038,-0.002011,-0.003455,-0.007326,472,1.0,170.0244,80.4071,UNCERTAIN,high_shadow_variation
17477,791.0,0.494375,0.5146,1.83,2413.4310998735778,2609.806573957017,19769.664348925413,-14860.277496839444,24.7326,2399,2586,2428,2639,9.8962,5.562,29.0213,8.1305,4.3601,2126.4308,1.0,0.0409,0.1656,791.0,0.355292,0.344992,0.08342,1.0,1.0,0.096179,0.086869,0.035749,1.0,1.0,-9.9e-05,-0.000917,0.003499,-0.000303,0.000226,-0.005785,-0.005834,-0.004014,791,1.0,206.9462,82.5201,UNCERTAIN,high_slope_variation
17592,465.0,0.290625,0.6889,1.08,2433.378494623656,1552.868817204301,-6653.779569892475,-15358.962365591404,16.7386,2422,1541,2447,1568,7.9458,4.3785,23.8887,6.6121,3.13,2602.8038,1.0,0.2402,0.3926,465.0,0.361101,0.365174,0.067915,1.0,1.0,,,,0.0,0.0,-2.7e-05,0.000597,-0.00019,0.00045,-0.005631,-0.018412,-0.008671,-0.003791,465,1.0,170.0244,80.4071,UNCERTAIN,high_shadow_variation
17605,345.0,0.215625,0.4752,1.5,2433.3159420289853,1919.3507246376807,2508.268115942032,-15357.398550724633,15.5615,2423,1906,2445,1939,13.3106,5.5267,27.1855,12.3922,4.7848,2455.8863,1.0,0.0509,0.1882,345.0,0.656961,0.651041,0.13063,1.0,1.0,0.020058,0.017604,0.008564,1.0,1.0,0.001365,0.001422,0.001047,-0.000994,0.002635,-0.001744,-0.005218,-0.001916,345,1.0,147.9055,80.9548,UNCERTAIN,high_slope_variation
17652,398.0,0.24875,0.5467,1.08,2430.620603015075,714.8316582914573,-27604.708542713568,-15290.015075376885,31.5562,2419,700,2445,728,4.8104,2.3406,11.7092,4.0682,1.8395,-2167.3493,1.0,0.3888,0.44,398.0,0.188434,0.189142,0.041641,1.0,1.0,0.017613,0.017334,0.001694,1.0,1.0,0.001944,-0.000618,-0.001273,0.000368,0.000629,-0.001563,-0.001536,-0.003387,398,1.0,-42.3675,82.1954,UNCERTAIN,high_shadow_variation
17793,1010.0,0.63125,0.4698,1.16,2449.0722772277227,3339.337623762376,38007.9405940594,-15751.30693069307,41.1432,2429,3313,2472,3363,14.0193,5.4396,28.2503,12.4459,4.1019,-102.4989,1.0,0.0027,0.0341,1010.0,0.277465,0.272736,0.039813,1.0,1.0,0.063426,0.058234,0.017184,1.0,1.0,0.000407,0.000621,-0.002578,-0.000608,0.000463,-0.003112,-0.009773,-0.006236,1010,1.0,56.2741,70.7399,UNCERTAIN,high_slope_variation
17852,223.0,0.139375,0.446,1.25,2463.7264573991038,1983.784753363229,4119.11883408072,-16117.661434977585,16.6363,2452,1973,2472,1998,10.1989,5.4949,26.5442,10.0516,4.4581,2386.0522,1.0,0.0235,0.1042,223.0,0.728456,0.72435,0.110966,1.0,1.0,0.026015,0.018225,0.023654,1.0,1.0,0.001089,0.002427,-0.000813,-0.001548,-0.010623,-0.003905,-0.015403,-0.020043,223,1.0,147.9055,80.9548,UNCERTAIN,high_slope_variation
17891,616.0,0.385,0.5404,1.27,2477.508116883117,2754.6396103896104,23390.49025974025,-16462.20292207793,28.6035,2460,2739,2498,2769,4.1811,2.2348,12.2018,3.5851,1.7102,2218.0098,1.0,0.3965,0.4518,616.0,,,,0.0,0.0,0.085291,0.081837,0.017653,1.0,1.0,-0.002109,0.001794,-2.1e-05,0.000694,0.000708,-3.3e-05,-0.001282,0.002936,616,1.0,206.9462,82.5201,UNCERTAIN,high_shadow_variation
17902,177.0,0.110625,0.5619,1.4,2474.598870056497,2607.937853107345,19722.946327683618,-16389.471751412428,25.6446,2465,2601,2486,2616,5.8677,2.9138,16.501,4.361,1.1231,2125.7376,1.0,0.2434,0.3768,177.0,0.242809,0.240112,0.047864,1.0,1.0,0.084003,0.081683,0.017993,1.0,1.0,-0.004963,0.00129,0.000133,-0.000199,0.001232,0.000715,-0.000772,-0.010982,177,1.0,206.9462,82.5201,UNCERTAIN,high_shadow_variation
17909,223.0,0.139375,0.5868,1.05,2469.699551569506,1434.8565022421524,-9604.087443946191,-16266.988789237665,18.8907,2459,1427,2479,1446,8.125,3.5513,19.2847,6.5228,1.6962,2992.7953,1.0,0.4726,0.4615,223.0,0.427032,0.438842,0.088104,1.0,1.0,,,,0.0,0.0,0.004083,0.001151,0.001693,0.00065,0.004541,0.000679,-0.000531,-0.00273,223,1.0,170.0244,80.4071,UNCERTAIN,high_shadow_variation
17972,500.0,0.3125,0.6158,1.04,2470.716,2813.04,24850.5,-16292.399999999994,29.7158,2456,2801,2485,2829,6.428,3.737,17.4897,5.4171,2.56,2314.5346,1.0,0.2247,0.3848,500.0,,,,0.0,0.0,0.073721,0.074048,0.01158,1.0,1.0,-0.003592,0.00192,0.002395,-0.001191,0.002139,-0.001491,-0.002145,-0.017997,500,1.0,224.1259,75.5495,UNCERTAIN,high_shadow_variation
17981,436.0,0.2725,0.425,1.41,2487.0091743119265,2510.5573394495414,17288.433486238537,-16699.72935779816,24.0376,2474,2489,2501,2527,11.7261,5.5321,29.9426,9.944,4.0583,1941.7376,1.0,0.0593,0.2023,436.0,0.202828,0.195857,0.044107,1.0,1.0,0.050964,0.048424,0.011987,1.0,1.0,-0.001275,0.000286,-0.000613,-0.001174,0.001437,0.002577,-0.000673,-0.015496,436,1.0,206.9462,82.5201,UNCERTAIN,high_slope_variation
17999,198.0,0.12375,0.4125,1.2,2488.0,2714.09595959596,22376.898989899,-16724.5,27.937,2480,2703,2500,2727,9.0606,5.966,23.4378,7.8234,5.28,2243.5103,1.0,0.021,0.1136,198.0,,,,0.0,0.0,0.078146,0.073546,0.01485,1.0,1.0,-0.001795,0.000866,0.002969,-0.00085,-0.000601,0.002858,-0.001598,-0.003478,198,1.0,206.9462,82.5201,UNCERTAIN,high_slope_variation
18011,2969.0,1.855625,0.417,1.11,2526.061636914786,2854.451330414281,25885.783260357028,-17676.04092286965,31.3458,2481,2808,2570,2888,13.3022,6.4913,28.5517,11.8618,5.7645,2310.7632,1.0,0.2774,0.4383,2969.0,,,,0.0,0.0,0.069341,0.068926,0.012279,1.0,1.0,0.000903,0.001245,0.000114,0.00114,0.002068,0.003255,-0.004326,0.003656,2969,1.0,224.1259,75.5495,UNCERTAIN,high_slope_variation; high_shadow_variation
18042,967.0,0.604375,0.5918,1.13,2480.2843846949327,2665.806618407445,21169.665460186137,-16531.609617373317,26.8605,2459,2649,2502,2687,12.9649,4.2089,26.8831,11.1729,2.8899,2037.0534,1.0,0.383,0.4692,967.0,0.256047,0.239292,0.06218,0.109617,0.109617,0.09638,0.095827,0.021385,1.0,1.0,-0.002149,-0.00136,-0.001554,-0.001383,0.000481,-0.000872,-0.001989,-0.000824,967,1.0,206.9462,82.5201,UNCERTAIN,high_shadow_variation
18082,231.0,0.144375,0.525,1.1,2491.2727272727275,2600.792207792208,19544.305194805187,-16806.318181818184,25.7773,2481,2591,2501,2613,8.1249,5.136,23.4506,6.8017,2.3548,2090.2113,1.0,0.1465,0.3196,231.0,0.257155,0.244533,0.055614,1.0,1.0,0.065479,0.061968,0.017624,1.0,1.0,0.001851,0.00243,-0.000833,0.000239,7.6e-05,-0.001423,-0.001511,-0.00184,231,1.0,206.9462,82.5201,UNCERTAIN,high_slope_variation
18169,957.0,0.598125,0.6135,1.03,2506.951933124347,2887.725182863114,26717.62957157784,-17198.29832810867,31.7751,2488,2867,2527,2907,6.4275,3.8762,19.6812,5.3282,2.8696,2480.1702,1.0,0.3046,0.4151,957.0,,,,0.0,0.0,0.082622,0.075976,0.02462,1.0,1.0,-0.000921,-0.00133,-0.001812,0.000421,-0.000199,0.000839,-0.010358,0.005534,957,1.0,224.1259,75.5495,UNCERTAIN,high_shadow_variation
18261,188.0,0.1175,0.5595,1.31,2511.031914893617,2513.755319148936,17368.3829787234,-17300.297872340423,24.5152,2501,2506,2522,2522,13.4092,5.3363,26.388,10.9313,3.9073,1803.6972,1.0,0.173,0.3414,188.0,0.246464,0.227065,0.081231,1.0,1.0,0.04283,0.042506,0.006199,1.0,1.0,0.001291,0.000101,-0.001184,-0.000125,-0.00216,0.002634,-0.006758,-0.007796,188,1.0,206.9462,82.5201,UNCERTAIN,high_slope_variation
18326,1345.0,0.840625,0.4186,1.24,2491.001486988848,2914.12936802974,27377.734200743493,-16799.537174721198,32.1218,2464,2889,2527,2940,9.2543,3.2905,26.2059,7.8542,2.1901,2520.5586,1.0,0.2042,0.3846,1345.0,,,,0.0,0.0,0.072184,0.072353,0.011912,1.0,1.0,-0.000484,-0.000257,-0.001273,0.000271,-0.000614,-0.001163,-0.00534,-0.002449,1345,1.0,224.1259,75.5495,UNCERTAIN,high_shadow_variation
18420,162.0,0.10125,0.432,1.67,2527.759259259259,1416.148148148148,-10071.7962962963,-17718.481481481474,20.3812,2520,1405,2535,1430,9.7074,4.7488,21.8333,10.1915,4.2045,2851.2437,1.0,0.3084,0.4307,162.0,0.593218,0.569261,0.130239,1.0,1.0,0.049932,0.049715,0.006974,1.0,1.0,0.005236,0.001095,-0.001709,2.9e-05,-0.00197,-0.004166,-0.006002,-0.003424,162,1.0,170.0244,80.4071,UNCERTAIN,high_shadow_variation
18507,414.0,0.25875,0.46,1.44,2546.0072463768115,2521.7246376811595,17567.615942028984,-18174.681159420288,25.278,2528,2510,2564,2535,7.4792,4.554,22.0706,5.8518,2.5899,1749.4706,1.0,0.3307,0.4008,414.0,0.192519,0.18977,0.036187,1.0,1.0,0.053573,0.051991,0.006909,1.0,1.0,-0.001565,0.001159,-0.000923,7.7e-05,0.002758,0.005174,-0.007705,-5e-05,414,1.0,206.9462,82.5201,UNCERTAIN,high_shadow_variation
18583,216.0,0.135,0.4898,1.0,2549.3935185185187,2509.615740740741,17264.893518518526,-18259.33796296297,25.13,2539,2500,2560,2521,5.6597,3.994,21.4888,4.0796,1.6791,1728.9902,1.0,0.22,0.3512,216.0,0.20129,0.200116,0.036658,1.0,1.0,0.05982,0.060041,0.010394,1.0,1.0,-0.000348,0.00179,0.001961,0.00088,0.003238,0.008795,-0.004405,0.00768,216,1.0,206.9462,82.5201,UNCERTAIN,high_shadow_variation
18628,875.0,0.546875,0.6214,1.38,2542.3748571428573,2596.4491428571428,19435.728571428568,-18083.87142857143,26.5483,2520,2582,2564,2614,8.243,3.8465,21.0758,7.3383,2.9416,1917.7604,1.0,0.32,0.4308,875.0,0.261722,0.246697,0.067735,1.0,1.0,0.064302,0.061175,0.021914,1.0,1.0,-0.002314,-0.000235,5.1e-05,0.002231,0.003002,0.003961,-0.004723,0.000698,875,1.0,206.9462,82.5201,UNCERTAIN,high_shadow_variation
18700,1212.0,0.7575,0.4275,1.4,2558.43399339934,2706.6402640264027,22190.50660066007,-18485.349834983503,28.882,2522,2687,2585,2732,8.5616,4.8958,28.3521,7.2822,3.716,2224.3529,1.0,0.2695,0.4107,1212.0,,,,0.0,0.0,0.059403,0.056704,0.013924,1.0,1.0,0.000308,0.001406,0.001533,0.002501,0.001911,0.00392,-0.002781,-0.000437,1212,1.0,206.9462,82.5201,UNCERTAIN,high_shadow_variation
18730,174.0,0.10875,0.5088,1.06,2563.3275862068967,2506.609195402299,17189.729885057473,-18607.68965517242,25.3332,2555,2499,2573,2518,6.9807,4.2354,20.099,6.2055,2.9101,1717.5708,1.0,0.3218,0.3965,174.0,0.214914,0.210829,0.039802,1.0,1.0,0.070702,0.069378,0.010278,1.0,1.0,0.0011,0.002884,0.003155,0.000204,0.004955,0.003675,-0.002317,0.011097,174,1.0,206.9462,82.5201,UNCERTAIN,high_shadow_variation
18844,276.0,0.1725,0.6316,1.21,2575.503623188406,636.7753623188406,-29556.115942028984,-18912.09057971015,35.0888,2567,626,2586,649,8.7408,4.1467,24.6983,7.9048,2.7665,-3391.7981,1.0,0.2167,0.3784,276.0,0.249607,0.230167,0.101925,1.0,1.0,0.097809,0.095692,0.03043,1.0,1.0,0.005639,0.011045,0.004898,0.004138,0.002863,0.000816,-0.001994,-0.002554,276,1.0,-42.3675,82.1954,UNCERTAIN,high_shadow_variation
18977,131.0,0.081875,0.6238,1.07,2590.0458015267177,2562.229007633588,18580.225190839687,-19275.645038167942,26.7734,2583,2556,2597,2571,8.4154,7.0447,23.6849,5.9725,2.7285,1919.5224,1.0,0.2788,0.4036,131.0,0.206556,0.205389,0.036892,1.0,1.0,0.083725,0.081841,0.013558,1.0,1.0,0.000516,0.000588,-0.001113,-0.002478,0.000279,-0.000941,-0.000965,-0.001178,131,1.0,206.9462,82.5201,UNCERTAIN,high_slope_variation; high_shadow_variation
18978,2355.0,1.471875,0.4522,1.35,2570.3728237791934,2573.1303609341826,18852.759023354563,-18783.820594479832,26.6138,2539,2528,2601,2612,9.9312,4.0429,27.7889,8.3174,2.6547,1882.5726,1.0,0.7655,0.3934,2355.0,0.241159,0.226767,0.075088,1.0,1.0,0.095064,0.072017,0.102469,1.0,1.0,0.001086,0.001158,0.000575,-0.002375,0.003456,0.003165,-0.003772,0.000947,2355,1.0,206.9462,82.5201,UNCERTAIN,high_shadow_variation
19111,282.0,0.17625,0.6104,1.05,2603.0106382978724,2461.1347517730496,16052.86879432624,-19599.765957446813,25.3354,2593,2450,2614,2472,11.8359,5.1071,27.0484,10.8522,3.764,1253.7026,1.0,0.4519,0.4795,282.0,0.203943,0.204935,0.05553,1.0,1.0,0.084438,0.080578,0.018444,1.0,1.0,0.00316,-2e-05,0.000682,-0.001,0.002076,0.007545,0.000443,0.000704,282,1.0,206.9462,82.5201,UNCERTAIN,high_slope_variation; high_shadow_variation
19201,293.0,0.183125,0.6104,1.2,2623.354948805461,3018.873720136519,29996.34300341297,-20108.37372013653,36.1134,2614,3008,2634,3032,8.3438,5.2828,24.3231,7.2662,4.0109,3279.627,1.0,0.0119,0.0796,293.0,0.273045,0.267649,0.039293,1.0,1.0,0.064027,0.063729,0.009478,1.0,1.0,-0.001245,0.011811,0.000423,-0.000203,-0.001102,-0.001255,-0.008784,-0.001284,293,1.0,224.1259,75.5495,UNCERTAIN,high_slope_variation
19557,1438.0,0.89875,0.3999,1.07,2669.048678720445,2979.195410292072,29004.38525730181,-21250.71696801113,35.9569,2635,2953,2697,3011,16.382,6.8694,29.0035,14.6706,5.9657,3014.5748,1.0,0.0112,0.0805,1438.0,0.298051,0.298821,0.047314,1.0,1.0,0.081658,0.072289,0.031207,1.0,1.0,-0.001218,0.000384,-0.00157,-0.000842,0.001024,-0.000344,-0.007353,-0.005374,1438,1.0,224.1259,75.5495,UNCERTAIN,high_slope_variation
19830,995.0,0.621875,0.4537,1.19,2670.668341708543,2894.045226130653,26875.63065326633,-21291.20854271357,34.2879,2643,2872,2694,2915,10.3595,5.3048,28.7151,9.0823,4.0651,2815.5822,1.0,0.3485,0.4518,995.0,0.272953,0.26974,0.051877,1.0,1.0,0.106217,0.101613,0.027331,1.0,1.0,-3.4e-05,0.001487,-0.000756,-0.001201,0.001914,-0.003345,-0.00908,-0.008843,995,1.0,224.1259,75.5495,UNCERTAIN,high_slope_variation; high_shadow_variation
19908,130.0,0.08125,0.4545,1.69,2685.0692307692307,1782.8846153846157,-903.3846153846098,-21651.23076923077,21.6705,2680,1772,2693,1794,3.816,2.1144,9.5634,3.3605,1.2041,15.3717,1.0,0.48,0.4339,130.0,0.317512,0.30864,0.052348,1.0,1.0,0.079687,0.078332,0.021673,1.0,1.0,0.003463,0.005315,-0.00021,0.001687,-0.004682,-0.010731,-0.012336,-0.024807,130,1.0,147.9055,80.9548,UNCERTAIN,high_shadow_variation
19975,362.0,0.22625,0.5028,1.8,2698.5662983425414,1856.0414364640883,925.5359116022082,-21988.65745856354,22.0086,2689,1841,2709,1877,6.0991,3.2327,18.0085,5.0042,1.6462,114.0928,1.0,0.6021,0.4537,362.0,0.252151,0.241265,0.071706,1.0,1.0,0.084131,0.073081,0.041323,1.0,1.0,0.001318,0.009924,0.006214,0.001473,-0.000127,-0.000953,2.4e-05,-0.002344,362,1.0,147.9055,80.9548,UNCERTAIN,high_shadow_variation
19977,269.0,0.168125,0.467,1.0,2692.3197026022303,2556.3828996282527,18434.07249070632,-21832.49256505576,28.5747,2682,2544,2706,2568,9.1354,4.806,24.5366,9.0056,4.6696,1011.0937,1.0,0.2767,0.4128,269.0,0.237388,0.238157,0.068901,0.910781,0.910781,0.055371,0.055099,0.004337,1.0,1.0,-8.5e-05,0.000608,-0.000475,0.000115,0.001059,0.000308,-0.001101,-0.003715,269,1.0,206.9462,82.5201,UNCERTAIN,high_shadow_variation
20015,180.0,0.1125,0.4891,1.44,2692.4333333333334,1870.2277777777776,1280.1944444444453,-21835.33333333333,21.8734,2684,1860,2700,1883,5.561,3.0792,15.9905,4.8038,2.0707,132.6751,1.0,0.4758,0.441,180.0,0.246635,0.249893,0.067268,1.0,1.0,0.089136,0.079245,0.038928,1.0,1.0,0.000621,0.00497,0.001474,0.002825,0.001108,0.001604,-0.000875,-0.002944,180,1.0,147.9055,80.9548,UNCERTAIN,high_shadow_variation
20075,398.0,0.24875,0.5768,1.3,2709.429648241206,640.2738693467337,-29468.653266331658,-22260.241206030143,36.9312,2699,627,2722,657,7.2272,4.577,28.3605,7.0289,5.2735,-4446.6569,1.0,0.4321,0.4497,398.0,0.757334,0.738919,0.153077,1.0,1.0,0.032328,0.031086,0.007111,1.0,1.0,0.00575,0.007665,0.00137,0.006893,0.012586,0.005283,-0.00313,-0.005068,398,1.0,-42.3675,82.1954,UNCERTAIN,high_shadow_variation
20151,1322.0,0.82625,0.4393,1.16,2725.2413010590017,2080.871406959153,6546.285173978824,-22655.532526475043,23.583,2700,2051,2751,2110,7.7714,4.4555,27.5734,6.7458,3.569,827.0865,1.0,0.3942,0.4283,1322.0,0.292276,0.283559,0.072018,1.0,1.0,0.070911,0.067193,0.022901,1.0,1.0,-0.000145,0.000689,0.000937,0.001,-0.001057,-0.003956,-0.007415,-0.008721,1322,1.0,150.2524,84.7415,UNCERTAIN,high_shadow_variation
20156,330.0,0.20625,0.4459,1.85,2714.469696969697,324.1454545454545,-37371.86363636364,-22386.24242424243,43.5636,2705,307,2725,344,5.3335,2.0583,12.7439,5.096,1.322,-4306.3716,1.0,0.5105,0.4173,330.0,0.222475,0.22102,0.027813,1.0,1.0,0.036873,0.037451,0.003689,1.0,1.0,0.003948,0.003533,0.003866,0.000499,0.009773,0.009589,0.006534,0.008539,330,1.0,-3.2933,98.4107,UNCERTAIN,high_shadow_variation
20170,792.0,0.495,0.4087,1.34,2723.8623737373737,674.4090909090909,-28615.272727272728,-22621.059343434343,36.4766,2706,652,2744,703,10.6128,6.0629,28.2063,9.2304,5.0248,-4439.9024,1.0,0.4382,0.4522,792.0,0.846551,0.813157,0.222573,1.0,1.0,0.027258,0.02651,0.003857,1.0,1.0,0.003773,0.005458,0.004376,0.001606,0.004004,0.007698,-0.002553,-0.004951,792,1.0,-42.3675,82.1954,UNCERTAIN,high_slope_variation; high_shadow_variation
20219,804.0,0.5025,0.4457,1.07,2718.38184079602,1879.1019900497515,1502.0497512437796,-22484.04601990049,22.5347,2698,1858,2739,1902,5.8979,3.373,19.5248,4.5476,1.9347,158.8797,1.0,0.6127,0.4336,804.0,0.26611,0.259095,0.069556,1.0,1.0,0.068397,0.065738,0.011507,1.0,1.0,0.002603,0.007049,0.00621,0.001611,0.000116,0.001748,-0.002699,-0.002088,804,1.0,147.9055,80.9548,UNCERTAIN,high_shadow_variation
20227,269.0,0.168125,0.4804,1.4,2713.28624535316,699.3085501858736,-27992.78624535316,-22356.65613382899,35.8247,2701,691,2729,711,8.6971,3.3401,19.8343,7.8078,2.2436,-4376.1689,1.0,0.248,0.3713,269.0,0.362774,0.31709,0.12131,1.0,1.0,0.028328,0.024948,0.006754,1.0,1.0,0.00046,0.001303,0.002508,-0.000289,0.00961,0.006667,-0.000958,-0.002297,269,1.0,-42.3675,82.1954,UNCERTAIN,high_shadow_variation
20322,1127.0,0.704375,0.5576,1.09,2709.843833185448,1835.7692990239573,418.73247559893935,-22270.595829636208,22.275,2685,1816,2732,1859,9.4831,3.5719,28.1307,7.8522,2.075,85.4425,1.0,0.4779,0.4358,1127.0,0.209073,0.203596,0.044466,1.0,1.0,0.088181,0.083172,0.022141,1.0,1.0,0.00144,0.01012,0.005253,0.000702,-0.000939,-0.000201,-0.004407,-0.004116,946,0.8394,147.9055,80.9548,UNCERTAIN,high_shadow_variation
20324,654.0,0.40875,0.4906,1.39,2739.1804281345567,2109.414373088685,7259.85932721712,-23004.01070336392,24.123,2720,2092,2763,2123,9.2639,3.9506,28.5098,7.4467,2.4089,850.2408,1.0,0.2731,0.4089,654.0,0.33368,0.329101,0.081278,1.0,1.0,0.064148,0.058616,0.016981,1.0,1.0,0.000311,0.001006,0.001103,0.000723,-0.001823,-0.004441,-0.007113,-0.010082,654,1.0,150.2524,84.7415,UNCERTAIN,high_shadow_variation
20343,950.0,0.59375,0.4398,1.07,2734.377894736842,1856.8768421052632,946.42105263158,-22883.947368421053,22.904,2712,1834,2757,1882,5.4979,3.4015,18.6561,4.5861,2.6077,168.4565,1.0,0.374,0.4163,950.0,0.212254,0.196685,0.063432,1.0,1.0,0.079193,0.075344,0.021217,1.0,1.0,0.001295,0.002278,0.000506,0.001074,0.00016,0.000894,-0.006595,-0.007972,950,1.0,147.9055,80.9548,UNCERTAIN,high_shadow_variation
20438,389.0,0.243125,0.5589,1.21,2741.424164524421,704.8380462724936,-27854.548843187666,-23060.10411311053,36.1613,2731,691,2755,720,6.2234,3.5794,22.4895,6.0824,3.0183,-4443.6743,1.0,0.7385,0.4017,389.0,0.395665,0.397378,0.104649,1.0,1.0,0.032095,0.031522,0.002701,1.0,1.0,-3e-06,0.002656,0.003242,0.001895,0.002731,0.020119,0.001675,-0.00303,389,1.0,-42.3675,82.1954,UNCERTAIN,high_shadow_variation
20458,354.0,0.22125,0.5438,1.48,2747.087570621469,1886.6214689265537,1690.0367231638447,-23201.689265536726,23.2637,2731,1876,2762,1897,6.2132,3.8266,19.7584,4.9424,1.8318,168.2614,1.0,0.7304,0.3897,354.0,0.279619,0.266587,0.06606,1.0,1.0,0.081217,0.080029,0.011678,1.0,1.0,0.001429,-0.000715,0.001458,-8e-06,-0.001499,-0.005869,-0.010642,-0.009984,354,1.0,147.9055,80.9548,UNCERTAIN,high_shadow_variation
20482,342.0,0.21375,0.4597,1.29,2741.62865497076,318.00877192982455,-37525.28070175439,-23065.216374269003,44.047,2729,301,2753,332,7.9693,4.4917,18.6169,7.0712,3.5469,-4407.6239,1.0,0.429,0.4592,342.0,0.268203,0.259666,0.049176,1.0,1.0,0.025487,0.025806,0.00359,1.0,1.0,0.002563,0.001507,0.004062,0.00056,0.007279,0.001714,0.003543,-0.002098,342,1.0,-3.2933,98.4107,UNCERTAIN,high_shadow_variation
20490,364.0,0.2275,0.6128,1.23,2757.714285714286,2708.75,22243.25,-23467.357142857145,32.3346,2745,2697,2772,2719,10.3895,3.2356,21.4852,9.2026,2.2407,2065.5502,1.0,0.4249,0.4454,364.0,0.287636,0.290257,0.04846,1.0,1.0,0.084259,0.083499,0.012405,1.0,1.0,-0.001157,-8.2e-05,0.000701,0.000831,-0.002342,-0.000434,-0.011091,-0.009097,364,1.0,206.9462,82.5201,UNCERTAIN,high_shadow_variation
20522,189.0,0.118125,0.5,1.17,2748.121693121693,1873.5026455026452,1362.0661375661366,-23227.542328042327,23.268,2737,1865,2758,1883,5.871,3.6135,21.8141,3.8965,1.0494,165.6811,1.0,0.5137,0.4619,189.0,0.262147,0.252233,0.065014,1.0,1.0,0.080712,0.077507,0.020428,1.0,1.0,0.000571,-0.001724,0.001094,0.000211,-0.001431,-0.00795,-0.014486,-0.013344,189,1.0,147.9055,80.9548,UNCERTAIN,high_shadow_variation
20560,1312.0,0.82,0.4447,1.18,2747.3147865853657,1922.8163109756097,2594.9077743902453,-23207.36966463414,23.3525,2725,1892,2775,1951,8.1797,3.1525,24.9439,6.8516,1.9128,116.3948,1.0,0.7894,0.3835,1312.0,0.275101,0.272471,0.059453,1.0,1.0,0.066454,0.060602,0.025681,1.0,1.0,0.000996,0.001513,0.000696,0.000912,-0.0015,-0.003562,-0.013406,-0.012775,1312,1.0,147.9055,80.9548,UNCERTAIN,high_shadow_variation
20576,407.0,0.254375,0.5591,1.08,2765.071253071253,767.041769041769,-26299.45577395577,-23651.281326781333,35.3701,2752,754,2780,780,5.2735,3.5896,20.7069,3.9873,1.9233,-4365.2577,1.0,0.7955,0.3582,407.0,0.269619,0.261579,0.051774,1.0,1.0,0.040082,0.037165,0.010014,1.0,1.0,0.000192,0.004,0.001227,0.003121,0.001544,0.002895,-0.003685,-0.005066,407,1.0,-42.3675,82.1954,UNCERTAIN,high_shadow_variation
20585,1081.0,0.675625,0.575,1.18,2755.9148936170213,734.1406105457909,-27121.98473635523,-23422.37234042553,35.8358,2734,716,2781,756,6.664,3.3512,23.3565,5.5226,2.5184,-4379.8958,1.0,0.4127,0.4232,1081.0,0.298086,0.28179,0.076297,1.0,1.0,0.032628,0.032848,0.003286,1.0,1.0,0.000505,0.002334,0.001945,0.002431,0.001451,0.004963,-0.002403,-0.005254,1081,1.0,-42.3675,82.1954,UNCERTAIN,high_shadow_variation
20662,937.0,0.585625,0.3757,1.35,2766.368196371398,623.3105656350053,-29892.735859124867,-23683.70490928495,38.1377,2738,604,2796,647,6.9435,4.8538,21.3648,5.866,4.2372,-4626.1049,1.0,0.4408,0.4475,937.0,0.652221,0.610814,0.306989,1.0,1.0,0.018387,0.015263,0.015032,1.0,1.0,0.008609,0.013399,0.003016,0.003573,0.003026,0.009491,0.001126,-0.003398,937,1.0,-42.3675,82.1954,UNCERTAIN,high_shadow_variation
20667,783.0,0.489375,0.5374,1.52,2772.914431673052,1851.5632183908049,813.5804597701135,-23847.3607918263,23.8618,2751,1835,2798,1866,4.6053,2.1735,13.7442,3.8226,1.4503,194.9028,1.0,0.3418,0.4159,783.0,0.145114,0.138606,0.034383,1.0,1.0,0.105763,0.104532,0.020675,1.0,1.0,0.002978,0.001516,-0.000749,-0.001774,0.002533,-0.000666,-0.004559,-0.003861,783,1.0,147.9055,80.9548,UNCERTAIN,high_shadow_variation
20679,139.0,0.086875,0.6619,1.07,2773.7841726618703,580.0503597122303,-30974.241007194243,-23869.10431654676,39.1041,2767,574,2782,588,4.2299,2.8958,20.3347,4.4872,2.2958,-4615.2478,1.0,0.4127,0.4119,139.0,0.192485,0.183431,0.042222,1.0,1.0,0.012197,0.012129,0.001236,1.0,1.0,0.012403,0.015204,0.004675,0.003493,0.004941,0.004837,0.000122,-0.006875,139,1.0,-42.3675,82.1954,UNCERTAIN,high_shadow_variation
20680,572.0,0.3575,0.5448,1.17,2764.552447552448,602.534965034965,-30412.125874125875,-23638.31118881119,38.5183,2750,590,2785,620,4.8441,3.2117,15.2496,3.8344,2.4657,-4635.1486,1.0,0.6776,0.4136,572.0,0.426068,0.315419,0.256153,1.0,1.0,0.015095,0.014933,0.001748,1.0,1.0,0.00999,0.015139,0.004853,0.00353,0.005809,0.008443,0.001165,-0.003881,572,1.0,-42.3675,82.1954,UNCERTAIN,high_shadow_variation
20706,756.0,0.4725,0.5948,1.32,2777.222222222222,703.3280423280423,-27892.29894179894,-23955.055555555547,36.7671,2757,688,2798,719,6.4491,3.1429,22.0362,5.7486,2.4183,-4449.2871,1.0,0.4935,0.4202,756.0,0.386496,0.378679,0.067506,1.0,1.0,0.026281,0.026543,0.004566,1.0,1.0,0.001819,0.006158,0.001288,0.002005,0.000708,0.00075,-0.00149,-0.001748,756,1.0,-42.3675,82.1954,UNCERTAIN,high_shadow_variation
20739,541.0,0.338125,0.5487,1.17,2778.218114602588,2982.499075785582,29086.97689463955,-23979.952865064697,37.6981,2764,2966,2793,3000,9.7496,3.0049,19.6633,8.5137,2.1372,2064.6705,1.0,0.1837,0.3654,541.0,0.242313,0.239927,0.057745,1.0,1.0,0.061059,0.058019,0.014353,1.0,1.0,0.000441,0.00039,0.002096,0.002913,-0.001243,-0.004242,-0.00148,-0.002369,541,1.0,224.1259,75.5495,UNCERTAIN,high_shadow_variation
20776,1029.0,0.643125,0.5092,1.09,2771.196307094266,1758.45286686103,-1514.1783284742487,-23804.40767735665,23.853,2749,1739,2796,1782,6.7858,3.6662,18.0773,5.6391,2.2398,9.7499,1.0,0.3956,0.4485,1029.0,0.190925,0.177588,0.058663,1.0,1.0,0.093422,0.096148,0.025838,1.0,1.0,0.005231,0.006776,0.000358,0.000389,-0.000268,-0.002003,-0.0064,-0.00493,1029,1.0,147.9055,80.9548,UNCERTAIN,high_shadow_variation
20806,242.0,0.15125,0.605,1.56,2782.280991735537,1690.3760330578511,-3216.0991735537245,-24081.524793388424,24.2958,2776,1678,2792,1703,7.8942,3.6478,18.1003,6.6044,2.4844,-184.6051,1.0,0.7223,0.4081,242.0,0.161247,0.153207,0.038195,1.0,1.0,0.074167,0.073164,0.010193,1.0,1.0,0.024394,0.011201,0.003462,0.002149,0.008693,0.006295,0.008813,0.005311,242,1.0,147.9055,80.9548,UNCERTAIN,high_shadow_variation
20867,257.0,0.160625,0.6346,1.8,2784.848249027237,487.84435797665367,-33279.391050583654,-24145.70622568093,41.116,2778,475,2793,502,5.6871,3.0541,17.2805,5.2051,1.8632,-4557.5981,1.0,0.2392,0.3549,257.0,0.267136,0.264117,0.05239,1.0,1.0,0.036491,0.036399,0.004781,1.0,1.0,0.008784,0.00992,0.004089,0.005805,0.0049,0.007672,0.002692,0.000614,257,1.0,-42.3675,82.1954,UNCERTAIN,high_shadow_variation
20893,712.0,0.445,0.5086,1.79,2790.002808988764,2409.0477528089887,14750.693820224718,-24274.570224719108,28.4056,2774,2384,2802,2434,9.2017,4.807,22.3179,7.8087,3.6513,-454.238,1.0,0.2456,0.3983,712.0,,,,0.0,0.0,0.073321,0.072177,0.022113,1.0,1.0,-0.000431,-0.00042,0.000642,0.000944,0.002656,0.003135,-0.004418,-0.004709,712,1.0,206.9462,82.5201,UNCERTAIN,high_shadow_variation
20907,354.0,0.22125,0.5673,1.08,2794.601694915254,2371.5112994350284,13812.282485875709,-24389.542372881348,28.0298,2782,2361,2808,2385,9.966,4.7874,26.3172,8.3558,4.0438,-426.6537,1.0,0.2688,0.4093,354.0,,,,0.0,0.0,0.076969,0.077404,0.02015,1.0,1.0,-0.000308,0.000153,0.000326,0.003134,0.004355,0.004388,-0.00104,-0.003786,354,1.0,150.2524,84.7415,UNCERTAIN,high_shadow_variation
20918,193.0,0.120625,0.4468,1.33,2788.559585492228,720.2435233160621,-27469.41191709845,-24238.489637305694,36.6343,2776,712,2800,730,7.0905,4.0225,18.7897,5.0426,1.4682,-4435.9105,1.0,0.7892,0.3732,193.0,0.38657,0.389766,0.057363,1.0,1.0,0.023157,0.02314,0.003327,1.0,1.0,0.001726,0.006222,0.000482,0.001578,0.001155,-0.001696,-0.001001,-0.000712,193,1.0,-42.3675,82.1954,UNCERTAIN,high_shadow_variation
20966,464.0,0.29,0.3537,1.28,2805.25,628.7629310344828,-29756.42672413793,-24655.75,38.6438,2787,612,2828,644,5.1809,3.1109,22.576,4.0956,1.9293,-4634.2447,1.0,0.635,0.4387,464.0,0.205068,0.184687,0.062356,1.0,1.0,0.07015,0.071218,0.022649,1.0,1.0,0.005833,0.0142,0.001356,0.003283,0.003862,0.006973,0.000695,0.000311,464,1.0,-96.3518,96.3954,UNCERTAIN,high_shadow_variation
20984,214.0,0.13375,0.5095,1.05,2805.3598130841124,529.0514018691589,-32249.21495327103,-24658.495327102806,40.5961,2797,518,2817,539,5.6749,2.754,15.803,4.7577,1.5847,-4649.8194,1.0,0.3748,0.4254,214.0,0.211351,0.201726,0.047202,1.0,1.0,0.05713,0.055385,0.007842,1.0,1.0,0.008203,0.014945,0.005064,0.005595,0.00841,0.008183,0.001773,0.007524,214,1.0,-96.3518,96.3954,UNCERTAIN,high_shadow_variation
20986,478.0,0.29875,0.4552,1.17,2809.905857740586,1915.1192468619247,2402.481171548119,-24772.146443514648,24.8889,2792,1902,2827,1932,10.7222,5.7925,27.405,9.4099,4.831,176.151,1.0,0.0605,0.2068,478.0,0.260528,0.255361,0.052911,1.0,1.0,0.067076,0.060731,0.01682,1.0,1.0,0.001901,-0.000534,-0.000678,0.000292,-0.00434,-0.010079,-0.008886,-0.012283,478,1.0,73.237,102.5391,UNCERTAIN,high_slope_variation
20995,143.0,0.089375,0.5608,1.13,2799.3636363636365,604.5454545454545,-30361.86363636364,-24508.59090909091,39.0193,2791,595,2806,612,5.5305,3.397,20.6669,4.7409,1.8527,-4642.482,1.0,0.3303,0.3725,143.0,0.262442,0.249875,0.053354,1.0,1.0,0.089306,0.084435,0.01861,1.0,1.0,0.006915,0.0169,0.003998,0.004767,0.00526,0.004616,-0.001253,0.001188,143,1.0,-42.3675,82.1954,UNCERTAIN,high_shadow_variation
21014,374.0,0.23375,0.5397,1.57,2808.42513368984,2421.9171122994653,15072.42780748663,-24735.128342246,28.9663,2798,2406,2819,2439,7.2396,3.5223,17.098,6.1096,2.2149,-504.4961,1.0,0.3767,0.4326,374.0,,,,0.0,0.0,0.075556,0.070583,0.018691,1.0,1.0,0.001525,-0.000884,-0.001198,0.008481,0.000329,-0.001743,-0.000363,-0.005267,374,1.0,121.4255,96.4448,UNCERTAIN,high_shadow_variation
21021,878.0,0.54875,0.4695,1.62,2804.4179954441915,1864.013667425968,1124.841685649204,-24634.94988610479,24.6611,2787,1839,2821,1894,5.9778,2.7874,17.4596,5.1377,1.9154,211.0032,1.0,0.2294,0.373,878.0,0.165006,0.152367,0.047637,1.0,1.0,0.063478,0.060091,0.018378,1.0,1.0,0.002147,-0.000601,0.000351,0.000601,-0.002501,-0.004767,-0.007957,-0.010464,878,1.0,73.237,102.5391,UNCERTAIN,high_shadow_variation
21042,543.0,0.339375,0.5171,1.17,2814.357274401473,475.7550644567219,-33581.62338858195,-24883.431860036828,41.796,2800,457,2830,492,8.7524,5.0154,23.8641,7.3074,3.7988,-4638.5762,1.0,0.1473,0.2974,543.0,0.262744,0.234251,0.076955,1.0,1.0,0.047897,0.046375,0.008301,1.0,1.0,0.009708,0.007452,0.003847,0.005677,0.00643,0.003063,0.001743,0.002541,543,1.0,-96.3518,96.3954,UNCERTAIN,high_slope_variation
21059,166.0,0.10375,0.5929,1.43,2806.1987951807228,583.3253012048193,-30892.367469879515,-24679.469879518078,39.54,2797,577,2817,591,4.3798,2.3956,12.8697,3.6358,1.6107,-4645.8169,1.0,0.4137,0.4302,166.0,0.201871,0.205653,0.039404,1.0,1.0,0.082409,0.084407,0.0118,1.0,1.0,0.008879,0.01291,0.005382,0.005619,0.007475,0.009212,0.002514,0.007877,166,1.0,-96.3518,96.3954,UNCERTAIN,high_shadow_variation
21065,200.0,0.125,0.5848,1.06,2810.225,2452.84,15845.5,-24780.125,29.4139,2802,2445,2821,2463,7.6331,4.6243,19.5625,6.9963,3.3385,-454.4908,1.0,0.3188,0.4147,200.0,,,,0.0,0.0,0.072052,0.068701,0.011788,1.0,1.0,0.002995,0.00031,-0.001133,0.005833,0.000382,0.001243,0.000914,-0.006179,200,1.0,121.4255,96.4448,UNCERTAIN,high_shadow_variation
21068,1979.0,1.236875,0.2738,1.36,2845.735219807984,2967.820111167256,28720.002779181406,-25667.8804951996,38.5193,2795,2924,2894,2997,12.0034,5.0232,26.0931,10.339,3.8003,1981.9097,1.0,0.1039,0.2658,1979.0,0.257615,0.256211,0.051971,0.375947,0.375947,0.0857,0.082926,0.023935,1.0,1.0,-0.00031,-0.001335,-0.001654,-0.005825,-0.002435,-0.004077,-0.006152,-0.008534,1979,1.0,160.1585,85.0259,UNCERTAIN,high_slope_variation
21094,158.0,0.09875,0.6196,1.13,2815.430379746836,461.0379746835443,-33949.55063291139,-24910.25949367089,42.108,2808,454,2825,469,8.6507,3.7451,18.015,7.6621,2.96,-4650.3719,1.0,0.2299,0.3611,158.0,0.250143,0.25147,0.051515,1.0,1.0,0.046442,0.043604,0.008797,1.0,1.0,0.011132,0.008863,0.005242,0.007064,0.006777,0.004677,0.001421,0.000285,158,1.0,-96.3518,96.3954,UNCERTAIN,high_shadow_variation
21113,156.0,0.0975,0.619,1.29,2818.583333333333,723.3461538461538,-27391.84615384616,-24989.083333333343,37.0778,2812,714,2826,732,6.8703,3.7827,22.9348,5.7783,1.5476,-4420.3231,1.0,0.7451,0.3786,156.0,0.302514,0.302421,0.028849,1.0,1.0,0.074855,0.073316,0.008975,1.0,1.0,-0.000337,0.000973,0.002171,0.000903,0.001378,0.00145,-0.001731,0.00279,156,1.0,-96.3518,96.3954,UNCERTAIN,high_shadow_variation
21125,697.0,0.435625,0.4156,1.1,2810.1979913916784,505.7962697274032,-32830.59325681492,-24779.44978479196,41.1322,2789,485,2828,528,7.3315,3.9375,22.6873,6.2828,2.9175,-4636.4749,1.0,0.4351,0.4521,697.0,0.253784,0.247575,0.066477,1.0,1.0,0.05024,0.048976,0.006998,1.0,1.0,0.009274,0.011612,0.003944,0.005178,0.006476,0.005461,0.001982,0.003353,697,1.0,-96.3518,96.3954,UNCERTAIN,high_shadow_variation
21127,367.0,0.229375,0.6416,1.18,2807.874659400545,616.7820163487738,-30055.94959128065,-24721.366485013627,38.9166,2796,606,2822,628,6.662,3.3138,15.7736,5.4951,2.08,-4647.5652,1.0,0.7597,0.3804,367.0,0.207396,0.20488,0.043031,1.0,1.0,0.086966,0.085883,0.016858,1.0,1.0,0.007435,0.01273,0.002051,0.00374,0.00522,0.010238,0.002244,0.004402,367,1.0,-96.3518,96.3954,UNCERTAIN,high_shadow_variation
21142,447.0,0.279375,0.4869,1.26,2813.5279642058167,437.7807606263982,-34530.98098434004,-24862.699105145424,42.5504,2802,421,2829,455,11.5764,5.6221,27.371,9.8941,4.1983,-4682.7532,1.0,0.2896,0.3978,447.0,0.274843,0.260776,0.075435,1.0,1.0,0.042138,0.041842,0.00291,1.0,1.0,0.009811,0.007091,0.006851,0.007842,0.00793,0.006692,0.00071,0.001101,447,1.0,-96.3518,96.3954,UNCERTAIN,high_slope_variation; high_shadow_variation
21179,448.0,0.28,0.5,1.14,2815.381696428572,598.6294642857143,-30509.76339285714,-24909.04241071429,39.3866,2800,586,2832,614,6.2203,3.6559,18.1597,4.4659,2.0597,-4652.5197,1.0,0.5295,0.4409,448.0,0.238037,0.233133,0.048283,1.0,1.0,0.058182,0.059087,0.010214,1.0,1.0,0.007783,0.014084,0.002606,0.004908,0.006035,0.011788,0.001861,0.002054,448,1.0,-96.3518,96.3954,UNCERTAIN,high_shadow_variation
21187,420.0,0.2625,0.6763,1.17,2815.038095238095,3017.092857142857,29951.821428571435,-24900.45238095238,38.9512,2804,3005,2827,3032,7.1153,5.5272,22.1817,5.6785,3.6531,2140.9052,1.0,0.2606,0.3884,420.0,0.226387,0.221376,0.038754,0.17381,0.17381,0.060358,0.060242,0.009882,1.0,1.0,0.001131,-0.000561,-0.000111,-0.005838,-0.007029,-0.005412,-0.012097,-0.015288,420,1.0,160.1585,85.0259,UNCERTAIN,high_slope_variation; high_shadow_variation
21200,798.0,0.49875,0.4227,1.84,2829.750626566416,580.5438596491229,-30961.90350877193,-25268.2656641604,39.964,2816,555,2848,614,6.2317,4.8797,29.5681,4.8424,2.4743,-4681.4031,1.0,0.5878,0.4188,798.0,0.208011,0.205212,0.046877,1.0,1.0,0.050231,0.047256,0.011715,1.0,1.0,0.00814,0.01249,0.004815,0.004937,0.005472,0.005874,-0.007829,-0.008749,798,1.0,-96.3518,96.3954,UNCERTAIN,high_shadow_variation
21236,204.0,0.1275,0.5714,1.24,2824.7303921568628,619.4803921568628,-29988.49019607843,-25142.759803921566,39.1339,2817,609,2834,630,5.6216,3.1087,21.339,4.8723,2.5423,-4658.0877,1.0,0.6606,0.4107,204.0,0.248581,0.234357,0.053705,1.0,1.0,0.053865,0.05095,0.009565,1.0,1.0,0.005229,0.011703,0.00103,0.003639,0.001791,0.004674,-0.006935,-0.004565,204,1.0,-96.3518,96.3954,UNCERTAIN,high_shadow_variation
21243,410.0,0.25625,0.4437,1.18,2836.019512195122,1644.158536585366,-4371.536585365851,-25424.98780487805,25.7985,2822,1631,2850,1664,10.3991,6.0716,29.5676,8.3066,3.9256,-262.647,1.0,0.11,0.2799,410.0,0.208866,0.201638,0.050738,1.0,1.0,0.102263,0.069591,0.096953,1.0,1.0,0.002585,0.005403,-0.000568,0.002301,-0.005345,-0.008296,-0.009092,-0.012594,410,1.0,73.237,102.5391,UNCERTAIN,high_slope_variation
21329,822.0,0.51375,0.3363,1.11,2831.8722627737225,2458.5912408759123,15989.281021897805,-25321.30656934305,29.9477,2805,2431,2852,2483,9.4213,5.0949,26.2365,8.0945,3.8997,-476.6081,1.0,0.179,0.3509,822.0,,,,0.0,0.0,0.06873,0.064641,0.016425,1.0,1.0,0.002413,0.000601,-0.001577,-0.000161,8.2e-05,-0.0036,-0.002622,-0.00247,822,1.0,121.4255,96.4448,UNCERTAIN,high_slope_variation; high_shadow_variation
21336,202.0,0.12625,0.6601,1.06,2834.519801980198,608.8168316831683,-30255.079207920797,-25387.49504950494,39.4954,2826,601,2844,618,6.9234,3.1679,21.5964,6.1536,2.5104,-4680.6903,1.0,0.6349,0.4461,202.0,0.25031,0.215526,0.114493,1.0,1.0,0.044547,0.044767,0.004537,1.0,1.0,0.005045,0.010744,0.002865,0.003746,0.003969,-0.000903,-0.010918,-0.012384,202,1.0,-96.3518,96.3954,UNCERTAIN,high_shadow_variation
21347,441.0,0.275625,0.5896,1.55,2836.115646258504,2948.612244897959,28239.80612244898,-25427.39115646259,38.0012,2819,2938,2853,2960,8.2372,6.4269,28.7598,5.9588,3.8381,1893.7658,1.0,0.4198,0.4364,441.0,0.302027,0.294512,0.063136,1.0,1.0,0.081278,0.083491,0.016183,1.0,1.0,0.002666,0.000454,-0.000764,-0.017593,0.000377,-0.001482,-0.003338,-0.006838,441,1.0,160.1585,85.0259,UNCERTAIN,high_slope_variation; high_shadow_variation
21368,1213.0,0.758125,0.4821,2.18,2835.164880461665,464.5845012366034,-33860.88746908491,-25403.62201154164,42.3308,2819,435,2853,509,8.6817,6.3699,27.6778,7.2363,5.0655,-4725.1569,1.0,0.4364,0.4654,1213.0,0.274302,0.25548,0.081752,1.0,1.0,0.045445,0.044378,0.009965,1.0,1.0,0.008186,0.00992,0.003971,0.005124,0.004887,0.002276,-0.002113,-0.001731,1213,1.0,-96.3518,96.3954,UNCERTAIN,high_slope_variation; high_shadow_variation
21403,485.0,0.303125,0.5588,1.11,2844.964948453608,2394.4845360824743,14386.613402061856,-25648.6237113402,29.4086,2833,2382,2861,2413,9.4565,4.5973,28.6317,7.2971,2.8087,-530.3182,1.0,0.6096,0.4403,485.0,,,,0.0,0.0,0.095353,0.090234,0.03226,1.0,1.0,-0.000343,-0.000833,-0.00261,-0.000558,0.000773,-0.002963,-0.001006,-0.006191,485,1.0,84.0064,107.1887,UNCERTAIN,high_shadow_variation
21404,133.0,0.083125,0.475,1.43,2840.187969924812,2484.3233082706765,16632.582706766916,-25529.199248120305,30.4701,2832,2474,2846,2494,6.1506,3.1471,15.7728,5.8586,1.8388,-491.6195,1.0,0.246,0.3664,133.0,,,,0.0,0.0,0.081726,0.080382,0.012708,1.0,1.0,0.003306,-0.000352,-9.6e-05,0.000391,-0.000407,-0.001848,-0.001971,-0.005997,133,1.0,121.4255,96.4448,UNCERTAIN,high_shadow_variation
21437,236.0,0.1475,0.596,1.22,2855.101694915254,538.7584745762712,-32006.53813559322,-25902.042372881348,41.1744,2847,529,2865,551,5.7587,2.7018,14.8245,4.7381,1.4359,-4737.1169,1.0,0.5683,0.4315,236.0,0.214733,0.214282,0.029545,1.0,1.0,0.041947,0.041664,0.006374,1.0,1.0,0.024387,0.009391,0.000944,0.002962,0.00259,-0.005095,-0.004051,0.005442,236,1.0,-96.3518,96.3954,UNCERTAIN,high_shadow_variation
21438,133.0,0.083125,0.6018,1.31,2846.654135338346,695.8947368421053,-28078.131578947367,-25690.85338345864,38.0578,2841,688,2854,705,11.3842,4.985,25.9075,10.3888,3.8245,-4526.8478,1.0,0.6905,0.4047,133.0,0.512713,0.500215,0.077836,1.0,1.0,0.044198,0.043767,0.002843,1.0,1.0,0.023283,-0.002184,-0.001322,-0.002665,0.000383,-0.006313,-0.005694,0.008277,133,1.0,-96.3518,96.3954,UNCERTAIN,high_shadow_variation
21470,351.0,0.219375,0.5502,1.32,2852.706552706553,2458.797720797721,15994.443019943028,-25842.163817663823,30.3921,2840,2448,2869,2470,9.9655,4.3689,22.2504,8.0176,2.7203,-522.6898,1.0,0.6612,0.4468,351.0,,,,0.0,0.0,0.05982,0.057962,0.009231,1.0,1.0,0.004653,0.000774,-0.001402,-0.002269,0.000302,-0.002363,-0.005117,-0.005711,351,1.0,121.4255,96.4448,UNCERTAIN,high_shadow_variation
21471,307.0,0.191875,0.4723,1.04,2853.3485342019544,2475.368078175896,16408.701954397395,-25858.213355048865,30.6257,2842,2464,2868,2489,6.6335,2.8752,17.1267,5.7935,1.594,-520.0851,1.0,0.6793,0.4412,307.0,,,,0.0,0.0,0.07932,0.077363,0.011883,1.0,1.0,0.005481,-0.000306,-0.001058,-0.001534,-0.00047,-0.002896,-0.004115,-0.0074,307,1.0,121.4255,96.4448,UNCERTAIN,high_shadow_variation
21491,1046.0,0.65375,0.4226,1.22,2850.1156787762907,570.9732313575525,-31201.169216061186,-25777.39196940727,40.472,2831,546,2876,601,6.1653,3.0284,19.6051,5.0866,2.0191,-4720.494,1.0,0.5218,0.4518,1046.0,0.218972,0.209995,0.048653,1.0,1.0,0.044589,0.042352,0.011199,1.0,1.0,0.015013,0.011561,0.002648,0.003878,0.005267,-0.001001,-0.003756,0.000951,1046,1.0,-96.3518,96.3954,UNCERTAIN,high_shadow_variation
21516,135.0,0.084375,0.4219,1.25,2861.8888888888887,714.3407407407408,-27616.98148148148,-26071.72222222222,37.9793,2853,706,2873,722,11.2981,3.4568,18.8068,10.1687,2.7511,-4680.2578,1.0,0.7508,0.3837,135.0,0.266726,0.24127,0.065752,1.0,1.0,0.028685,0.028086,0.004404,1.0,1.0,0.014974,0.000123,-0.000542,-0.000697,0.001863,-0.005116,0.000574,-0.001127,135,1.0,-96.3518,96.3954,UNCERTAIN,high_shadow_variation
21554,480.0,0.3,0.5161,1.03,2870.429166666667,2251.920833333333,10822.520833333328,-26285.22916666667,28.4267,2854,2237,2884,2268,6.8847,3.7678,17.3633,6.0846,2.8632,-228.6735,1.0,0.6207,0.4411,480.0,,,,0.0,0.0,0.060978,0.059208,0.014274,1.0,1.0,0.002075,-0.001158,-0.000423,-0.005153,0.001024,-0.00175,-0.001563,-0.00229,480,1.0,84.0064,107.1887,UNCERTAIN,high_shadow_variation
21561,733.0,0.458125,0.5727,1.25,2870.579809004093,580.6534788540246,-30959.163028649386,-26288.99522510232,40.615,2855,561,2887,601,5.6502,2.8906,17.9977,4.7628,2.0214,-4741.1588,1.0,0.7172,0.407,733.0,0.213759,0.195962,0.065737,1.0,1.0,0.039428,0.038934,0.004777,1.0,1.0,0.021967,0.008394,0.000245,-0.000152,0.004754,-0.00042,-0.00191,0.002924,733,1.0,-96.3518,96.3954,UNCERTAIN,high_shadow_variation
21582,207.0,0.129375,0.6053,1.06,2874.082125603865,633.6618357487922,-29633.954106280195,-26376.553140096614,39.6723,2865,625,2884,643,5.7247,3.6455,18.9913,4.7685,2.1868,-4702.2759,1.0,0.7306,0.4043,207.0,0.203089,0.193813,0.038943,1.0,1.0,0.060868,0.054803,0.016798,1.0,1.0,0.007655,0.008265,0.001991,0.001546,0.004398,0.00426,-0.003381,-0.007823,207,1.0,-96.3518,96.3954,UNCERTAIN,high_shadow_variation
21608,174.0,0.10875,0.6214,1.43,2866.408045977012,543.6206896551724,-31884.98275862069,-26184.70114942529,41.2588,2860,533,2874,553,5.2368,3.0116,16.3721,4.1927,1.4084,-4756.3676,1.0,0.7582,0.3944,174.0,0.217492,0.203776,0.054617,1.0,1.0,0.041759,0.041028,0.004987,1.0,1.0,0.032519,0.008023,-0.000421,-0.001791,0.002228,-0.005544,-0.002027,0.010075,174,1.0,-96.3518,96.3954,UNCERTAIN,high_shadow_variation
21620,333.0,0.208125,0.5663,1.33,2878.0,804.2012012012012,-25370.46996996997,-26474.5,36.6683,2868,789,2889,817,9.2055,5.7807,26.3434,8.3634,4.0455,-4593.3785,1.0,0.5198,0.4368,333.0,0.247129,0.234487,0.060313,1.0,1.0,0.065495,0.060199,0.013124,1.0,1.0,0.000772,-5.6e-05,-0.000245,0.002196,-0.002142,-0.002103,-0.005934,-0.0075,333,1.0,-46.7006,94.2531,UNCERTAIN,high_slope_variation; high_shadow_variation
21628,330.0,0.20625,0.582,1.29,2878.3424242424244,2371.036363636364,13800.409090909088,-26483.060606060608,29.8638,2868,2360,2889,2387,8.6707,3.9081,24.2265,7.2124,2.1751,-537.2075,1.0,0.3287,0.4088,330.0,,,,0.0,0.0,0.077388,0.074994,0.018048,1.0,1.0,0.000356,-0.001195,-0.001458,-0.009678,-0.001268,-0.002947,-0.002074,-0.005808,330,1.0,84.0064,107.1887,UNCERTAIN,high_shadow_variation
21637,556.0,0.3475,0.4238,1.28,2860.669064748201,2372.821942446043,13845.048561151074,-26041.22661870504,29.4936,2839,2355,2880,2387,8.0778,5.4103,27.1606,6.3055,2.4806,-507.8648,1.0,0.2442,0.3593,556.0,,,,0.0,0.0,0.080853,0.075048,0.021573,1.0,1.0,0.001681,-0.00105,-0.001549,-0.004322,0.00107,-0.002469,0.001086,-0.00477,556,1.0,84.0064,107.1887,UNCERTAIN,high_slope_variation; high_shadow_variation
21733,1275.0,0.796875,0.6028,1.04,2879.68,2303.798431372549,12119.460784313727,-26516.5,29.1555,2856,2279,2903,2324,8.0984,3.5046,21.6866,6.8978,2.0926,-333.3425,1.0,0.6489,0.4405,1275.0,,,,0.0,0.0,0.06711,0.062523,0.015979,1.0,1.0,0.000102,-0.001173,-0.000528,-0.012773,-0.000554,-0.002737,-0.002838,-0.004183,1275,1.0,84.0064,107.1887,UNCERTAIN,high_shadow_variation
21761,389.0,0.243125,0.4502,1.19,2889.840616966581,2391.5938303341904,14314.345758354764,-26770.51542416452,30.3579,2875,2379,2907,2406,9.3653,5.4746,27.4648,8.2189,4.3054,-576.9358,1.0,1.0,0.0,389.0,,,,0.0,0.0,0.095975,0.089991,0.020905,1.0,1.0,0.000224,-0.00146,-0.000452,-0.005951,0.000913,-0.002551,-0.002272,-0.005474,389,1.0,84.0064,107.1887,UNCERTAIN,high_slope_variation
21787,617.0,0.385625,0.5103,1.26,2883.118314424635,457.935170178282,-34027.120745542954,-26602.45786061588,43.1918,2865,441,2904,472,5.0225,5.1124,29.5337,3.7108,2.9521,-4752.923,1.0,0.9127,0.2426,617.0,0.217822,0.206057,0.055022,1.0,1.0,0.036106,0.035694,0.002997,1.0,1.0,0.02137,0.006525,-0.001241,-0.000597,0.003473,-0.000846,0.00114,-0.00505,617,1.0,-96.3518,96.3954,UNCERTAIN,high_slope_variation
21841,648.0,0.405,0.6,1.2,2894.2916666666665,441.0864197530864,-34448.33950617284,-26881.791666666657,43.6957,2876,427,2912,457,6.3086,4.0203,24.1572,5.0536,2.3663,-4763.4385,1.0,0.7438,0.386,648.0,0.242333,0.226186,0.075974,1.0,1.0,0.040637,0.040167,0.004835,1.0,1.0,0.010501,0.007598,0.003152,0.003785,0.003835,0.002655,0.002782,-0.006344,648,1.0,-96.3518,96.3954,UNCERTAIN,high_shadow_variation
21871,625.0,0.390625,0.5261,1.09,2910.7008,497.6656,-33033.86,-27292.020000000004,42.8496,2894,479,2927,515,9.9785,2.4073,22.9493,8.7121,1.6206,-4870.4127,1.0,0.4362,0.44,625.0,0.244073,0.244949,0.042809,1.0,1.0,0.027867,0.027502,0.002182,1.0,1.0,0.00769,0.009528,0.002495,0.004864,0.005123,0.003827,0.003617,0.002225,625,1.0,-96.3518,96.3954,UNCERTAIN,high_shadow_variation
21877,501.0,0.313125,0.6326,1.38,2904.99001996008,2405.750499001996,14668.262475049902,-27149.250499001995,30.8591,2888,2394,2921,2418,10.3123,5.6334,27.9357,8.5781,4.0362,-572.0006,1.0,1.0,0.0,501.0,,,,0.0,0.0,0.087501,0.084939,0.016041,1.0,1.0,0.001128,-0.000118,-0.000382,3e-05,0.002623,-0.001295,-0.000258,-0.001929,501,1.0,121.4255,96.4448,UNCERTAIN,high_slope_variation
21958,465.0,0.290625,0.4403,1.03,2902.5333333333333,2504.251612903226,17130.79032258065,-27087.83333333333,32.0509,2889,2491,2921,2524,8.2779,5.0334,23.0654,6.6133,3.1889,-536.7957,1.0,1.0,0.0,465.0,,,,0.0,0.0,0.078417,0.076705,0.014861,1.0,1.0,0.00382,0.00013,0.000464,0.00135,0.002879,4.1e-05,2.6e-05,-1.4e-05,465,1.0,121.4255,96.4448,UNCERTAIN,high_slope_variation
22054,131.0,0.081875,0.524,2.5,2926.1984732824426,1985.3435114503816,4158.087786259537,-27679.46183206106,27.9906,2914,1981,2939,1991,13.204,5.0358,22.3548,11.1932,3.5902,-715.2159,1.0,0.3869,0.4156,131.0,0.222349,0.223274,0.025581,1.0,1.0,0.075022,0.076645,0.007829,1.0,1.0,0.001616,0.001405,0.00143,0.000368,0.002798,-0.002252,0.000538,0.000552,131,1.0,73.237,102.5391,UNCERTAIN,high_slope_variation; high_shadow_variation
22189,669.0,0.418125,0.6043,1.52,2930.8041853512705,2259.1449925261586,11003.12481315396,-27794.604633781768,29.8939,2912,2247,2953,2274,13.7346,5.2288,27.3896,12.4138,4.6286,-150.6979,1.0,0.0569,0.2059,669.0,,,,0.0,0.0,0.066839,0.063361,0.013561,1.0,1.0,0.001031,0.001123,0.002414,0.000484,0.001712,0.001604,-0.000364,0.002704,669,1.0,84.0064,107.1887,UNCERTAIN,high_slope_variation
22312,1335.0,0.834375,0.3968,1.0,2927.2426966292137,445.8426966292135,-34329.43258426966,-27705.567415730344,44.1146,2898,419,2956,477,9.1391,2.5071,19.5766,7.818,1.6533,-4844.4214,1.0,0.5818,0.4462,1335.0,0.271724,0.258347,0.070164,1.0,1.0,0.035142,0.033157,0.009854,1.0,1.0,0.007444,0.009035,0.003249,0.011704,0.005152,0.003359,-0.000329,0.001093,1335,1.0,-96.3518,96.3954,UNCERTAIN,high_shadow_variation
22426,300.0,0.1875,0.4615,1.04,2964.5866666666666,1264.253333333333,-13869.166666666668,-28639.16666666667,31.8209,2954,1251,2980,1276,12.8113,5.1826,24.6408,10.9455,3.527,-706.8979,1.0,0.0489,0.1829,300.0,0.355861,0.354094,0.043904,1.0,1.0,0.087338,0.084525,0.011891,1.0,1.0,0.006401,0.003781,0.00161,0.001817,0.005181,0.017779,-0.001524,-0.004988,300,1.0,62.9466,93.772,UNCERTAIN,high_slope_variation
22462,177.0,0.110625,0.3933,1.39,2967.977401129944,542.8418079096045,-31904.454802259886,-28723.9350282486,42.9297,2959,531,2977,556,8.5412,5.9506,21.5874,6.045,3.5351,-4961.0787,1.0,1.0,0.0,177.0,0.23234,0.223457,0.049482,1.0,1.0,0.035753,0.036768,0.0051,1.0,1.0,0.008269,0.006604,0.003381,0.004687,0.008235,0.007147,0.003547,0.002444,177,1.0,-96.3518,96.3954,UNCERTAIN,high_slope_variation
22498,1098.0,0.68625,0.6867,1.05,2956.8606557377047,2285.9143897996355,11672.359744990885,-28446.016393442624,30.7483,2934,2266,2975,2305,7.5037,3.3789,17.7839,6.5682,2.6731,-80.1517,1.0,0.3693,0.4122,1098.0,,,,0.0,0.0,0.070696,0.067517,0.019905,1.0,1.0,0.00041,0.000145,-0.000202,0.000236,0.000964,0.000474,-0.003039,0.001106,1098,1.0,84.0064,107.1887,UNCERTAIN,high_shadow_variation
22755,784.0,0.49,0.5185,1.93,2989.178571428572,2484.473214285714,16636.330357142855,-29253.96428571429,33.6542,2976,2458,3004,2512,10.6287,6.5427,29.3868,8.6286,4.5387,-542.4968,1.0,1.0,0.0,784.0,0.292492,0.280752,0.075386,1.0,1.0,0.111563,0.099736,0.037821,1.0,1.0,0.003521,0.000765,0.001083,0.001306,-0.000178,-0.003268,-0.003115,-0.0063,784,1.0,121.4255,96.4448,UNCERTAIN,high_slope_variation
22807,3607.0,2.254375,0.5874,1.29,3004.7618519545326,837.2653174383144,-24543.86706404214,-29643.546298863323,38.4857,2965,804,3054,873,9.1443,4.365,27.1096,7.7076,3.2531,-4500.8774,1.0,0.7576,0.3962,3607.0,0.158807,0.154273,0.032414,1.0,1.0,0.08855,0.08689,0.017229,1.0,1.0,0.000364,-0.001303,-0.001493,-0.001519,-0.001682,-0.001722,-0.003289,-0.005532,3607,1.0,-46.7006,94.2531,UNCERTAIN,high_shadow_variation
22902,420.0,0.2625,0.4268,1.71,3016.052380952381,1297.1690476190477,-13046.27380952381,-29925.809523809527,32.6462,3006,1275,3030,1316,7.8765,5.1184,24.3507,6.3824,3.8249,-735.6098,1.0,0.211,0.3595,420.0,0.206133,0.200236,0.042814,1.0,1.0,0.084358,0.08374,0.012347,1.0,1.0,0.011118,0.009061,0.008848,0.008257,0.011504,0.005849,0.005253,0.008237,420,1.0,62.9466,93.772,UNCERTAIN,high_slope_variation; high_shadow_variation
22906,198.0,0.12375,0.4714,1.05,3011.7929292929293,475.2272727272728,-33594.818181818184,-29819.32323232324,44.9199,3002,467,3022,488,8.7691,6.1547,28.1071,5.3654,2.3216,-4951.5534,1.0,0.9796,0.1204,198.0,0.237965,0.231327,0.036938,1.0,1.0,0.034809,0.034217,0.003361,1.0,1.0,0.001303,0.004709,0.002024,-0.008173,0.001321,0.00488,-0.00078,0.002596,198,1.0,-96.3518,96.3954,UNCERTAIN,high_slope_variation
22917,426.0,0.26625,0.4641,1.26,3009.056338028169,2500.169014084507,17028.725352112677,-29750.908450704228,34.2803,2994,2483,3021,2517,8.6523,5.2885,24.9713,7.0515,3.8132,-497.8359,1.0,1.0,0.0,426.0,0.281456,0.273805,0.06356,1.0,1.0,0.121162,0.119069,0.016764,1.0,1.0,0.008857,0.00186,0.000103,0.002006,0.00072,-0.000975,-0.004861,-0.006872,426,1.0,121.4255,96.4448,UNCERTAIN,high_slope_variation
22964,409.0,0.255625,0.4208,1.33,3007.361858190709,892.4327628361858,-23164.680929095357,-29708.54645476773,37.6724,2987,879,3023,906,10.401,4.3908,23.1007,9.1327,3.3052,-4308.0049,1.0,0.3151,0.4322,409.0,0.168002,0.168223,0.020468,1.0,1.0,0.093357,0.085364,0.017828,1.0,1.0,0.001334,0.000673,0.002568,0.000206,0.000899,-0.002356,-0.001566,-0.00508,409,1.0,-46.7006,94.2531,UNCERTAIN,high_shadow_variation
23144,331.0,0.206875,0.6269,1.09,3033.3262839879158,2389.12084592145,14252.521148036249,-30357.657099697884,33.5375,3021,2380,3045,2402,8.3153,4.1984,19.8449,7.4584,3.4624,-104.943,1.0,0.5239,0.469,331.0,0.201224,0.200657,0.026405,1.0,1.0,0.066371,0.065358,0.008426,1.0,1.0,0.001244,-0.000279,0.000853,-0.000999,0.000633,-0.002953,-0.001688,-0.0035,331,1.0,84.0064,107.1887,UNCERTAIN,high_shadow_variation
23161,140.0,0.0875,0.4167,1.31,3052.514285714285,847.1785714285714,-24296.035714285717,-30837.35714285713,39.2587,3042,839,3063,855,6.8952,2.5208,16.4628,6.5485,1.6861,-4369.102,1.0,0.444,0.4493,140.0,0.149411,0.146663,0.022135,1.0,1.0,0.082291,0.081118,0.010159,1.0,1.0,0.000974,-0.000194,0.001121,-0.001003,-0.000724,-0.00127,-0.01423,-0.010451,140,1.0,-46.7006,94.2531,UNCERTAIN,high_shadow_variation
23194,670.0,0.41875,0.5026,1.39,3034.2567164179104,1299.413432835821,-12990.16417910448,-30380.917910447766,33.0418,3015,1282,3058,1313,7.1176,3.79,21.0473,6.1022,2.5948,-696.4448,1.0,0.2837,0.4099,670.0,0.18488,0.173297,0.04934,1.0,1.0,0.095014,0.092753,0.017233,1.0,1.0,0.00962,0.008031,0.007384,0.008086,0.00999,0.01356,0.007913,0.009941,670,1.0,62.9466,93.772,UNCERTAIN,high_shadow_variation
23206,809.0,0.505625,0.6214,1.35,3049.871446229913,2411.346106304079,14808.152657601977,-30771.28615574783,34.1497,3035,2390,3066,2432,11.8303,5.0931,24.376,10.5537,4.2929,-124.6727,1.0,0.7005,0.4302,809.0,0.21514,0.212539,0.031577,1.0,1.0,0.094114,0.094612,0.01732,1.0,1.0,0.001654,0.000284,-0.001007,-0.000919,-0.000328,-0.007896,-0.004417,-0.004108,809,1.0,121.4255,96.4448,UNCERTAIN,high_slope_variation; high_shadow_variation
23226,883.0,0.551875,0.53,1.44,3047.664779161948,707.6908267270668,-27783.22933182333,-30716.119479048702,41.4173,3029,686,3063,735,9.6908,2.9941,26.2937,8.3854,2.1395,-4511.1123,1.0,0.8066,0.3653,883.0,0.215217,0.20851,0.067797,1.0,1.0,0.071933,0.07024,0.012318,1.0,1.0,0.004168,0.000389,0.002436,0.000377,0.003157,0.002372,0.001315,0.003563,883,1.0,-96.3518,96.3954,UNCERTAIN,high_shadow_variation
23253,584.0,0.365,0.452,1.12,3056.285958904109,1317.2431506849316,-12544.42123287671,-30931.648972602736,33.3789,3035,1296,3073,1330,7.8388,3.628,22.852,6.7303,2.4802,-693.0391,1.0,0.3101,0.4318,584.0,0.16764,0.166004,0.037715,1.0,1.0,0.089559,0.08868,0.009864,1.0,1.0,0.00711,0.003654,0.003049,0.004761,0.002057,0.002297,0.00103,-0.002414,584,1.0,62.9466,93.772,UNCERTAIN,high_shadow_variation
23265,361.0,0.225625,0.461,1.07,3062.722991689751,655.3407202216066,-29091.981994459835,-31092.574792243773,42.5804,3047,643,3076,670,9.04,3.6105,18.2854,7.9903,3.0648,-4609.8116,1.0,0.6847,0.4165,361.0,0.209938,0.209948,0.038014,1.0,1.0,0.077108,0.075003,0.012982,1.0,1.0,0.004919,0.001724,0.004588,0.0038,0.006302,0.00342,-0.000354,0.005209,361,1.0,-96.3518,96.3954,UNCERTAIN,high_shadow_variation
23281,539.0,0.336875,0.4968,1.13,3068.692022263451,870.5677179962894,-23711.307050092764,-31241.80055658627,39.221,3053,855,3088,886,8.7213,3.4973,20.3734,7.6346,2.5704,-4308.3026,1.0,0.2494,0.3887,539.0,0.252064,0.247071,0.051569,1.0,1.0,0.066677,0.0658,0.005586,1.0,1.0,-0.000932,0.001105,0.000599,0.000485,0.000174,9.3e-05,-0.003777,0.001594,539,1.0,-46.7006,94.2531,UNCERTAIN,high_shadow_variation
23394,713.0,0.445625,0.4738,1.23,3079.553997194951,1605.1164095371669,-5347.589761570831,-31513.349929873773,31.9643,3060,1585,3103,1620,6.6032,3.8159,23.6458,5.3433,2.8339,-1810.1681,1.0,0.6444,0.4522,713.0,0.19289,0.189498,0.043874,1.0,1.0,0.084045,0.078094,0.023548,1.0,1.0,0.001045,0.000581,-0.001321,-0.000145,-0.002077,-0.003283,-0.007658,-0.00599,713,1.0,73.237,102.5391,UNCERTAIN,high_shadow_variation
23400,171.0,0.106875,0.6287,1.06,3076.5847953216376,1565.795321637427,-6330.616959064326,-31439.11988304094,32.0705,3069,1558,3085,1575,5.1924,3.4192,20.9339,4.0676,1.7298,-1772.9469,1.0,0.3268,0.4101,171.0,0.20066,0.19625,0.036002,1.0,1.0,0.08032,0.076386,0.012713,1.0,1.0,0.004908,0.001129,-0.002939,-0.0017,-0.002081,-3.6e-05,-0.008473,-0.004941,171,1.0,62.9466,93.772,UNCERTAIN,high_shadow_variation
23424,1215.0,0.759375,0.463,1.56,3075.3316872427986,2446.1637860082305,15678.594650205763,-31407.792181069963,35.1043,3054,2416,3095,2480,10.4288,3.9812,23.4961,9.1022,3.1638,-75.5985,1.0,0.7872,0.3899,1215.0,0.222201,0.216994,0.049159,1.0,1.0,0.110605,0.109208,0.020187,1.0,1.0,6e-06,0.002934,5.2e-05,0.000584,0.00321,-0.002514,-0.005424,-0.001585,1215,1.0,121.4255,96.4448,UNCERTAIN,high_shadow_variation
23436,144.0,0.09,0.6154,1.38,3087.895833333333,609.3263888888889,-30242.340277777777,-31721.895833333343,43.8278,3082,601,3095,619,15.8704,2.3415,22.468,14.7125,0.8051,-4572.5242,1.0,0.6667,0.3743,144.0,0.226179,0.221184,0.03427,1.0,1.0,0.04282,0.042661,0.0026,1.0,1.0,0.001776,0.005898,0.006527,0.005083,0.009152,0.009404,0.007344,0.007895,144,1.0,-96.3518,96.3954,UNCERTAIN,high_shadow_variation
23515,603.0,0.376875,0.4418,1.11,3088.305140961857,1647.407960199005,-4290.300995024874,-31732.128524046435,32.0213,3071,1630,3110,1665,6.8986,3.9489,21.0394,4.7891,1.7281,-1801.7765,1.0,0.3684,0.4131,603.0,0.253219,0.220133,0.10952,0.963516,0.963516,0.054934,0.054416,0.006281,1.0,1.0,-0.00041,0.001107,0.000753,0.000524,9.8e-05,-0.003898,-0.003425,-0.004596,603,1.0,73.237,102.5391,UNCERTAIN,high_shadow_variation
23521,949.0,0.593125,0.5255,1.02,3112.1369863013697,1594.3877766069547,-5615.805584826128,-32327.92465753424,32.8125,3090,1573,3133,1615,6.3424,4.0776,29.8808,4.875,2.6993,-1807.4239,1.0,0.659,0.4205,949.0,0.291134,0.219025,0.189172,0.796628,0.796628,0.097567,0.087396,0.03181,1.0,1.0,0.001583,0.000395,0.000214,-0.000109,-0.002153,-0.005041,-0.005385,-0.0041,949,1.0,62.9466,93.772,UNCERTAIN,high_shadow_variation
23580,814.0,0.50875,0.4372,1.29,3110.7051597051595,2524.185503685504,17629.137592137587,-32292.12899262899,36.7915,3095,2499,3133,2548,10.4576,5.6834,27.6107,9.3321,5.0203,16.2855,1.0,0.2244,0.3897,814.0,0.260397,0.254623,0.065825,0.429975,0.429975,0.113503,0.114444,0.014535,1.0,1.0,0.001356,0.001983,0.00258,0.000267,-0.001434,-0.008011,-0.004974,-0.002695,814,1.0,121.4255,96.4448,UNCERTAIN,high_slope_variation; high_shadow_variation
23605,353.0,0.220625,0.6193,1.58,3111.4645892351277,1650.9773371104816,-4201.066572237964,-32311.11473087818,32.5835,3097,1643,3127,1662,8.6811,5.5649,24.1101,6.4011,2.9807,-1816.0768,1.0,0.4701,0.437,353.0,0.227735,0.231674,0.028967,0.07932,0.07932,0.061332,0.059818,0.00688,1.0,1.0,0.001691,0.00054,-7.7e-05,0.001123,0.00011,4.6e-05,-0.001915,-0.003795,353,1.0,73.237,102.5391,UNCERTAIN,high_slope_variation; high_shadow_variation
23611,131.0,0.081875,0.6823,1.33,3105.290076335878,1307.5419847328244,-12786.950381679391,-32156.751908396956,34.6061,3100,1300,3112,1316,5.4591,3.023,18.9964,4.8177,1.0452,-560.5127,1.0,0.2699,0.4052,131.0,0.138214,0.138713,0.023552,1.0,1.0,0.095093,0.095327,0.007333,1.0,1.0,0.009994,0.005722,0.000293,0.001955,0.004481,0.000431,0.001703,0.000906,131,1.0,62.9466,93.772,UNCERTAIN,high_shadow_variation
23655,497.0,0.310625,0.6347,1.07,3123.307847082495,1622.939637826962,-4902.00905432595,-32607.19617706237,32.974,3108,1611,3137,1638,7.122,3.9813,21.8919,5.352,2.3845,-1813.3395,1.0,0.6022,0.4335,497.0,0.182778,0.182778,0.04716,0.004024,0.004024,0.071841,0.069107,0.016977,1.0,1.0,0.001755,0.000512,0.000219,-2.9e-05,-0.000913,-0.002614,-0.001677,-0.007777,497,1.0,73.237,102.5391,UNCERTAIN,high_shadow_variation
23714,244.0,0.1525,0.5894,1.28,3128.786885245901,1684.8483606557377,-3354.290983606559,-32744.17213114754,32.916,3121,1674,3139,1697,3.8019,2.4564,13.2401,2.9085,1.5984,-1828.5992,1.0,0.5928,0.4121,244.0,,,,0.0,0.0,0.060828,0.061101,0.008555,1.0,1.0,0.004838,0.002505,0.002732,0.003157,0.008168,-0.004972,0.006408,0.000164,244,1.0,73.237,102.5391,UNCERTAIN,high_shadow_variation
23721,748.0,0.4675,0.5844,1.25,3133.1711229946523,1803.0989304812836,-398.0267379679135,-32853.778074866306,32.8567,3117,1784,3149,1824,5.062,2.8411,22.2311,3.8454,1.3152,-1804.8919,1.0,0.6006,0.4427,748.0,,,,0.0,0.0,0.079006,0.065526,0.038495,1.0,1.0,0.000637,0.001131,0.001242,0.000889,9.3e-05,-0.00127,-0.002077,0.001478,618,0.8262,73.237,102.5391,UNCERTAIN,high_shadow_variation
23756,204.0,0.1275,0.6,1.18,3125.833333333333,1605.5049019607843,-5337.877450980392,-32670.333333333343,33.1039,3117,1595,3134,1615,5.7807,3.5072,21.386,5.0958,2.865,-1815.4384,1.0,0.6867,0.396,204.0,,,,0.0,0.0,0.10716,0.099518,0.022891,1.0,1.0,0.001348,-6.9e-05,0.000273,-0.000541,-0.001171,-0.002029,-0.002735,-0.002113,204,1.0,73.237,102.5391,UNCERTAIN,high_shadow_variation
23775,1060.0,0.6625,0.5136,1.12,3138.1245283018866,1546.7037735849055,-6807.905660377364,-32977.61320754717,33.6734,3116,1519,3159,1567,8.7599,5.4919,29.1555,7.0713,3.5766,-1798.988,1.0,0.5277,0.4554,1060.0,0.184127,0.185419,0.033423,0.671698,0.671698,0.096385,0.087493,0.036351,1.0,1.0,0.001028,0.001057,0.000843,0.000448,0.000736,-0.00516,-0.004125,-0.007423,1060,1.0,62.9466,93.772,UNCERTAIN,high_slope_variation; high_shadow_variation
23777,180.0,0.1125,0.6618,1.06,3136.088888888889,1717.7111111111112,-2532.722222222219,-32926.72222222222,33.0244,3128,1710,3144,1727,5.3133,3.5513,15.7468,3.7,1.2584,-1820.4229,1.0,0.5969,0.4318,180.0,,,,0.0,0.0,0.038423,0.030733,0.019857,1.0,1.0,0.002651,0.004855,0.004786,0.004581,0.010434,0.000518,0.004796,0.003102,180,1.0,73.237,102.5391,UNCERTAIN,high_shadow_variation
23817,823.0,0.514375,0.5317,1.19,3156.3013365735114,1786.4106925880924,-815.2326852976912,-33432.033414337784,33.4425,3132,1768,3175,1804,6.7978,4.3643,24.5853,5.0554,2.2081,-1822.3633,1.0,0.5971,0.4405,823.0,,,,0.0,0.0,0.070139,0.06649,0.023471,1.0,1.0,0.000643,0.001873,0.002757,0.001696,0.0008,-0.003348,-0.003432,0.001129,823,1.0,73.237,102.5391,UNCERTAIN,high_shadow_variation
23824,345.0,0.215625,0.6319,1.24,3141.2028985507245,1693.3971014492754,-3140.5724637681124,-33054.57246376811,33.2039,3132,1681,3153,1707,4.4666,2.8961,16.6439,3.2623,1.4658,-1825.5484,1.0,0.7754,0.3647,345.0,,,,0.0,0.0,0.060935,0.064277,0.013329,1.0,1.0,0.002742,0.004663,0.004319,0.003715,0.007313,0.000416,0.004911,0.002441,345,1.0,73.237,102.5391,UNCERTAIN,high_shadow_variation
23831,156.0,0.0975,0.6446,2.0,3144.75,1649.5064102564102,-4237.83974358975,-33143.25,33.4135,3140,1639,3151,1661,4.9874,2.1564,11.7763,4.2479,1.4099,-1814.1418,1.0,0.7323,0.3859,156.0,,,,0.0,0.0,0.066478,0.066367,0.008503,1.0,1.0,-0.000451,0.000607,0.000169,0.000498,0.004365,-0.003959,-0.00179,-0.004229,156,1.0,73.237,102.5391,UNCERTAIN,high_shadow_variation
23841,2170.0,1.35625,0.5308,1.3,3127.530414746544,1317.2308755760369,-12544.728110599077,-32712.760368663585,35.0359,3097,1284,3153,1357,9.2117,4.4266,25.3068,7.917,3.3142,-538.8959,1.0,0.2443,0.395,2170.0,0.19031,0.169846,0.083355,1.0,1.0,0.096421,0.092278,0.025241,1.0,1.0,0.016631,0.015318,0.016714,0.019601,0.025649,0.022345,0.020167,0.021542,2170,1.0,62.9466,93.772,UNCERTAIN,high_shadow_variation
23843,740.0,0.4625,0.5564,1.09,3143.7283783783782,1831.891891891892,321.79729729730025,-33117.70945945945,33.1198,3123,1817,3161,1852,4.2322,2.9103,18.0152,3.5033,1.9016,-1770.6389,1.0,0.4445,0.4193,740.0,,,,0.0,0.0,0.060337,0.059746,0.009062,1.0,1.0,-0.000235,0.001788,0.000222,0.000658,-0.00108,-0.004042,-0.003685,0.000237,550,0.7432,73.237,102.5391,UNCERTAIN,high_shadow_variation
23878,322.0,0.20125,0.5367,1.04,3148.4316770186338,1664.2981366459628,-3868.0465838509263,-33235.29192546585,33.4601,3136,1653,3160,1678,7.6437,4.4619,21.4129,5.5204,2.6266,-1829.0716,1.0,0.7441,0.4039,322.0,,,,0.0,0.0,0.06221,0.06077,0.0077,1.0,1.0,1.4e-05,0.001621,0.000949,0.00219,0.001944,-0.002058,-0.003111,0.002047,322,1.0,73.237,102.5391,UNCERTAIN,high_shadow_variation
23901,564.0,0.3525,0.5937,1.52,3156.6099290780144,1732.322695035461,-2167.432624113477,-33439.74822695035,33.5104,3137,1719,3175,1744,4.4798,2.3296,12.3833,3.3718,1.1187,-1809.5923,1.0,0.406,0.4422,564.0,,,,0.0,0.0,0.03482,0.034508,0.004386,1.0,1.0,0.002252,0.004917,0.004257,0.004696,0.004149,0.001875,0.001584,0.003567,564,1.0,73.237,102.5391,UNCERTAIN,high_shadow_variation
23916,143.0,0.089375,0.3972,1.11,3161.4125874125875,1813.8251748251748,-129.87062937062728,-33559.81468531469,33.5606,3153,1803,3171,1823,2.792,1.9327,10.3423,2.3028,1.0013,-1786.6926,1.0,0.518,0.3865,143.0,,,,0.0,0.0,0.077042,0.074348,0.011033,1.0,1.0,-0.00167,0.002101,0.004084,-0.000534,-0.000953,-0.003569,-0.005553,-0.000673,64,0.4476,73.237,102.5391,UNCERTAIN,high_shadow_variation
23923,276.0,0.1725,0.5308,1.3,3155.1195652173915,1686.4673913043478,-3313.815217391304,-33402.489130434784,33.5669,3145,1673,3165,1699,5.3047,3.1245,16.6062,3.7271,1.2037,-1824.022,1.0,0.7662,0.3618,276.0,,,,0.0,0.0,0.047884,0.0388,0.014776,1.0,1.0,0.000289,0.00389,0.002767,0.004696,0.001851,0.002268,-0.002001,0.003412,276,1.0,73.237,102.5391,UNCERTAIN,high_shadow_variation
23932,496.0,0.31,0.4351,1.27,3155.171370967742,1765.764112903226,-1331.397177419356,-33403.784274193546,33.4308,3140,1748,3170,1786,3.67,2.6351,17.7039,2.7533,1.1733,-1821.8717,1.0,0.4422,0.416,496.0,,,,0.0,0.0,0.074044,0.073425,0.013268,1.0,1.0,0.001241,0.004031,0.003415,0.003884,0.002565,0.000409,0.001105,0.002073,496,1.0,73.237,102.5391,UNCERTAIN,high_shadow_variation
23979,676.0,0.4225,0.5083,1.09,3157.624260355029,1345.1257396449705,-11847.35650887574,-33465.10650887573,35.5006,3143,1327,3178,1365,9.0975,4.1002,25.8281,7.7747,2.5345,-536.7827,1.0,0.3121,0.4101,676.0,0.335597,0.319406,0.095635,1.0,1.0,0.106227,0.10608,0.015649,1.0,1.0,0.013199,0.012601,0.014079,0.014343,0.020195,0.013885,0.014529,0.012305,676,1.0,62.9466,93.772,UNCERTAIN,high_shadow_variation
23981,149.0,0.093125,0.5068,1.5,3166.1409395973155,1747.248322147651,-1794.2919463087237,-33678.02348993289,33.7263,3157,1742,3178,1756,3.3442,1.9149,9.2044,2.8004,0.93,-1821.3997,1.0,0.4486,0.4168,149.0,,,,0.0,0.0,0.053248,0.049542,0.014812,1.0,1.0,0.002176,0.003381,0.005418,0.003794,0.002861,0.001223,0.000127,-0.000749,149,1.0,73.237,102.5391,UNCERTAIN,high_shadow_variation
23987,896.0,0.56,0.463,1.05,3160.625,1712.716517857143,-2657.5870535714275,-33540.125,33.6457,3139,1689,3182,1734,3.9141,2.0731,16.5314,3.0507,1.2133,-1826.3365,1.0,0.652,0.4179,896.0,,,,0.0,0.0,0.036342,0.035525,0.00646,1.0,1.0,0.003143,0.003318,0.004339,0.004843,0.004348,0.001621,0.001569,0.002999,896,1.0,73.237,102.5391,UNCERTAIN,high_shadow_variation
23988,405.0,0.253125,0.4095,1.87,3164.5604938271604,1885.2469135802469,1655.6728395061727,-33638.512345679,33.6798,3154,1861,3177,1904,7.2102,3.9567,20.8128,6.1975,3.254,-1754.082,1.0,0.4528,0.4497,405.0,0.227153,0.215473,0.048863,0.995062,0.995062,0.046237,0.046359,0.005337,1.0,1.0,-0.001532,-0.003197,0.004105,0.000275,-8e-06,-0.004094,-0.006043,-0.003475,405,1.0,73.237,102.5391,UNCERTAIN,high_shadow_variation
23992,900.0,0.5625,0.455,1.07,3166.028888888889,1637.8044444444445,-4530.3888888888905,-33675.22222222222,33.979,3148,1617,3191,1663,6.3435,3.9552,29.139,5.6344,3.4894,-1826.6038,1.0,0.6593,0.4179,900.0,,,,0.0,0.0,0.064718,0.061178,0.013443,1.0,1.0,-0.000455,0.000229,0.002057,-0.000289,-0.002175,-0.006463,-0.006968,-0.003169,900,1.0,73.237,102.5391,UNCERTAIN,high_shadow_variation
24030,338.0,0.21125,0.6389,1.0,3178.630177514793,1809.3934911242604,-240.6627218934882,-33990.25443786982,33.9916,3168,1798,3191,1821,4.2572,2.6067,13.2095,3.0758,1.1125,-1798.747,1.0,0.6092,0.3883,338.0,,,,0.0,0.0,0.054793,0.058313,0.017216,1.0,1.0,-0.001827,-0.001275,0.004078,0.002818,0.000518,-0.002169,-0.003754,0.001182,248,0.7337,73.237,102.5391,UNCERTAIN,high_shadow_variation
24031,781.0,0.488125,0.4254,1.42,3169.755441741357,1833.957746478873,373.4436619718326,-33768.38604353393,33.771,3154,1815,3190,1866,5.9819,3.2954,25.0507,4.2777,1.6053,-1793.8688,1.0,0.5601,0.4224,781.0,0.211378,0.177654,0.066058,0.012804,0.012804,0.062122,0.060458,0.016,1.0,1.0,0.001656,-0.003177,0.004105,-6e-05,0.001012,-0.004853,-0.006101,-0.002531,565,0.7234,73.237,102.5391,UNCERTAIN,high_shadow_variation
24036,610.0,0.38125,0.5083,1.92,3167.786885245901,1675.022950819672,-3599.926229508193,-33719.17213114754,33.9112,3155,1653,3180,1701,8.948,5.18,24.6446,7.4301,3.858,-1839.9757,1.0,0.8001,0.3386,610.0,,,,0.0,0.0,0.044156,0.040739,0.012215,1.0,1.0,0.000712,0.003014,0.003887,0.002387,0.001032,-0.001914,-0.003451,0.000585,610,1.0,73.237,102.5391,UNCERTAIN,high_slope_variation
24081,177.0,0.110625,0.6705,2.18,3186.497175141243,1799.3276836158193,-492.3079096045185,-34186.92937853107,34.191,3175,1795,3199,1806,4.889,2.2894,13.0616,4.1199,1.1738,-1800.0165,1.0,0.6179,0.4189,177.0,,,,0.0,0.0,0.042971,0.036017,0.013266,1.0,1.0,-0.000249,4e-06,0.0029,0.0011,0.001262,-0.003784,-0.00159,0.004656,177,1.0,73.237,102.5391,UNCERTAIN,high_shadow_variation
24088,457.0,0.285625,0.3526,2.25,3202.9277899343547,1778.2910284463894,-1018.2242888402616,-34597.694748358874,34.6132,3174,1765,3228,1789,11.8042,3.9882,22.9537,9.5947,3.014,-1846.143,1.0,0.7148,0.4341,457.0,0.183313,0.177157,0.020596,0.063457,0.063457,0.042932,0.039336,0.010681,1.0,1.0,0.001441,0.003086,0.00247,0.002284,0.003211,-0.002782,0.002194,0.006595,457,1.0,64.5725,120.1906,UNCERTAIN,high_shadow_variation
24103,441.0,0.275625,0.6282,1.04,3187.0068027210887,1683.063492063492,-3398.9126984127,-34199.67006802722,34.3686,3174,1671,3201,1697,7.854,5.3706,27.6292,5.2418,2.5571,-1835.8135,1.0,0.8965,0.2588,441.0,,,,0.0,0.0,0.038657,0.038111,0.003939,1.0,1.0,0.00343,-0.002316,0.004357,0.003898,0.003452,0.000409,0.000286,0.001533,441,1.0,73.237,102.5391,UNCERTAIN,high_slope_variation
24124,525.0,0.328125,0.4972,1.03,3197.552380952381,1765.8495238095238,-1329.2619047619082,-34463.30952380953,34.4894,3183,1751,3216,1783,5.9978,2.9036,16.2619,5.0835,1.958,-1818.9112,1.0,0.6508,0.4147,525.0,,,,0.0,0.0,0.046343,0.042939,0.01155,1.0,1.0,0.001276,0.002276,0.00209,0.001966,0.004529,-0.00211,0.003249,0.002155,525,1.0,73.237,102.5391,UNCERTAIN,high_shadow_variation
24171,548.0,0.3425,0.2206,1.17,3178.525547445256,2042.3229927007296,5582.574817518245,-33987.638686131395,34.4436,3156,2016,3202,2070,9.3165,5.46,29.7316,8.2945,4.7481,-2866.7696,1.0,1.0,0.0,548.0,0.223156,0.221355,0.047005,1.0,1.0,0.037848,0.034049,0.01265,1.0,1.0,-0.000741,-0.002105,-0.000458,0.000272,-0.000615,-0.006728,-0.001647,-0.001776,548,1.0,84.0064,107.1887,UNCERTAIN,roi_edge_partial; high_slope_variation
24175,204.0,0.1275,0.5397,1.17,3196.9460784313724,1598.9950980392157,-5500.622549019608,-34448.15196078431,34.885,3188,1591,3209,1609,5.7298,5.1166,23.403,4.5419,1.9864,-1820.8706,1.0,0.9263,0.2096,204.0,,,,0.0,0.0,0.12808,0.113198,0.05301,1.0,1.0,-0.000509,-0.000709,0.001542,-0.000422,-0.001217,-0.001904,-0.00463,-0.005966,204,1.0,62.9466,93.772,UNCERTAIN,high_slope_variation
24187,331.0,0.206875,0.7118,2.07,3187.154078549849,1789.6012084592146,-735.4697885196365,-34203.35196374623,34.2117,3173,1783,3204,1798,8.9401,2.864,16.063,7.5783,2.0032,-1826.5856,1.0,0.7723,0.3853,331.0,,,,0.0,0.0,0.045294,0.038117,0.013013,1.0,1.0,0.000617,-4.5e-05,0.002978,0.001329,0.0021,-0.004862,-0.000793,0.008436,331,1.0,73.237,102.5391,UNCERTAIN,high_shadow_variation
24191,242.0,0.15125,0.4384,1.04,3206.2438016528927,1676.6157024793388,-3560.10743801653,-34680.59504132232,34.8633,3195,1666,3219,1689,6.9764,6.4254,25.3676,4.735,3.2224,-1834.7921,1.0,0.9835,0.0906,242.0,,,,0.0,0.0,0.041916,0.040587,0.008211,1.0,1.0,0.000759,0.001712,0.001707,0.000645,0.002941,-0.001314,0.00088,0.001947,242,1.0,64.5725,120.1906,UNCERTAIN,high_slope_variation
24195,401.0,0.250625,0.4975,1.19,3210.8952618453864,1745.4763092269327,-1838.592269326684,-34796.88154613465,34.8459,3197,1729,3223,1760,5.4089,3.079,16.5041,4.1622,1.5614,-1832.3007,1.0,0.715,0.3866,401.0,,,,0.0,0.0,0.049577,0.047423,0.009106,1.0,1.0,0.00212,0.004249,0.002362,0.002737,0.006387,-8.6e-05,0.003701,0.009691,401,1.0,64.5725,120.1906,UNCERTAIN,high_shadow_variation
24230,342.0,0.21375,0.4647,1.39,3202.2017543859647,1731.2280701754387,-2194.7982456140307,-34579.543859649115,34.6496,3190,1716,3213,1748,5.6671,3.613,22.5473,4.6323,2.9901,-1828.8839,1.0,0.7709,0.3731,342.0,,,,0.0,0.0,0.045059,0.042932,0.006126,1.0,1.0,0.001111,0.002978,0.002331,0.002486,0.006002,0.000357,0.00435,0.013661,342,1.0,64.5725,120.1906,UNCERTAIN,high_shadow_variation
24286,948.0,0.5925,0.5197,1.26,3202.934599156118,1812.402953586498,-165.42616033754894,-34597.86497890296,34.5988,3185,1788,3223,1836,8.2235,5.5559,29.744,6.4275,3.5899,-1829.0073,1.0,0.63,0.4377,948.0,0.21856,0.205544,0.057793,0.722574,0.722574,0.044409,0.04358,0.007444,1.0,1.0,-0.000508,0.002872,0.000927,-0.000391,0.001518,-0.005092,0.000651,-0.002237,599,0.6319,64.5725,120.1906,UNCERTAIN,high_slope_variation; high_shadow_variation
24445,588.0,0.3675,0.4667,1.03,3226.113945578232,1752.7585034013605,-1656.537414965991,-35177.348639455784,35.2168,3209,1736,3244,1772,9.2306,4.3633,23.5551,6.979,2.0718,-1848.0477,1.0,0.7493,0.3891,588.0,0.143994,0.143828,0.025398,0.068027,0.068027,0.034702,0.034392,0.005352,1.0,1.0,0.002775,0.004267,0.002163,0.003701,0.012716,0.00446,0.002435,0.00832,588,1.0,64.5725,120.1906,UNCERTAIN,high_shadow_variation
24502,599.0,0.374375,0.4762,1.09,3242.846410684474,868.7128547579299,-23757.678631051756,-35595.660267111845,42.7959,3227,854,3264,888,9.2054,5.7673,26.6389,7.636,3.715,-5687.9322,1.0,1.0,0.0,599.0,0.182145,0.179149,0.033681,1.0,1.0,0.072166,0.070072,0.009076,1.0,1.0,-0.000649,-0.018703,0.003003,0.001252,0.000339,-0.003997,-0.004304,0.005475,599,1.0,-93.9919,109.8179,UNCERTAIN,high_slope_variation
24524,474.0,0.29625,0.4489,1.03,3239.6413502109704,1768.654008438819,-1259.149789029536,-35515.53375527426,35.5383,3226,1756,3259,1788,7.1316,3.9316,20.3223,5.9348,2.7931,-1824.6123,1.0,0.7162,0.4151,474.0,0.224934,0.219171,0.052151,1.0,1.0,0.047365,0.045057,0.013951,1.0,1.0,0.001675,0.004004,0.000194,0.000812,0.012159,0.002202,0.001026,-0.002124,474,1.0,64.5725,120.1906,UNCERTAIN,high_shadow_variation
24526,965.0,0.603125,0.4497,1.57,3240.032124352332,2293.4549222797928,11860.873056994817,-35525.30310880829,37.4536,3207,2275,3265,2312,8.8143,5.0669,24.5616,7.3415,3.9398,-2844.8059,1.0,1.0,0.0,965.0,,,,0.0,0.0,0.040989,0.040026,0.007031,1.0,1.0,-0.000545,0.003676,-0.001889,-0.000254,-0.001237,0.00055,-0.000796,-0.002376,965,1.0,66.8985,121.9192,UNCERTAIN,high_slope_variation
24604,425.0,0.265625,0.3427,1.29,3268.715294117647,1832.8164705882352,344.91176470588107,-36242.382352941175,36.2445,3256,1815,3287,1855,10.3932,5.2661,26.6031,8.4345,3.2226,-1822.1562,1.0,0.9135,0.2684,425.0,0.232136,0.220171,0.071783,1.0,1.0,0.054104,0.051537,0.015703,1.0,1.0,0.002874,-0.001396,0.002133,-0.000179,-0.001255,0.000547,0.001263,-0.003305,304,0.7153,64.5725,120.1906,UNCERTAIN,high_slope_variation
24667,636.0,0.3975,0.5889,1.48,3276.180817610063,1993.122641509434,4352.566037735851,-36429.02044025158,36.6887,3264,1975,3291,2015,10.7192,5.267,23.0715,9.151,4.3686,-2903.1698,1.0,1.0,0.0,636.0,0.29718,0.287569,0.069181,1.0,1.0,0.05416,0.050628,0.013135,1.0,1.0,0.001867,0.0003,0.001164,0.001498,0.001874,0.002452,-0.002258,0.001435,636,1.0,64.5725,120.1906,UNCERTAIN,high_slope_variation
24724,787.0,0.491875,0.4997,1.29,3258.395171537484,1788.8017789072428,-755.4555273189326,-35984.37928843711,35.9928,3236,1771,3281,1806,13.7979,6.1071,28.9446,11.6047,4.7105,-1859.0529,1.0,0.7733,0.4015,787.0,0.230079,0.207922,0.107598,1.0,1.0,0.046439,0.0428,0.00943,1.0,1.0,0.002836,0.000273,0.00172,0.002096,0.001549,0.001593,0.00054,-0.003435,787,1.0,64.5725,120.1906,UNCERTAIN,high_slope_variation; high_shadow_variation
24772,1452.0,0.9075,0.5042,1.42,3283.6962809917354,2704.999311294766,22149.482782369145,-36616.907024793385,42.7955,3263,2673,3308,2737,9.0384,4.4816,25.7245,7.8233,3.45,-694.4392,1.0,0.3394,0.4295,1452.0,0.238764,0.234599,0.047621,1.0,1.0,0.047011,0.044558,0.011616,1.0,1.0,-0.000108,0.000695,-4.7e-05,6.1e-05,-6.9e-05,-0.001991,-0.005802,-0.008575,1452,1.0,130.151,122.7969,UNCERTAIN,high_shadow_variation
24792,604.0,0.3775,0.6719,1.07,3283.230132450331,1463.4751655629138,-8888.620860927156,-36605.25331125828,37.6693,3268,1449,3299,1478,11.1525,5.0706,26.9323,9.3131,3.2274,-481.4705,1.0,0.0805,0.2357,604.0,0.358102,0.32604,0.169425,0.955298,0.955298,0.120895,0.120047,0.014218,1.0,1.0,0.030223,0.03346,0.046148,0.055191,0.058799,0.061804,0.061514,0.057385,604,1.0,16.5674,112.9342,UNCERTAIN,high_slope_variation
24799,292.0,0.1825,0.5923,1.71,3289.3801369863013,1998.041095890411,4475.527397260274,-36759.00342465754,37.031,3281,1985,3298,2014,11.4281,6.1502,28.6364,9.9394,4.5276,-2947.5308,1.0,1.0,0.0,292.0,0.219215,0.1821,0.101988,1.0,1.0,0.053935,0.052599,0.00716,1.0,1.0,0.002271,0.000313,0.001761,0.001042,0.00461,0.002866,0.002129,0.000569,292,1.0,64.5725,120.1906,UNCERTAIN,high_slope_variation
24818,1268.0,0.7925,0.4574,2.14,3282.8872239747634,2169.044164037855,8750.604100946373,-36596.68059936908,37.6289,3263,2135,3299,2212,8.2894,5.3034,22.6235,6.9131,4.3095,-2935.6952,1.0,1.0,0.0,1268.0,,,,0.0,0.0,0.056998,0.056117,0.009633,1.0,1.0,0.001887,0.000554,-0.001707,-0.001284,0.000671,0.001196,-0.002037,-0.002377,1268,1.0,66.8985,121.9192,UNCERTAIN,high_slope_variation
24881,367.0,0.229375,0.5319,1.3,3296.267029972752,2822.948228882834,25098.20572207085,-36931.175749318805,44.653,3281,2812,3311,2835,9.4906,5.9499,23.3772,7.4933,4.1942,-893.6447,1.0,1.0,0.0,367.0,0.1733,0.167735,0.037665,1.0,1.0,0.06828,0.066962,0.014828,1.0,1.0,0.000355,0.001065,-0.001416,-0.000643,-0.001704,-0.008718,-0.009142,-0.018222,367,1.0,128.0053,107.0997,UNCERTAIN,high_slope_variation
24934,166.0,0.10375,0.6148,1.2,3304.6506024096384,1806.578313253012,-311.0421686746995,-37140.76506024096,37.1426,3297,1799,3312,1817,8.0017,6.4963,26.6947,5.6973,2.93,-1837.9593,1.0,0.8682,0.293,166.0,0.199772,0.199925,0.035449,1.0,1.0,0.071174,0.068582,0.015638,1.0,1.0,0.000172,0.00159,0.000127,0.00034,0.002057,0.002954,-0.000423,0.000725,159,0.9578,64.5725,120.1906,UNCERTAIN,high_slope_variation
25240,164.0,0.1025,0.5206,1.4,3349.44512195122,1327.8048780487804,-12280.37804878049,-38260.62804878049,40.1834,3338,1321,3359,1336,7.8839,3.2043,15.8783,7.9201,2.5168,-2790.3566,1.0,0.4863,0.4296,164.0,0.245162,0.238372,0.05209,1.0,1.0,0.117168,0.117684,0.009264,1.0,1.0,0.002768,0.004088,-3e-05,0.00015,0.001906,0.000833,-0.000174,-0.001277,164,1.0,16.5674,112.9342,UNCERTAIN,high_shadow_variation
25296,759.0,0.474375,0.5406,1.08,3363.6100131752305,1514.7444005270092,-7606.889986824768,-38614.75032938077,39.3573,3346,1496,3382,1535,11.6512,5.1488,25.1782,10.2287,3.7798,-348.2047,1.0,0.0548,0.2025,759.0,0.263457,0.269755,0.106379,0.998682,0.998682,0.056672,0.055374,0.009802,1.0,1.0,0.014369,0.01867,0.024333,0.026876,0.031661,0.031102,0.027591,0.024087,759,1.0,16.5674,112.9342,UNCERTAIN,high_slope_variation
25501,1389.0,0.868125,0.4379,1.17,3419.874010079194,1704.882649388049,-2853.4337652987742,-40021.35025197985,40.1234,3388,1681,3449,1733,11.0247,4.1338,25.9499,9.6677,3.2378,-1682.8073,1.0,0.3755,0.4531,1389.0,0.247886,0.240905,0.049121,1.0,1.0,0.05698,0.053224,0.018835,1.0,1.0,2e-06,0.003721,0.003052,0.003788,0.003356,0.0026,-0.001186,3.7e-05,1389,1.0,64.5725,120.1906,UNCERTAIN,high_shadow_variation
25649,1105.0,0.690625,0.5847,1.07,3439.337556561086,2176.0796380090496,8926.490950226238,-40507.93891402715,41.4804,3420,2153,3462,2198,8.913,5.0663,22.7766,7.6772,4.1765,-2877.5653,1.0,1.0,0.0,1105.0,,,,0.0,0.0,0.079036,0.078694,0.011212,1.0,1.0,0.001307,0.004054,2e-05,0.00076,-0.000773,-0.000913,-0.002679,-0.005769,1105,1.0,66.8985,121.9192,UNCERTAIN,high_slope_variation
25656,1527.0,0.954375,0.4849,1.43,3451.409954158481,2096.7046496398166,6942.116240995412,-40809.74885396201,41.3966,3428,2058,3475,2125,11.3367,5.2341,25.2165,10.0702,4.5578,-2880.9877,1.0,1.0,0.0,1527.0,,,,0.0,0.0,0.068616,0.067505,0.008815,1.0,1.0,0.00056,0.001697,0.000244,0.00167,-0.0025,-0.00124,-0.003647,-0.006931,1527,1.0,66.8985,121.9192,UNCERTAIN,high_slope_variation
25767,474.0,0.29625,0.467,1.21,3453.9451476793247,2576.259493670886,18930.987341772157,-40873.12869198312,45.045,3438,2558,3467,2593,11.2302,5.2227,25.2688,10.3375,4.4648,-64.9469,1.0,0.5056,0.4644,474.0,0.099114,0.10538,0.036578,0.234177,0.244755,0.103019,0.100332,0.019429,1.0,1.0,0.001034,0.001473,0.003912,0.001871,0.001135,-0.00062,0.00055,-0.001847,474,1.0,130.151,122.7969,UNCERTAIN,high_slope_variation; high_shadow_variation
25966,129.0,0.080625,0.5119,1.75,3513.217054263566,1780.953488372093,-951.662790697672,-42354.926356589145,42.3661,3508,1770,3520,1791,9.7477,7.1455,29.3674,7.7621,2.9972,-2096.9659,1.0,1.0,0.0,129.0,0.228156,0.20964,0.069835,1.0,1.0,0.05764,0.049924,0.024214,1.0,1.0,0.001622,0.001567,0.004108,0.003026,0.002081,-0.000324,0.001547,0.001419,129,1.0,64.5725,120.1906,UNCERTAIN,high_slope_variation
26029,1477.0,0.923125,0.4803,1.83,3510.2532159783345,1541.322951929587,-6942.426201760325,-42280.83039945837,42.8474,3473,1521,3548,1562,11.6713,5.6639,29.2763,9.7111,3.7273,-1812.771,1.0,0.7224,0.4245,1477.0,0.264651,0.239769,0.111732,1.0,1.0,0.04389,0.04221,0.007987,1.0,1.0,0.004666,0.006021,0.01184,0.011743,0.012432,0.012668,0.010894,0.009673,1477,1.0,16.5674,112.9342,UNCERTAIN,high_slope_variation; high_shadow_variation
26120,302.0,0.18875,0.5252,1.09,3567.7384105960264,1962.1655629139077,3578.639072847684,-43717.960264900656,43.8647,3558,1951,3581,1976,11.6069,5.0491,24.6959,10.576,4.2651,-804.7767,1.0,0.4812,0.4356,302.0,,,,0.0,0.0,0.071035,0.067914,0.026358,1.0,1.0,0.001072,0.002389,-0.001459,0.000195,0.002704,0.000448,0.002617,0.005346,302,1.0,64.5725,120.1906,UNCERTAIN,high_slope_variation; high_shadow_variation
26152,379.0,0.236875,0.4785,1.38,3586.4485488126647,1966.8654353562008,3696.135883905016,-44185.71372031662,44.3406,3573,1955,3606,1979,8.1639,3.9991,20.4523,7.3397,3.5982,-810.5601,1.0,0.3827,0.4119,379.0,,,,0.0,0.0,0.082536,0.075013,0.024817,1.0,1.0,0.033276,0.040274,0.05556,0.059744,0.075071,0.072257,0.078744,0.073852,379,1.0,64.5725,120.1906,UNCERTAIN,high_shadow_variation
